{
  "type": "idas:idas_jigsaw_structure",
  "config": {
    "start_pool": "idas:sunken_ship/sunken_ship_coral",
    "size": 1,
    "center_y_offset": -30,
    "structure_set_avoid_radius_check": 3,
    "structure_set_to_avoid": [
      "minecraft:monument",
      "minecraft:ocean_monument",
      "minecraft:shipwreck",
      "idas:abandonedhouse",
      "idas:ancient_mines",
      "idas:apothecary_abode",
      "idas:bearclaw_inn",
      "idas:beekeepers_house",
      "idas:brickhouse",
      "idas:castle",
      "idas:cottage",
      "idas:enchantingtower",
      "idas:farmhouse",
      "idas:fishermans_lodge",
      "idas:hauntedhouse",
      "idas:hermits_hollow",
      "idas:hunters_cabin",
      "idas:labyrinth",
      "idas:pillager_fortress",
      "idas:redhorn_guild",
      "idas:sunken_ship",
      "idas:treetop_tavern",
      "idas:witches_treestump",
      "idas:wizardtower",
      "dungeons_arise:abandoned_temple",
      "dungeons_arise:aviary",
      "dungeons_arise:bandit_towers",
      "dungeons_arise:bandit_village",
      "dungeons_arise:ceryneian_hind",
      "dungeons_arise:coliseum",
      "dungeons_arise:foundry",
      "dungeons_arise:fishing_hut",
      "dungeons_arise:giant_mushroom",
      "dungeons_arise:heavenly_challenger",
      "dungeons_arise:heavenly_conqueror",
      "dungeons_arise:heavenly_rider",
      "dungeons_arise:illager_campsite",
      "dungeons_arise:illager_corsair",
      "dungeons_arise:illager_fort",
      "dungeons_arise:illager_gallery",
      "dungeons_arise:illager_windmill",
      "dungeons_arise:infested_temple",
      "dungeons_arise:lighthouse",
      "dungeons_arise:merchant_campsite",
      "dungeons_arise:mining_system",
      "dungeons_arise:monastery",
      "dungeons_arise:mushroom_house",
      "dungeons_arise:mushroom_mines",
      "dungeons_arise:mushroom_village",
      "dungeons_arise:plague_asylum",
      "dungeons_arise:scorched_mines",
      "dungeons_arise:shiraz_palace",
      "dungeons_arise:small_blimp",
      "dungeons_arise:small_prairie_house",
      "dungeons_arise:thornborn_towers",
      "dungeons_arise:typhon",
      "dungeons_arise:undead_pirate_ship",
      "dungeons_arise:wishing_well"
    ]
  },
  "biomes": "#idas:has_structure/sunken_ship_coral_biomes",
  "adapt_noise": true,
  "spawn_overrides": {
    "monster": {
      "bounding_box": "piece",
      "spawns": [
        {
          "type": "alexsmobs:skelewag",
          "weight": 5,
          "minCount": 1,
          "maxCount": 2
        },
        {
          "type": "quark:wraith",
          "weight": 5,
          "minCount": 1,
          "maxCount": 2
        }
      ]
    }
  }
}