{
  "parent": "block/cube",
  "textures": {
    "down": "beyond_earth:blocks/cracked_venus_sandstone_bricks",
    "up": "beyond_earth:blocks/cracked_venus_sandstone_bricks",
    "north": "beyond_earth:blocks/cracked_venus_sandstone_bricks",
    "east": "beyond_earth:blocks/cracked_venus_sandstone_bricks",
    "south": "beyond_earth:blocks/cracked_venus_sandstone_bricks",
    "west": "beyond_earth:blocks/cracked_venus_sandstone_bricks",
    "particle": "beyond_earth:blocks/cracked_venus_sandstone_bricks"
  }
}