{
  "parent": "block/cube",
  "textures": {
    "down": "beyond_earth:blocks/cracked_mercury_stone_bricks",
    "up": "beyond_earth:blocks/cracked_mercury_stone_bricks",
    "north": "beyond_earth:blocks/cracked_mercury_stone_bricks",
    "east": "beyond_earth:blocks/cracked_mercury_stone_bricks",
    "south": "beyond_earth:blocks/cracked_mercury_stone_bricks",
    "west": "beyond_earth:blocks/cracked_mercury_stone_bricks",
    "particle": "beyond_earth:blocks/cracked_mercury_stone_bricks"
  }
}