{
  "variants": {
    "facing=north,lit=false": {
      "model": "beyond_earth:block/coal_generator"
    },
    "facing=east,lit=false": {
      "model": "beyond_earth:block/coal_generator",
      "y": 90
    },
    "facing=south,lit=false": {
      "model": "beyond_earth:block/coal_generator",
      "y": 180
    },
    "facing=west,lit=false": {
      "model": "beyond_earth:block/coal_generator",
      "y": 270
    },
    "facing=north,lit=true": {
      "model": "beyond_earth:block/coal_generator_ac"
    },
    "facing=east,lit=true": {
      "model": "beyond_earth:block/coal_generator_ac",
      "y": 90
    },
    "facing=south,lit=true": {
      "model": "beyond_earth:block/coal_generator_ac",
      "y": 180
    },
    "facing=west,lit=true": {
      "model": "beyond_earth:block/coal_generator_ac",
      "y": 270
    }
  }
}