{
  "variants": {
    "facing=north,half=lower": {
      "model": "beyond_earth:block/flag_down_brown"
    },
    "facing=east,half=lower": {
      "model": "beyond_earth:block/flag_down_brown",
      "y": 90
    },
    "facing=south,half=lower": {
      "model": "beyond_earth:block/flag_down_brown",
      "y": 180
    },
    "facing=west,half=lower": {
      "model": "beyond_earth:block/flag_down_brown",
      "y": 270
    },
    "facing=north,half=upper": {
      "model": "beyond_earth:block/flag_up_brown"
    },
    "facing=east,half=upper": {
      "model": "beyond_earth:block/flag_up_brown",
      "y": 90
    },
    "facing=south,half=upper": {
      "model": "beyond_earth:block/flag_up_brown",
      "y": 180
    },
    "facing=west,half=upper": {
      "model": "beyond_earth:block/flag_up_brown",
      "y": 270
    }
  }
}