{
	"credit": "Made with Blockbench",
	"parent": "minecraft:block/block",
	"textures": {
		"7": "cabricality:block/machine/corporea/corporea_core",
		"north": "cabricality:block/machine/corporea/corporea_machine_n",
		"east": "cabricality:block/machine/corporea/corporea_machine_e",
		"south": "cabricality:block/machine/corporea/corporea_machine_s",
		"west": "cabricality:block/machine/corporea/corporea_machine_w",
		"up": "cabricality:block/machine/corporea/corporea_machine_u",
		"down": "cabricality:block/machine/corporea/corporea_machine_d",
		"inner": "cabricality:block/machine/corporea/corporea_machine_i"
	},
	"elements": [
		{
			"from": [0, 0, 0],
			"to": [16, 16, 16],
			"faces": {
				"north": {"uv": [0, 0, 16, 16], "texture": "#north", "cullface": "north"},
				"east": {"uv": [0, 0, 16, 16], "texture": "#east", "cullface": "east"},
				"south": {"uv": [0, 0, 16, 16], "texture": "#south", "cullface": "south"},
				"west": {"uv": [0, 0, 16, 16], "texture": "#west", "cullface": "west"},
				"up": {"uv": [0, 0, 16, 16], "texture": "#up", "cullface": "up"},
				"down": {"uv": [0, 0, 16, 16], "texture": "#down", "cullface": "down"}
			}
		},
		{
			"from": [0, 3.9375, 0],
			"to": [16, 12.0625, 16],
			"faces": {
				"up": {"uv": [0, 0, 16, 16], "texture": "#inner"},
				"down": {"uv": [0, 0, 16, 16], "texture": "#inner"}
			}
		},
		{
			"from": [5, 4.9375, 5],
			"to": [11, 11.0625, 11],
			"faces": {
				"north": {"uv": [5, 4.9375, 11, 11.0625], "texture": "#7"},
				"east": {"uv": [5, 4.9375, 11, 11.0625], "texture": "#7"},
				"south": {"uv": [5, 4.9375, 11, 11.0625], "texture": "#7"},
				"west": {"uv": [5, 4.9375, 11, 11.0625], "texture": "#7"},
				"up": {"uv": [5, 5, 11, 11], "texture": "#7"},
				"down": {"uv": [5, 5, 11, 11], "texture": "#7"}
			}
		},
		{
			"from": [0, 0, 3.9375],
			"to": [16, 16, 12.0625],
			"faces": {
				"north": {"uv": [0, 0, 16, 16], "texture": "#inner"},
				"south": {"uv": [0, 0, 16, 16], "texture": "#inner"}
			}
		},
		{
			"from": [3.9375, 0, 0],
			"to": [12.0625, 16, 16],
			"faces": {
				"east": {"uv": [0, 0, 16, 16], "texture": "#inner"},
				"west": {"uv": [0, 0, 16, 16], "texture": "#inner"}
			}
		},
		{
			"from": [16, 12.0625, 16],
			"to": [0, 3.9375, 0],
			"faces": {
				"up": {"uv": [16, 16, 0, 0], "texture": "#inner"},
				"down": {"uv": [16, 16, 0, 0], "texture": "#inner"}
			}
		},
		{
			"from": [16, 16, 12.0625],
			"to": [0, 0, 3.9375],
			"faces": {
				"north": {"uv": [16, 16, 0, 0], "texture": "#inner"},
				"south": {"uv": [16, 16, 0, 0], "texture": "#inner"}
			}
		},
		{
			"from": [12.0625, 16, 16],
			"to": [3.9375, 0, 0],
			"faces": {
				"east": {"uv": [16, 16, 0, 0], "texture": "#inner"},
				"west": {"uv": [16, 16, 0, 0], "texture": "#inner"}
			}
		}
	]
}