{
	"credit": "Made with Blockbench",
	"parent": "block/block",
	"textures": {
		"5": "cabricality:block/machine/creative/creative_casing",
		"6": "cabricality:block/machine/creative/creative_motor",
		"7": "cabricality:block/machine/creative/gearbox"
	},
	"elements": [
		{
			"name": "Back",
			"from": [1, 0.1, 1],
			"to": [15, 2.1, 15],
			"faces": {
				"north": {"uv": [3, 0, 13, 2], "rotation": 180, "texture": "#5"},
				"east": {"uv": [3, 0, 13, 2], "rotation": 180, "texture": "#5"},
				"south": {"uv": [3, 0, 13, 2], "rotation": 180, "texture": "#5"},
				"west": {"uv": [3, 0, 13, 2], "rotation": 180, "texture": "#5"},
				"up": {"uv": [0, 0, 10, 10], "texture": "#6"},
				"down": {"uv": [0, 0, 10, 10], "rotation": 180, "texture": "#6"}
			}
		},
		{
			"name": "Back",
			"from": [1, 12.5, 1],
			"to": [15, 15.5, 15],
			"faces": {
				"north": {"uv": [3, 2, 13, 0], "rotation": 180, "texture": "#5"},
				"east": {"uv": [3, 2, 13, 0], "rotation": 180, "texture": "#5"},
				"south": {"uv": [3, 2, 13, 0], "rotation": 180, "texture": "#5"},
				"west": {"uv": [3, 2, 13, 0], "rotation": 180, "texture": "#5"},
				"up": {"uv": [10, 0, 0, 10], "texture": "#6"},
				"down": {"uv": [10, 0, 0, 10], "rotation": 180, "texture": "#6"}
			}
		},
		{
			"name": "Between Rims",
			"from": [2, 9, 2],
			"to": [14, 13.25, 14],
			"faces": {
				"north": {"uv": [10, 6, 16, 10], "texture": "#6"},
				"east": {"uv": [10, 6, 16, 10], "texture": "#6"},
				"south": {"uv": [10, 6, 16, 10], "texture": "#6"},
				"west": {"uv": [10, 6, 16, 10], "texture": "#6"},
				"up": {"uv": [10, 0, 16, 6], "texture": "#6"},
				"down": {"uv": [14, 4, 20, 10], "rotation": 180, "texture": "#6"}
			}
		},
		{
			"name": "Between Rims",
			"from": [0.5, 3, 0.5],
			"to": [15.5, 6, 15.5],
			"faces": {
				"north": {"uv": [3, 10, 12, 13], "texture": "#6"},
				"east": {"uv": [3, 10, 12, 13], "texture": "#6"},
				"south": {"uv": [3, 10, 12, 13], "texture": "#6"},
				"west": {"uv": [3, 10, 12, 13], "texture": "#6"}
			}
		},
		{
			"name": "Body",
			"from": [1, 2, 1],
			"to": [15, 11, 15],
			"faces": {
				"north": {"uv": [4, 3, 12, 12], "texture": "#5"},
				"east": {"uv": [4, 3, 12, 12], "texture": "#5"},
				"south": {"uv": [4, 3, 12, 12], "rotation": 180, "texture": "#5"},
				"west": {"uv": [4, 3, 12, 12], "texture": "#5"},
				"up": {"uv": [3, 3, 11, 11], "rotation": 180, "texture": "#5"},
				"down": {"uv": [0, 4, 8, 14], "texture": "#5"}
			}
		},
		{
			"from": [0, 0, 0],
			"to": [2, 16, 2],
			"faces": {
				"north": {"uv": [1, 0, 16, 2], "rotation": 270, "texture": "#7"},
				"east": {"uv": [14, 0, 16, 15], "texture": "#7"},
				"south": {"uv": [0, 14, 15, 16], "rotation": 90, "texture": "#7"},
				"west": {"uv": [0, 1, 2, 16], "rotation": 180, "texture": "#7"},
				"up": {"uv": [14, 10, 16, 12], "rotation": 90, "texture": "#6"},
				"down": {"uv": [14, 10, 16, 12], "rotation": 180, "texture": "#6"}
			}
		},
		{
			"from": [0, 0, 14],
			"to": [2, 16, 16],
			"faces": {
				"north": {"uv": [15, 14, 0, 16], "rotation": 270, "texture": "#7"},
				"east": {"uv": [16, 0, 14, 15], "texture": "#7"},
				"south": {"uv": [16, 0, 1, 2], "rotation": 90, "texture": "#7"},
				"west": {"uv": [2, 1, 0, 16], "rotation": 180, "texture": "#7"},
				"up": {"uv": [16, 10, 14, 12], "rotation": 90, "texture": "#6"},
				"down": {"uv": [14, 12, 16, 10], "rotation": 180, "texture": "#6"}
			}
		},
		{
			"from": [14, 0, 0],
			"to": [16, 16, 2],
			"faces": {
				"north": {"uv": [1, 2, 16, 0], "rotation": 270, "texture": "#7"},
				"east": {"uv": [0, 16, 2, 1], "texture": "#7"},
				"south": {"uv": [0, 16, 15, 14], "rotation": 90, "texture": "#7"},
				"west": {"uv": [14, 15, 16, 0], "rotation": 180, "texture": "#7"},
				"up": {"uv": [14, 12, 16, 10], "rotation": 90, "texture": "#6"},
				"down": {"uv": [16, 10, 14, 12], "rotation": 180, "texture": "#6"}
			}
		},
		{
			"from": [14, 0, 14],
			"to": [16, 16, 16],
			"faces": {
				"north": {"uv": [15, 16, 0, 14], "rotation": 270, "texture": "#7"},
				"east": {"uv": [2, 16, 0, 1], "texture": "#7"},
				"south": {"uv": [16, 2, 1, 0], "rotation": 90, "texture": "#7"},
				"west": {"uv": [16, 15, 14, 0], "rotation": 180, "texture": "#7"},
				"up": {"uv": [16, 12, 14, 10], "rotation": 90, "texture": "#6"},
				"down": {"uv": [16, 12, 14, 10], "rotation": 180, "texture": "#6"}
			}
		}
	]
}