{
  "parent": "cabricality:block/frame_template",
  "textures": {
    "particle": "cabricality:block/machine/enderium/enderium_machine_top",
    "down": "cabricality:block/machine/enderium/enderium_machine_bottom",
    "up": "cabricality:block/machine/enderium/enderium_machine_top",
    "north": "cabricality:block/machine/enderium/enderium_machine_side",
    "east": "cabricality:block/machine/enderium/enderium_machine_side",
    "south": "cabricality:block/machine/enderium/enderium_machine_side",
    "west": "cabricality:block/machine/enderium/enderium_machine_side",
    "inner": "cabricality:block/machine/enderium/enderium_machine_inner"
  }
}