{
  "type": "create:sequenced_assembly",
  "ingredient": {
    "item": "ae2:printed_silicon"
  },
  "transitionalItem": {
    "item": "kubejs:incomplete_calculation_processor"
  },
  "sequence": [
    {
      "type": "create:deploying",
      "ingredients": [
        {
          "item": "kubejs:incomplete_calculation_processor"
        },
        {
          "item": "ae2:printed_calculation_processor"
        }
      ],
      "results": [
        {
          "item": "kubejs:incomplete_calculation_processor"
        }
      ]
    },
    {
      "type": "create:filling",
      "ingredients": [
        {
          "item": "kubejs:incomplete_calculation_processor"
        },
        {
          "fluid": "thermal:redstone",
          "amount": 1000
        }
      ],
      "results": [
        {
          "item": "kubejs:incomplete_calculation_processor"
        }
      ]
    },
    {
      "type": "create:pressing",
      "ingredients": [
        {
          "item": "kubejs:incomplete_calculation_processor"
        }
      ],
      "results": [
        {
          "item": "kubejs:incomplete_calculation_processor"
        }
      ]
    }
  ],
  "results": [
    {
      "item": "ae2:calculation_processor",
      "chance": 1
    }
  ],
  "loops": 1
}