{
  "type": "create:sequenced_assembly",
  "ingredient": {
    "item": "thermal:coal_coke"
  },
  "transitionalItem": {
    "item": "kubejs:incomplete_coke_chunk"
  },
  "sequence": [
    {
      "type": "create:filling",
      "ingredients": [
        {
          "item": "kubejs:incomplete_coke_chunk"
        },
        {
          "fluid": "minecraft:water",
          "amount": 600
        }
      ],
      "results": [
        {
          "item": "kubejs:incomplete_coke_chunk"
        }
      ]
    },
    {
      "type": "create:cutting",
      "ingredients": [
        {
          "item": "kubejs:incomplete_coke_chunk"
        }
      ],
      "results": [
        {
          "item": "kubejs:incomplete_coke_chunk"
        }
      ],
      "processingTime": 100
    }
  ],
  "results": [
    {
      "item": "kubejs:coke_chunk",
      "chance": 1
    }
  ],
  "loops": 2
}