{
  "type": "create:sequenced_assembly",
  "ingredient": {
    "item": "kubejs:kinetic_mechanism"
  },
  "transitionalItem": {
    "item": "create:incomplete_precision_mechanism"
  },
  "sequence": [
    {
      "type": "create:deploying",
      "ingredients": [
        {
          "item": "create:incomplete_precision_mechanism"
        },
        {
          "item": "create:electron_tube"
        }
      ],
      "results": [
        {
          "item": "create:incomplete_precision_mechanism"
        }
      ]
    },
    {
      "type": "create:deploying",
      "ingredients": [
        {
          "item": "create:incomplete_precision_mechanism"
        },
        {
          "item": "create:electron_tube"
        }
      ],
      "results": [
        {
          "item": "create:incomplete_precision_mechanism"
        }
      ]
    },
    {
      "type": "create:deploying",
      "ingredients": [
        {
          "item": "create:incomplete_precision_mechanism"
        },
        {
          "item": "kubejs:screwdriver"
        }
      ],
      "results": [
        {
          "item": "create:incomplete_precision_mechanism"
        }
      ]
    }
  ],
  "results": [
    {
      "item": "create:precision_mechanism",
      "chance": 1
    }
  ],
  "loops": 1
}