{
  "textures": {
    "texture": "indrev:block/cable/cable_wire_emissive_mk3",
    "1": "indrev:block/cable/cable_wrap"
  },
  "elements": [
    {
      "from": [5.99, 0, 5.99],
      "to": [10.01, 6.01, 10.01],
      "rotation": {"angle": 0, "axis": "y", "origin": [10, 4, 13]},
      "faces": {
        "north": {"uv": [0, 0, 6, 6], "texture": "#1"},
        "east": {"uv": [0, 0, 6, 6], "texture": "#1"},
        "south": {"uv": [0, 0, 6, 6], "texture": "#1"},
        "west": {"uv": [0, 0, 6, 6], "texture": "#1"},
        "up": {"uv": [0, 0, 6, 6], "texture": "#1"}
      }
    },
    {
      "from": [6.5, 0, 6.5],
      "to": [9.5, 6, 9.5],
      "rotation": {"angle": 0, "axis": "y", "origin": [17.3, 8, 16.2]},
      "faces": {
        "north": {"uv": [0, 3, 3, 9], "texture": "#texture", "jmx_tex0": "#texture", "jmx_material": "#jmx_0"},
        "east": {"uv": [0, 3, 3, 9], "texture": "#texture", "jmx_tex0": "#texture", "jmx_material": "#jmx_0"},
        "south": {"uv": [0, 3, 3, 9], "texture": "#texture", "jmx_tex0": "#texture", "jmx_material": "#jmx_0"},
        "west": {"uv": [0, 3, 3, 9], "texture": "#texture", "jmx_tex0": "#texture", "jmx_material": "#jmx_0"},
        "up": {"uv": [3, 3, 0, 0], "texture": "#texture", "jmx_tex0": "#texture", "jmx_material": "#jmx_0"},
        "down": {"uv": [3, 6, 0, 9], "texture": "#texture", "jmx_tex0": "#texture", "jmx_material": "#jmx_0"}
      }
    }
  ],
  "jmx": {
    "textures": {
      "1": "indrev:block/cable/cable_wrap",
      "texture": "indrev:block/cable/cable_wire_emissive_mk3",
      "particle": "indrev:block/cable/cable_wire_emissive_mk3"
    },
    "materials": {
      "jmx_0": {
        "layer0": "cutout",
        "emissive0": true,
        "ambient_occlusion0": false,
        "diffuse0": false
      }
    }
  }
}
