{
  "type": "create:sequenced_assembly",
  "ingredient": {
    "item": "kubejs:crystal_matrix_sheet"
  },
  "transitionalItem": {
    "item": "kubejs:incomplete_crystalmatrix_mechanism"
  },
  "sequence": [
    {
      "type": "create:deploying",
      "ingredients": [
        {
          "item": "kubejs:incomplete_crystalmatrix_mechanism"
        },
        {
          "item": "forbidden_arcanus:dark_nether_star"
        }
      ],
      "results": [
        {
          "item": "kubejs:incomplete_crystalmatrix_mechanism"
        }
      ]
    },
    {
      "type": "create:deploying",
      "ingredients": [
        {
          "item": "kubejs:incomplete_crystalmatrix_mechanism"
        },
        {
          "item": "occultism:spirit_attuned_gem"
        }
      ],
      "results": [
        {
          "item": "kubejs:incomplete_crystalmatrix_mechanism"
        }
      ]
    },
    {
      "type": "create:deploying",
      "ingredients": [
        {
          "item": "kubejs:incomplete_crystalmatrix_mechanism"
        },
        {
          "item": "minecraft:nether_star"
        }
      ],
      "results": [
        {
          "item": "kubejs:incomplete_crystalmatrix_mechanism"
        }
      ]
    },
    {
      "type": "create:filling",
      "ingredients": [
        {
          "item": "kubejs:incomplete_crystalmatrix_mechanism"
        },
        {
          "fluid": "kubejs:matrix",
          
          "amount": 1000
        }
      ],
      "results": [
        {
          "item": "kubejs:incomplete_crystalmatrix_mechanism"
        }
      ]
    }
  ],
  "results": [
    {
      "item": "kubejs:crystalmatrix_mechanism",
      "chance": 1
    }
  ],
  "loops": 2
}