{
  "type": "create:sequenced_assembly",
  "ingredient": {
    "item": "create:precision_mechanism"
  },
  "transitionalItem": {
    "item": "kubejs:incomplete_inductive_mechanism"
  },
  "sequence": [
    {
      "type": "create:deploying",
      "ingredients": [
        {
          "item": "kubejs:incomplete_inductive_mechanism"
        },
        {
          "item": "kubejs:radiant_coil"
        }
      ],
      "results": [
        {
          "item": "kubejs:incomplete_inductive_mechanism"
        }
      ]
    },
    {
      "type": "create:deploying",
      "ingredients": [
        {
          "item": "kubejs:incomplete_inductive_mechanism"
        },
        {
          "item": "kubejs:radiant_coil"
        }
      ],
      "results": [
        {
          "item": "kubejs:incomplete_inductive_mechanism"
        }
      ]
    },
    {
      "type": "create:deploying",
      "ingredients": [
        {
          "item": "kubejs:incomplete_inductive_mechanism"
        },
        {
          "item": "kubejs:chromatic_resonator"
        }
      ],
      "results": [
        {
          "item": "kubejs:incomplete_inductive_mechanism"
        }
      ]
    }
  ],
  "results": [
    {
      "item": "kubejs:inductive_mechanism",
      "chance": 1
    }
  ],
  "loops": 1
}