{
  "type": "minecraft:chest",
  "pools": [
    {
      "rolls": 1,
      "entries": [
        {
          "type": "minecraft:item",
          "name": "minecraft:paper",
          "weight": 1,
          "functions": [
            {
              "function": "minecraft:set_name",
              "name": {
                "text": "难以置信。",
                "italic": false
              }
            },
            {
              "function": "minecraft:set_lore",
              "lore": [
                {
                  "text": "你不知道你有多么幸运。",
                  "color": "gray",
                  "italic": false
                }
              ]
            }
          ]
        }
      ]
    },
    {
      "rolls": {
        "min": 15.0,
        "max": 25.0,
        "type": "minecraft:uniform"
      },
      "entries": [
        {
          "type": "minecraft:item",
          "weight": 5,
          "name": "thermal:gold_coin"
        },
        {
          "type": "minecraft:item",
          "weight": 8,
          "functions": [
            {
              "function": "minecraft:set_count",
              "count": {
                "min": 1.0,
                "max": 56.0,
                "type": "minecraft:uniform"
              }
            }
          ],
          "name": "thermal:gold_coin"
        },
        {
          "type": "minecraft:item",
          "weight": 4,
          "functions": [
            {
              "function": "minecraft:set_count",
              "count": {
                "min": 12.0,
                "max": 57.0,
                "type": "minecraft:uniform"
              }
            }
          ],
          "name": "thermal:silver_coin"
        },
        {
          "type": "minecraft:item",
          "weight": 3,
          "functions": [
            {
              "function": "minecraft:set_count",
              "count": {
                "min": 11.0,
                "max": 53.0,
                "type": "minecraft:uniform"
              }
            }
          ],
          "name": "minecraft:gold_ingot"
        },
        {
          "type": "minecraft:item",
          "weight": 2,
          "functions": [
            {
              "function": "minecraft:set_count",
              "count": {
                "min": 1.0,
                "max": 13.0,
                "type": "minecraft:uniform"
              }
            }
          ],
          "name": "thermal:silver_ingot"
        },
        {
          "type": "minecraft:item",
          "weight": 5,
          "functions": [
            {
              "function": "minecraft:enchant_randomly"
            }
          ],
          "name": "minecraft:book"
        },
        {
          "type": "minecraft:item",
          "weight": 5,
          "functions": [
            {
              "function": "minecraft:enchant_with_levels",
              "levels": 35,
              "treasure": true
            }
          ],
          "name": "minecraft:book"
        }
      ]
    }
  ]
}