{
  "type": "create:sequenced_assembly",
  "ingredient": {
    "item": "mekanism:alloy_infused"
  },
  "transitionalItem": {
    "item": "minecraft:bow"
  },
  "sequence": [
    {
      "type": "create:cutting",
      "ingredients": [
        {
          "item": "minecraft:bow"
        }
      ],
      "results": [
        {
          "item": "minecraft:bow"
        }
      ]
    },
    {
      "type": "create:deploying",
      "ingredients": [
        {
          "item": "minecraft:bow"
        },
        {
          "item": "createaddition:iron_wire"
        }
      ],
      "results": [
        {
          "item": "minecraft:bow"
        }
      ]
    },
    {
      "type": "create:deploying",
      "ingredients": [
        {
          "item": "minecraft:bow"
        },
        {
          "item": "createaddition:iron_wire"
        }
      ],
      "results": [
        {
          "item": "minecraft:bow"
        }
      ]
    },
    {
      "type": "create:deploying",
      "ingredients": [
        {
          "item": "minecraft:bow"
        },
        {
          "item": "mekanism:energy_tablet"
        }
      ],
      "results": [
        {
          "item": "minecraft:bow"
        }
      ]
    }
  ],
  "results": [
    {
      "item": "mekanism:electric_bow",
      "chance": 1
    }
  ],
  "loops": 1
}