{
	"credit": "Made with Blockbench",
	"textures": {
		"0": "cabricality:item/box_nail",
		"1": "cabricality:item/bullet",
		"2": "cabricality:item/buttle/basic_bullet",
		"particle": "cabricality:item/box_nail"
	},
	"elements": [
		{
			"from": [4.25, 0.9, 11],
			"to": [11.75, 6.2, 12],
			"rotation": {"angle": 0, "axis": "y", "origin": [9, 3.5, 10]},
			"faces": {
				"north": {"uv": [9, 1, 15, 7], "texture": "#0"},
				"east": {"uv": [8, 1, 9, 7], "texture": "#0"},
				"south": {"uv": [8.5, 9, 15.5, 15], "texture": "#0"},
				"west": {"uv": [8, 1, 16, 7], "texture": "#0"},
				"up": {"uv": [1, 8, 7, 9], "rotation": 180, "texture": "#0"},
				"down": {"uv": [1, 7, 7, 8], "rotation": 180, "texture": "#0"}
			}
		},
		{
			"from": [4.25, 0.9, 4],
			"to": [11.75, 6.2, 5],
			"rotation": {"angle": 0, "axis": "y", "origin": [9, 3.5, 10]},
			"faces": {
				"north": {"uv": [9, 1, 15, 7], "texture": "#0"},
				"east": {"uv": [8, 1, 9, 8], "texture": "#0"},
				"south": {"uv": [9, 1, 15, 7], "texture": "#0"},
				"west": {"uv": [8, 1, 16, 7], "texture": "#0"},
				"up": {"uv": [1, 8, 7, 9], "rotation": 180, "texture": "#0"},
				"down": {"uv": [1, 7, 7, 8], "rotation": 180, "texture": "#0"}
			}
		},
		{
			"from": [3, 0.9, 4],
			"to": [4.25, 6.2, 12],
			"rotation": {"angle": 0, "axis": "y", "origin": [9, 3.5, 10]},
			"faces": {
				"north": {"uv": [8, 1, 9, 7], "texture": "#0"},
				"east": {"uv": [8, 1, 16, 7], "texture": "#0"},
				"south": {"uv": [8.5, 1, 9.5, 7], "texture": "#0"},
				"west": {"uv": [8, 1, 16, 7], "texture": "#0"},
				"up": {"uv": [7, 8, 8, 16], "rotation": 180, "texture": "#0"},
				"down": {"uv": [7, 0, 8, 8], "rotation": 180, "texture": "#0"}
			}
		},
		{
			"from": [11.75, 0.9, 4],
			"to": [13, 6.2, 12],
			"rotation": {"angle": 0, "axis": "y", "origin": [9, 3.5, 10]},
			"faces": {
				"north": {"uv": [8, 1, 9, 7], "texture": "#0"},
				"east": {"uv": [8, 1, 16, 7], "texture": "#0"},
				"south": {"uv": [14.5, 1, 15.5, 7], "texture": "#0"},
				"west": {"uv": [8, 1, 16, 7], "texture": "#0"},
				"up": {"uv": [7, 8, 8, 16], "rotation": 180, "texture": "#0"},
				"down": {"uv": [0, 0, 1, 8], "rotation": 180, "texture": "#0"}
			}
		},
		{
			"from": [3, 8.25, 5.5],
			"to": [13, 9.05, 13.5],
			"rotation": {"angle": -22.5, "axis": "x", "origin": [9, 3.5, 10]},
			"faces": {
				"north": {"uv": [8, 0, 16, 1], "texture": "#0"},
				"east": {"uv": [8, 0, 16, 1], "texture": "#0"},
				"south": {"uv": [8, 8, 16, 9], "texture": "#0"},
				"west": {"uv": [8, 0, 16, 1], "texture": "#0"},
				"up": {"uv": [0, 0, 8, 8], "rotation": 180, "texture": "#0"},
				"down": {"uv": [0, 8, 8, 16], "rotation": 180, "texture": "#0"}
			}
		},
		{
			"from": [3, 0.05, 4],
			"to": [13, 0.9, 12],
			"rotation": {"angle": 0, "axis": "x", "origin": [9, 3.5, 10]},
			"faces": {
				"north": {"uv": [8, 0, 16, 1], "texture": "#0"},
				"east": {"uv": [8, 0, 16, 1], "texture": "#0"},
				"south": {"uv": [8, 8, 16, 9], "texture": "#0"},
				"west": {"uv": [8, 0, 16, 1], "texture": "#0"},
				"up": {"uv": [0, 0, 8, 8], "rotation": 180, "texture": "#0"},
				"down": {"uv": [0, 8, 8, 16], "rotation": 180, "texture": "#0"}
			}
		},
		{
			"from": [4.5, 1.5, 8.75],
			"to": [6, 6.75, 10.25],
			"rotation": {"angle": 0, "axis": "y", "origin": [8, 6, 8]},
			"faces": {
				"north": {"uv": [2, 0, 0, 11], "texture": "#1"},
				"east": {"uv": [0, 0, 2, 11], "texture": "#1"},
				"south": {"uv": [2, 0, 0, 11], "texture": "#1"},
				"west": {"uv": [0, 0, 2, 11], "texture": "#1"},
				"up": {"uv": [0, 0, 2, 2], "texture": "#1"},
				"down": {"uv": [0, 0, 2, 2], "texture": "#missing"}
			}
		},
		{
			"from": [4, 0.75, 8.25],
			"to": [6.5, 1.75, 10.75],
			"rotation": {"angle": 0, "axis": "y", "origin": [8, 6, 8]},
			"faces": {
				"north": {"uv": [2, 0, 0, 2], "texture": "#1"},
				"east": {"uv": [0, 0, 2, 2], "texture": "#1"},
				"south": {"uv": [2, 0, 0, 2], "texture": "#1"},
				"west": {"uv": [0, 0, 2, 2], "texture": "#1"},
				"up": {"uv": [0, 0, 2, 2], "texture": "#1"},
				"down": {"uv": [0, 0, 2, 2], "texture": "#missing"}
			}
		},
		{
			"from": [7.25, 1.5, 8.75],
			"to": [8.75, 6.75, 10.25],
			"rotation": {"angle": 0, "axis": "y", "origin": [8, 6, 8]},
			"faces": {
				"north": {"uv": [2, 0, 0, 11], "texture": "#1"},
				"east": {"uv": [0, 0, 2, 11], "texture": "#1"},
				"south": {"uv": [2, 0, 0, 11], "texture": "#1"},
				"west": {"uv": [0, 0, 2, 11], "texture": "#1"},
				"up": {"uv": [0, 0, 2, 2], "texture": "#1"},
				"down": {"uv": [0, 0, 2, 2], "texture": "#missing"}
			}
		},
		{
			"from": [6.75, 0.75, 8.25],
			"to": [9.25, 1.75, 10.75],
			"rotation": {"angle": 0, "axis": "y", "origin": [8, 6, 8]},
			"faces": {
				"north": {"uv": [2, 0, 0, 2], "texture": "#1"},
				"east": {"uv": [0, 0, 2, 2], "texture": "#1"},
				"south": {"uv": [2, 0, 0, 2], "texture": "#1"},
				"west": {"uv": [0, 0, 2, 2], "texture": "#1"},
				"up": {"uv": [0, 0, 2, 2], "texture": "#1"},
				"down": {"uv": [0, 0, 2, 2], "texture": "#missing"}
			}
		},
		{
			"from": [4.5, 1.5, 6],
			"to": [6, 6.75, 7.5],
			"rotation": {"angle": 0, "axis": "y", "origin": [8, 6, 8]},
			"faces": {
				"north": {"uv": [2, 0, 0, 11], "texture": "#1"},
				"east": {"uv": [0, 0, 2, 11], "texture": "#1"},
				"south": {"uv": [2, 0, 0, 11], "texture": "#1"},
				"west": {"uv": [0, 0, 2, 11], "texture": "#1"},
				"up": {"uv": [0, 0, 2, 2], "texture": "#1"},
				"down": {"uv": [0, 0, 2, 2], "texture": "#missing"}
			}
		},
		{
			"from": [4, 0.75, 5.5],
			"to": [6.5, 1.75, 8],
			"rotation": {"angle": 0, "axis": "y", "origin": [8, 6, 8]},
			"faces": {
				"north": {"uv": [2, 0, 0, 2], "texture": "#1"},
				"east": {"uv": [0, 0, 2, 2], "texture": "#1"},
				"south": {"uv": [2, 0, 0, 2], "texture": "#1"},
				"west": {"uv": [0, 0, 2, 2], "texture": "#1"},
				"up": {"uv": [0, 0, 2, 2], "texture": "#1"},
				"down": {"uv": [0, 0, 2, 2], "texture": "#missing"}
			}
		},
		{
			"from": [7.25, 1.5, 6],
			"to": [8.75, 6.75, 7.5],
			"rotation": {"angle": 0, "axis": "y", "origin": [8, 6, 8]},
			"faces": {
				"north": {"uv": [2, 0, 0, 11], "texture": "#1"},
				"east": {"uv": [0, 0, 2, 11], "texture": "#1"},
				"south": {"uv": [2, 0, 0, 11], "texture": "#1"},
				"west": {"uv": [0, 0, 2, 11], "texture": "#1"},
				"up": {"uv": [0, 0, 2, 2], "texture": "#1"},
				"down": {"uv": [0, 0, 2, 2], "texture": "#missing"}
			}
		},
		{
			"from": [6.75, 0.75, 5.5],
			"to": [9.25, 1.75, 8],
			"rotation": {"angle": 0, "axis": "y", "origin": [8, 6, 8]},
			"faces": {
				"north": {"uv": [2, 0, 0, 2], "texture": "#1"},
				"east": {"uv": [0, 0, 2, 2], "texture": "#1"},
				"south": {"uv": [2, 0, 0, 2], "texture": "#1"},
				"west": {"uv": [0, 0, 2, 2], "texture": "#1"},
				"up": {"uv": [0, 0, 2, 2], "texture": "#1"},
				"down": {"uv": [0, 0, 2, 2], "texture": "#missing"}
			}
		},
		{
			"from": [10, 1.5, 8.75],
			"to": [11.5, 6.75, 10.25],
			"rotation": {"angle": 0, "axis": "y", "origin": [8, 6, 8]},
			"faces": {
				"north": {"uv": [2, 0, 0, 11], "texture": "#1"},
				"east": {"uv": [0, 0, 2, 11], "texture": "#1"},
				"south": {"uv": [2, 0, 0, 11], "texture": "#1"},
				"west": {"uv": [0, 0, 2, 11], "texture": "#1"},
				"up": {"uv": [0, 0, 2, 2], "texture": "#1"},
				"down": {"uv": [0, 0, 2, 2], "texture": "#missing"}
			}
		},
		{
			"from": [9.5, 0.75, 8.25],
			"to": [12, 1.75, 10.75],
			"rotation": {"angle": 0, "axis": "y", "origin": [8, 6, 8]},
			"faces": {
				"north": {"uv": [2, 0, 0, 2], "texture": "#1"},
				"east": {"uv": [0, 0, 2, 2], "texture": "#1"},
				"south": {"uv": [2, 0, 0, 2], "texture": "#1"},
				"west": {"uv": [0, 0, 2, 2], "texture": "#1"},
				"up": {"uv": [0, 0, 2, 2], "texture": "#1"},
				"down": {"uv": [0, 0, 2, 2], "texture": "#missing"}
			}
		},
		{
			"from": [10, 1.5, 6],
			"to": [11.5, 6.75, 7.5],
			"rotation": {"angle": 0, "axis": "y", "origin": [8, 6, 8]},
			"faces": {
				"north": {"uv": [2, 0, 0, 11], "texture": "#1"},
				"east": {"uv": [0, 0, 2, 11], "texture": "#1"},
				"south": {"uv": [2, 0, 0, 11], "texture": "#1"},
				"west": {"uv": [0, 0, 2, 11], "texture": "#1"},
				"up": {"uv": [0, 0, 2, 2], "texture": "#1"},
				"down": {"uv": [0, 0, 2, 2], "texture": "#missing"}
			}
		},
		{
			"from": [9.5, 0.75, 5.5],
			"to": [12, 1.75, 8],
			"rotation": {"angle": 0, "axis": "y", "origin": [8, 6, 8]},
			"faces": {
				"north": {"uv": [2, 0, 0, 2], "texture": "#1"},
				"east": {"uv": [0, 0, 2, 2], "texture": "#1"},
				"south": {"uv": [2, 0, 0, 2], "texture": "#1"},
				"west": {"uv": [0, 0, 2, 2], "texture": "#1"},
				"up": {"uv": [0, 0, 2, 2], "texture": "#1"},
				"down": {"uv": [0, 0, 2, 2], "texture": "#missing"}
			}
		},
		{
			"from": [5.75, 1.25, 3.99],
			"to": [10.25, 5.75, 3.99],
			"faces": {
				"north": {"uv": [0, 0, 16, 16], "texture": "#2"},
				"east": {"uv": [0, 0, 0, 4.5], "texture": "#missing"},
				"south": {"uv": [0, 0, 16, 16], "texture": "#2"},
				"west": {"uv": [0, 0, 0, 4.5], "texture": "#missing"},
				"up": {"uv": [0, 0, 4.5, 0], "texture": "#missing"},
				"down": {"uv": [0, 0, 4.5, 0], "texture": "#missing"}
			}
		},
		{
			"from": [5.75, 1.25, 12.001],
			"to": [10.25, 5.75, 12.001],
			"faces": {
				"north": {"uv": [0, 0, 16, 16], "texture": "#2"},
				"east": {"uv": [0, 0, 0, 4.5], "texture": "#missing"},
				"south": {"uv": [0, 0, 16, 16], "texture": "#2"},
				"west": {"uv": [0, 0, 0, 4.5], "texture": "#missing"},
				"up": {"uv": [0, 0, 4.5, 0], "texture": "#missing"},
				"down": {"uv": [0, 0, 4.5, 0], "texture": "#missing"}
			}
		}
	],
	"display": {
		"thirdperson_righthand": {
			"translation": [0, 3.75, 0],
			"scale": [0.5, 0.5, 0.5]
		},
		"thirdperson_lefthand": {
			"translation": [0, 3.75, 0],
			"scale": [0.5, 0.5, 0.5]
		},
		"firstperson_righthand": {
			"rotation": [0, -33, 0],
			"translation": [-1.5, 5.5, 1.5],
			"scale": [0.67, 0.67, 0.67]
		},
		"firstperson_lefthand": {
			"rotation": [0, -39.5, 0],
			"translation": [-1, 5.75, 0.75],
			"scale": [0.67, 0.67, 0.67]
		},
		"ground": {
			"translation": [0, 2.75, 0],
			"scale": [0.72, 0.72, 0.72]
		},
		"gui": {
			"rotation": [30, 45, 0],
			"translation": [0, 4.25, 0]
		},
		"head": {
			"rotation": [180, 0.5, 180],
			"translation": [0, 15.5, 0],
			"scale": [1.71, 1.71, 1.71]
		},
		"fixed": {
			"rotation": [180, 0, 180],
			"translation": [0, 4.5, -3],
			"scale": [1.4, 1.4, 1.4]
		}
	}
}