{
	"credit": "Made with Blockbench",
	"textures": {
		"0": "cabricality:item/box_shell",
		"2": "cabricality:item/buttle/shell",
		"3": "cabricality:item/shell",
		"particle": "cabricality:item/box_shell"
	},
	"elements": [
		{
			"from": [4.25, 0.9, 11],
			"to": [11.75, 6.2, 12],
			"rotation": {"angle": 0, "axis": "y", "origin": [9, 3.5, 10]},
			"faces": {
				"north": {"uv": [9, 1, 15, 7], "texture": "#0"},
				"east": {"uv": [8, 1, 9, 7], "texture": "#0"},
				"south": {"uv": [8.5, 9, 15.5, 15], "texture": "#0"},
				"west": {"uv": [8, 1, 16, 7], "texture": "#0"},
				"up": {"uv": [1, 8, 7, 9], "rotation": 180, "texture": "#0"},
				"down": {"uv": [1, 7, 7, 8], "rotation": 180, "texture": "#0"}
			}
		},
		{
			"from": [4.25, 0.9, 4],
			"to": [11.75, 6.2, 5],
			"rotation": {"angle": 0, "axis": "y", "origin": [9, 3.5, 10]},
			"faces": {
				"north": {"uv": [9, 1, 15, 7], "texture": "#0"},
				"east": {"uv": [8, 1, 9, 8], "texture": "#0"},
				"south": {"uv": [9, 1, 15, 7], "texture": "#0"},
				"west": {"uv": [8, 1, 16, 7], "texture": "#0"},
				"up": {"uv": [1, 8, 7, 9], "rotation": 180, "texture": "#0"},
				"down": {"uv": [1, 7, 7, 8], "rotation": 180, "texture": "#0"}
			}
		},
		{
			"from": [3, 0.9, 4],
			"to": [4.25, 6.2, 12],
			"rotation": {"angle": 0, "axis": "y", "origin": [9, 3.5, 10]},
			"faces": {
				"north": {"uv": [8, 1, 9, 7], "texture": "#0"},
				"east": {"uv": [8, 1, 16, 7], "texture": "#0"},
				"south": {"uv": [8.5, 1, 9.5, 7], "texture": "#0"},
				"west": {"uv": [8, 1, 16, 7], "texture": "#0"},
				"up": {"uv": [7, 8, 8, 16], "rotation": 180, "texture": "#0"},
				"down": {"uv": [7, 0, 8, 8], "rotation": 180, "texture": "#0"}
			}
		},
		{
			"from": [11.75, 0.9, 4],
			"to": [13, 6.2, 12],
			"rotation": {"angle": 0, "axis": "y", "origin": [9, 3.5, 10]},
			"faces": {
				"north": {"uv": [8, 1, 9, 7], "texture": "#0"},
				"east": {"uv": [8, 1, 16, 7], "texture": "#0"},
				"south": {"uv": [14.5, 1, 15.5, 7], "texture": "#0"},
				"west": {"uv": [8, 1, 16, 7], "texture": "#0"},
				"up": {"uv": [7, 8, 8, 16], "rotation": 180, "texture": "#0"},
				"down": {"uv": [0, 0, 1, 8], "rotation": 180, "texture": "#0"}
			}
		},
		{
			"from": [4, 9.75, 4],
			"to": [9, 11.05, 12.5],
			"rotation": {"angle": 45, "axis": "z", "origin": [9, 3.5, 10]},
			"faces": {
				"north": {"uv": [8, 0, 16, 1], "texture": "#0"},
				"east": {"uv": [8, 0, 16, 1], "texture": "#0"},
				"south": {"uv": [8, 8, 16, 9], "texture": "#0"},
				"west": {"uv": [8, 0, 16, 1], "texture": "#0"},
				"up": {"uv": [4, 0, 8, 8], "rotation": 180, "texture": "#0"},
				"down": {"uv": [1, 8, 8, 16], "rotation": 180, "texture": "#0"}
			}
		},
		{
			"from": [7.25, 8.25, 4],
			"to": [12.25, 9.55, 12.5],
			"rotation": {"angle": -45, "axis": "z", "origin": [9, 3.5, 10]},
			"faces": {
				"north": {"uv": [8, 0, 16, 1], "texture": "#0"},
				"east": {"uv": [8, 0, 16, 1], "texture": "#0"},
				"south": {"uv": [8, 8, 16, 9], "texture": "#0"},
				"west": {"uv": [8, 0, 16, 1], "texture": "#0"},
				"up": {"uv": [0, 0, 4, 8], "rotation": 180, "texture": "#0"},
				"down": {"uv": [0, 8, 7, 16], "rotation": 180, "texture": "#0"}
			}
		},
		{
			"from": [3, 0.05, 4],
			"to": [13, 0.9, 12],
			"rotation": {"angle": 0, "axis": "x", "origin": [9, 3.5, 10]},
			"faces": {
				"north": {"uv": [8, 0, 16, 1], "texture": "#0"},
				"east": {"uv": [8, 0, 16, 1], "texture": "#0"},
				"south": {"uv": [8, 8, 16, 9], "texture": "#0"},
				"west": {"uv": [8, 0, 16, 1], "texture": "#0"},
				"up": {"uv": [0, 8, 8, 16], "rotation": 180, "texture": "#0"},
				"down": {"uv": [0, 8, 8, 16], "rotation": 180, "texture": "#0"}
			}
		},
		{
			"from": [5.75, 1.25, 12.001],
			"to": [10.25, 5.75, 12.001],
			"faces": {
				"north": {"uv": [0, 0, 16, 16], "texture": "#2"},
				"east": {"uv": [0, 0, 0, 4.5], "texture": "#missing"},
				"south": {"uv": [0, 0, 16, 16], "texture": "#2"},
				"west": {"uv": [0, 0, 0, 4.5], "texture": "#missing"},
				"up": {"uv": [0, 0, 4.5, 0], "texture": "#missing"},
				"down": {"uv": [0, 0, 4.5, 0], "texture": "#missing"}
			}
		},
		{
			"from": [5.75, 1.25, 3.99],
			"to": [10.25, 5.75, 3.99],
			"faces": {
				"north": {"uv": [0, 0, 16, 16], "texture": "#2"},
				"east": {"uv": [0, 0, 0, 4.5], "texture": "#missing"},
				"south": {"uv": [0, 0, 16, 16], "texture": "#2"},
				"west": {"uv": [0, 0, 0, 4.5], "texture": "#missing"},
				"up": {"uv": [0, 0, 4.5, 0], "texture": "#missing"},
				"down": {"uv": [0, 0, 4.5, 0], "texture": "#missing"}
			}
		},
		{
			"from": [4.375, 2.125, 8.375],
			"to": [6.625, 7.625, 10.625],
			"rotation": {"angle": 0, "axis": "y", "origin": [2, 0, 2]},
			"faces": {
				"north": {"uv": [0, 0, 4, 12], "texture": "#3"},
				"east": {"uv": [0, 0, 4, 12], "texture": "#3"},
				"south": {"uv": [0, 0, 4, 12], "texture": "#3"},
				"west": {"uv": [0, 0, 4, 12], "texture": "#3"},
				"up": {"uv": [0, 12, 4, 16], "texture": "#3"},
				"down": {"uv": [0, 12, 4, 16], "texture": "#3"}
			}
		},
		{
			"from": [4.3125, 2, 5.5625],
			"to": [6.6875, 2.625, 7.9375],
			"rotation": {"angle": 0, "axis": "y", "origin": [2, 0, 2]},
			"faces": {
				"north": {"uv": [4, 5, 9, 6], "texture": "#3"},
				"east": {"uv": [4, 5, 9, 6], "texture": "#3"},
				"south": {"uv": [4, 5, 9, 6], "texture": "#3"},
				"west": {"uv": [4, 5, 9, 6], "texture": "#3"},
				"up": {"uv": [4, 0, 8, 4], "texture": "#3"},
				"down": {"uv": [4, 0, 9, 5], "texture": "#3"}
			}
		},
		{
			"from": [6.8125, 6.625, 5.3125],
			"to": [9.1875, 7.25, 7.6875],
			"rotation": {"angle": 0, "axis": "x", "origin": [2, 0, 2]},
			"faces": {
				"north": {"uv": [4, 5, 9, 6], "rotation": 180, "texture": "#3"},
				"east": {"uv": [4, 5, 9, 6], "rotation": 180, "texture": "#3"},
				"south": {"uv": [4, 5, 9, 6], "rotation": 180, "texture": "#3"},
				"west": {"uv": [4, 5, 9, 6], "rotation": 180, "texture": "#3"},
				"up": {"uv": [4, 0, 9, 5], "texture": "#3"},
				"down": {"uv": [4, 0, 8, 4], "texture": "#3"}
			}
		},
		{
			"from": [6.875, 1.625, 5.375],
			"to": [9.125, 7.125, 7.625],
			"rotation": {"angle": 0, "axis": "x", "origin": [2, 0, 2]},
			"faces": {
				"north": {"uv": [0, 0, 4, 12], "rotation": 180, "texture": "#3"},
				"east": {"uv": [0, 0, 4, 12], "rotation": 180, "texture": "#3"},
				"south": {"uv": [0, 0, 4, 12], "rotation": 180, "texture": "#3"},
				"west": {"uv": [0, 0, 4, 12], "rotation": 180, "texture": "#3"},
				"up": {"uv": [0, 12, 4, 16], "texture": "#3"},
				"down": {"uv": [0, 12, 4, 16], "texture": "#3"}
			}
		},
		{
			"from": [6.875, 1.625, 8.125],
			"to": [9.125, 7.125, 10.375],
			"rotation": {"angle": 0, "axis": "x", "origin": [2, 0, 2]},
			"faces": {
				"north": {"uv": [0, 0, 4, 12], "rotation": 180, "texture": "#3"},
				"east": {"uv": [0, 0, 4, 12], "rotation": 180, "texture": "#3"},
				"south": {"uv": [0, 0, 4, 12], "rotation": 180, "texture": "#3"},
				"west": {"uv": [0, 0, 4, 12], "rotation": 180, "texture": "#3"},
				"up": {"uv": [0, 12, 4, 16], "texture": "#3"},
				"down": {"uv": [0, 12, 4, 16], "texture": "#3"}
			}
		},
		{
			"from": [6.8125, 6.625, 8.0625],
			"to": [9.1875, 7.25, 10.4375],
			"rotation": {"angle": 0, "axis": "x", "origin": [2, 0, 2]},
			"faces": {
				"north": {"uv": [4, 5, 9, 6], "rotation": 180, "texture": "#3"},
				"east": {"uv": [4, 5, 9, 6], "rotation": 180, "texture": "#3"},
				"south": {"uv": [4, 5, 9, 6], "rotation": 180, "texture": "#3"},
				"west": {"uv": [4, 5, 9, 6], "rotation": 180, "texture": "#3"},
				"up": {"uv": [4, 0, 9, 5], "texture": "#3"},
				"down": {"uv": [4, 0, 8, 4], "texture": "#3"}
			}
		},
		{
			"from": [4.375, 2.125, 5.625],
			"to": [6.625, 7.625, 7.875],
			"rotation": {"angle": 0, "axis": "y", "origin": [2, 0, 2]},
			"faces": {
				"north": {"uv": [0, 0, 4, 12], "texture": "#3"},
				"east": {"uv": [0, 0, 4, 12], "texture": "#3"},
				"south": {"uv": [0, 0, 4, 12], "texture": "#3"},
				"west": {"uv": [0, 0, 4, 12], "texture": "#3"},
				"up": {"uv": [0, 12, 4, 16], "texture": "#3"},
				"down": {"uv": [0, 12, 4, 16], "texture": "#3"}
			}
		},
		{
			"from": [9.3125, 2, 5.5625],
			"to": [11.6875, 2.625, 7.9375],
			"rotation": {"angle": 0, "axis": "y", "origin": [2, 0, 2]},
			"faces": {
				"north": {"uv": [4, 5, 9, 6], "texture": "#3"},
				"east": {"uv": [4, 5, 9, 6], "texture": "#3"},
				"south": {"uv": [4, 5, 9, 6], "texture": "#3"},
				"west": {"uv": [4, 5, 9, 6], "texture": "#3"},
				"up": {"uv": [4, 0, 8, 4], "texture": "#3"},
				"down": {"uv": [4, 0, 9, 5], "texture": "#3"}
			}
		},
		{
			"from": [9.3125, 2, 8.3125],
			"to": [11.6875, 2.625, 10.6875],
			"rotation": {"angle": 0, "axis": "y", "origin": [2, 0, 2]},
			"faces": {
				"north": {"uv": [4, 5, 9, 6], "texture": "#3"},
				"east": {"uv": [4, 5, 9, 6], "texture": "#3"},
				"south": {"uv": [4, 5, 9, 6], "texture": "#3"},
				"west": {"uv": [4, 5, 9, 6], "texture": "#3"},
				"up": {"uv": [4, 0, 8, 4], "texture": "#3"},
				"down": {"uv": [4, 0, 9, 5], "texture": "#3"}
			}
		},
		{
			"from": [9.375, 2.125, 8.375],
			"to": [11.625, 7.625, 10.625],
			"rotation": {"angle": 0, "axis": "y", "origin": [2, 0, 2]},
			"faces": {
				"north": {"uv": [0, 0, 4, 12], "texture": "#3"},
				"east": {"uv": [0, 0, 4, 12], "texture": "#3"},
				"south": {"uv": [0, 0, 4, 12], "texture": "#3"},
				"west": {"uv": [0, 0, 4, 12], "texture": "#3"},
				"up": {"uv": [0, 12, 4, 16], "texture": "#3"},
				"down": {"uv": [0, 12, 4, 16], "texture": "#3"}
			}
		},
		{
			"from": [9.375, 2.125, 5.625],
			"to": [11.625, 7.625, 7.875],
			"rotation": {"angle": 0, "axis": "y", "origin": [2, 0, 2]},
			"faces": {
				"north": {"uv": [0, 0, 4, 12], "texture": "#3"},
				"east": {"uv": [0, 0, 4, 12], "texture": "#3"},
				"south": {"uv": [0, 0, 4, 12], "texture": "#3"},
				"west": {"uv": [0, 0, 4, 12], "texture": "#3"},
				"up": {"uv": [0, 12, 4, 16], "texture": "#3"},
				"down": {"uv": [0, 12, 4, 16], "texture": "#3"}
			}
		},
		{
			"from": [4.3125, 2, 8.3125],
			"to": [6.6875, 2.625, 10.6875],
			"rotation": {"angle": 0, "axis": "y", "origin": [2, 0, 2]},
			"faces": {
				"north": {"uv": [4, 5, 9, 6], "texture": "#3"},
				"east": {"uv": [4, 5, 9, 6], "texture": "#3"},
				"south": {"uv": [4, 5, 9, 6], "texture": "#3"},
				"west": {"uv": [4, 5, 9, 6], "texture": "#3"},
				"up": {"uv": [4, 0, 8, 4], "texture": "#3"},
				"down": {"uv": [4, 0, 9, 5], "texture": "#3"}
			}
		}
	],
	"display": {
		"thirdperson_righthand": {
			"translation": [0, 3.75, 0],
			"scale": [0.5, 0.5, 0.5]
		},
		"thirdperson_lefthand": {
			"translation": [0, 3.75, 0],
			"scale": [0.5, 0.5, 0.5]
		},
		"firstperson_righthand": {
			"rotation": [0, -33, 0],
			"translation": [-1.5, 5.5, 1.5],
			"scale": [0.67, 0.67, 0.67]
		},
		"firstperson_lefthand": {
			"rotation": [0, -39.5, 0],
			"translation": [-1, 5.75, 0.75],
			"scale": [0.67, 0.67, 0.67]
		},
		"ground": {
			"translation": [0, 2.75, 0],
			"scale": [0.72, 0.72, 0.72]
		},
		"gui": {
			"rotation": [30, 45, 0],
			"translation": [0, 4.25, 0]
		},
		"head": {
			"rotation": [180, 0.5, 180],
			"translation": [0, 15.5, 0],
			"scale": [1.71, 1.71, 1.71]
		},
		"fixed": {
			"rotation": [180, 0, 180],
			"translation": [0, 4.5, -3],
			"scale": [1.4, 1.4, 1.4]
		}
	}
}