{
	"credit": "Made with Blockbench",
	"texture_size": [32, 32],
	"textures": {
		"1": "cabricality:item/box_ammo",
		"2": "cabricality:item/buttle/advanced_bullet",
		"particle": "cabricality:item/buttle/advanced_bullet"
	},
	"elements": [
		{
			"from": [2.5, 0, 10],
			"to": [13.5, 8, 11],
			"rotation": {"angle": 0, "axis": "y", "origin": [5.53769, 6.397, 8]},
			"faces": {
				"north": {"uv": [0.5, 12, 7.5, 16], "texture": "#1"},
				"east": {"uv": [0, 0, 3.25, 4], "texture": "#1"},
				"south": {"uv": [8.5, 12, 15.5, 16], "texture": "#1"},
				"west": {"uv": [0, 0, 0.25, 4], "texture": "#1"},
				"up": {"uv": [0, 12, 0.25, 12.25], "texture": "#1"},
				"down": {"uv": [0.5, 12, 7.5, 12.25], "texture": "#1"}
			}
		},
		{
			"from": [13.5, 0, 5],
			"to": [14.5, 8, 11],
			"rotation": {"angle": 0, "axis": "y", "origin": [5.53769, 6.397, 8]},
			"faces": {
				"north": {"uv": [8, 12, 8.5, 16], "texture": "#1"},
				"east": {"uv": [0, 0, 3.25, 4], "texture": "#1"},
				"south": {"uv": [15.5, 12, 16, 16], "texture": "#1"},
				"west": {"uv": [0, 0, 3.25, 4], "texture": "#1"},
				"up": {"uv": [0, 12, 0.25, 12.25], "texture": "#1"},
				"down": {"uv": [0, 12, 0.25, 16], "texture": "#1"}
			}
		},
		{
			"from": [1.5, 0, 5],
			"to": [2.5, 8, 11],
			"rotation": {"angle": 0, "axis": "y", "origin": [5.53769, 6.397, 8]},
			"faces": {
				"north": {"uv": [8, 12, 8.5, 16], "texture": "#1"},
				"east": {"uv": [0, 0, 3.25, 4], "texture": "#1"},
				"south": {"uv": [15.5, 12, 16, 16], "texture": "#1"},
				"west": {"uv": [0, 0, 3.25, 4], "texture": "#1"},
				"up": {"uv": [0, 12, 0.25, 12.25], "texture": "#1"},
				"down": {"uv": [0, 12, 0.25, 16], "texture": "#1"}
			}
		},
		{
			"from": [2.5, 0, 5],
			"to": [13.5, 8, 6],
			"rotation": {"angle": 0, "axis": "y", "origin": [5.53769, 6.397, 8]},
			"faces": {
				"north": {"uv": [8.5, 12, 15.5, 16], "texture": "#1"},
				"east": {"uv": [0, 0, 3.25, 4], "texture": "#1"},
				"south": {"uv": [0.5, 12, 7.5, 16], "texture": "#1"},
				"west": {"uv": [0, 0, 0.25, 4], "texture": "#1"},
				"up": {"uv": [0, 12, 0.25, 12.25], "texture": "#1"},
				"down": {"uv": [0.5, 12, 7.5, 12.25], "texture": "#1"}
			}
		},
		{
			"from": [2.5, 0, 6],
			"to": [13.5, 0, 10],
			"faces": {
				"north": {"uv": [0, 0, 5.5, 0], "texture": "#missing"},
				"east": {"uv": [0, 0, 2, 0], "texture": "#missing"},
				"south": {"uv": [0, 0, 5.5, 0], "texture": "#missing"},
				"west": {"uv": [0, 0, 2, 0], "texture": "#missing"},
				"up": {"uv": [0.5, 12.5, 7.5, 15.5], "texture": "#1"},
				"down": {"uv": [0.5, 12.5, 7.5, 15.5], "texture": "#1"}
			}
		},
		{
			"from": [2, 1, 6],
			"to": [14, 6.5, 10],
			"faces": {
				"north": {"uv": [8, 4, 12, 4.5], "texture": "#1"},
				"east": {"uv": [9.5, 6, 11, 6.5], "texture": "#1"},
				"south": {"uv": [8, 5.25, 12, 5.5], "texture": "#1"},
				"west": {"uv": [8, 6, 9.5, 6.5], "texture": "#1"},
				"up": {"uv": [8, 4, 12, 5.5], "texture": "#1"},
				"down": {"uv": [0, 0, 6, 2], "texture": "#missing"}
			}
		},
		{
			"from": [8, 6, 6],
			"to": [14, 7.5, 10],
			"faces": {
				"north": {"uv": [8, 4, 10.1875, 4.5], "texture": "#1"},
				"east": {"uv": [9.5, 6, 11, 6.5], "texture": "#1"},
				"south": {"uv": [8, 5.25, 10.1875, 5.5], "texture": "#1"},
				"west": {"uv": [8, 6, 9.5, 6.5], "texture": "#1"},
				"up": {"uv": [8, 4, 10.1875, 5.5], "texture": "#1"},
				"down": {"uv": [0, 0, 6, 2], "texture": "#missing"}
			}
		},
		{
			"from": [2, 6.25, 7.75],
			"to": [3.25, 7.5, 11.75],
			"rotation": {"angle": 22.5, "axis": "y", "origin": [0, 0, 0]},
			"faces": {
				"north": {"uv": [8, 4, 8.4375, 4.5], "texture": "#1"},
				"east": {"uv": [9.5, 6, 11, 6.5], "texture": "#1"},
				"south": {"uv": [8, 5.25, 8.4375, 5.5], "texture": "#1"},
				"west": {"uv": [8, 6, 9.5, 6.5], "texture": "#1"},
				"up": {"uv": [8, 4, 8.4375, 5.5], "texture": "#1"},
				"down": {"uv": [0, 0, 6, 2], "texture": "#missing"}
			}
		},
		{
			"from": [1.5, -0.001, 5],
			"to": [14.5, -0.001, 11],
			"faces": {
				"north": {"uv": [0, 0, 6.5, 0], "texture": "#missing"},
				"east": {"uv": [0, 0, 3, 0], "texture": "#missing"},
				"south": {"uv": [0, 0, 6.5, 0], "texture": "#missing"},
				"west": {"uv": [0, 0, 3, 0], "texture": "#missing"},
				"up": {"uv": [2.5, 8, 6, 10], "texture": "#1"},
				"down": {"uv": [2.5, 8, 6, 10], "texture": "#1"}
			}
		},
		{
			"from": [5, 1, 4.99],
			"to": [11, 7, 4.99],
			"faces": {
				"north": {"uv": [0, 0, 16, 16], "texture": "#2"},
				"east": {"uv": [0, 0, 0, 3], "texture": "#missing"},
				"south": {"uv": [0, 0, 16, 16], "texture": "#2"},
				"west": {"uv": [0, 0, 0, 3], "texture": "#missing"},
				"up": {"uv": [0, 0, 3, 0], "texture": "#missing"},
				"down": {"uv": [0, 0, 3, 0], "texture": "#missing"}
			}
		},
		{
			"from": [5, 1, 11.001],
			"to": [11, 7, 11.001],
			"faces": {
				"north": {"uv": [0, 0, 16, 16], "texture": "#2"},
				"east": {"uv": [0, 0, 0, 3], "texture": "#missing"},
				"south": {"uv": [0, 0, 16, 16], "texture": "#2"},
				"west": {"uv": [0, 0, 0, 3], "texture": "#missing"},
				"up": {"uv": [0, 0, 3, 0], "texture": "#missing"},
				"down": {"uv": [0, 0, 3, 0], "texture": "#missing"}
			}
		},
		{
			"from": [13.57538, 3.294, 11],
			"to": [27.57538, 4.794, 11.5],
			"rotation": {"angle": -22.5, "axis": "z", "origin": [23.03769, 5.397, 8]},
			"faces": {
				"north": {"uv": [0, 12, 8, 12.5], "rotation": 180, "texture": "#1"},
				"east": {"uv": [7.75, 12, 8, 12.5], "rotation": 180, "texture": "#1"},
				"south": {"uv": [2.5, 8, 6, 8.5], "rotation": 180, "texture": "#1"},
				"west": {"uv": [7.75, 12, 8, 12.5], "rotation": 180, "texture": "#1"},
				"up": {"uv": [0, 12.25, 8, 12.5], "rotation": 180, "texture": "#1"},
				"down": {"uv": [0, 15.75, 8, 16], "rotation": 180, "texture": "#1"}
			}
		},
		{
			"from": [13.57538, 3.294, 5],
			"to": [27.57538, 3.794, 11],
			"rotation": {"angle": -22.5, "axis": "z", "origin": [23.03769, 5.397, 8]},
			"faces": {
				"north": {"uv": [8, 8.5, 16, 8.75], "rotation": 180, "texture": "#1"},
				"east": {"uv": [0, 12, 0.25, 12.25], "rotation": 180, "texture": "#1"},
				"south": {"uv": [8, 8.5, 16, 8.75], "rotation": 180, "texture": "#1"},
				"west": {"uv": [0, 12, 0.25, 12.25], "rotation": 180, "texture": "#1"},
				"up": {"uv": [8, 8.5, 16, 11.5], "rotation": 180, "texture": "#1"},
				"down": {"uv": [2.5, 8.25, 6, 9.75], "rotation": 180, "texture": "#1"}
			}
		},
		{
			"from": [12.89069, 0.30969, 9],
			"to": [14.39069, 0.93469, 10.25],
			"rotation": {"angle": -45, "axis": "z", "origin": [22.53769, 2.647, 8]},
			"faces": {
				"north": {"uv": [11.75, 1.75, 12, 2.5], "rotation": 270, "texture": "#1"},
				"east": {"uv": [11.5, 1.75, 11.75, 2], "rotation": 90, "texture": "#1"},
				"south": {"uv": [11.5, 1.75, 11.75, 2.5], "rotation": 90, "texture": "#1"},
				"west": {"uv": [11.5, 2.25, 12, 2.5], "rotation": 90, "texture": "#1"},
				"up": {"uv": [11.5, 1.75, 12, 2.5], "rotation": 90, "texture": "#1"},
				"down": {"uv": [11.5, 1.75, 12, 2.5], "rotation": 90, "texture": "#1"}
			}
		},
		{
			"from": [12.89069, 0.30969, 5.75],
			"to": [14.39069, 0.93469, 7],
			"rotation": {"angle": -45, "axis": "z", "origin": [22.53769, 2.647, 8]},
			"faces": {
				"north": {"uv": [11.75, 1.75, 12, 2.5], "rotation": 270, "texture": "#1"},
				"east": {"uv": [11.5, 1.75, 11.75, 2], "rotation": 90, "texture": "#1"},
				"south": {"uv": [11.5, 1.75, 11.75, 2.5], "rotation": 90, "texture": "#1"},
				"west": {"uv": [11.5, 2.25, 12, 2.5], "rotation": 90, "texture": "#1"},
				"up": {"uv": [11.5, 1.75, 12, 2.5], "rotation": 90, "texture": "#1"},
				"down": {"uv": [11.5, 1.75, 12, 2.5], "rotation": 90, "texture": "#1"}
			}
		},
		{
			"from": [13.57538, 3.294, 4.5],
			"to": [27.57538, 4.794, 5],
			"rotation": {"angle": -22.5, "axis": "z", "origin": [23.03769, 5.397, 8]},
			"faces": {
				"north": {"uv": [2.5, 8, 6, 8.5], "rotation": 180, "texture": "#1"},
				"east": {"uv": [7.75, 12, 8, 12.5], "rotation": 180, "texture": "#1"},
				"south": {"uv": [0, 12, 8, 12.5], "rotation": 180, "texture": "#1"},
				"west": {"uv": [7.75, 12, 8, 12.5], "rotation": 180, "texture": "#1"},
				"up": {"uv": [0, 12.25, 8, 12.5], "rotation": 180, "texture": "#1"},
				"down": {"uv": [0, 12, 8, 12.25], "rotation": 180, "texture": "#1"}
			}
		},
		{
			"from": [17.5, 0.25, 8],
			"to": [25.5, 2.25, 8],
			"rotation": {"angle": -22.5, "axis": "z", "origin": [25.5, 7, 8]},
			"faces": {
				"north": {"uv": [10, 3, 12, 3.5], "rotation": 180, "texture": "#1"},
				"south": {"uv": [10, 3, 12, 3.5], "rotation": 180, "texture": "#1"}
			}
		},
		{
			"from": [17.5, 2.24, 7],
			"to": [19.5, 2.24, 9],
			"rotation": {"angle": -22.5, "axis": "z", "origin": [25.5, 7, 8]},
			"faces": {
				"up": {"uv": [10.5, 1.75, 11, 2.25], "rotation": 180, "texture": "#1"},
				"down": {"uv": [10.5, 1.75, 11, 2.25], "texture": "#1"}
			}
		},
		{
			"from": [23.5, 2.24, 7],
			"to": [25.5, 2.24, 9],
			"rotation": {"angle": -22.5, "axis": "z", "origin": [25.5, 7, 8]},
			"faces": {
				"up": {"uv": [10.5, 1.75, 11, 2.25], "rotation": 180, "texture": "#1"},
				"down": {"uv": [10.5, 1.75, 11, 2.25], "texture": "#1"}
			}
		},
		{
			"from": [27.07538, 5.044, 5.5],
			"to": [27.57538, 8.544, 10.5],
			"rotation": {"angle": -22.5, "axis": "z", "origin": [23.03769, 5.397, 8]},
			"faces": {
				"north": {"uv": [0, 0, 0.25, 0.25], "rotation": 180, "texture": "#1"},
				"east": {"uv": [0, 8, 2.5, 10.5], "rotation": 180, "texture": "#1"},
				"south": {"uv": [0, 0, 0.25, 0.25], "rotation": 180, "texture": "#1"},
				"west": {"uv": [0, 8, 2.5, 10.5], "rotation": 180, "texture": "#1"},
				"up": {"uv": [1, 3.75, 0.75, 4], "rotation": 180, "texture": "#1"},
				"down": {"uv": [0, 0, 0.25, 0.25], "rotation": 180, "texture": "#1"}
			}
		},
		{
			"from": [27.4903, 2.30847, 6],
			"to": [29.7403, 2.87097, 6.5],
			"rotation": {"angle": 45, "axis": "z", "origin": [23.03769, 5.397, 8]},
			"faces": {
				"north": {"uv": [9.5625, 3, 9.71875, 3.375], "rotation": 90, "texture": "#1"},
				"east": {"uv": [0, 0.5, 0.15625, 0.625], "rotation": 270, "texture": "#1"},
				"south": {"uv": [9.5, 3, 9.71875, 3.4375], "rotation": 270, "texture": "#1"},
				"west": {"uv": [0, 0.5, 0.15625, 0.625], "rotation": 270, "texture": "#1"},
				"up": {"uv": [0, 0.5, 0.125, 1.625], "rotation": 270, "texture": "#1"},
				"down": {"uv": [9.75, 3, 9.625, 3.25], "rotation": 270, "texture": "#1"}
			}
		},
		{
			"from": [27.4903, 2.30847, 9.5],
			"to": [29.7403, 2.87097, 10],
			"rotation": {"angle": 45, "axis": "z", "origin": [23.03769, 5.397, 8]},
			"faces": {
				"north": {"uv": [9.5, 0.3125, 9.65625, 0.4375], "rotation": 90, "texture": "#1"},
				"east": {"uv": [9.5, 0.25, 9.65625, 0.4375], "rotation": 270, "texture": "#1"},
				"south": {"uv": [9.5, 0.3125, 9.65625, 0.4375], "rotation": 270, "texture": "#1"},
				"west": {"uv": [9.5, 0.25, 9.65625, 0.4375], "rotation": 270, "texture": "#1"},
				"up": {"uv": [9.5, 0.3125, 9.625, 0.4375], "rotation": 270, "texture": "#1"},
				"down": {"uv": [9.5, 0.3125, 9.625, 0.4375], "rotation": 270, "texture": "#1"}
			}
		},
		{
			"from": [29.7403, 2.30847, 6],
			"to": [30.2403, 2.87097, 10],
			"rotation": {"angle": 45, "axis": "z", "origin": [23.03769, 5.397, 8]},
			"faces": {
				"north": {"uv": [9.5, 3, 9.71875, 3.4375], "rotation": 270, "texture": "#1"},
				"east": {"uv": [9.5, 0.25, 9.03125, 3.5], "rotation": 270, "texture": "#1"},
				"south": {"uv": [9.5, 0.25, 9.71875, 0.625], "rotation": 270, "texture": "#1"},
				"west": {"uv": [9, 0.25, 9.46875, 3.5], "rotation": 90, "texture": "#1"},
				"up": {"uv": [9, 0.25, 9.4375, 3.5], "rotation": 180, "texture": "#1"},
				"down": {"uv": [9.5, 0.25, 9, 3.5], "texture": "#1"}
			}
		},
		{
			"from": [27.2, 3.51797, 9.9082],
			"to": [27.45, 5.76797, 10.1582],
			"rotation": {"angle": -22.5, "axis": "z", "origin": [23.03769, 5.397, 8]},
			"faces": {
				"north": {"uv": [0, 0, 0.125, 1.125], "rotation": 180, "texture": "#1"},
				"east": {"uv": [0, 0, 0.125, 1.125], "rotation": 180, "texture": "#1"},
				"south": {"uv": [0, 0, 0.125, 1.125], "rotation": 180, "texture": "#1"},
				"west": {"uv": [0, 0, 0.125, 1.125], "rotation": 180, "texture": "#1"},
				"up": {"uv": [0, 0, 0.125, 0.125], "rotation": 180, "texture": "#1"},
				"down": {"uv": [0, 0, 0.125, 0.125], "rotation": 180, "texture": "#1"}
			}
		},
		{
			"from": [27.2, 3.51797, 5.8418],
			"to": [27.45, 5.76797, 6.3418],
			"rotation": {"angle": -22.5, "axis": "z", "origin": [23.03769, 5.397, 8]},
			"faces": {
				"north": {"uv": [0, 0, 0.125, 1.125], "rotation": 180, "texture": "#1"},
				"east": {"uv": [0, 0, 0.125, 1.125], "rotation": 180, "texture": "#1"},
				"south": {"uv": [0, 0, 0.125, 1.125], "rotation": 180, "texture": "#1"},
				"west": {"uv": [0, 0, 0.125, 1.125], "rotation": 180, "texture": "#1"},
				"up": {"uv": [0, 0, 0.125, 0.125], "rotation": 180, "texture": "#1"},
				"down": {"uv": [0, 0, 0.125, 0.125], "rotation": 180, "texture": "#1"}
			}
		},
		{
			"from": [27.07538, 3.794, 5],
			"to": [27.38788, 4.294, 11],
			"rotation": {"angle": -22.5, "axis": "z", "origin": [23.03769, 5.397, 8]},
			"faces": {
				"north": {"uv": [0, 0, 0.15625, 0.25], "rotation": 180, "texture": "#1"},
				"east": {"uv": [0, 0, 3, 0.25], "rotation": 180, "texture": "#1"},
				"south": {"uv": [0, 0, 0.15625, 0.25], "rotation": 180, "texture": "#1"},
				"west": {"uv": [0, 0, 3, 0.25], "rotation": 180, "texture": "#1"},
				"up": {"uv": [0, 0, 0.15625, 3], "rotation": 180, "texture": "#1"},
				"down": {"uv": [0, 0, 0.15625, 3], "rotation": 180, "texture": "#1"}
			}
		}
	],
	"display": {
		"thirdperson_righthand": {
			"rotation": [-94.58, -2.24, 179.28],
			"translation": [-6, 3.25, 6.25],
			"scale": [0.75, 0.75, 0.75]
		},
		"thirdperson_lefthand": {
			"rotation": [-94.17, -4.47, -178.02],
			"translation": [-5.5, 2.75, 5.75],
			"scale": [0.75, 0.75, 0.75]
		},
		"firstperson_righthand": {
			"rotation": [11, 0, 0],
			"translation": [-9, 4.25, 0]
		},
		"firstperson_lefthand": {
			"rotation": [11, 0, 0],
			"translation": [-9, 4.25, 0]
		},
		"ground": {
			"translation": [0, 4, 0],
			"scale": [0.75, 0.75, 0.75]
		},
		"gui": {
			"rotation": [29, -148, 0],
			"translation": [3.25, 3, 0],
			"scale": [0.71, 0.71, 0.71]
		},
		"head": {
			"translation": [0, 10.5, 0],
			"scale": [1.95, 1.95, 1.95]
		},
		"fixed": {
			"translation": [0, 5.75, 0],
			"scale": [1.3, 1.3, 1.3]
		}
	},
	"groups": [
		{
			"name": "box",
			"origin": [0, 0, 0],
			"color": 0,
			"children": [0, 1, 2, 3]
		},
		4,
		5,
		6,
		7,
		8,
		9,
		10,
		{
			"name": "group",
			"origin": [5.53769, 8.397, 8],
			"color": 0,
			"children": [11, 12, 13, 14, 15, 16, 17, 18, 19, 20, 21, 22, 23, 24, 25]
		}
	]
}