{
	"credit": "Made with Blockbench",
	"textures": {
		"0": "cabricality:item/ruber_duck/rubber_duck",
		"particle": "cabricality:item/ruber_duck/rubber_duck"
	},
	"elements": [
		{
			"name": "head",
			"from": [6, 4, 3],
			"to": [10, 8, 7],
			"faces": {
				"north": {"uv": [12, 0, 16, 3], "texture": "#0"},
				"east": {"uv": [0, 0, 2, 2], "texture": "#0"},
				"south": {"uv": [0, 0, 2, 2], "texture": "#0"},
				"west": {"uv": [0, 0, 2, 2], "texture": "#0"},
				"up": {"uv": [0, 0, 2, 2], "texture": "#0"},
				"down": {"uv": [0, 0, 2, 2], "texture": "#0"}
			}
		},
		{
			"name": "beak",
			"from": [6.4, 4, 1.4],
			"to": [9.6, 5, 3],
			"faces": {
				"north": {"uv": [0, 9, 2, 9.5], "texture": "#0"},
				"east": {"uv": [2, 10, 3, 10.5], "texture": "#0"},
				"south": {"uv": [0, 0, 2, 0.5], "texture": "#0"},
				"west": {"uv": [1, 9, 2, 9.5], "texture": "#0"},
				"up": {"uv": [0, 6, 4, 8], "texture": "#0"},
				"down": {"uv": [0, 10, 2, 11], "texture": "#0"}
			}
		},
		{
			"name": "right wing",
			"from": [11, 1.4, 6.2],
			"to": [11.4, 4, 10],
			"faces": {
				"north": {"uv": [0, 0, 0.2, 1.3], "texture": "#0"},
				"east": {"uv": [2, 1, 4, 2], "texture": "#0"},
				"south": {"uv": [0, 0, 0.2, 1.3], "texture": "#0"},
				"west": {"uv": [2, 1, 4, 2], "texture": "#0"},
				"up": {"uv": [0, 0, 0.2, 1.9], "texture": "#0"},
				"down": {"uv": [0, 0, 0.2, 1.9], "texture": "#0"}
			}
		},
		{
			"name": "left wing",
			"from": [4.6, 1.4, 6.2],
			"to": [5, 4, 10],
			"faces": {
				"north": {"uv": [0, 0, 0.2, 1.3], "texture": "#0"},
				"east": {"uv": [0, 0, 1.9, 1.3], "texture": "#0"},
				"south": {"uv": [0, 0, 0.2, 1.3], "texture": "#0"},
				"west": {"uv": [2, 1, 4, 2], "texture": "#0"},
				"up": {"uv": [0, 0, 0.2, 1.9], "texture": "#0"},
				"down": {"uv": [0, 0, 0.2, 1.9], "texture": "#0"}
			}
		},
		{
			"name": "tail",
			"from": [6, 4, 9.8],
			"to": [10, 5, 10.8],
			"faces": {
				"north": {"uv": [0, 0, 2, 0.5], "texture": "#0"},
				"east": {"uv": [0, 0, 0.5, 0.5], "texture": "#0"},
				"south": {"uv": [0, 0, 2, 0.5], "texture": "#0"},
				"west": {"uv": [0, 0, 0.5, 0.5], "texture": "#0"},
				"up": {"uv": [0, 0, 2, 0.5], "texture": "#0"},
				"down": {"uv": [0, 0, 2, 0.5], "texture": "#0"}
			}
		},
		{
			"name": "body",
			"from": [5, 0, 5],
			"to": [11, 4, 11],
			"faces": {
				"north": {"uv": [3, 0, 6, 2], "texture": "#0"},
				"east": {"uv": [0, 0, 3, 2], "texture": "#0"},
				"south": {"uv": [9, 0, 12, 2], "texture": "#0"},
				"west": {"uv": [6, 0, 9, 2], "texture": "#0"},
				"up": {"uv": [0, 0, 3, 3], "texture": "#0"},
				"down": {"uv": [0, 0, 3, 3], "texture": "#0"}
			}
		}
	],
	"display": {
		"thirdperson_righthand": {
			"translation": [0, 4, 1],
			"scale": [0.55, 0.55, 0.55]
		},
		"thirdperson_lefthand": {
			"translation": [0, 4, 1],
			"scale": [0.55, 0.55, 0.55]
		},
		"firstperson_righthand": {
			"rotation": [2, 0, 3],
			"translation": [2.13, 4.7, 1.13],
			"scale": [0.8, 0.8, 0.7]
		},
		"firstperson_lefthand": {
			"rotation": [2, 0, 3],
			"translation": [2.13, 4.7, 1.13],
			"scale": [0.8, 0.8, 0.7]
		},
		"ground": {
			"translation": [0, 2, 0],
			"scale": [0.67, 0.67, 0.67]
		},
		"gui": {
			"rotation": [30, 225, 0],
			"translation": [0, 4.75, 0],
			"scale": [1.29, 1.29, 1.29]
		},
		"head": {
			"translation": [0, 14.5, -1]
		},
		"fixed": {
			"translation": [0, 4.25, -1]
		}
	}
}