{
	"credit": "Made with Blockbench",
	"textures": {
		"0": "cabricality:item/ruber_duck/rubber_duck_red",
		"1": "cabricality:item/ruber_duck/gaussturret",
		"particle": "cabricality:item/ruber_duck/rubber_duck_red"
	},
	"elements": [
		{
			"name": "head",
			"from": [6, 4, 3],
			"to": [10, 8, 7],
			"faces": {
				"north": {"uv": [12, 0, 16, 3], "texture": "#0"},
				"east": {"uv": [0, 0, 2, 2], "texture": "#0"},
				"south": {"uv": [0, 0, 2, 2], "texture": "#0"},
				"west": {"uv": [0, 0, 2, 2], "texture": "#0"},
				"up": {"uv": [0, 0, 2, 2], "texture": "#0"},
				"down": {"uv": [0, 0, 2, 2], "texture": "#0"}
			}
		},
		{
			"name": "beak",
			"from": [6.4, 4, 1.4],
			"to": [9.6, 5, 3],
			"faces": {
				"north": {"uv": [0, 9, 2, 9.5], "texture": "#0"},
				"east": {"uv": [2, 10, 3, 10.5], "texture": "#0"},
				"south": {"uv": [0, 0, 2, 0.5], "texture": "#0"},
				"west": {"uv": [1, 9, 2, 9.5], "texture": "#0"},
				"up": {"uv": [0, 6, 4, 8], "texture": "#0"},
				"down": {"uv": [0, 10, 2, 11], "texture": "#0"}
			}
		},
		{
			"name": "right wing",
			"from": [11, 1.4, 6.2],
			"to": [11.4, 4, 10],
			"faces": {
				"north": {"uv": [0, 0, 0.2, 1.3], "texture": "#0"},
				"east": {"uv": [2, 1, 4, 2], "texture": "#0"},
				"south": {"uv": [0, 0, 0.2, 1.3], "texture": "#0"},
				"west": {"uv": [2, 1, 4, 2], "texture": "#0"},
				"up": {"uv": [0, 0, 0.2, 1.9], "texture": "#0"},
				"down": {"uv": [0, 0, 0.2, 1.9], "texture": "#0"}
			}
		},
		{
			"name": "left wing",
			"from": [4.6, 1.4, 6.2],
			"to": [5, 4, 10],
			"faces": {
				"north": {"uv": [0, 0, 0.2, 1.3], "texture": "#0"},
				"east": {"uv": [0, 0, 1.9, 1.3], "texture": "#0"},
				"south": {"uv": [0, 0, 0.2, 1.3], "texture": "#0"},
				"west": {"uv": [2, 1, 4, 2], "texture": "#0"},
				"up": {"uv": [0, 0, 0.2, 1.9], "texture": "#0"},
				"down": {"uv": [0, 0, 0.2, 1.9], "texture": "#0"}
			}
		},
		{
			"name": "tail",
			"from": [6, 7.5, 8.3],
			"to": [10, 8.5, 9.3],
			"rotation": {"angle": 22.5, "axis": "x", "origin": [0, 0, 0]},
			"faces": {
				"north": {"uv": [0, 0, 2, 0.5], "texture": "#0"},
				"east": {"uv": [0, 0, 0.5, 0.5], "texture": "#0"},
				"south": {"uv": [0, 0, 2, 0.5], "texture": "#0"},
				"west": {"uv": [0, 0, 0.5, 0.5], "texture": "#0"},
				"up": {"uv": [0, 0, 2, 0.5], "texture": "#0"},
				"down": {"uv": [0, 0, 2, 0.5], "texture": "#0"}
			}
		},
		{
			"name": "body",
			"from": [5, 0, 5],
			"to": [11, 4, 11],
			"faces": {
				"north": {"uv": [3, 0, 6, 2], "texture": "#0"},
				"east": {"uv": [0, 0, 3, 2], "texture": "#0"},
				"south": {"uv": [9, 0, 12, 2], "texture": "#0"},
				"west": {"uv": [6, 0, 9, 2], "texture": "#0"},
				"up": {"uv": [0, 0, 3, 3], "texture": "#0"},
				"down": {"uv": [0, 0, 3, 3], "texture": "#0"}
			}
		},
		{
			"from": [6.75, 4, 8.25],
			"to": [9.25, 4.6, 10.5],
			"rotation": {"angle": 0, "axis": "y", "origin": [0, 1, 0]},
			"faces": {
				"north": {"uv": [3.75, 7, 5, 7.5], "texture": "#1"},
				"east": {"uv": [1.25, 7, 2.5, 7.5], "texture": "#1"},
				"south": {"uv": [0, 7, 1.25, 7.5], "texture": "#1"},
				"west": {"uv": [2.5, 7, 3.75, 7.5], "texture": "#1"}
			}
		},
		{
			"from": [6.5, -1.75, 8.5],
			"to": [7.25, -1.15, 9],
			"rotation": {"angle": 45, "axis": "z", "origin": [0, 1, 0]},
			"faces": {
				"north": {"uv": [3.75, 7, 4.25, 7.5], "texture": "#1"},
				"east": {"uv": [1.25, 7, 1.75, 7.5], "texture": "#1"},
				"south": {"uv": [0, 7, 0.5, 7.5], "texture": "#1"},
				"west": {"uv": [2.5, 7, 3, 7.5], "texture": "#1"},
				"up": {"uv": [2.5, 5.75, 3, 6], "texture": "#1"}
			}
		},
		{
			"from": [6.5, -1.75, 9.75],
			"to": [7.25, -1.15, 10.25],
			"rotation": {"angle": 45, "axis": "z", "origin": [0, 1, 0]},
			"faces": {
				"north": {"uv": [3.75, 7, 4.25, 7.5], "texture": "#1"},
				"east": {"uv": [1.25, 7, 1.75, 7.5], "texture": "#1"},
				"south": {"uv": [0, 7, 0.5, 7.5], "texture": "#1"},
				"west": {"uv": [2.5, 7, 3, 7.5], "texture": "#1"},
				"up": {"uv": [2.5, 5.75, 3, 6], "texture": "#1"}
			}
		},
		{
			"from": [4, 9.5, 9.75],
			"to": [4.75, 10.1, 10.25],
			"rotation": {"angle": -45, "axis": "z", "origin": [0, 1, 0]},
			"faces": {
				"north": {"uv": [3.75, 7, 4.25, 7.5], "texture": "#1"},
				"east": {"uv": [1.25, 7, 1.75, 7.5], "texture": "#1"},
				"south": {"uv": [0, 7, 0.5, 7.5], "texture": "#1"},
				"west": {"uv": [2.5, 7, 3, 7.5], "texture": "#1"},
				"up": {"uv": [2.5, 5.75, 3, 6], "texture": "#1"}
			}
		},
		{
			"from": [4, 9.5, 8.5],
			"to": [4.75, 10.1, 9],
			"rotation": {"angle": -45, "axis": "z", "origin": [0, 1, 0]},
			"faces": {
				"north": {"uv": [3.75, 7, 4.25, 7.5], "texture": "#1"},
				"east": {"uv": [1.25, 7, 1.75, 7.5], "texture": "#1"},
				"south": {"uv": [0, 7, 0.5, 7.5], "texture": "#1"},
				"west": {"uv": [2.5, 7, 3, 7.5], "texture": "#1"},
				"up": {"uv": [2.5, 5.75, 3, 6], "texture": "#1"}
			}
		},
		{
			"from": [6.75, 4.6, 8.25],
			"to": [9.25, 5.2, 10.5],
			"rotation": {"angle": 0, "axis": "y", "origin": [0, 1, 0]},
			"faces": {
				"north": {"uv": [2.75, 4.5, 4.25, 5], "texture": "#1"},
				"east": {"uv": [2.75, 4.5, 4.25, 5], "texture": "#1"},
				"south": {"uv": [2.75, 4.5, 4.25, 5], "texture": "#1"},
				"west": {"uv": [2.75, 4.5, 4.25, 5], "texture": "#1"},
				"up": {"uv": [1.5, 3, 2.75, 4.5], "texture": "#1"}
			}
		},
		{
			"from": [7, 6.65, 8.5],
			"to": [9, 7.25, 11],
			"rotation": {"angle": 0, "axis": "y", "origin": [0, 1, 0]},
			"faces": {
				"north": {"uv": [6.25, 3, 7.5, 3.5], "texture": "#1"},
				"east": {"uv": [7.5, 3, 8.75, 3.5], "texture": "#1"},
				"south": {"uv": [8.75, 3, 10, 3.5], "texture": "#1"},
				"west": {"uv": [5, 3, 6.25, 3.5], "texture": "#1"},
				"up": {"uv": [6.5, 1.5, 7.5, 3], "texture": "#1"},
				"down": {"uv": [7.5, 1.5, 8.5, 3], "texture": "#1"}
			}
		},
		{
			"from": [7, 7.75, 10],
			"to": [9, 9.35, 13],
			"rotation": {"angle": 0, "axis": "y", "origin": [0, 1, 0]},
			"faces": {
				"north": {"uv": [5, 1.75, 6.5, 3], "texture": "#1"},
				"east": {"uv": [0, 1.75, 1.75, 3], "texture": "#1"},
				"south": {"uv": [1.75, 1.75, 3.25, 3], "texture": "#1"},
				"west": {"uv": [3.25, 1.75, 5, 3], "texture": "#1"},
				"up": {"uv": [1.75, 0, 3.25, 1.75], "texture": "#1"},
				"down": {"uv": [3.25, 0, 4.75, 1.75], "texture": "#1"}
			}
		},
		{
			"from": [7.4, 8.1, 8],
			"to": [8.6, 9.25, 10],
			"rotation": {"angle": 0, "axis": "y", "origin": [0, 1, 0]},
			"faces": {
				"north": {"uv": [10.5, 7, 11.25, 8], "texture": "#1"},
				"east": {"uv": [7.25, 7, 8.5, 8], "texture": "#1"},
				"south": {"uv": [8.5, 7, 9.25, 8], "texture": "#1"},
				"west": {"uv": [9.25, 7, 10.5, 8], "texture": "#1"},
				"up": {"uv": [8.5, 5.75, 9.25, 7], "texture": "#1"},
				"down": {"uv": [9.25, 5.75, 10, 7], "texture": "#1"}
			}
		},
		{
			"from": [7.15, 8.2, 7],
			"to": [8.85, 9, 9.25],
			"rotation": {"angle": 0, "axis": "y", "origin": [0, 1, 0]},
			"faces": {
				"north": {"uv": [8.75, 3, 10, 3.5], "texture": "#1"},
				"east": {"uv": [5, 3, 6.25, 3.5], "texture": "#1"},
				"south": {"uv": [6.25, 3, 7.5, 3.5], "texture": "#1"},
				"west": {"uv": [7.5, 3, 8.75, 3.5], "texture": "#1"},
				"up": {"uv": [6.5, 1.5, 7.5, 3], "texture": "#1"},
				"down": {"uv": [7.5, 1.5, 8.5, 3], "texture": "#1"}
			}
		},
		{
			"from": [7.65, 7.95, 5.5],
			"to": [8.45, 8.75, 9.25],
			"rotation": {"angle": 0, "axis": "y", "origin": [0, 1, 0]},
			"faces": {
				"north": {"uv": [8.25, 4.75, 8.75, 5.25], "texture": "#1"},
				"east": {"uv": [7, 4.75, 8.25, 5.25], "texture": "#1"},
				"south": {"uv": [7, 4.75, 7.75, 5.25], "texture": "#1"},
				"west": {"uv": [8.75, 4.75, 10.5, 5.25], "texture": "#1"},
				"up": {"uv": [8.25, 3.5, 8.75, 4.75], "texture": "#1"},
				"down": {"uv": [8.75, 3.5, 9.25, 4.75], "texture": "#1"}
			}
		},
		{
			"from": [7.25, 7.75, 6.25],
			"to": [8.75, 10.35, 7.75],
			"rotation": {"angle": 22.5, "axis": "x", "origin": [0, 1, 0]},
			"faces": {
				"north": {"uv": [5.75, 7, 6.5, 8.5], "texture": "#1"},
				"east": {"uv": [5, 7, 5.75, 8.5], "texture": "#1"},
				"south": {"uv": [5.75, 7, 6.5, 8.5], "texture": "#1"},
				"west": {"uv": [5, 8.5, 5.75, 7], "texture": "#1"},
				"up": {"uv": [3.75, 8.25, 4.75, 9.25], "texture": "#1"}
			}
		},
		{
			"from": [7.5, 2.5, 10.5],
			"to": [8.5, 4.35, 12],
			"rotation": {"angle": -22.5, "axis": "x", "origin": [0, 1, 0]},
			"faces": {
				"north": {"uv": [5, 7.5, 5.75, 8.25], "texture": "#1"},
				"east": {"uv": [5, 7.5, 5.75, 8.25], "texture": "#1"},
				"south": {"uv": [5, 7.5, 5.75, 8.25], "texture": "#1"},
				"west": {"uv": [5, 7.5, 5.75, 8.25], "texture": "#1"},
				"up": {"uv": [3.75, 8.25, 4.75, 9.25], "texture": "#1"}
			}
		},
		{
			"from": [7.25, 8.25, 11.25],
			"to": [8.75, 9.6, 13.25],
			"rotation": {"angle": 0, "axis": "y", "origin": [0, 1, 0]},
			"faces": {
				"north": {"uv": [10.5, 7, 11.25, 8], "texture": "#1"},
				"east": {"uv": [7.25, 7, 8.5, 8], "texture": "#1"},
				"south": {"uv": [8.5, 7, 9.25, 8], "texture": "#1"},
				"west": {"uv": [9.25, 7, 10.5, 8], "texture": "#1"},
				"up": {"uv": [8.5, 5.75, 9.25, 7], "texture": "#1"},
				"down": {"uv": [9.25, 5.75, 10, 7], "texture": "#1"}
			}
		}
	],
	"display": {
		"thirdperson_righthand": {
			"translation": [0, 4, 1],
			"scale": [0.55, 0.55, 0.55]
		},
		"thirdperson_lefthand": {
			"translation": [0, 4, 1],
			"scale": [0.55, 0.55, 0.55]
		},
		"firstperson_righthand": {
			"rotation": [2, 0, 3],
			"translation": [2.13, 4.7, 1.13],
			"scale": [0.8, 0.8, 0.7]
		},
		"firstperson_lefthand": {
			"rotation": [2, 0, 3],
			"translation": [2.13, 4.7, 1.13],
			"scale": [0.8, 0.8, 0.7]
		},
		"ground": {
			"translation": [0, 2, 0],
			"scale": [0.67, 0.67, 0.67]
		},
		"gui": {
			"rotation": [30, 225, 0],
			"translation": [0, 4.75, 0],
			"scale": [1.29, 1.29, 1.29]
		},
		"head": {
			"translation": [0, 14.5, -1]
		},
		"fixed": {
			"translation": [0, 4.25, -1]
		}
	}
}