{
	"credit": "Made with Blockbench",
	"textures": {
		"0": "kubejs:block/invar_casing",
		"1": "kubejs:block/invar_casing_top",
		"2": "kubejs:block/enderium_machine_top",
		"4": "kubejs:item/dye_entangled_singularity"
	},
	"elements": [
		{
			"name": "base",
			"from": [1, 0, 3],
			"to": [15, 1, 15],
			"faces": {
				"north": {"uv": [1, 0, 15, 1], "texture": "#0"},
				"east": {"uv": [0, 0, 1, 1], "texture": "#0"},
				"south": {"uv": [0, 0, 1, 1], "texture": "#0"},
				"west": {"uv": [0, 0, 1, 1], "texture": "#0"},
				"up": {"uv": [4, 4, 12, 12], "texture": "#0"},
				"down": {"uv": [0, 0, 1, 1], "texture": "#0"}
			}
		},
		{
			"name": "left_speaker",
			"from": [1, 1, 3.2],
			"to": [4, 1.5, 4.3],
			"rotation": {"angle": 22.5, "axis": "x", "origin": [8, 1.5, 3]},
			"faces": {
				"north": {"uv": [0, 0, 1, 0.5], "texture": "#1"},
				"east": {"uv": [0, 0, 1.1, 0.5], "texture": "#1"},
				"south": {"uv": [0, 0, 1, 0.5], "texture": "#1"},
				"west": {"uv": [0, 0, 1.1, 0.5], "texture": "#1"},
				"up": {"uv": [0, 0, 8, 5], "texture": "#2"},
				"down": {"uv": [0, 0, 1, 1.1], "texture": "#1"}
			}
		},
		{
			"name": "right_speaker",
			"from": [12, 1, 3.2],
			"to": [15, 1.5, 4.3],
			"rotation": {"angle": 22.5, "axis": "x", "origin": [8, 1.5, 3]},
			"faces": {
				"north": {"uv": [0, 0, 1, 0.5], "texture": "#0"},
				"east": {"uv": [0, 0, 1.1, 0.5], "texture": "#1"},
				"south": {"uv": [0, 0, 1, 0.5], "texture": "#1"},
				"west": {"uv": [0, 1, 1.1, 1.5], "texture": "#1"},
				"up": {"uv": [8, 0, 16, 5], "texture": "#2"},
				"down": {"uv": [0, 0, 1, 1.1], "texture": "#1"}
			}
		},
		{
			"name": "trackpad",
			"from": [6, 1, 11.5],
			"to": [10, 1.1, 14.5],
			"faces": {
				"north": {"uv": [0, 0, 4, 0.1], "texture": "#0"},
				"east": {"uv": [0, 0, 3, 0.1], "texture": "#0"},
				"south": {"uv": [0, 0, 4, 0.1], "texture": "#0"},
				"west": {"uv": [0, 0, 3, 0.1], "texture": "#0"},
				"up": {"uv": [0, 15, 1, 16], "texture": "#0"},
				"down": {"uv": [0, 0, 4, 3], "texture": "#0"}
			}
		},
		{
			"name": "key_1",
			"from": [2, 1, 5],
			"to": [3, 1.1, 5.8],
			"faces": {
				"north": {"uv": [1, 1, 2, 2.1], "texture": "#2"},
				"east": {"uv": [1, 1, 1.8, 2.1], "texture": "#2"},
				"south": {"uv": [1, 1, 2, 2.1], "texture": "#2"},
				"west": {"uv": [1, 2, 1.8, 2.1], "texture": "#2"},
				"up": {"uv": [0, 15, 1, 15.8], "texture": "#0"},
				"down": {"uv": [1, 1, 2, 1.8], "texture": "#2"}
			}
		},
		{
			"name": "key_2",
			"from": [3.1, 1, 5],
			"to": [4.1, 1.1, 5.8],
			"faces": {
				"north": {"uv": [1, 1, 2, 2.1], "texture": "#2"},
				"east": {"uv": [1, 1, 1.8, 2.1], "texture": "#2"},
				"south": {"uv": [1, 1, 2, 2.1], "texture": "#2"},
				"west": {"uv": [1, 2, 1.8, 2.1], "texture": "#2"},
				"up": {"uv": [0, 15, 1, 15.8], "texture": "#0"},
				"down": {"uv": [1, 1, 2, 1.8], "texture": "#2"}
			}
		},
		{
			"name": "key_3",
			"from": [4.2, 1, 5],
			"to": [5.2, 1.1, 5.8],
			"faces": {
				"north": {"uv": [1, 1, 2, 2.1], "texture": "#2"},
				"east": {"uv": [1, 1, 1.8, 2.1], "texture": "#2"},
				"south": {"uv": [1, 1, 2, 2.1], "texture": "#2"},
				"west": {"uv": [1, 2, 1.8, 2.1], "texture": "#2"},
				"up": {"uv": [0, 15, 1, 15.8], "texture": "#0"},
				"down": {"uv": [1, 1, 2, 1.8], "texture": "#2"}
			}
		},
		{
			"name": "key_4",
			"from": [5.3, 1, 5],
			"to": [6.3, 1.1, 5.8],
			"faces": {
				"north": {"uv": [1, 1, 2, 2.1], "texture": "#2"},
				"east": {"uv": [1, 1, 1.8, 2.1], "texture": "#2"},
				"south": {"uv": [1, 1, 2, 2.1], "texture": "#2"},
				"west": {"uv": [1, 2, 1.8, 2.1], "texture": "#2"},
				"up": {"uv": [0, 15, 1, 15.8], "texture": "#0"},
				"down": {"uv": [1, 1, 2, 1.8], "texture": "#2"}
			}
		},
		{
			"name": "key_5",
			"from": [6.4, 1, 5],
			"to": [7.4, 1.1, 5.8],
			"faces": {
				"north": {"uv": [1, 1, 2, 2.1], "texture": "#2"},
				"east": {"uv": [1, 1, 1.8, 2.1], "texture": "#2"},
				"south": {"uv": [1, 1, 2, 2.1], "texture": "#2"},
				"west": {"uv": [1, 2, 1.8, 2.1], "texture": "#2"},
				"up": {"uv": [0, 15, 1, 15.8], "texture": "#0"},
				"down": {"uv": [1, 1, 2, 1.8], "texture": "#2"}
			}
		},
		{
			"name": "key_6",
			"from": [7.5, 1, 5],
			"to": [8.5, 1.1, 5.8],
			"faces": {
				"north": {"uv": [1, 1, 2, 2.1], "texture": "#2"},
				"east": {"uv": [1, 1, 1.8, 2.1], "texture": "#2"},
				"south": {"uv": [1, 1, 2, 2.1], "texture": "#2"},
				"west": {"uv": [1, 2, 1.8, 2.1], "texture": "#2"},
				"up": {"uv": [0, 15, 1, 15.8], "texture": "#0"},
				"down": {"uv": [1, 1, 2, 1.8], "texture": "#2"}
			}
		},
		{
			"name": "key_7",
			"from": [8.6, 1, 5],
			"to": [9.6, 1.1, 5.8],
			"faces": {
				"north": {"uv": [1, 1, 2, 2.1], "texture": "#2"},
				"east": {"uv": [1, 1, 1.8, 2.1], "texture": "#2"},
				"south": {"uv": [1, 1, 2, 2.1], "texture": "#2"},
				"west": {"uv": [1, 2, 1.8, 2.1], "texture": "#2"},
				"up": {"uv": [0, 15, 1, 15.8], "texture": "#0"},
				"down": {"uv": [1, 1, 2, 1.8], "texture": "#2"}
			}
		},
		{
			"name": "key_8",
			"from": [9.7, 1, 5],
			"to": [10.7, 1.1, 5.8],
			"faces": {
				"north": {"uv": [1, 1, 2, 2.1], "texture": "#2"},
				"east": {"uv": [1, 1, 1.8, 2.1], "texture": "#2"},
				"south": {"uv": [1, 1, 2, 2.1], "texture": "#2"},
				"west": {"uv": [1, 2, 1.8, 2.1], "texture": "#2"},
				"up": {"uv": [0, 15, 1, 15.8], "texture": "#0"},
				"down": {"uv": [1, 1, 2, 1.8], "texture": "#2"}
			}
		},
		{
			"name": "key_9",
			"from": [10.8, 1, 5],
			"to": [11.8, 1.1, 5.8],
			"faces": {
				"north": {"uv": [1, 1, 2, 2.1], "texture": "#2"},
				"east": {"uv": [1, 1, 1.8, 2.1], "texture": "#2"},
				"south": {"uv": [1, 1, 2, 2.1], "texture": "#2"},
				"west": {"uv": [1, 2, 1.8, 2.1], "texture": "#2"},
				"up": {"uv": [0, 15, 1, 15.8], "texture": "#0"},
				"down": {"uv": [1, 1, 2, 1.8], "texture": "#2"}
			}
		},
		{
			"name": "key_10",
			"from": [11.9, 1, 5],
			"to": [12.9, 1.1, 5.8],
			"faces": {
				"north": {"uv": [1, 1, 2, 2.1], "texture": "#2"},
				"east": {"uv": [1, 1, 1.8, 2.1], "texture": "#2"},
				"south": {"uv": [1, 1, 2, 2.1], "texture": "#2"},
				"west": {"uv": [1, 2, 1.8, 2.1], "texture": "#2"},
				"up": {"uv": [0, 15, 1, 15.8], "texture": "#0"},
				"down": {"uv": [1, 1, 2, 1.8], "texture": "#2"}
			}
		},
		{
			"name": "key_11",
			"from": [13, 1, 5],
			"to": [14, 1.1, 5.8],
			"faces": {
				"north": {"uv": [1, 1, 2, 2.1], "texture": "#2"},
				"east": {"uv": [1, 1, 1.8, 2.1], "texture": "#2"},
				"south": {"uv": [1, 1, 2, 2.1], "texture": "#2"},
				"west": {"uv": [1, 2, 1.8, 2.1], "texture": "#2"},
				"up": {"uv": [0, 15, 1, 15.8], "texture": "#0"},
				"down": {"uv": [1, 1, 2, 1.8], "texture": "#2"}
			}
		},
		{
			"name": "key_12",
			"from": [2, 1, 6.1],
			"to": [3, 1.1, 7.1],
			"faces": {
				"north": {"uv": [1, 1, 2, 2.1], "texture": "#2"},
				"east": {"uv": [1, 1, 2, 2.1], "texture": "#2"},
				"south": {"uv": [1, 1, 2, 2.1], "texture": "#2"},
				"west": {"uv": [1, 2, 2, 2.1], "texture": "#2"},
				"up": {"uv": [0, 15, 1, 16], "texture": "#0"},
				"down": {"uv": [1, 1, 2, 2], "texture": "#2"}
			}
		},
		{
			"name": "key_13",
			"from": [3.1, 1, 6.1],
			"to": [4.1, 1.1, 7.1],
			"faces": {
				"north": {"uv": [1, 1, 2, 2.1], "texture": "#2"},
				"east": {"uv": [1, 1, 2, 2.1], "texture": "#2"},
				"south": {"uv": [1, 1, 2, 2.1], "texture": "#2"},
				"west": {"uv": [1, 2, 2, 2.1], "texture": "#2"},
				"up": {"uv": [0, 15, 1, 16], "texture": "#0"},
				"down": {"uv": [1, 1, 2, 2], "texture": "#2"}
			}
		},
		{
			"name": "key_14",
			"from": [4.2, 1, 6.1],
			"to": [5.2, 1.1, 7.1],
			"faces": {
				"north": {"uv": [1, 1, 2, 2.1], "texture": "#2"},
				"east": {"uv": [1, 1, 2, 2.1], "texture": "#2"},
				"south": {"uv": [1, 1, 2, 2.1], "texture": "#2"},
				"west": {"uv": [1, 2, 2, 2.1], "texture": "#2"},
				"up": {"uv": [0, 15, 1, 16], "texture": "#0"},
				"down": {"uv": [1, 1, 2, 2], "texture": "#2"}
			}
		},
		{
			"name": "key_15",
			"from": [5.3, 1, 6.1],
			"to": [6.3, 1.1, 7.1],
			"faces": {
				"north": {"uv": [1, 1, 2, 2.1], "texture": "#2"},
				"east": {"uv": [1, 1, 2, 2.1], "texture": "#2"},
				"south": {"uv": [1, 1, 2, 2.1], "texture": "#2"},
				"west": {"uv": [1, 2, 2, 2.1], "texture": "#2"},
				"up": {"uv": [0, 15, 1, 16], "texture": "#0"},
				"down": {"uv": [1, 1, 2, 2], "texture": "#2"}
			}
		},
		{
			"name": "key_16",
			"from": [6.4, 1, 6.1],
			"to": [7.4, 1.1, 7.1],
			"faces": {
				"north": {"uv": [1, 1, 2, 2.1], "texture": "#2"},
				"east": {"uv": [1, 1, 2, 2.1], "texture": "#2"},
				"south": {"uv": [1, 1, 2, 2.1], "texture": "#2"},
				"west": {"uv": [1, 2, 2, 2.1], "texture": "#2"},
				"up": {"uv": [0, 15, 1, 16], "texture": "#0"},
				"down": {"uv": [1, 1, 2, 2], "texture": "#2"}
			}
		},
		{
			"name": "key_17",
			"from": [7.5, 1, 6.1],
			"to": [8.5, 1.1, 7.1],
			"faces": {
				"north": {"uv": [1, 1, 2, 2.1], "texture": "#2"},
				"east": {"uv": [1, 1, 2, 2.1], "texture": "#2"},
				"south": {"uv": [1, 1, 2, 2.1], "texture": "#2"},
				"west": {"uv": [1, 2, 2, 2.1], "texture": "#2"},
				"up": {"uv": [0, 15, 1, 16], "texture": "#0"},
				"down": {"uv": [1, 1, 2, 2], "texture": "#2"}
			}
		},
		{
			"name": "key_18",
			"from": [8.6, 1, 6.1],
			"to": [9.6, 1.1, 7.1],
			"faces": {
				"north": {"uv": [1, 1, 2, 2.1], "texture": "#2"},
				"east": {"uv": [1, 1, 2, 2.1], "texture": "#2"},
				"south": {"uv": [1, 1, 2, 2.1], "texture": "#2"},
				"west": {"uv": [1, 2, 2, 2.1], "texture": "#2"},
				"up": {"uv": [0, 15, 1, 16], "texture": "#0"},
				"down": {"uv": [1, 1, 2, 2], "texture": "#2"}
			}
		},
		{
			"name": "key_19",
			"from": [9.7, 1, 6.1],
			"to": [10.7, 1.1, 7.1],
			"faces": {
				"north": {"uv": [1, 1, 2, 2.1], "texture": "#2"},
				"east": {"uv": [1, 1, 2, 2.1], "texture": "#2"},
				"south": {"uv": [1, 1, 2, 2.1], "texture": "#2"},
				"west": {"uv": [1, 2, 2, 2.1], "texture": "#2"},
				"up": {"uv": [0, 15, 1, 16], "texture": "#0"},
				"down": {"uv": [1, 1, 2, 2], "texture": "#2"}
			}
		},
		{
			"name": "key_20",
			"from": [10.8, 1, 6.1],
			"to": [11.8, 1.1, 7.1],
			"faces": {
				"north": {"uv": [1, 1, 2, 2.1], "texture": "#2"},
				"east": {"uv": [1, 1, 2, 2.1], "texture": "#2"},
				"south": {"uv": [1, 1, 2, 2.1], "texture": "#2"},
				"west": {"uv": [1, 2, 2, 2.1], "texture": "#2"},
				"up": {"uv": [0, 15, 1, 16], "texture": "#0"},
				"down": {"uv": [1, 1, 2, 2], "texture": "#2"}
			}
		},
		{
			"name": "key_21",
			"from": [11.9, 1, 6.1],
			"to": [12.9, 1.1, 7.1],
			"faces": {
				"north": {"uv": [1, 1, 2, 2.1], "texture": "#2"},
				"east": {"uv": [1, 1, 2, 2.1], "texture": "#2"},
				"south": {"uv": [1, 1, 2, 2.1], "texture": "#2"},
				"west": {"uv": [1, 2, 2, 2.1], "texture": "#2"},
				"up": {"uv": [0, 15, 1, 16], "texture": "#0"},
				"down": {"uv": [1, 1, 2, 2], "texture": "#2"}
			}
		},
		{
			"name": "key_22",
			"from": [13, 1, 6.1],
			"to": [14, 1.1, 7.1],
			"faces": {
				"north": {"uv": [1, 1, 2, 2.1], "texture": "#2"},
				"east": {"uv": [1, 1, 2, 2.1], "texture": "#2"},
				"south": {"uv": [1, 1, 2, 2.1], "texture": "#2"},
				"west": {"uv": [1, 2, 2, 2.1], "texture": "#2"},
				"up": {"uv": [0, 15, 1, 16], "texture": "#0"},
				"down": {"uv": [1, 1, 2, 2], "texture": "#2"}
			}
		},
		{
			"name": "key_23",
			"from": [2, 1, 7.2],
			"to": [3, 1.1, 8.2],
			"faces": {
				"north": {"uv": [1, 1, 2, 2.1], "texture": "#2"},
				"east": {"uv": [1, 1, 2, 2.1], "texture": "#2"},
				"south": {"uv": [1, 1, 2, 2.1], "texture": "#2"},
				"west": {"uv": [1, 2, 2, 2.1], "texture": "#2"},
				"up": {"uv": [0, 15, 1, 16], "texture": "#0"},
				"down": {"uv": [1, 1, 2, 2], "texture": "#2"}
			}
		},
		{
			"name": "key_24",
			"from": [3.1, 1, 7.2],
			"to": [4.1, 1.1, 8.2],
			"faces": {
				"north": {"uv": [1, 1, 2, 2.1], "texture": "#2"},
				"east": {"uv": [1, 1, 2, 2.1], "texture": "#2"},
				"south": {"uv": [1, 1, 2, 2.1], "texture": "#2"},
				"west": {"uv": [1, 2, 2, 2.1], "texture": "#2"},
				"up": {"uv": [0, 15, 1, 16], "texture": "#0"},
				"down": {"uv": [1, 1, 2, 2], "texture": "#2"}
			}
		},
		{
			"name": "key_25",
			"from": [4.2, 1, 7.2],
			"to": [5.2, 1.1, 8.2],
			"faces": {
				"north": {"uv": [1, 1, 2, 2.1], "texture": "#2"},
				"east": {"uv": [1, 1, 2, 2.1], "texture": "#2"},
				"south": {"uv": [1, 1, 2, 2.1], "texture": "#2"},
				"west": {"uv": [1, 2, 2, 2.1], "texture": "#2"},
				"up": {"uv": [0, 15, 1, 16], "texture": "#0"},
				"down": {"uv": [1, 1, 2, 2], "texture": "#2"}
			}
		},
		{
			"name": "key_26",
			"from": [5.3, 1, 7.2],
			"to": [6.3, 1.1, 8.2],
			"faces": {
				"north": {"uv": [1, 1, 2, 2.1], "texture": "#2"},
				"east": {"uv": [1, 1, 2, 2.1], "texture": "#2"},
				"south": {"uv": [1, 1, 2, 2.1], "texture": "#2"},
				"west": {"uv": [1, 2, 2, 2.1], "texture": "#2"},
				"up": {"uv": [0, 15, 1, 16], "texture": "#0"},
				"down": {"uv": [1, 1, 2, 2], "texture": "#2"}
			}
		},
		{
			"name": "key_28",
			"from": [7.5, 1, 7.2],
			"to": [8.5, 1.1, 8.2],
			"faces": {
				"north": {"uv": [1, 1, 2, 2.1], "texture": "#2"},
				"east": {"uv": [1, 1, 2, 2.1], "texture": "#2"},
				"south": {"uv": [1, 1, 2, 2.1], "texture": "#2"},
				"west": {"uv": [1, 2, 2, 2.1], "texture": "#2"},
				"up": {"uv": [0, 15, 1, 16], "texture": "#0"},
				"down": {"uv": [1, 1, 2, 2], "texture": "#2"}
			}
		},
		{
			"name": "key_27",
			"from": [6.4, 1, 7.2],
			"to": [7.4, 1.1, 8.2],
			"faces": {
				"north": {"uv": [1, 1, 2, 2.1], "texture": "#2"},
				"east": {"uv": [1, 1, 2, 2.1], "texture": "#2"},
				"south": {"uv": [1, 1, 2, 2.1], "texture": "#2"},
				"west": {"uv": [1, 2, 2, 2.1], "texture": "#2"},
				"up": {"uv": [0, 15, 1, 16], "texture": "#0"},
				"down": {"uv": [1, 1, 2, 2], "texture": "#2"}
			}
		},
		{
			"name": "key_29",
			"from": [8.6, 1, 7.2],
			"to": [9.6, 1.1, 8.2],
			"faces": {
				"north": {"uv": [1, 1, 2, 2.1], "texture": "#2"},
				"east": {"uv": [1, 1, 2, 2.1], "texture": "#2"},
				"south": {"uv": [1, 1, 2, 2.1], "texture": "#2"},
				"west": {"uv": [1, 2, 2, 2.1], "texture": "#2"},
				"up": {"uv": [0, 15, 1, 16], "texture": "#0"},
				"down": {"uv": [1, 1, 2, 2], "texture": "#2"}
			}
		},
		{
			"name": "key_30",
			"from": [9.7, 1, 7.2],
			"to": [11.8, 1.1, 8.2],
			"faces": {
				"north": {"uv": [1, 1, 3.1, 2.1], "texture": "#2"},
				"east": {"uv": [1, 1, 2, 2.1], "texture": "#2"},
				"south": {"uv": [1, 1, 3.1, 2.1], "texture": "#2"},
				"west": {"uv": [1, 2, 2, 2.1], "texture": "#2"},
				"up": {"uv": [0, 15, 1, 16], "texture": "#0"},
				"down": {"uv": [1, 1, 3.1, 2], "texture": "#2"}
			}
		},
		{
			"name": "key_31",
			"from": [11.9, 1, 7.2],
			"to": [12.9, 1.1, 8.2],
			"faces": {
				"north": {"uv": [1, 1, 2, 2.1], "texture": "#2"},
				"east": {"uv": [1, 1, 2, 2.1], "texture": "#2"},
				"south": {"uv": [1, 1, 2, 2.1], "texture": "#2"},
				"west": {"uv": [1, 2, 2, 2.1], "texture": "#2"},
				"up": {"uv": [0, 15, 1, 16], "texture": "#0"},
				"down": {"uv": [1, 1, 2, 2], "texture": "#2"}
			}
		},
		{
			"name": "key_32",
			"from": [13, 1, 7.2],
			"to": [14, 1.1, 8.2],
			"faces": {
				"north": {"uv": [1, 1, 2, 2.1], "texture": "#2"},
				"east": {"uv": [1, 1, 2, 2.1], "texture": "#2"},
				"south": {"uv": [1, 1, 2, 2.1], "texture": "#2"},
				"west": {"uv": [1, 2, 2, 2.1], "texture": "#2"},
				"up": {"uv": [0, 15, 1, 16], "texture": "#0"},
				"down": {"uv": [1, 1, 2, 2], "texture": "#2"}
			}
		},
		{
			"name": "key_33",
			"from": [2, 1, 8.3],
			"to": [3, 1.1, 9.3],
			"faces": {
				"north": {"uv": [1, 1, 2, 2.1], "texture": "#2"},
				"east": {"uv": [1, 1, 2, 2.1], "texture": "#2"},
				"south": {"uv": [1, 1, 2, 2.1], "texture": "#2"},
				"west": {"uv": [1, 2, 2, 2.1], "texture": "#2"},
				"up": {"uv": [0, 15, 1, 16], "texture": "#0"},
				"down": {"uv": [1, 1, 2, 2], "texture": "#2"}
			}
		},
		{
			"name": "key_34",
			"from": [3.1, 1, 8.3],
			"to": [4.1, 1.1, 9.3],
			"faces": {
				"north": {"uv": [1, 1, 2, 2.1], "texture": "#2"},
				"east": {"uv": [1, 1, 2, 2.1], "texture": "#2"},
				"south": {"uv": [1, 1, 2, 2.1], "texture": "#2"},
				"west": {"uv": [1, 2, 2, 2.1], "texture": "#2"},
				"up": {"uv": [0, 15, 1, 16], "texture": "#0"},
				"down": {"uv": [1, 1, 2, 2], "texture": "#2"}
			}
		},
		{
			"name": "key_35",
			"from": [4.2, 1, 8.3],
			"to": [5.2, 1.1, 9.3],
			"faces": {
				"north": {"uv": [1, 1, 2, 2.1], "texture": "#2"},
				"east": {"uv": [1, 1, 2, 2.1], "texture": "#2"},
				"south": {"uv": [1, 1, 2, 2.1], "texture": "#2"},
				"west": {"uv": [1, 2, 2, 2.1], "texture": "#2"},
				"up": {"uv": [0, 15, 1, 16], "texture": "#0"},
				"down": {"uv": [1, 1, 2, 2], "texture": "#2"}
			}
		},
		{
			"name": "key_36",
			"from": [5.3, 1, 8.3],
			"to": [6.3, 1.1, 9.3],
			"faces": {
				"north": {"uv": [1, 1, 2, 2.1], "texture": "#2"},
				"east": {"uv": [1, 1, 2, 2.1], "texture": "#2"},
				"south": {"uv": [1, 1, 2, 2.1], "texture": "#2"},
				"west": {"uv": [1, 2, 2, 2.1], "texture": "#2"},
				"up": {"uv": [0, 15, 1, 16], "texture": "#0"},
				"down": {"uv": [1, 1, 2, 2], "texture": "#2"}
			}
		},
		{
			"name": "key_38",
			"from": [6.4, 1, 8.3],
			"to": [7.4, 1.1, 9.3],
			"faces": {
				"north": {"uv": [1, 1, 2, 2.1], "texture": "#2"},
				"east": {"uv": [1, 1, 2, 2.1], "texture": "#2"},
				"south": {"uv": [1, 1, 2, 2.1], "texture": "#2"},
				"west": {"uv": [1, 2, 2, 2.1], "texture": "#2"},
				"up": {"uv": [0, 15, 1, 16], "texture": "#0"},
				"down": {"uv": [1, 1, 2, 2], "texture": "#2"}
			}
		},
		{
			"name": "key_39",
			"from": [7.5, 1, 8.3],
			"to": [8.5, 1.1, 9.3],
			"faces": {
				"north": {"uv": [1, 1, 2, 2.1], "texture": "#2"},
				"east": {"uv": [1, 1, 2, 2.1], "texture": "#2"},
				"south": {"uv": [1, 1, 2, 2.1], "texture": "#2"},
				"west": {"uv": [1, 2, 2, 2.1], "texture": "#2"},
				"up": {"uv": [0, 15, 1, 16], "texture": "#0"},
				"down": {"uv": [1, 1, 2, 2], "texture": "#2"}
			}
		},
		{
			"name": "key_40",
			"from": [8.6, 1, 8.3],
			"to": [9.6, 1.1, 9.3],
			"faces": {
				"north": {"uv": [1, 1, 2, 2.1], "texture": "#2"},
				"east": {"uv": [1, 1, 2, 2.1], "texture": "#2"},
				"south": {"uv": [1, 1, 2, 2.1], "texture": "#2"},
				"west": {"uv": [1, 2, 2, 2.1], "texture": "#2"},
				"up": {"uv": [0, 15, 1, 16], "texture": "#0"},
				"down": {"uv": [1, 1, 2, 2], "texture": "#2"}
			}
		},
		{
			"name": "key_41",
			"from": [9.7, 1, 8.3],
			"to": [10.7, 1.1, 9.3],
			"faces": {
				"north": {"uv": [1, 1, 2, 2.1], "texture": "#2"},
				"east": {"uv": [1, 1, 2, 2.1], "texture": "#2"},
				"south": {"uv": [1, 1, 2, 2.1], "texture": "#2"},
				"west": {"uv": [1, 2, 2, 2.1], "texture": "#2"},
				"up": {"uv": [0, 15, 1, 16], "texture": "#0"},
				"down": {"uv": [1, 1, 2, 2], "texture": "#2"}
			}
		},
		{
			"name": "key_42",
			"from": [10.8, 1, 8.3],
			"to": [11.8, 1.1, 9.3],
			"faces": {
				"north": {"uv": [1, 1, 2, 2.1], "texture": "#2"},
				"east": {"uv": [1, 1, 2, 2.1], "texture": "#2"},
				"south": {"uv": [1, 1, 2, 2.1], "texture": "#2"},
				"west": {"uv": [1, 2, 2, 2.1], "texture": "#2"},
				"up": {"uv": [0, 15, 1, 16], "texture": "#0"},
				"down": {"uv": [1, 1, 2, 2], "texture": "#2"}
			}
		},
		{
			"name": "key_43",
			"from": [11.9, 1, 8.3],
			"to": [12.9, 1.1, 9.3],
			"faces": {
				"north": {"uv": [1, 1, 2, 2.1], "texture": "#2"},
				"east": {"uv": [1, 1, 2, 2.1], "texture": "#2"},
				"south": {"uv": [1, 1, 2, 2.1], "texture": "#2"},
				"west": {"uv": [1, 2, 2, 2.1], "texture": "#2"},
				"up": {"uv": [0, 15, 1, 16], "texture": "#0"},
				"down": {"uv": [1, 1, 2, 2], "texture": "#2"}
			}
		},
		{
			"name": "key_44",
			"from": [13, 1, 8.3],
			"to": [14, 1.1, 9.3],
			"faces": {
				"north": {"uv": [1, 1, 2, 2.1], "texture": "#2"},
				"east": {"uv": [1, 1, 2, 2.1], "texture": "#2"},
				"south": {"uv": [1, 1, 2, 2.1], "texture": "#2"},
				"west": {"uv": [1, 2, 2, 2.1], "texture": "#2"},
				"up": {"uv": [0, 15, 1, 16], "texture": "#0"},
				"down": {"uv": [1, 1, 2, 2], "texture": "#2"}
			}
		},
		{
			"name": "key_45",
			"from": [2, 1, 9.4],
			"to": [3, 1.1, 10.4],
			"faces": {
				"north": {"uv": [1, 1, 2, 2.1], "texture": "#2"},
				"east": {"uv": [1, 1, 2, 2.1], "texture": "#2"},
				"south": {"uv": [1, 1, 2, 2.1], "texture": "#2"},
				"west": {"uv": [1, 2, 2, 2.1], "texture": "#2"},
				"up": {"uv": [0, 15, 1, 16], "texture": "#0"},
				"down": {"uv": [1, 1, 2, 2], "texture": "#2"}
			}
		},
		{
			"name": "key_46",
			"from": [3.1, 1, 9.4],
			"to": [4.1, 1.1, 10.4],
			"faces": {
				"north": {"uv": [1, 1, 2, 2.1], "texture": "#2"},
				"east": {"uv": [1, 1, 2, 2.1], "texture": "#2"},
				"south": {"uv": [1, 1, 2, 2.1], "texture": "#2"},
				"west": {"uv": [1, 2, 2, 2.1], "texture": "#2"},
				"up": {"uv": [0, 15, 1, 16], "texture": "#0"},
				"down": {"uv": [1, 1, 2, 2], "texture": "#2"}
			}
		},
		{
			"name": "key_47",
			"from": [4.2, 1, 9.4],
			"to": [9.6, 1.1, 10.4],
			"faces": {
				"north": {"uv": [1, 1, 6.4, 2.1], "texture": "#2"},
				"east": {"uv": [1, 1, 2, 2.1], "texture": "#2"},
				"south": {"uv": [1, 1, 6.4, 2.1], "texture": "#2"},
				"west": {"uv": [1, 2, 2, 2.1], "texture": "#2"},
				"up": {"uv": [0, 15, 1, 16], "texture": "#0"},
				"down": {"uv": [1, 1, 6.4, 2], "texture": "#2"}
			}
		},
		{
			"name": "key_48",
			"from": [9.7, 1, 9.4],
			"to": [10.7, 1.1, 10.4],
			"faces": {
				"north": {"uv": [1, 1, 2, 2.1], "texture": "#2"},
				"east": {"uv": [1, 1, 2, 2.1], "texture": "#2"},
				"south": {"uv": [1, 1, 2, 2.1], "texture": "#2"},
				"west": {"uv": [1, 2, 2, 2.1], "texture": "#2"},
				"up": {"uv": [0, 15, 1, 16], "texture": "#0"},
				"down": {"uv": [1, 1, 2, 2], "texture": "#2"}
			}
		},
		{
			"name": "key_49",
			"from": [10.8, 1, 9.4],
			"to": [11.8, 1.1, 10.4],
			"faces": {
				"north": {"uv": [1, 1, 2, 2.1], "texture": "#2"},
				"east": {"uv": [1, 1, 2, 2.1], "texture": "#2"},
				"south": {"uv": [1, 1, 2, 2.1], "texture": "#2"},
				"west": {"uv": [1, 2, 2, 2.1], "texture": "#2"},
				"up": {"uv": [0, 15, 1, 16], "texture": "#0"},
				"down": {"uv": [1, 1, 2, 2], "texture": "#2"}
			}
		},
		{
			"name": "key_50",
			"from": [11.9, 1, 9.4],
			"to": [12.9, 1.1, 10.4],
			"faces": {
				"north": {"uv": [1, 1, 2, 2.1], "texture": "#2"},
				"east": {"uv": [1, 1, 2, 2.1], "texture": "#2"},
				"south": {"uv": [1, 1, 2, 2.1], "texture": "#2"},
				"west": {"uv": [1, 2, 2, 2.1], "texture": "#2"},
				"up": {"uv": [0, 15, 1, 16], "texture": "#0"},
				"down": {"uv": [1, 1, 2, 2], "texture": "#2"}
			}
		},
		{
			"name": "key_51",
			"from": [13, 1, 9.4],
			"to": [14, 1.1, 10.4],
			"faces": {
				"north": {"uv": [1, 1, 2, 2.1], "texture": "#2"},
				"east": {"uv": [1, 1, 2, 2.1], "texture": "#2"},
				"south": {"uv": [1, 1, 2, 2.1], "texture": "#2"},
				"west": {"uv": [1, 2, 2, 2.1], "texture": "#2"},
				"up": {"uv": [0, 15, 1, 16], "texture": "#0"},
				"down": {"uv": [1, 1, 2, 2], "texture": "#2"}
			}
		},
		{
			"name": "screen_mount_2",
			"from": [4, 1, 3.2],
			"to": [12, 1.5, 4.3],
			"rotation": {"angle": 22.5, "axis": "x", "origin": [8, 1.5, 3]},
			"faces": {
				"north": {"uv": [0, 0, 1, 0.5], "texture": "#1"},
				"east": {"uv": [0, 0, 1.1, 0.5], "texture": "#1"},
				"south": {"uv": [0, 0, 1, 0.5], "texture": "#1"},
				"west": {"uv": [0, 0, 1.1, 0.5], "texture": "#1"},
				"up": {"uv": [0, 0, 1, 1], "texture": "#1"},
				"down": {"uv": [0, 0, 1, 1.1], "texture": "#1"}
			}
		},
		{
			"name": "screen_1",
			"from": [4.2, 0.5, 3],
			"to": [11.8, 2, 4],
			"rotation": {"angle": -22.5, "axis": "x", "origin": [8, 0.5, 3.5]},
			"faces": {
				"north": {"uv": [4, 0, 11.6, 1.5], "texture": "#0"},
				"east": {"uv": [0, 0, 1, 1.5], "texture": "#0"},
				"south": {"uv": [4.2, 8, 11.8, 9.5], "texture": "#0"},
				"west": {"uv": [0, 0, 1, 1.5], "texture": "#0"},
				"up": {"uv": [0, 0, 7.6, 1], "texture": "#0"},
				"down": {"uv": [0, 0, 7.6, 1], "texture": "#0"}
			}
		},
		{
			"name": "screen_2",
			"from": [1, 2, 3],
			"to": [15, 12, 4],
			"rotation": {"angle": -22.5, "axis": "x", "origin": [8, 0.5, 3.5]},
			"faces": {
				"north": {"uv": [1, 3, 15, 13], "texture": "#0"},
				"east": {"uv": [1, 2, 2, 12], "texture": "#0"},
				"south": {"uv": [1, 1, 15, 11], "texture": "#0"},
				"west": {"uv": [1, 2, 2, 12], "texture": "#0"},
				"up": {"uv": [0, 0, 14, 1], "texture": "#0"},
				"down": {"uv": [0, 0, 14, 1], "texture": "#0"}
			}
		},
		{
			"name": "screen_3",
			"from": [2, 3, 4],
			"to": [14, 11, 4.1],
			"rotation": {"angle": -22.5, "axis": "x", "origin": [8, 0.5, 3.5]},
			"faces": {
				"east": {"uv": [0, 15, 0.1, 16], "texture": "#2"},
				"south": {"uv": [13, 16, 14, 15], "texture": "#1"},
				"west": {"uv": [0, 15, 0.1, 16], "texture": "#2"},
				"up": {"uv": [0, 15, 1, 15.1], "texture": "#2"},
				"down": {"uv": [0, 15, 1, 15.1], "texture": "#2"}
			}
		},
		{
			"from": [4.5, 2, 2.9],
			"to": [11.5, 9, 3.9],
			"rotation": {"angle": -22.5, "axis": "x", "origin": [0, 0, 0]},
			"faces": {
				"north": {"uv": [2, 2, 14, 14], "texture": "#4"},
				"east": {"uv": [0, 0, 1, 14], "texture": "#missing"},
				"south": {"uv": [0, 0, 11, 14], "texture": "#missing"},
				"west": {"uv": [0, 0, 1, 14], "texture": "#missing"},
				"up": {"uv": [0, 0, 11, 1], "texture": "#missing"},
				"down": {"uv": [0, 0, 11, 1], "texture": "#missing"}
			}
		}
	],
	"display": {
		"thirdperson_righthand": {
			"rotation": [57.84, -4.3, 6.14],
			"translation": [-0.5, 6.5, 2.5],
			"scale": [0.7, 0.7, 0.7]
		},
		"thirdperson_lefthand": {
			"rotation": [55.75, 0, 0],
			"translation": [0, 6.25, 3],
			"scale": [0.7, 0.7, 0.7]
		},
		"firstperson_righthand": {
			"rotation": [12.04, -15.38, 3.11],
			"translation": [-2.5, 6.5, 4.5],
			"scale": [0.7, 0.7, 0.7]
		},
		"firstperson_lefthand": {
			"rotation": [24.22, -24.4, 10.61],
			"translation": [0.75, 5.25, 1],
			"scale": [0.7, 0.7, 0.7]
		},
		"ground": {
			"translation": [0, 3, 0],
			"scale": [0.7, 0.7, 0.7]
		},
		"gui": {
			"rotation": [30, 45, 0],
			"translation": [0.75, 1.75, 0],
			"scale": [0.7, 0.7, 0.7]
		},
		"head": {
			"translation": [0, 1, -2.75]
		},
		"fixed": {
			"rotation": [-90, 180, 0],
			"translation": [0, 0, -7.75]
		}
	}
}