{
	"credit": "Made with Blockbench by ThatAvocado_Boi",
	"texture_size": [32, 32],
	"textures": {
		"1": "additionalguns:item/9a91",
		"particle": "additionalguns:item/9a91"
	},
	"elements": [
		{
			"from": [7.4, 0.5, 11.4],
			"to": [8.6, 2.25, 13.4],
			"rotation": {"angle": 0, "axis": "y", "origin": [8, 7.95, 8]},
			"faces": {
				"north": {"uv": [0, 3.5, 2, 5.5], "texture": "#1", "tintindex": 0},
				"east": {"uv": [5.5, 3.5, 2, 5.5], "texture": "#1", "tintindex": 0},
				"south": {"uv": [5.5, 5.5, 7.5, 7.5], "texture": "#1", "tintindex": 0},
				"west": {"uv": [2, 3.5, 5.5, 5.5], "texture": "#1", "tintindex": 0},
				"down": {"uv": [2, 5.5, 5.5, 7.5], "rotation": 90, "texture": "#1", "tintindex": 0}
			}
		},
		{
			"from": [7.2, 2.25, 10.2],
			"to": [8.8, 4, 16.2],
			"rotation": {"angle": 0, "axis": "y", "origin": [8, 3.125, 13.2]},
			"faces": {
				"north": {"uv": [0, 1, 2, 3], "texture": "#1", "tintindex": 0},
				"east": {"uv": [0, 1.5, 7.5, 3.5], "texture": "#1", "tintindex": 0},
				"south": {"uv": [8, 1.5, 10, 3.5], "texture": "#1", "tintindex": 0},
				"west": {"uv": [2, 3, 8, 3.5], "texture": "#1", "tintindex": 0},
				"down": {"uv": [2, 3.5, 8, 5.5], "rotation": 270, "texture": "#1", "tintindex": 0}
			}
		},
		{
			"from": [7.2, 3.6, 10.2],
			"to": [7.766, 4, 16.199],
			"rotation": {"angle": 45, "axis": "z", "origin": [7.2, 4, 10.5]},
			"faces": {
				"north": {"uv": [1.5, 1, 2, 1.5], "texture": "#1"},
				"south": {"uv": [8, 1, 8.5, 1.5], "texture": "#1", "tintindex": 0},
				"up": {"uv": [0, 1, 6, 1.5], "rotation": 90, "texture": "#1", "tintindex": 0}
			}
		},
		{
			"from": [7.6, 4, 10.2],
			"to": [8.4, 4.4, 16.2],
			"faces": {
				"north": {"uv": [0.5, 1, 1.5, 1.5], "texture": "#1"},
				"south": {"uv": [8.5, 1, 9.5, 1.5], "texture": "#1", "tintindex": 0},
				"up": {"uv": [2, 0, 8, 1], "rotation": 90, "texture": "#1", "tintindex": 0}
			}
		},
		{
			"from": [7.6, 4.2, 15.1],
			"to": [7.85, 4.85, 15.275],
			"faces": {
				"north": {"uv": [3.5, 1, 3.5, 1], "texture": "#1", "tintindex": 0},
				"east": {"uv": [3.5, 1, 3.5, 1], "texture": "#1", "tintindex": 0},
				"south": {"uv": [3.5, 1, 3.5, 1], "texture": "#1", "tintindex": 0},
				"west": {"uv": [3.5, 1, 3.5, 1], "texture": "#1", "tintindex": 0},
				"up": {"uv": [3.5, 1, 3.5, 1], "texture": "#1", "tintindex": 0},
				"down": {"uv": [3.5, 1, 3.5, 1], "texture": "#1", "tintindex": 0}
			}
		},
		{
			"from": [8.15, 4.2, 15.1],
			"to": [8.4, 4.85, 15.275],
			"faces": {
				"north": {"uv": [3.5, 1, 3.5, 1], "texture": "#1", "tintindex": 0},
				"east": {"uv": [3.5, 1, 3.5, 1], "texture": "#1", "tintindex": 0},
				"south": {"uv": [3.5, 1, 3.5, 1], "texture": "#1", "tintindex": 0},
				"west": {"uv": [3.5, 1, 3.5, 1], "texture": "#1", "tintindex": 0},
				"up": {"uv": [3.5, 1, 3.5, 1], "texture": "#1", "tintindex": 0},
				"down": {"uv": [3.5, 1, 3.5, 1], "texture": "#1", "tintindex": 0}
			}
		},
		{
			"from": [8.03514, 4.77743, 15.1],
			"to": [8.28514, 4.87743, 15.275],
			"rotation": {"angle": 22.5, "axis": "z", "origin": [8.16014, 5.10243, 15.1875]},
			"faces": {
				"north": {"uv": [3.5, 1, 3.5, 1], "texture": "#1", "tintindex": 0},
				"east": {"uv": [3.5, 1, 3.5, 1], "texture": "#1", "tintindex": 0},
				"south": {"uv": [3.5, 1, 3.5, 1], "texture": "#1", "tintindex": 0},
				"west": {"uv": [3.5, 1, 3.5, 1], "texture": "#1", "tintindex": 0},
				"up": {"uv": [3.5, 1, 3.5, 1], "texture": "#1", "tintindex": 0},
				"down": {"uv": [3.5, 1, 3.5, 1], "texture": "#1", "tintindex": 0}
			}
		},
		{
			"from": [7.60962, 4.79836, 15.1],
			"to": [7.85962, 4.89836, 15.275],
			"rotation": {"angle": -22.5, "axis": "z", "origin": [7.73462, 4.84836, 15.1875]},
			"faces": {
				"north": {"uv": [3.5, 1, 3.5, 1], "texture": "#1", "tintindex": 0},
				"east": {"uv": [3.5, 1, 3.5, 1], "texture": "#1", "tintindex": 0},
				"south": {"uv": [3.5, 1, 3.5, 1], "texture": "#1", "tintindex": 0},
				"west": {"uv": [3.5, 1, 3.5, 1], "texture": "#1", "tintindex": 0},
				"up": {"uv": [3.5, 1, 3.5, 1], "texture": "#1", "tintindex": 0},
				"down": {"uv": [3.5, 1, 3.5, 1], "texture": "#1", "tintindex": 0}
			}
		},
		{
			"from": [7.6, 4, 15.1],
			"to": [8.4, 4.73, 15.275],
			"faces": {
				"north": {"uv": [3.5, 1, 3.5, 1], "texture": "#1", "tintindex": 0},
				"east": {"uv": [3.5, 1, 3.5, 1], "texture": "#1", "tintindex": 0},
				"south": {"uv": [3.5, 1, 3.5, 1], "texture": "#1", "tintindex": 0},
				"west": {"uv": [3.5, 1, 3.5, 1], "texture": "#1", "tintindex": 0},
				"up": {"uv": [3.5, 1, 3.5, 1], "texture": "#1", "tintindex": 0},
				"down": {"uv": [3.5, 1, 3.5, 1], "texture": "#1", "tintindex": 0}
			}
		},
		{
			"from": [7.9, 3.85, 10.2],
			"to": [8.1, 4.7, 10.55],
			"faces": {
				"north": {"uv": [3.5, 1, 3.5, 1], "texture": "#1", "tintindex": 0},
				"east": {"uv": [3.5, 1, 3.5, 1], "texture": "#1", "tintindex": 0},
				"south": {"uv": [3.5, 1, 3.5, 1], "texture": "#1", "tintindex": 0},
				"west": {"uv": [3.5, 1, 3.5, 1], "texture": "#1", "tintindex": 0},
				"up": {"uv": [3.5, 1, 3.5, 1], "texture": "#1", "tintindex": 0},
				"down": {"uv": [3.5, 1, 3.5, 1], "texture": "#1", "tintindex": 0}
			}
		},
		{
			"from": [8.20481, 3.90377, 10.2],
			"to": [8.42981, 4.75377, 10.55],
			"rotation": {"angle": 45, "axis": "z", "origin": [8.32981, 4.32877, 10.4875]},
			"faces": {
				"north": {"uv": [3.5, 1, 3.5, 1], "texture": "#1", "tintindex": 0},
				"east": {"uv": [3.5, 1, 3.5, 1], "texture": "#1", "tintindex": 0},
				"south": {"uv": [3.5, 1, 3.5, 1], "texture": "#1", "tintindex": 0},
				"west": {"uv": [3.5, 1, 3.5, 1], "texture": "#1", "tintindex": 0},
				"up": {"uv": [3.5, 1, 3.5, 1], "texture": "#1", "tintindex": 0},
				"down": {"uv": [3.5, 1, 3.5, 1], "texture": "#1", "tintindex": 0}
			}
		},
		{
			"from": [7.57019, 3.90377, 10.2],
			"to": [7.79519, 4.75377, 10.55],
			"rotation": {"angle": -45, "axis": "z", "origin": [7.67019, 4.32877, 10.4875]},
			"faces": {
				"north": {"uv": [3.5, 1, 3.5, 1], "texture": "#1", "tintindex": 0},
				"east": {"uv": [3.5, 1, 3.5, 1], "texture": "#1", "tintindex": 0},
				"south": {"uv": [3.5, 1, 3.5, 1], "texture": "#1", "tintindex": 0},
				"west": {"uv": [3.5, 1, 3.5, 1], "texture": "#1", "tintindex": 0},
				"up": {"uv": [3.5, 1, 3.5, 1], "texture": "#1", "tintindex": 0},
				"down": {"uv": [3.5, 1, 3.5, 1], "texture": "#1", "tintindex": 0}
			}
		},
		{
			"from": [7.975, 3.825, 10.3],
			"to": [8.025, 4.765, 10.45],
			"faces": {
				"north": {"uv": [3.5, 1, 3.5, 1], "texture": "#1", "tintindex": 0},
				"east": {"uv": [3.5, 1, 3.5, 1], "texture": "#1", "tintindex": 0},
				"south": {"uv": [3.5, 1, 3.5, 1], "texture": "#1", "tintindex": 0},
				"west": {"uv": [3.5, 1, 3.5, 1], "texture": "#1", "tintindex": 0},
				"up": {"uv": [3.5, 1, 3.5, 1], "texture": "#1", "tintindex": 0},
				"down": {"uv": [3.5, 1, 3.5, 1], "texture": "#1", "tintindex": 0}
			}
		},
		{
			"from": [8.234, 3.6, 10.2],
			"to": [8.8, 4, 16.199],
			"rotation": {"angle": -45, "axis": "z", "origin": [8.8, 4, 10.5]},
			"faces": {
				"north": {"uv": [0, 1, 0.5, 1.5], "texture": "#1"},
				"south": {"uv": [9.5, 1, 10, 1.5], "texture": "#1", "tintindex": 0},
				"up": {"uv": [6, 1, 0, 1.5], "rotation": 270, "texture": "#1", "tintindex": 0}
			}
		},
		{
			"from": [7.6, -1.2, 13.9],
			"to": [8.4, 2.5, 15.2],
			"rotation": {"angle": -22.5, "axis": "x", "origin": [8, 4.5, 15]},
			"faces": {
				"north": {"uv": [13, 0, 14, 3.5], "texture": "#1"},
				"east": {"uv": [12, 0, 13, 3.5], "texture": "#1"},
				"south": {"uv": [11, 0, 12, 3.5], "texture": "#1"},
				"west": {"uv": [10, 0, 11, 3.5], "texture": "#1"},
				"down": {"uv": [11, 3.5, 10, 4.5], "texture": "#1"}
			}
		},
		{
			"from": [7.8, 0.95032, 13.36977],
			"to": [8.25, 1.15032, 15.26977],
			"rotation": {"angle": 0, "axis": "y", "origin": [7.5, 7.95032, 7.96977]},
			"faces": {
				"east": {"uv": [9, 0, 10, 0.5], "texture": "#1"},
				"west": {"uv": [9, 0, 10, 0.5], "texture": "#1"},
				"up": {"uv": [9, 0, 10, 0.5], "rotation": 90, "texture": "#1"},
				"down": {"uv": [9, 0, 10, 0.5], "rotation": 90, "texture": "#1"}
			}
		},
		{
			"from": [7.8, 1.875, 14.225],
			"to": [8.2, 2.3, 14.45],
			"rotation": {"angle": 22.5, "axis": "x", "origin": [8, 2.0875, 14.3375]},
			"faces": {
				"north": {"uv": [8.5, 0, 9, 0.5], "texture": "#1"},
				"east": {"uv": [8.5, 0, 9, 0.5], "texture": "#1"},
				"south": {"uv": [8.5, 0, 9, 0.5], "texture": "#1"},
				"west": {"uv": [8.5, 0, 9, 0.5], "texture": "#1"},
				"up": {"uv": [8.5, 0, 9, 0.5], "texture": "#1"},
				"down": {"uv": [9, 0, 8.5, 0.5], "texture": "#1"}
			}
		},
		{
			"from": [7.8, 1.475, 14.225],
			"to": [8.2, 1.9, 14.45],
			"rotation": {"angle": 22.5, "axis": "x", "origin": [8, 2.0875, 14.3375]},
			"faces": {
				"north": {"uv": [8.5, 0, 9, 0.5], "texture": "#1"},
				"east": {"uv": [8.5, 0, 9, 0.5], "texture": "#1"},
				"south": {"uv": [8.5, 0, 9, 0.5], "texture": "#1"},
				"west": {"uv": [8.5, 0, 9, 0.5], "texture": "#1"},
				"up": {"uv": [8.5, 0, 9, 0.5], "texture": "#1"},
				"down": {"uv": [9, 0, 8.5, 0.5], "texture": "#1"}
			}
		},
		{
			"from": [7.5, -1.8, 11.5],
			"to": [8.5, 0.5, 13.3],
			"faces": {
				"north": {"uv": [0, 7.5, 1, 10], "texture": "#1"},
				"east": {"uv": [3.5, 7.5, 1, 10], "texture": "#1"},
				"south": {"uv": [3.5, 7.5, 4.5, 10], "texture": "#1"},
				"west": {"uv": [1, 7.5, 3.5, 10], "texture": "#1"},
				"down": {"uv": [1, 10, 3.5, 11], "rotation": 90, "texture": "#1"}
			}
		},
		{
			"from": [7.2, 3.2, 7.699],
			"to": [8.8, 4, 10.2],
			"rotation": {"angle": 0, "axis": "y", "origin": [8, 3.6, 8.9495]},
			"faces": {
				"north": {"uv": [0, 11.5, 0.5, 12.5], "texture": "#1"},
				"east": {"uv": [7.5, 14, 0, 15], "texture": "#1"},
				"west": {"uv": [0, 14, 7.5, 15], "texture": "#1"}
			}
		},
		{
			"from": [7.2, 3.6, 7.7],
			"to": [7.766, 4, 10.2],
			"rotation": {"angle": 45, "axis": "z", "origin": [7.2, 4, 10.5]},
			"faces": {
				"north": {"uv": [1.5, 11, 2, 11.5], "texture": "#1"},
				"up": {"uv": [0, 13.5, 7.5, 14], "rotation": 90, "texture": "#1"}
			}
		},
		{
			"from": [7.6, 2.8, 7.699],
			"to": [8.4, 4.4, 10.199],
			"rotation": {"angle": 0, "axis": "y", "origin": [8, 8, 6.7]},
			"faces": {
				"north": {"uv": [0.5, 11, 1.5, 11.5], "texture": "#1"},
				"up": {"uv": [0, 13, 7.5, 13.5], "rotation": 90, "texture": "#1"},
				"down": {"uv": [0, 15.5, 7.5, 16], "rotation": 270, "texture": "#1"}
			}
		},
		{
			"from": [8.234, 3.6, 7.7],
			"to": [8.8, 4, 10.2],
			"rotation": {"angle": -45, "axis": "z", "origin": [8.8, 4, 10.5]},
			"faces": {
				"north": {"uv": [0, 11, 0.5, 11.5], "texture": "#1"},
				"up": {"uv": [0, 13.5, 7.5, 14], "rotation": 90, "texture": "#1"}
			}
		},
		{
			"from": [8.39978, 2.79978, 7.7],
			"to": [8.96578, 3.19978, 10.2],
			"rotation": {"angle": 45, "axis": "z", "origin": [8.39978, 2.79978, 10.5]},
			"faces": {
				"north": {"uv": [0, 12.5, 0.5, 13], "texture": "#1"},
				"down": {"uv": [7.5, 14, 0, 15], "rotation": 90, "texture": "#1"}
			}
		},
		{
			"from": [7.60022, 2.79978, 7.7],
			"to": [8.00022, 3.36578, 10.2],
			"rotation": {"angle": 45, "axis": "z", "origin": [7.60022, 2.79978, 10.5]},
			"faces": {
				"north": {"uv": [1.5, 12.5, 2, 13], "texture": "#1"},
				"west": {"uv": [0, 14, 7.5, 15], "texture": "#1"}
			}
		},
		{
			"name": "octagon",
			"from": [7.74112, 2.975, 0.2],
			"to": [8.25888, 3.345, 7.7],
			"rotation": {"angle": 45, "axis": "z", "origin": [8, 3.6, 5.7]},
			"faces": {
				"north": {"uv": [8.5, 15.5, 16, 16], "texture": "#1"},
				"east": {"uv": [8.5, 15.5, 16, 16], "texture": "#1"},
				"south": {"uv": [8.5, 15.5, 16, 16], "texture": "#1"},
				"west": {"uv": [8.5, 15.5, 16, 16], "texture": "#1"},
				"up": {"uv": [8.5, 14.5, 16, 15], "texture": "#1"},
				"down": {"uv": [8.5, 15.5, 16, 16], "texture": "#1"}
			}
		},
		{
			"name": "octagon",
			"from": [7.74112, 2.975, 0.2],
			"to": [8.25888, 3.345, 7.7],
			"rotation": {"angle": 0, "axis": "z", "origin": [8, 3.6, 5.7]},
			"faces": {
				"north": {"uv": [8.5, 15.5, 16, 16], "texture": "#1"},
				"east": {"uv": [8.5, 15.5, 16, 16], "texture": "#1"},
				"south": {"uv": [8.5, 15.5, 16, 16], "texture": "#1"},
				"west": {"uv": [8.5, 15.5, 16, 16], "texture": "#1"},
				"up": {"uv": [8.5, 14.5, 16, 15], "texture": "#1"},
				"down": {"uv": [8.5, 15.5, 16, 16], "texture": "#1"}
			}
		},
		{
			"name": "octagon",
			"from": [7.74112, 3.855, 0.2],
			"to": [8.25888, 4.225, 7.7],
			"rotation": {"angle": 45, "axis": "z", "origin": [8, 3.6, 5.7]},
			"faces": {
				"north": {"uv": [8.5, 15.5, 16, 16], "texture": "#1"},
				"east": {"uv": [8.5, 15.5, 16, 16], "texture": "#1"},
				"south": {"uv": [8.5, 15.5, 16, 16], "texture": "#1"},
				"west": {"uv": [8.5, 15.5, 16, 16], "texture": "#1"},
				"up": {"uv": [8.5, 14.5, 16, 15], "texture": "#1"},
				"down": {"uv": [8.5, 15.5, 16, 16], "texture": "#1"}
			}
		},
		{
			"name": "octagon",
			"from": [7.74112, 3.855, 0.2],
			"to": [8.25888, 4.225, 7.7],
			"rotation": {"angle": 0, "axis": "z", "origin": [8, 3.6, 5.7]},
			"faces": {
				"north": {"uv": [8.5, 15.5, 16, 16], "texture": "#1"},
				"east": {"uv": [8.5, 15.5, 16, 16], "texture": "#1"},
				"south": {"uv": [8.5, 15.5, 16, 16], "texture": "#1"},
				"west": {"uv": [8.5, 15.5, 16, 16], "texture": "#1"},
				"up": {"uv": [8.5, 14.5, 16, 15], "texture": "#1"},
				"down": {"uv": [8.5, 15.5, 16, 16], "texture": "#1"}
			}
		},
		{
			"name": "octagon",
			"from": [7.375, 3.34112, 0.2],
			"to": [7.745, 3.85888, 7.7],
			"rotation": {"angle": 45, "axis": "z", "origin": [8, 3.6, 5.7]},
			"faces": {
				"north": {"uv": [8.5, 15.5, 16, 16], "texture": "#1"},
				"east": {"uv": [8.5, 15.5, 16, 16], "texture": "#1"},
				"south": {"uv": [8.5, 15.5, 16, 16], "texture": "#1"},
				"west": {"uv": [8.5, 15.5, 16, 16], "texture": "#1"},
				"up": {"uv": [8.5, 14.5, 16, 15], "texture": "#1"},
				"down": {"uv": [8.5, 15.5, 16, 16], "texture": "#1"}
			}
		},
		{
			"name": "octagon",
			"from": [7.375, 3.34112, 0.2],
			"to": [7.745, 3.85888, 7.7],
			"rotation": {"angle": 0, "axis": "z", "origin": [8, 3.6, 5.7]},
			"faces": {
				"north": {"uv": [8.5, 15.5, 16, 16], "texture": "#1"},
				"east": {"uv": [8.5, 15.5, 16, 16], "texture": "#1"},
				"south": {"uv": [8.5, 15.5, 16, 16], "texture": "#1"},
				"west": {"uv": [8.5, 15.5, 16, 16], "texture": "#1"},
				"up": {"uv": [8.5, 14.5, 16, 15], "texture": "#1"},
				"down": {"uv": [8.5, 15.5, 16, 16], "texture": "#1"}
			}
		},
		{
			"name": "octagon",
			"from": [8.255, 3.34112, 0.2],
			"to": [8.625, 3.85888, 7.7],
			"rotation": {"angle": 45, "axis": "z", "origin": [8, 3.6, 5.7]},
			"faces": {
				"north": {"uv": [8.5, 15.5, 16, 16], "texture": "#1"},
				"east": {"uv": [8.5, 15.5, 16, 16], "texture": "#1"},
				"south": {"uv": [8.5, 15.5, 16, 16], "texture": "#1"},
				"west": {"uv": [8.5, 15.5, 16, 16], "texture": "#1"},
				"up": {"uv": [8.5, 14.5, 16, 15], "texture": "#1"},
				"down": {"uv": [8.5, 15.5, 16, 16], "texture": "#1"}
			}
		},
		{
			"name": "octagon",
			"from": [8.255, 3.34112, 0.2],
			"to": [8.625, 3.85888, 7.7],
			"rotation": {"angle": 0, "axis": "z", "origin": [8, 3.6, 5.7]},
			"faces": {
				"north": {"uv": [8.5, 15.5, 16, 16], "texture": "#1"},
				"east": {"uv": [8.5, 15.5, 16, 16], "texture": "#1"},
				"south": {"uv": [8.5, 15.5, 16, 16], "texture": "#1"},
				"west": {"uv": [8.5, 15.5, 16, 16], "texture": "#1"},
				"up": {"uv": [8.5, 14.5, 16, 15], "texture": "#1"},
				"down": {"uv": [8.5, 15.5, 16, 16], "texture": "#1"}
			}
		}
	],
	"display": {
		"thirdperson_righthand": {
			"translation": [0, 6.5, -6.75],
			"scale": [1.1, 1.1, 1.1]
		},
		"firstperson_righthand": {
			"translation": [-3.5, 8.5, 0],
			"scale": [0.8, 0.8, 0.8]
		},
		"ground": {
			"translation": [0, 5, -1]
		},
		"gui": {
			"rotation": [30, 225, 0],
			"translation": [0.5, 4.5, 0],
			"scale": [1.2, 1.2, 1.2]
		},
		"fixed": {
			"rotation": [0, 90, 0],
			"translation": [-3.25, 11.25, -2],
			"scale": [2, 2, 2]
		}
	},
	"groups": [
		0,
		1,
		2,
		3,
		4,
		5,
		6,
		7,
		8,
		9,
		10,
		11,
		12,
		13,
		14,
		15,
		16,
		17,
		18,
		19,
		20,
		21,
		22,
		23,
		24,
		{
			"name": "octagon",
			"origin": [8, 8, 8],
			"color": 0,
			"children": [25, 26, 27, 28, 29, 30, 31, 32]
		}
	]
}
