{
	"credit": "Made with Blockbench by VIKTORWOOD",
	"texture_size": [64, 64],
	"textures": {
		"0": "additionalguns:item/ak74m",
		"particle": "additionalguns:item/ak74m"
	},
	"elements": [
		{
			"from": [7.42929, 3.87071, -8.801],
			"to": [7.62929, 4.15271, -0.601],
			"rotation": {"angle": -45, "axis": "z", "origin": [7.5, 3.8, 9]},
			"faces": {
				"north": {"uv": [9.75, 7.5, 10, 7.75], "texture": "#0"},
				"east": {"uv": [5.25, 1, 7.75, 1.25], "texture": "#0"},
				"south": {"uv": [7.75, 9.75, 8, 10], "texture": "#0"},
				"west": {"uv": [5.25, 1.25, 7.75, 1.5], "texture": "#0"},
				"up": {"uv": [4.5, 7.75, 4.25, 5.25], "texture": "#0"},
				"down": {"uv": [4.75, 5.25, 4.5, 7.75], "texture": "#0"}
			}
		},
		{
			"from": [7.7, 3.85, -8.8],
			"to": [8.3, 4.1, -0.6],
			"rotation": {"angle": 0, "axis": "y", "origin": [0, 0, 10]},
			"faces": {
				"north": {"uv": [9.75, 7.75, 10, 8], "texture": "#0"},
				"east": {"uv": [5.25, 1.5, 7.75, 1.75], "texture": "#0"},
				"west": {"uv": [5.25, 2.5, 7.75, 2.75], "texture": "#0"},
				"up": {"uv": [5.25, 7.75, 5, 5.25], "texture": "#0"},
				"down": {"uv": [5.5, 5.25, 5.25, 7.75], "texture": "#0"}
			}
		},
		{
			"from": [8.37071, 3.87071, -8.801],
			"to": [8.57071, 4.15271, -0.601],
			"rotation": {"angle": 45, "axis": "z", "origin": [8.5, 3.8, 9]},
			"faces": {
				"north": {"uv": [9.75, 8, 10, 8.25], "texture": "#0"},
				"east": {"uv": [5.25, 2.75, 7.75, 3], "texture": "#0"},
				"south": {"uv": [8.25, 9.75, 8.5, 10], "texture": "#0"},
				"west": {"uv": [5.25, 3, 7.75, 3.25], "texture": "#0"},
				"up": {"uv": [1.25, 8, 1, 5.5], "texture": "#0"},
				"down": {"uv": [1.5, 5.5, 1.25, 8], "texture": "#0"}
			}
		},
		{
			"from": [8.25, 3.3, -8.8],
			"to": [8.5, 3.9, -0.6],
			"rotation": {"angle": 0, "axis": "y", "origin": [0, 0, 10]},
			"faces": {
				"north": {"uv": [9.75, 8.25, 10, 8.5], "texture": "#0"},
				"east": {"uv": [5.25, 3.25, 7.75, 3.5], "texture": "#0"},
				"west": {"uv": [5.5, 3.5, 8, 3.75], "texture": "#0"}
			}
		},
		{
			"from": [8.22929, 2.98871, -8.801],
			"to": [8.42929, 3.27071, -0.601],
			"rotation": {"angle": -45, "axis": "z", "origin": [8.5, 3.2, 9]},
			"faces": {
				"north": {"uv": [9.75, 8.5, 10, 8.75], "texture": "#0"},
				"east": {"uv": [5.5, 3.75, 8, 4], "texture": "#0"},
				"south": {"uv": [8.75, 9.75, 9, 10], "texture": "#0"},
				"west": {"uv": [5.5, 4, 8, 4.25], "texture": "#0"},
				"up": {"uv": [2.25, 8, 2, 5.5], "texture": "#0"},
				"down": {"uv": [2.5, 5.5, 2.25, 8], "texture": "#0"}
			}
		},
		{
			"from": [7.7, 3.1, -8.8],
			"to": [8.3, 3.35, -0.6],
			"rotation": {"angle": 0, "axis": "y", "origin": [0, 0, 10]},
			"faces": {
				"north": {"uv": [9.75, 8.75, 10, 9], "texture": "#0"},
				"east": {"uv": [5.5, 4.25, 8, 4.5], "texture": "#0"},
				"west": {"uv": [5.5, 5.25, 8, 5.5], "texture": "#0"},
				"up": {"uv": [2.75, 8, 2.5, 5.5], "texture": "#0"},
				"down": {"uv": [3, 5.5, 2.75, 8], "texture": "#0"}
			}
		},
		{
			"from": [7.57071, 2.98871, -8.801],
			"to": [7.77071, 3.27071, -0.601],
			"rotation": {"angle": 45, "axis": "z", "origin": [7.5, 3.2, 9]},
			"faces": {
				"north": {"uv": [9.75, 9, 10, 9.25], "texture": "#0"},
				"east": {"uv": [5.5, 5.5, 8, 5.75], "texture": "#0"},
				"south": {"uv": [9.25, 9.75, 9.5, 10], "texture": "#0"},
				"west": {"uv": [5.5, 5.75, 8, 6], "texture": "#0"},
				"up": {"uv": [3.25, 8.5, 3, 6], "texture": "#0"},
				"down": {"uv": [5, 6, 4.75, 8.5], "texture": "#0"}
			}
		},
		{
			"from": [7.5, 3.3, -8.8],
			"to": [7.75, 3.9, -0.6],
			"rotation": {"angle": 0, "axis": "y", "origin": [0, 0, 10]},
			"faces": {
				"north": {"uv": [9.75, 9.25, 10, 9.5], "texture": "#0"},
				"east": {"uv": [6, 0, 8.5, 0.25], "texture": "#0"},
				"west": {"uv": [6, 0.25, 8.5, 0.5], "texture": "#0"}
			}
		},
		{
			"from": [7.42929, 5.17071, -5.301],
			"to": [7.62929, 5.45271, -0.601],
			"rotation": {"angle": -45, "axis": "z", "origin": [7.5, 5.1, 9]},
			"faces": {
				"north": {"uv": [9.75, 9.5, 10, 9.75], "texture": "#0"},
				"east": {"uv": [7.75, 7, 8.75, 7.25], "texture": "#0"},
				"south": {"uv": [9.75, 9.75, 10, 10], "texture": "#0"},
				"west": {"uv": [8, 1.5, 9, 1.75], "texture": "#0"},
				"up": {"uv": [8.25, 9.25, 8, 8.25], "texture": "#0"},
				"down": {"uv": [8.5, 8.25, 8.25, 9.25], "texture": "#0"}
			}
		},
		{
			"from": [7.7, 5.15, -5.3],
			"to": [8.3, 5.4, -0.6],
			"rotation": {"angle": 0, "axis": "y", "origin": [0, 1.3, 10]},
			"faces": {
				"north": {"uv": [0, 10, 0.25, 10.25], "texture": "#0"},
				"east": {"uv": [8.25, 4.25, 9.25, 4.5], "texture": "#0"},
				"west": {"uv": [8.25, 5.75, 9.25, 6], "texture": "#0"},
				"up": {"uv": [1.25, 9.5, 1, 8.5], "texture": "#0"},
				"down": {"uv": [1.5, 8.5, 1.25, 9.5], "texture": "#0"}
			}
		},
		{
			"from": [8.37071, 5.17071, -5.301],
			"to": [8.57071, 5.45271, -0.601],
			"rotation": {"angle": 45, "axis": "z", "origin": [8.5, 5.1, 9]},
			"faces": {
				"north": {"uv": [0.25, 10, 0.5, 10.25], "texture": "#0"},
				"east": {"uv": [8.5, 0, 9.5, 0.25], "texture": "#0"},
				"south": {"uv": [10, 0.25, 10.25, 0.5], "texture": "#0"},
				"west": {"uv": [8.5, 0.25, 9.5, 0.5], "texture": "#0"},
				"up": {"uv": [1.75, 9.5, 1.5, 8.5], "texture": "#0"},
				"down": {"uv": [2, 8.5, 1.75, 9.5], "texture": "#0"}
			}
		},
		{
			"from": [8.22929, 4.28871, -5.301],
			"to": [8.42929, 4.57071, -0.601],
			"rotation": {"angle": -45, "axis": "z", "origin": [8.5, 4.5, 9]},
			"faces": {
				"north": {"uv": [0.5, 10, 0.75, 10.25], "texture": "#0"},
				"east": {"uv": [8.5, 1, 9.5, 1.25], "texture": "#0"},
				"south": {"uv": [10, 0.5, 10.25, 0.75], "texture": "#0"},
				"west": {"uv": [8.5, 1.25, 9.5, 1.5], "texture": "#0"},
				"up": {"uv": [2.25, 9.5, 2, 8.5], "texture": "#0"},
				"down": {"uv": [2.5, 8.5, 2.25, 9.5], "texture": "#0"}
			}
		},
		{
			"from": [7.57071, 4.28871, -5.301],
			"to": [7.77071, 4.57071, -0.601],
			"rotation": {"angle": 45, "axis": "z", "origin": [7.5, 4.5, 9]},
			"faces": {
				"north": {"uv": [0.75, 10, 1, 10.25], "texture": "#0"},
				"east": {"uv": [8.5, 7.5, 9.5, 7.75], "texture": "#0"},
				"south": {"uv": [10, 0.75, 10.25, 1], "texture": "#0"},
				"west": {"uv": [8.5, 7.75, 9.5, 8], "texture": "#0"},
				"up": {"uv": [3.25, 9.5, 3, 8.5], "texture": "#0"},
				"down": {"uv": [5, 8.5, 4.75, 9.5], "texture": "#0"}
			}
		},
		{
			"from": [7.7, 4.4, -5.3],
			"to": [8.3, 4.65, -0.6],
			"rotation": {"angle": 0, "axis": "y", "origin": [0, 1.3, 10]},
			"faces": {
				"north": {"uv": [1, 10, 1.25, 10.25], "texture": "#0"},
				"east": {"uv": [8.5, 8, 9.5, 8.25], "texture": "#0"},
				"west": {"uv": [8.5, 8.25, 9.5, 8.5], "texture": "#0"},
				"up": {"uv": [5.75, 9.5, 5.5, 8.5], "texture": "#0"},
				"down": {"uv": [6, 8.5, 5.75, 9.5], "texture": "#0"}
			}
		},
		{
			"from": [7.5, 4.6, -5.3],
			"to": [7.75, 5.2, -0.6],
			"rotation": {"angle": 0, "axis": "y", "origin": [0, 1.3, 10]},
			"faces": {
				"north": {"uv": [1.25, 10, 1.5, 10.25], "texture": "#0"},
				"east": {"uv": [8.5, 8.5, 9.5, 8.75], "texture": "#0"},
				"west": {"uv": [8.75, 0.5, 9.75, 0.75], "texture": "#0"}
			}
		},
		{
			"from": [8.25, 4.6, -5.3],
			"to": [8.5, 5.2, -0.6],
			"rotation": {"angle": 0, "axis": "y", "origin": [0, 1.3, 10]},
			"faces": {
				"north": {"uv": [1.5, 10, 1.75, 10.25], "texture": "#0"},
				"east": {"uv": [8.75, 0.75, 9.75, 1], "texture": "#0"},
				"west": {"uv": [8.75, 2.75, 9.75, 3], "texture": "#0"}
			}
		},
		{
			"from": [7, 3, -2],
			"to": [9, 4.2, 5.8],
			"rotation": {"angle": 0, "axis": "y", "origin": [0, 0, 4]},
			"faces": {
				"north": {"uv": [6, 0.5, 6.5, 0.75], "texture": "#0"},
				"east": {"uv": [4, 2.25, 6, 2.5], "texture": "#0"},
				"south": {"uv": [3.5, 8.75, 4, 9], "texture": "#0"},
				"west": {"uv": [4.5, 0.75, 6.5, 1], "texture": "#0"},
				"up": {"uv": [0.5, 2, 0, 0], "texture": "#0"}
			}
		},
		{
			"from": [7, 4.2, -2],
			"to": [9, 5.2, 3.8],
			"rotation": {"angle": 0, "axis": "y", "origin": [0, 0, 4]},
			"faces": {
				"north": {"uv": [8.75, 4, 9.25, 4.25], "texture": "#0"},
				"east": {"uv": [4.5, 1.75, 6, 2], "texture": "#0"},
				"south": {"uv": [5, 8.75, 5.5, 9], "texture": "#0"},
				"west": {"uv": [4.5, 2, 6, 2.25], "texture": "#0"}
			}
		},
		{
			"from": [7.4, 5.2, -2],
			"to": [8.6, 5.6, 3.8],
			"rotation": {"angle": 0, "axis": "y", "origin": [0, 0, 4]},
			"faces": {
				"north": {"uv": [4.75, 9.5, 5, 9.75], "texture": "#0"},
				"up": {"uv": [1, 6.25, 0.75, 4.75], "texture": "#0"}
			}
		},
		{
			"from": [7.01337, 12.59203, -2],
			"to": [7.58837, 12.99203, 3.8],
			"rotation": {"angle": -45, "axis": "z", "origin": [-1.11163, 7.39203, 4]},
			"faces": {
				"north": {"uv": [1.75, 10, 2, 10.25], "texture": "#0"},
				"south": {"uv": [10, 1.75, 10.25, 2], "texture": "#0"},
				"west": {"uv": [7.5, 4.75, 9, 5], "texture": "#0"},
				"up": {"uv": [1, 9, 0.75, 7.5], "texture": "#0"}
			}
		},
		{
			"from": [8.41163, 12.59203, -2],
			"to": [8.98663, 12.99203, 3.8],
			"rotation": {"angle": 45, "axis": "z", "origin": [17.11163, 7.39203, 4]},
			"faces": {
				"north": {"uv": [2, 10, 2.25, 10.25], "texture": "#0"},
				"east": {"uv": [7.5, 5, 9, 5.25], "texture": "#0"},
				"south": {"uv": [10, 2, 10.25, 2.25], "texture": "#0"},
				"up": {"uv": [4.5, 9.25, 4.25, 7.75], "texture": "#0"}
			}
		},
		{
			"from": [8.41163, -4.79203, -2],
			"to": [8.98663, -4.39203, 5.8],
			"rotation": {"angle": -45, "axis": "z", "origin": [17.11163, 0.80797, 4]},
			"faces": {
				"north": {"uv": [2.25, 10, 2.5, 10.25], "texture": "#0"},
				"east": {"uv": [6, 2.25, 8, 2.5], "texture": "#0"},
				"south": {"uv": [10, 2.25, 10.25, 2.5], "texture": "#0"},
				"down": {"uv": [4, 6.75, 3.75, 8.75], "texture": "#0"}
			}
		},
		{
			"from": [7.4, 2.6, -2],
			"to": [8.6, 3, 5.8],
			"rotation": {"angle": 0, "axis": "y", "origin": [0, 8.2, 4]},
			"faces": {
				"north": {"uv": [9.5, 5.5, 9.75, 5.75], "texture": "#0"},
				"down": {"uv": [0.25, 4.75, 0, 6.75], "texture": "#0"}
			}
		},
		{
			"from": [7.01337, -4.79203, -2],
			"to": [7.58837, -4.39203, 5.8],
			"rotation": {"angle": 45, "axis": "z", "origin": [-1.11163, 0.80797, 4]},
			"faces": {
				"north": {"uv": [2.5, 10, 2.75, 10.25], "texture": "#0"},
				"south": {"uv": [10, 2.5, 10.25, 2.75], "texture": "#0"},
				"west": {"uv": [7, 4.5, 9, 4.75], "texture": "#0"},
				"down": {"uv": [6.75, 7, 6.5, 9], "texture": "#0"}
			}
		},
		{
			"from": [7.2, 4.2, 3.8],
			"to": [8.8, 5.6, 6.8],
			"rotation": {"angle": 0, "axis": "y", "origin": [8, 4.2, 4.8]},
			"faces": {
				"north": {"uv": [8, 7.75, 8.5, 8.25], "texture": "#0", "tintindex": 0},
				"east": {"uv": [6, 1.75, 6.75, 2.25], "texture": "#0", "tintindex": 0},
				"south": {"uv": [8.25, 2.25, 8.75, 2.75], "texture": "#0", "tintindex": 0},
				"west": {"uv": [6, 6, 6.75, 6.5], "texture": "#0", "tintindex": 0},
				"up": {"uv": [7, 5.25, 6.5, 4.5], "texture": "#0", "tintindex": 0}
			}
		},
		{
			"from": [7.6, 4.2, 6.8],
			"to": [8.4, 5.6, 15],
			"rotation": {"angle": 0, "axis": "y", "origin": [8, 4.2, 4.8]},
			"faces": {
				"east": {"uv": [3.25, 2.5, 5.25, 3], "texture": "#0", "tintindex": 0},
				"west": {"uv": [3.25, 3, 5.25, 3.5], "texture": "#0", "tintindex": 0},
				"up": {"uv": [0.5, 6.75, 0.25, 4.75], "texture": "#0", "tintindex": 0}
			}
		},
		{
			"from": [7.6, -3.76812, 17.31178],
			"to": [8.4, -1.76812, 19.21178],
			"rotation": {"angle": -45, "axis": "x", "origin": [8, -3.16812, 8.21178]},
			"faces": {
				"east": {"uv": [7, 4.75, 7.5, 5.25], "texture": "#0", "tintindex": 0},
				"south": {"uv": [8.75, 5.25, 9, 5.75], "texture": "#0", "tintindex": 0},
				"west": {"uv": [6.75, 7, 7.25, 7.5], "texture": "#0", "tintindex": 0},
				"down": {"uv": [9, 6, 8.75, 6.5], "texture": "#0", "tintindex": 0}
			}
		},
		{
			"from": [7.3, 4.2, 6.8],
			"to": [7.6, 5.2, 15.4],
			"rotation": {"angle": 0, "axis": "y", "origin": [8, 4.2, 4.8]},
			"faces": {
				"east": {"uv": [3.25, 3.5, 5.5, 3.75], "texture": "#0", "tintindex": 0},
				"west": {"uv": [3.75, 0, 6, 0.25], "texture": "#0", "tintindex": 0},
				"up": {"uv": [0.25, 9, 0, 6.75], "texture": "#0", "tintindex": 0}
			}
		},
		{
			"from": [8.4, 4.2, 6.8],
			"to": [8.7, 5.2, 15.4],
			"rotation": {"angle": 0, "axis": "y", "origin": [9.2, 4.2, 4.8]},
			"faces": {
				"east": {"uv": [3.75, 0.25, 6, 0.5], "texture": "#0", "tintindex": 0},
				"west": {"uv": [3.75, 0.5, 6, 0.75], "texture": "#0", "tintindex": 0},
				"up": {"uv": [0.75, 9, 0.5, 6.75], "texture": "#0", "tintindex": 0}
			}
		},
		{
			"from": [8.7, 4.6, 7.2],
			"to": [9.6, 4.9, 7.9],
			"rotation": {"angle": 0, "axis": "y", "origin": [9.5, 4.2, 4.8]},
			"faces": {
				"north": {"uv": [6.75, 9.5, 7, 9.75], "texture": "#0"},
				"east": {"uv": [2.75, 10, 3, 10.25], "texture": "#0"},
				"south": {"uv": [9.5, 6.75, 9.75, 7], "texture": "#0"},
				"up": {"uv": [7.25, 9.75, 7, 9.5], "texture": "#0"},
				"down": {"uv": [9.75, 7, 9.5, 7.25], "texture": "#0"}
			}
		},
		{
			"from": [7.3, -3.1196, 17.99462],
			"to": [7.6, -1.7196, 19.09462],
			"rotation": {"angle": -45, "axis": "x", "origin": [8, -2.7196, 8.89462]},
			"faces": {
				"south": {"uv": [3.25, 9.5, 3.5, 10], "texture": "#0", "tintindex": 0},
				"west": {"uv": [9, 1.5, 9.25, 2], "texture": "#0", "tintindex": 0},
				"down": {"uv": [9.75, 7.25, 9.5, 7.5], "texture": "#0", "tintindex": 0}
			}
		},
		{
			"from": [8.4, -3.1196, 17.99462],
			"to": [8.7, -1.7196, 19.09462],
			"rotation": {"angle": -45, "axis": "x", "origin": [8, -2.7196, 8.89462]},
			"faces": {
				"east": {"uv": [9, 2, 9.25, 2.5], "texture": "#0", "tintindex": 0},
				"south": {"uv": [9.5, 4, 9.75, 4.5], "texture": "#0", "tintindex": 0},
				"down": {"uv": [9.75, 7.5, 9.5, 7.75], "texture": "#0", "tintindex": 0}
			}
		},
		{
			"from": [7.5, 5.6, 3.8],
			"to": [8.5, 5.7, 6.8],
			"rotation": {"angle": 0, "axis": "y", "origin": [8, 4.3, 4.8]},
			"faces": {
				"north": {"uv": [7.75, 9.5, 8, 9.75], "texture": "#0", "tintindex": 0},
				"south": {"uv": [9.5, 7.75, 9.75, 8], "texture": "#0", "tintindex": 0},
				"up": {"uv": [8, 1.75, 7.75, 1], "texture": "#0", "tintindex": 0}
			}
		},
		{
			"from": [7.4, 5.6, 3.8],
			"to": [7.5, 6, 6.8],
			"rotation": {"angle": 0, "axis": "y", "origin": [8, 4.3, 4.8]},
			"faces": {
				"north": {"uv": [3, 10, 3.25, 10.25], "texture": "#0", "tintindex": 0},
				"east": {"uv": [3.25, 9, 4, 9.25], "texture": "#0", "tintindex": 0},
				"south": {"uv": [10, 3, 10.25, 3.25], "texture": "#0", "tintindex": 0},
				"west": {"uv": [9, 3.5, 9.75, 3.75], "texture": "#0", "tintindex": 0},
				"up": {"uv": [9.25, 5.25, 9, 4.5], "texture": "#0", "tintindex": 0}
			}
		},
		{
			"from": [8.5, 5.6, 3.8],
			"to": [8.6, 6, 6.8],
			"rotation": {"angle": 0, "axis": "y", "origin": [9.1, 4.3, 4.8]},
			"faces": {
				"north": {"uv": [3.25, 10, 3.5, 10.25], "texture": "#0", "tintindex": 0},
				"east": {"uv": [9, 3.75, 9.75, 4], "texture": "#0", "tintindex": 0},
				"south": {"uv": [10, 3.25, 10.25, 3.5], "texture": "#0", "tintindex": 0},
				"west": {"uv": [9, 5.25, 9.75, 5.5], "texture": "#0", "tintindex": 0},
				"up": {"uv": [5.5, 9.75, 5.25, 9], "texture": "#0", "tintindex": 0}
			}
		},
		{
			"from": [7.3, 1.8, 20.4],
			"to": [8.7, 4.2, 26.4],
			"rotation": {"angle": 0, "axis": "y", "origin": [8, 2.8, 17.4]},
			"faces": {
				"east": {"uv": [2, 1, 3.5, 1.75], "texture": "#0"},
				"south": {"uv": [7.25, 6.5, 7.75, 7.25], "texture": "#0"},
				"west": {"uv": [2, 1.75, 3.5, 2.5], "texture": "#0"},
				"up": {"uv": [1, 4.75, 0.5, 3.25], "texture": "#0"},
				"down": {"uv": [4, 1, 3.5, 2.5], "texture": "#0"}
			}
		},
		{
			"from": [7.3, 6.41475, 17.89333],
			"to": [8.7, 7.31475, 18.89333],
			"rotation": {"angle": 22.5, "axis": "x", "origin": [8, 5.91475, 9.89333]},
			"faces": {
				"east": {"uv": [3.75, 0.75, 4, 1], "texture": "#0"},
				"west": {"uv": [2.5, 3.75, 2.75, 4], "texture": "#0"},
				"up": {"uv": [9.5, 6.5, 9, 6.25], "texture": "#0"}
			}
		},
		{
			"from": [7.3, -0.95072, 15.85067],
			"to": [8.7, 0.24928, 21.25067],
			"rotation": {"angle": 22.5, "axis": "x", "origin": [8, 0.44928, 25.25067]},
			"faces": {
				"east": {"uv": [5, 4.5, 6.5, 4.75], "texture": "#0"},
				"west": {"uv": [5, 4.75, 6.5, 5], "texture": "#0"},
				"down": {"uv": [2, 3.75, 1.5, 5.25], "texture": "#0"}
			}
		},
		{
			"from": [7.3, 0.68658, 21.0194],
			"to": [8.7, 1.81158, 26.3944],
			"rotation": {"angle": 0, "axis": "y", "origin": [8, 2.08658, 30.0194]},
			"faces": {
				"east": {"uv": [5, 5, 6.5, 5.25], "texture": "#0"},
				"south": {"uv": [9.25, 1.75, 9.75, 2], "texture": "#0"},
				"west": {"uv": [1, 5.25, 2.5, 5.5], "texture": "#0"},
				"down": {"uv": [3.75, 3.75, 3.25, 5.25], "texture": "#0"}
			}
		},
		{
			"from": [7.3, -0.53758, 19.62084],
			"to": [8.7, 0.86242, 21.62084],
			"rotation": {"angle": -22.5, "axis": "x", "origin": [8, -0.53758, 12.62084]},
			"faces": {
				"east": {"uv": [1, 8, 1.5, 8.5], "texture": "#0"},
				"west": {"uv": [8, 1, 8.5, 1.5], "texture": "#0"},
				"up": {"uv": [2, 8.5, 1.5, 8], "texture": "#0"}
			}
		},
		{
			"from": [7.2, 2.6, 5.8],
			"to": [8.8, 4.2, 16.4],
			"rotation": {"angle": 0, "axis": "y", "origin": [8, 2.8, 4.8]},
			"faces": {
				"north": {"uv": [7, 8.25, 7.5, 8.75], "texture": "#0", "tintindex": 0},
				"east": {"uv": [1, 0, 3.75, 0.5], "texture": "#0", "tintindex": 0},
				"south": {"uv": [7.5, 8.25, 8, 8.75], "texture": "#0", "tintindex": 0},
				"west": {"uv": [1, 0.5, 3.75, 1], "texture": "#0", "tintindex": 0},
				"up": {"uv": [1.5, 3.75, 1, 1], "texture": "#0", "tintindex": 0},
				"down": {"uv": [2, 1, 1.5, 3.75], "texture": "#0", "tintindex": 0}
			}
		},
		{
			"from": [7.4, 1, 7.6],
			"to": [8.6, 2.6, 10.4],
			"rotation": {"angle": 0, "axis": "y", "origin": [8, 1.2, 4.8]},
			"faces": {
				"north": {"uv": [6.75, 9, 7, 9.5], "texture": "#0"},
				"east": {"uv": [6.5, 0.5, 7.25, 1], "texture": "#0"},
				"south": {"uv": [3.75, 9.25, 4, 9.75], "texture": "#0"},
				"west": {"uv": [6.5, 6.5, 7.25, 7], "texture": "#0"}
			}
		},
		{
			"from": [7.4, 0.6496, 7.49052],
			"to": [8.6, 3.2496, 10.29052],
			"rotation": {"angle": 22.5, "axis": "x", "origin": [8, 1.8496, 4.69052]},
			"faces": {
				"north": {"uv": [6, 8, 6.25, 8.75], "texture": "#0"},
				"east": {"uv": [4.5, 1, 5.25, 1.75], "texture": "#0"},
				"south": {"uv": [6.25, 8, 6.5, 8.75], "texture": "#0"},
				"west": {"uv": [4.75, 3.75, 5.5, 4.5], "texture": "#0"}
			}
		},
		{
			"from": [7.4, -1.63224, 7.25528],
			"to": [8.6, 2.96776, 10.05528],
			"rotation": {"angle": 45, "axis": "x", "origin": [8, 1.56776, 4.45528]},
			"faces": {
				"north": {"uv": [0.75, 2, 1, 3.25], "texture": "#0"},
				"east": {"uv": [0, 2, 0.75, 3.25], "texture": "#0"},
				"south": {"uv": [0.75, 6.25, 1, 7.5], "texture": "#0"},
				"west": {"uv": [2, 2.5, 2.75, 3.75], "texture": "#0"},
				"down": {"uv": [8.25, 5.25, 8, 6], "texture": "#0"}
			}
		},
		{
			"from": [7.375, 1.475, 8.2],
			"to": [8.625, 2.6, 8.5],
			"rotation": {"angle": 0, "axis": "y", "origin": [7.975, 1.2, 5.4]},
			"faces": {
				"north": {"uv": [0, 15.25, 0.125, 15.375], "texture": "#0"},
				"east": {"uv": [0, 15.25, 0.125, 15.375], "texture": "#0"},
				"south": {"uv": [0, 15.25, 0.125, 15.375], "texture": "#0"},
				"west": {"uv": [0, 15.25, 0.125, 15.375], "texture": "#0"}
			}
		},
		{
			"from": [7.375, 1.1746, 8.09052],
			"to": [8.625, 2.7496, 8.39052],
			"rotation": {"angle": 22.5, "axis": "x", "origin": [7.975, 1.8496, 5.29052]},
			"faces": {
				"north": {"uv": [0, 15.25, 0.125, 15.375], "texture": "#0"},
				"east": {"uv": [0, 15.25, 0.125, 15.375], "texture": "#0"},
				"south": {"uv": [0, 15.25, 0.125, 15.375], "texture": "#0"},
				"west": {"uv": [0, 15.25, 0.125, 15.375], "texture": "#0"}
			}
		},
		{
			"from": [7.375, -1.63224, 7.85528],
			"to": [8.625, 2.49276, 8.15528],
			"rotation": {"angle": 45, "axis": "x", "origin": [7.975, 1.56776, 5.05528]},
			"faces": {
				"north": {"uv": [0, 15.25, 0.125, 15.375], "texture": "#0"},
				"east": {"uv": [0, 15.25, 0.125, 15.375], "texture": "#0"},
				"south": {"uv": [0, 15.25, 0.125, 15.375], "texture": "#0"},
				"west": {"uv": [0, 15.25, 0.125, 15.375], "texture": "#0"},
				"down": {"uv": [0.25, 15.25, 0.375, 15.375], "texture": "#0"}
			}
		},
		{
			"from": [7.5, -2.3, 13.4],
			"to": [8.5, 3, 15],
			"rotation": {"angle": -22.5, "axis": "x", "origin": [0.5, 3, 13]},
			"faces": {
				"north": {"uv": [3.25, 5.25, 3.5, 6.75], "texture": "#0"},
				"east": {"uv": [3.75, 3.75, 4.25, 5.25], "texture": "#0"},
				"south": {"uv": [3.5, 5.25, 3.75, 6.75], "texture": "#0"},
				"west": {"uv": [4, 0.75, 4.5, 2.25], "texture": "#0"},
				"down": {"uv": [9.5, 4, 9.25, 4.5], "texture": "#0"}
			}
		},
		{
			"from": [7.5, -2.3, 13],
			"to": [8.5, -1.7, 13.4],
			"rotation": {"angle": -22.5, "axis": "x", "origin": [0.5, 3, 13]},
			"faces": {
				"north": {"uv": [8, 9.5, 8.25, 9.75], "texture": "#0"},
				"east": {"uv": [3.75, 10, 4, 10.25], "texture": "#0"},
				"west": {"uv": [10, 3.75, 10.25, 4], "texture": "#0"},
				"up": {"uv": [8.5, 9.75, 8.25, 9.5], "texture": "#0"},
				"down": {"uv": [9.75, 8.25, 9.5, 8.5], "texture": "#0"}
			}
		},
		{
			"from": [7.5, 3.9, 13.8],
			"to": [8.5, 5.1, 15.8],
			"rotation": {"angle": 45, "axis": "x", "origin": [0.5, 3, 13]},
			"faces": {
				"east": {"uv": [8.75, 6.5, 9.25, 6.75], "texture": "#0"},
				"south": {"uv": [9.25, 5.75, 9.5, 6], "texture": "#0"},
				"west": {"uv": [8.75, 6.75, 9.25, 7], "texture": "#0"},
				"up": {"uv": [6.5, 9.25, 6.25, 8.75], "texture": "#0"}
			}
		},
		{
			"from": [7.5, 1.5, 13.4],
			"to": [8.5, 2.7, 14.4],
			"rotation": {"angle": 0, "axis": "y", "origin": [0.5, 0, 4]},
			"faces": {
				"north": {"uv": [7, 9.25, 7.25, 9.5], "texture": "#0"},
				"east": {"uv": [9.25, 7, 9.5, 7.25], "texture": "#0"},
				"west": {"uv": [7.5, 9.25, 7.75, 9.5], "texture": "#0"},
				"down": {"uv": [8.25, 9.25, 8, 9.5], "texture": "#0"}
			}
		},
		{
			"from": [7.6, 1.2, 11.4],
			"to": [8.4, 1.4, 13.1],
			"rotation": {"angle": 0, "axis": "y", "origin": [0.5, 0, 4]},
			"faces": {
				"east": {"uv": [9.5, 4.5, 10, 4.75], "texture": "#0", "tintindex": 0},
				"west": {"uv": [9.5, 4.75, 10, 5], "texture": "#0", "tintindex": 0},
				"up": {"uv": [9.5, 5, 9.25, 4.5], "texture": "#0", "tintindex": 0},
				"down": {"uv": [6.25, 9.25, 6, 9.75], "texture": "#0", "tintindex": 0}
			}
		},
		{
			"from": [7.9, 2.2, 12.6],
			"to": [8.1, 2.7, 12.8],
			"rotation": {"angle": 0, "axis": "y", "origin": [0.5, -5.4, 14]},
			"faces": {
				"north": {"uv": [4.25, 10, 4.5, 10.25], "texture": "#0"},
				"east": {"uv": [10, 4.25, 10.25, 4.5], "texture": "#0"},
				"south": {"uv": [4.5, 10, 4.75, 10.25], "texture": "#0"},
				"west": {"uv": [10, 4.5, 10.25, 4.75], "texture": "#0"}
			}
		},
		{
			"from": [7.9, 1.74213, 9.48546],
			"to": [8.1, 2.34213, 9.68546],
			"rotation": {"angle": 22.5, "axis": "x", "origin": [0.5, -5.55787, 10.88546]},
			"faces": {
				"north": {"uv": [5, 10, 5.25, 10.25], "texture": "#0"},
				"east": {"uv": [10, 5, 10.25, 5.25], "texture": "#0"},
				"south": {"uv": [5.25, 10, 5.5, 10.25], "texture": "#0"},
				"west": {"uv": [10, 5.25, 10.25, 5.5], "texture": "#0"},
				"down": {"uv": [10.25, 5.5, 10, 5.75], "texture": "#0"}
			}
		},
		{
			"from": [7.6, 7.98614, 12.5168],
			"to": [8.4, 8.18614, 13.2168],
			"rotation": {"angle": 45, "axis": "x", "origin": [0.5, 6.78614, 4.1168]},
			"faces": {
				"north": {"uv": [9.25, 9.5, 9.5, 9.75], "texture": "#0", "tintindex": 0},
				"east": {"uv": [5.75, 10, 6, 10.25], "texture": "#0", "tintindex": 0},
				"west": {"uv": [10, 5.75, 10.25, 6], "texture": "#0", "tintindex": 0},
				"up": {"uv": [9.75, 9.75, 9.5, 9.5], "texture": "#0", "tintindex": 0},
				"down": {"uv": [0.25, 9.75, 0, 10], "texture": "#0", "tintindex": 0}
			}
		},
		{
			"from": [7.6, 7.98614, 11.2832],
			"to": [8.4, 8.18614, 11.9332],
			"rotation": {"angle": -45, "axis": "x", "origin": [15.5, 6.78614, 20.3832]},
			"faces": {
				"east": {"uv": [6, 10, 6.25, 10.25], "texture": "#0", "tintindex": 0},
				"west": {"uv": [10, 6, 10.25, 6.25], "texture": "#0", "tintindex": 0},
				"up": {"uv": [10, 0.5, 9.75, 0.25], "texture": "#0", "tintindex": 0},
				"down": {"uv": [0.75, 9.75, 0.5, 10], "texture": "#0", "tintindex": 0}
			}
		},
		{
			"from": [7.5, 1.5, 10.4],
			"to": [8.5, 2.7, 11],
			"rotation": {"angle": 0, "axis": "y", "origin": [0.5, 0, 4]},
			"faces": {
				"east": {"uv": [9.75, 0.5, 10, 0.75], "texture": "#0", "tintindex": 0},
				"south": {"uv": [0.5, 9.5, 0.75, 9.75], "texture": "#0", "tintindex": 0},
				"west": {"uv": [9.75, 0.75, 10, 1], "texture": "#0", "tintindex": 0},
				"down": {"uv": [1.5, 9.75, 1.25, 10], "texture": "#0", "tintindex": 0}
			}
		},
		{
			"from": [7.6, 3.7, -6.2],
			"to": [8.4, 5.5, -6],
			"rotation": {"angle": 0, "axis": "y", "origin": [7.5, 3.7, -6.1]},
			"faces": {
				"north": {"uv": [8.75, 8.75, 9, 9.25], "texture": "#0"},
				"east": {"uv": [0.75, 9.5, 1, 10], "texture": "#0"},
				"south": {"uv": [0, 9, 0.25, 9.5], "texture": "#0"},
				"west": {"uv": [1, 9.5, 1.25, 10], "texture": "#0"},
				"up": {"uv": [1.75, 10, 1.5, 9.75], "texture": "#0"},
				"down": {"uv": [10, 1.5, 9.75, 1.75], "texture": "#0"}
			}
		},
		{
			"from": [7.6, 3.7, -6],
			"to": [8.4, 4.4, -5.2],
			"rotation": {"angle": 0, "axis": "y", "origin": [7.5, 3.7, -6.1]},
			"faces": {
				"east": {"uv": [9.75, 1.75, 10, 2], "texture": "#0"},
				"south": {"uv": [9.75, 2, 10, 2.25], "texture": "#0"},
				"west": {"uv": [9.75, 2.25, 10, 2.5], "texture": "#0"},
				"up": {"uv": [9.75, 1.25, 9.5, 1], "texture": "#0"},
				"down": {"uv": [1.5, 9.5, 1.25, 9.75], "texture": "#0"}
			}
		},
		{
			"from": [7.6, 4.4, -6],
			"to": [8.4, 4.6, -5.5],
			"rotation": {"angle": 0, "axis": "y", "origin": [7.5, 3.5, -6.1]},
			"faces": {
				"east": {"uv": [6.25, 10, 6.5, 10.25], "texture": "#0"},
				"west": {"uv": [10, 6.25, 10.25, 6.5], "texture": "#0"},
				"up": {"uv": [3, 10, 2.75, 9.75], "texture": "#0"}
			}
		},
		{
			"from": [7.6, 4.4, -5.5],
			"to": [8.4, 5.325, -5.3],
			"rotation": {"angle": 0, "axis": "y", "origin": [7.5, 4.1, -6.2]},
			"faces": {
				"north": {"uv": [9.75, 3, 10, 3.25], "texture": "#0"},
				"east": {"uv": [6.5, 10, 6.75, 10.25], "texture": "#0"},
				"south": {"uv": [9.75, 3.25, 10, 3.5], "texture": "#0"},
				"west": {"uv": [10, 6.5, 10.25, 6.75], "texture": "#0"},
				"up": {"uv": [10, 3.75, 9.75, 3.5], "texture": "#0"}
			}
		},
		{
			"from": [7.6, 5.1, -6],
			"to": [8.4, 5.5, -5.4],
			"rotation": {"angle": 0, "axis": "y", "origin": [7.5, 4.4, -6.3]},
			"faces": {
				"east": {"uv": [6.75, 10, 7, 10.25], "texture": "#0"},
				"south": {"uv": [4, 9.75, 4.25, 10], "texture": "#0"},
				"west": {"uv": [10, 6.75, 10.25, 7], "texture": "#0"},
				"up": {"uv": [10, 4.25, 9.75, 4], "texture": "#0"},
				"down": {"uv": [4.5, 9.75, 4.25, 10], "texture": "#0"}
			}
		},
		{
			"from": [7.9, 5.5, -5.9],
			"to": [8.1, 5.9, -5.7],
			"rotation": {"angle": 0, "axis": "y", "origin": [7.5, 4.5, -6.3]},
			"faces": {
				"north": {"uv": [7, 10, 7.25, 10.25], "texture": "#0"},
				"east": {"uv": [10, 7, 10.25, 7.25], "texture": "#0"},
				"south": {"uv": [7.25, 10, 7.5, 10.25], "texture": "#0"},
				"west": {"uv": [10, 7.25, 10.25, 7.5], "texture": "#0"},
				"up": {"uv": [7.75, 10.25, 7.5, 10], "texture": "#0"}
			}
		},
		{
			"from": [7.7, 5.775, 6.2],
			"to": [7.9, 5.95, 6.4],
			"rotation": {"angle": 0, "axis": "y", "origin": [7.3, 4.5, 5.8]},
			"faces": {
				"north": {"uv": [7.75, 10, 8, 10.25], "texture": "#0"},
				"east": {"uv": [10, 7.75, 10.25, 8], "texture": "#0"},
				"south": {"uv": [8, 10, 8.25, 10.25], "texture": "#0"},
				"west": {"uv": [10, 8, 10.25, 8.25], "texture": "#0"},
				"up": {"uv": [8.5, 10.25, 8.25, 10], "texture": "#0"}
			}
		},
		{
			"from": [7.5, 5.675, 4.4],
			"to": [7.7, 5.85, 4.6],
			"rotation": {"angle": 0, "axis": "y", "origin": [7.1, 4.4, 4]},
			"faces": {
				"north": {"uv": [8.5, 10, 8.75, 10.25], "texture": "#0"},
				"east": {"uv": [10, 8.5, 10.25, 8.75], "texture": "#0"},
				"south": {"uv": [8.75, 10, 9, 10.25], "texture": "#0"},
				"up": {"uv": [9.25, 10.25, 9, 10], "texture": "#0"}
			}
		},
		{
			"from": [8.3, 5.675, 4.4],
			"to": [8.5, 5.85, 4.6],
			"rotation": {"angle": 0, "axis": "y", "origin": [7.9, 4.4, 4]},
			"faces": {
				"north": {"uv": [9.25, 10, 9.5, 10.25], "texture": "#0"},
				"south": {"uv": [9.5, 10, 9.75, 10.25], "texture": "#0"},
				"west": {"uv": [10, 9.5, 10.25, 9.75], "texture": "#0"},
				"up": {"uv": [10, 10.25, 9.75, 10], "texture": "#0"}
			}
		},
		{
			"from": [8.1, 5.775, 6.2],
			"to": [8.3, 5.95, 6.4],
			"rotation": {"angle": 0, "axis": "y", "origin": [7.7, 4.5, 5.8]},
			"faces": {
				"north": {"uv": [10, 10, 10.25, 10.25], "texture": "#0"},
				"east": {"uv": [0, 10.25, 0.25, 10.5], "texture": "#0"},
				"south": {"uv": [10.25, 0, 10.5, 0.25], "texture": "#0"},
				"west": {"uv": [0.25, 10.25, 0.5, 10.5], "texture": "#0"},
				"up": {"uv": [10.5, 0.5, 10.25, 0.25], "texture": "#0"}
			}
		},
		{
			"from": [7.7, 5.5, 4.4],
			"to": [8.3, 5.775, 6.4],
			"rotation": {"angle": 0, "axis": "y", "origin": [7.7, 4.5, 5.9]},
			"faces": {
				"north": {"uv": [10.25, 0.5, 10.5, 0.75], "texture": "#0"},
				"east": {"uv": [9.5, 1.25, 10, 1.5], "texture": "#0"},
				"south": {"uv": [0.75, 10.25, 1, 10.5], "texture": "#0"},
				"west": {"uv": [1.5, 9.5, 2, 9.75], "texture": "#0"},
				"up": {"uv": [2.25, 10, 2, 9.5], "texture": "#0"}
			}
		},
		{
			"from": [8.52426, 5.31005, -6.225],
			"to": [8.72426, 5.71005, -5.375],
			"rotation": {"angle": 45, "axis": "z", "origin": [8.12426, 4.31005, -6.4]},
			"faces": {
				"north": {"uv": [10.25, 0.75, 10.5, 1], "texture": "#0"},
				"east": {"uv": [9.75, 4.25, 10, 4.5], "texture": "#0"},
				"south": {"uv": [1, 10.25, 1.25, 10.5], "texture": "#0"},
				"west": {"uv": [4.5, 9.75, 4.75, 10], "texture": "#0"},
				"down": {"uv": [5.25, 9.75, 5, 10], "texture": "#0"}
			}
		},
		{
			"from": [7.41716, 5.58284, -6.225],
			"to": [7.61716, 5.88284, -5.375],
			"rotation": {"angle": 0, "axis": "y", "origin": [7.01716, 4.58284, -6.4]},
			"faces": {
				"north": {"uv": [10.25, 1, 10.5, 1.25], "texture": "#0"},
				"east": {"uv": [9.75, 5, 10, 5.25], "texture": "#0"},
				"south": {"uv": [1.25, 10.25, 1.5, 10.5], "texture": "#0"},
				"west": {"uv": [5.25, 9.75, 5.5, 10], "texture": "#0"}
			}
		},
		{
			"from": [7.27574, 5.31005, -6.225],
			"to": [7.47574, 5.71005, -5.375],
			"rotation": {"angle": -45, "axis": "z", "origin": [7.87574, 4.31005, -6.4]},
			"faces": {
				"north": {"uv": [10.25, 1.25, 10.5, 1.5], "texture": "#0"},
				"east": {"uv": [9.75, 5.5, 10, 5.75], "texture": "#0"},
				"south": {"uv": [1.5, 10.25, 1.75, 10.5], "texture": "#0"},
				"west": {"uv": [5.75, 9.75, 6, 10], "texture": "#0"},
				"down": {"uv": [6.25, 9.75, 6, 10], "texture": "#0"}
			}
		},
		{
			"from": [7.98336, 5.92935, -6.225],
			"to": [8.18336, 6.12935, -5.375],
			"rotation": {"angle": -22.5, "axis": "z", "origin": [7.58336, 7.32935, -6.4]},
			"faces": {
				"north": {"uv": [10.25, 1.5, 10.5, 1.75], "texture": "#0"},
				"east": {"uv": [9.75, 6, 10, 6.25], "texture": "#0"},
				"south": {"uv": [1.75, 10.25, 2, 10.5], "texture": "#0"},
				"west": {"uv": [6.25, 9.75, 6.5, 10], "texture": "#0"},
				"up": {"uv": [10, 6.5, 9.75, 6.25], "texture": "#0"}
			}
		},
		{
			"from": [7.81664, 5.92935, -6.225],
			"to": [8.01664, 6.12935, -5.375],
			"rotation": {"angle": 22.5, "axis": "z", "origin": [8.41664, 7.32935, -6.4]},
			"faces": {
				"north": {"uv": [10.25, 1.75, 10.5, 2], "texture": "#0"},
				"east": {"uv": [9.75, 6.5, 10, 6.75], "texture": "#0"},
				"south": {"uv": [2, 10.25, 2.25, 10.5], "texture": "#0"},
				"west": {"uv": [6.75, 9.75, 7, 10], "texture": "#0"},
				"up": {"uv": [10, 7, 9.75, 6.75], "texture": "#0"}
			}
		},
		{
			"from": [8.38284, 5.58284, -6.225],
			"to": [8.58284, 5.88284, -5.375],
			"rotation": {"angle": 0, "axis": "y", "origin": [8.98284, 4.58284, -6.4]},
			"faces": {
				"north": {"uv": [10.25, 2, 10.5, 2.25], "texture": "#0"},
				"east": {"uv": [9.75, 7, 10, 7.25], "texture": "#0"},
				"south": {"uv": [2.25, 10.25, 2.5, 10.5], "texture": "#0"},
				"west": {"uv": [7.25, 9.75, 7.5, 10], "texture": "#0"}
			}
		},
		{
			"from": [7.3, 2.11732, 18.37612],
			"to": [8.7, 3.81732, 20.47612],
			"rotation": {"angle": 0, "axis": "y", "origin": [8, 2.41732, 12.47612]},
			"faces": {
				"east": {"uv": [5, 7.75, 5.5, 8.25], "texture": "#0"},
				"west": {"uv": [7.75, 6.5, 8.25, 7], "texture": "#0"},
				"up": {"uv": [7.5, 8.25, 7, 7.75], "texture": "#0"}
			}
		},
		{
			"from": [7.3, 3.34672, 16.39512],
			"to": [8.7, 4.14672, 17.82012],
			"rotation": {"angle": 0, "axis": "y", "origin": [8, 2.74672, 10.82012]},
			"faces": {
				"east": {"uv": [9.25, 2.25, 9.75, 2.5], "texture": "#0"},
				"west": {"uv": [3.25, 9.25, 3.75, 9.5], "texture": "#0"},
				"up": {"uv": [8.75, 4.25, 8.25, 3.75], "texture": "#0"}
			}
		}
	],
	"display": {
		"thirdperson_righthand": {
			"translation": [0, 4, -3.75],
			"scale": [0.75, 0.75, 0.75]
		},
		"thirdperson_lefthand": {
			"translation": [0, 3.75, -3.5],
			"scale": [0.75, 0.75, 0.75]
		},
		"firstperson_righthand": {
			"translation": [-4.25, 8, 1.5],
			"scale": [0.8, 0.8, 0.8]
		},
		"firstperson_lefthand": {
			"translation": [-4.25, 8, 1.5],
			"scale": [0.8, 0.8, 0.8]
		},
		"ground": {
			"translation": [0, 5.5, -0.5],
			"scale": [0.75, 0.75, 0.75]
		},
		"gui": {
			"rotation": [30, 225, 0],
			"translation": [0.25, 2.75, 0],
			"scale": [0.66, 0.66, 0.66]
		},
		"fixed": {
			"rotation": [0, 90, 0],
			"translation": [-0.5, 6.5, -2],
			"scale": [1.2, 1.2, 1.2]
		}
	},
	"groups": [
		{
			"name": "group",
			"origin": [0, 0, 6],
			"color": 0,
			"children": [0, 1, 2, 3, 4, 5, 6, 7, 8, 9, 10, 11, 12, 13, 14, 15, 16, 17, 18, 19, 20, 21, 22, 23, 24, 25, 26, 27, 28, 29, 30, 31, 32, 33, 34, 35, 36, 37, 38, 39, 40, 41, 42, 43, 44, 45, 46, 47, 48, 49, 50, 51, 52, 53, 54, 55, 56, 57, 58, 59, 60, 61, 62, 63, 64, 65, 66, 67, 68, 69, 70, 71, 72, 73]
		},
		74,
		75
	]
}
