{
	"credit": "Made with Blockbench by ThatAvocado_Boi",
	"texture_size": [32, 32],
	"textures": {
		"3": "additionalguns:item/ak105"
	},
	"elements": [
		{
			"from": [7.45, 2.3, 13.7],
			"to": [8.55, 3.15, 15.6],
			"rotation": {"angle": 0, "axis": "x", "origin": [8, 2.725, 14.6]},
			"faces": {
				"north": {"uv": [5.5, 3.5, 7.5, 5.5], "texture": "#3", "tintindex": 0},
				"east": {"uv": [9, 3.5, 5.5, 5.5], "texture": "#3", "tintindex": 0},
				"south": {"uv": [5.5, 5.5, 7.5, 7.5], "texture": "#3", "tintindex": 0},
				"west": {"uv": [5.5, 3.5, 9, 5.5], "texture": "#3", "tintindex": 0},
				"up": {"uv": [0, 0, 1, 0.5], "texture": "#3"},
				"down": {"uv": [2, 1.5, 5.5, 3.5], "rotation": 90, "texture": "#3", "tintindex": 0}
			}
		},
		{
			"from": [7.35, 2.7, 9.4],
			"to": [8.65, 3.7, 13.7],
			"rotation": {"angle": 0, "axis": "x", "origin": [8, 3.2, 11.55]},
			"faces": {
				"north": {"uv": [14, 9, 16, 11], "texture": "#3", "tintindex": 0},
				"east": {"uv": [16, 5, 9.5, 8], "texture": "#3", "tintindex": 0},
				"south": {"uv": [5.5, 5.5, 7.5, 7.5], "texture": "#3", "tintindex": 0},
				"west": {"uv": [9.5, 5, 16, 8], "texture": "#3", "tintindex": 0},
				"up": {"uv": [0, 0, 0, 0], "texture": "#3"},
				"down": {"uv": [2, 3.5, 5.5, 5.5], "rotation": 90, "texture": "#3", "tintindex": 0}
			}
		},
		{
			"from": [7.47, 2.4, 12.7],
			"to": [8.52, 2.8, 13.8],
			"rotation": {"angle": 22.5, "axis": "x", "origin": [8, 2.6, 13.4]},
			"faces": {
				"north": {"uv": [2, 4.5, 3, 5.5], "texture": "#3", "tintindex": 0},
				"east": {"uv": [5.5, 3.5, 2, 5.5], "texture": "#3", "tintindex": 0},
				"south": {"uv": [5.5, 5.5, 7.5, 7.5], "texture": "#3", "tintindex": 0},
				"west": {"uv": [2, 3.5, 5.5, 5.5], "texture": "#3", "tintindex": 0},
				"up": {"uv": [0, 0, 0, 0], "texture": "#3"},
				"down": {"uv": [2, 3.5, 5.5, 5.5], "rotation": 90, "texture": "#3", "tintindex": 0}
			}
		},
		{
			"from": [7.45, 3.15, 13.7],
			"to": [8.55, 4, 18.3],
			"rotation": {"angle": 0, "axis": "y", "origin": [0, 0, 2.2]},
			"faces": {
				"north": {"uv": [3.5, 1.5, 5.5, 3.5], "texture": "#3", "tintindex": 0},
				"east": {"uv": [8, 1.5, 2, 3.5], "texture": "#3", "tintindex": 0},
				"south": {"uv": [6, 1.5, 8, 3.5], "texture": "#3", "tintindex": 0},
				"west": {"uv": [4.5, 1.5, 8, 3.5], "texture": "#3", "tintindex": 0},
				"up": {"uv": [0, 0, 1, 0.5], "texture": "#3"},
				"down": {"uv": [12.5, 14, 16, 16], "rotation": 270, "texture": "#3", "tintindex": 0}
			}
		},
		{
			"from": [7.4, 3.4, 13.7],
			"to": [7.866, 3.8, 18.299],
			"rotation": {"angle": 45, "axis": "z", "origin": [7.2, 3.9, 12.7]},
			"faces": {
				"north": {"uv": [1.5, 1, 2, 1.5], "texture": "#3"},
				"east": {"uv": [0, 0, 0, 0], "texture": "#3"},
				"south": {"uv": [8, 1, 8.5, 1.5], "texture": "#3", "tintindex": 0},
				"west": {"uv": [1.5, 0, 3, 0.5], "texture": "#3"},
				"up": {"uv": [0, 1, 6, 1.5], "rotation": 90, "texture": "#3", "tintindex": 0},
				"down": {"uv": [0, 0, 0, 0], "texture": "#3"}
			}
		},
		{
			"from": [7.7, 4, 13.7],
			"to": [8.3, 4.3, 18.3],
			"rotation": {"angle": 0, "axis": "y", "origin": [0, 0, 2.2]},
			"faces": {
				"north": {"uv": [0.5, 1, 1.5, 1.5], "texture": "#3"},
				"east": {"uv": [7.5, 0, 8.5, 1], "texture": "#3"},
				"south": {"uv": [8.5, 1, 9.5, 1.5], "texture": "#3", "tintindex": 0},
				"west": {"uv": [2.5, 0.5, 3, 1], "texture": "#3"},
				"up": {"uv": [2, 0, 8, 1], "rotation": 90, "texture": "#3", "tintindex": 0},
				"down": {"uv": [0, 0, 0, 0], "texture": "#3"}
			}
		},
		{
			"from": [8.134, 3.4, 13.7],
			"to": [8.6, 3.8, 18.299],
			"rotation": {"angle": -45, "axis": "z", "origin": [8.8, 3.9, 12.7]},
			"faces": {
				"north": {"uv": [0, 1, 0.5, 1.5], "texture": "#3"},
				"east": {"uv": [4, 1, 5.5, 2], "texture": "#3"},
				"south": {"uv": [9.5, 1, 10, 1.5], "texture": "#3", "tintindex": 0},
				"west": {"uv": [0, 0, 1, 1], "texture": "#3"},
				"up": {"uv": [6, 1, 0, 1.5], "rotation": 270, "texture": "#3", "tintindex": 0},
				"down": {"uv": [0, 0.5, 1.5, 1], "texture": "#3"}
			}
		},
		{
			"from": [7.6, 0.62086, 17.40759],
			"to": [8.4, 3.22086, 18.30759],
			"rotation": {"angle": 0, "axis": "x", "origin": [8, 1.92086, 17.85759]},
			"faces": {
				"north": {"uv": [13, 0, 14, 3.5], "texture": "#3"},
				"east": {"uv": [12, 0, 13, 3.5], "texture": "#3"},
				"south": {"uv": [11, 0, 12, 3.5], "texture": "#3"},
				"west": {"uv": [10, 0, 11, 3.5], "texture": "#3"},
				"up": {"uv": [0, 0, 0, 0], "texture": "#3"},
				"down": {"uv": [11, 3.5, 10, 4.5], "texture": "#3"}
			}
		},
		{
			"from": [7.6, 2.12086, 17.10759],
			"to": [8.4, 3.22086, 17.40759],
			"rotation": {"angle": 0, "axis": "y", "origin": [8, 0.77086, 18.05759]},
			"faces": {
				"north": {"uv": [13, 0, 14, 3.5], "texture": "#3"},
				"east": {"uv": [12, 0, 13, 3.5], "texture": "#3"},
				"south": {"uv": [11, 0, 12, 3.5], "texture": "#3"},
				"west": {"uv": [10, 0, 11, 3.5], "texture": "#3"},
				"up": {"uv": [0, 0, 0, 0], "texture": "#3"},
				"down": {"uv": [11, 3.5, 10, 4.5], "texture": "#3"}
			}
		},
		{
			"from": [7.6, 1.82086, 17.80759],
			"to": [8.4, 2.32086, 18.00759],
			"rotation": {"angle": -22.5, "axis": "x", "origin": [8, 0.77086, 18.05759]},
			"faces": {
				"north": {"uv": [11, 3.5, 10, 4.5], "rotation": 180, "texture": "#3"},
				"east": {"uv": [12, 0, 13, 3.5], "rotation": 270, "texture": "#3"},
				"south": {"uv": [11, 3.5, 12, 4], "texture": "#3"},
				"west": {"uv": [10, 0, 11, 3.5], "rotation": 90, "texture": "#3"},
				"up": {"uv": [13, 0, 14, 3.5], "rotation": 180, "texture": "#3"},
				"down": {"uv": [11, 0, 12, 3.5], "texture": "#3"}
			}
		},
		{
			"from": [7.7, 0.7645, 17.72152],
			"to": [8.3, 1.1645, 17.92152],
			"rotation": {"angle": 22.5, "axis": "x", "origin": [8, 1.9145, 17.42152]},
			"faces": {
				"north": {"uv": [11, 3.5, 10, 4.5], "rotation": 180, "texture": "#3"},
				"east": {"uv": [12, 0, 13, 3.5], "rotation": 270, "texture": "#3"},
				"south": {"uv": [11, 3.5, 12, 4], "texture": "#3"},
				"west": {"uv": [10, 0, 11, 3.5], "rotation": 90, "texture": "#3"},
				"up": {"uv": [13, 0, 14, 3.5], "rotation": 180, "texture": "#3"},
				"down": {"uv": [11, 0, 12, 3.5], "texture": "#3"}
			}
		},
		{
			"from": [7.9, 2.25032, 15.46977],
			"to": [8.15, 2.35032, 17.26977],
			"rotation": {"angle": 0, "axis": "y", "origin": [8.025, 2.30032, 16.36977]},
			"faces": {
				"north": {"uv": [0, 0, 1, 0.5], "texture": "#3"},
				"east": {"uv": [9, 1, 10, 1.5], "texture": "#3"},
				"south": {"uv": [8.5, 1, 10, 1.5], "texture": "#3"},
				"west": {"uv": [9, 1, 10, 1.5], "texture": "#3"},
				"up": {"uv": [9, 1, 10, 1.5], "rotation": 90, "texture": "#3"},
				"down": {"uv": [9, 1, 10, 1.5], "rotation": 90, "texture": "#3"}
			}
		},
		{
			"from": [7.99, 4.14497, 7.9912],
			"to": [8.015, 4.49497, 7.9912],
			"rotation": {"angle": 0, "axis": "x", "origin": [8.05, 4.40747, 7.9412]},
			"faces": {
				"north": {"uv": [13.5, 14.5, 14, 15], "texture": "#3"},
				"east": {"uv": [13, 14.5, 13.5, 15], "texture": "#3"},
				"south": {"uv": [14.5, 14.5, 15, 15], "texture": "#3"},
				"west": {"uv": [14.5, 15, 15, 15.5], "texture": "#3"},
				"up": {"uv": [14, 15, 14.5, 15.5], "rotation": 90, "texture": "#3"},
				"down": {"uv": [14.5, 15, 14, 15.5], "rotation": 270, "texture": "#3"}
			}
		},
		{
			"name": "magasine",
			"from": [7.6, -0.6, 13.6],
			"to": [8.4, 3.2, 15.1],
			"rotation": {"angle": 22.5, "axis": "x", "origin": [8, 1.65, 13.8]},
			"faces": {
				"north": {"uv": [0, 7.5, 1, 10], "texture": "#3"},
				"east": {"uv": [3.5, 7.5, 1, 10], "texture": "#3"},
				"south": {"uv": [3.5, 7.5, 4.5, 10], "texture": "#3"},
				"west": {"uv": [1, 7.5, 3.5, 10], "texture": "#3"},
				"up": {"uv": [0, 0, 0, 0], "texture": "#3"},
				"down": {"uv": [1, 10, 3.5, 11], "rotation": 90, "texture": "#3"}
			}
		},
		{
			"from": [7.45, 3.5, 11.799],
			"to": [8.55, 4.3, 13.7],
			"rotation": {"angle": 0, "axis": "y", "origin": [8, 3.9, 12.7495]},
			"faces": {
				"north": {"uv": [0, 11.5, 2, 12.5], "texture": "#3", "tintindex": 0},
				"east": {"uv": [7.5, 14, 0, 15], "texture": "#3", "tintindex": 0},
				"south": {"uv": [0, 0, 0.5, 0.5], "texture": "#3"},
				"west": {"uv": [0, 14, 7.5, 15], "texture": "#3", "tintindex": 0},
				"up": {"uv": [2, 0, 3, 1], "texture": "#3"},
				"down": {"uv": [3.5, 0.5, 4, 1], "texture": "#3"}
			}
		},
		{
			"from": [7.85, 3.3, 7.799],
			"to": [8.15, 4.3, 8.1],
			"rotation": {"angle": 0, "axis": "x", "origin": [8, 3.8, 7.8995]},
			"faces": {
				"north": {"uv": [14.5, 12, 15, 12.5], "texture": "#3", "tintindex": 0},
				"east": {"uv": [15.5, 12, 14, 14], "texture": "#3", "tintindex": 0},
				"south": {"uv": [14.5, 12, 15, 12.5], "texture": "#3"},
				"west": {"uv": [14, 12, 15.5, 14], "texture": "#3", "tintindex": 0},
				"up": {"uv": [2, 0, 3, 1], "texture": "#3"},
				"down": {"uv": [3.5, 0.5, 4, 1], "texture": "#3"}
			}
		},
		{
			"from": [7.67, 3.70032, 18.12],
			"to": [8.32, 4.20032, 18.47],
			"rotation": {"angle": -45, "axis": "x", "origin": [8.02, 4.05, 18.33]},
			"faces": {
				"north": {"uv": [15, 1.5, 16, 2], "rotation": 90, "texture": "#3"},
				"east": {"uv": [14.5, 1.5, 15.5, 2.5], "rotation": 270, "texture": "#3"},
				"south": {"uv": [15, 1, 16, 1.5], "rotation": 270, "texture": "#3"},
				"west": {"uv": [15, 2, 16, 2.5], "rotation": 90, "texture": "#3"},
				"up": {"uv": [15, 1.5, 15.5, 2.5], "rotation": 270, "texture": "#3"},
				"down": {"uv": [8, 0, 8.5, 0.5], "rotation": 270, "texture": "#3"}
			}
		},
		{
			"from": [7.57, 3.10032, 18.22],
			"to": [8.47, 3.90032, 18.67],
			"rotation": {"angle": 0, "axis": "y", "origin": [7.97, 4.05032, 23.66977]},
			"faces": {
				"north": {"uv": [9, 0, 10, 0.5], "rotation": 90, "texture": "#3"},
				"east": {"uv": [15, 0, 16, 0.5], "rotation": 270, "texture": "#3"},
				"south": {"uv": [14, 0.5, 15, 1], "rotation": 270, "texture": "#3"},
				"west": {"uv": [14, 0, 15, 0.5], "rotation": 90, "texture": "#3"},
				"up": {"uv": [0.5, 0, 1.5, 1], "rotation": 270, "texture": "#3"},
				"down": {"uv": [8.5, 0, 9, 0.5], "rotation": 270, "texture": "#3"}
			}
		},
		{
			"name": "octagon",
			"from": [7.79289, 4.1, 9.4],
			"to": [8.20711, 4.3, 11.8],
			"rotation": {"angle": 45, "axis": "z", "origin": [8, 3.8, 9.8]},
			"faces": {
				"north": {"uv": [5, 2, 6.5, 3], "texture": "#3"},
				"east": {"uv": [14.5, 1.5, 15, 2], "texture": "#3"},
				"south": {"uv": [0, 0, 0.5, 0.5], "texture": "#3"},
				"west": {"uv": [0, 0, 0.5, 0.5], "texture": "#3"},
				"up": {"uv": [15, 1.5, 15.5, 2], "texture": "#3"},
				"down": {"uv": [0, 0, 0.5, 0.5], "texture": "#3"}
			}
		},
		{
			"name": "octagon",
			"from": [7.79289, 4.1, 9.4],
			"to": [8.20711, 4.3, 11.8],
			"rotation": {"angle": 0, "axis": "z", "origin": [8, 3.8, 9.8]},
			"faces": {
				"north": {"uv": [5, 2, 6.5, 3], "texture": "#3"},
				"east": {"uv": [14.5, 1.5, 15, 2], "texture": "#3"},
				"south": {"uv": [0, 0, 0.5, 0.5], "texture": "#3"},
				"west": {"uv": [0, 0, 0.5, 0.5], "texture": "#3"},
				"up": {"uv": [15, 1.5, 15.5, 2], "texture": "#3"},
				"down": {"uv": [0, 0, 0.5, 0.5], "texture": "#3"}
			}
		},
		{
			"name": "octagon",
			"from": [7.5, 3.69289, 9.4],
			"to": [7.8, 3.99289, 11.8],
			"rotation": {"angle": 0, "axis": "z", "origin": [8, 3.8, 9.8]},
			"faces": {
				"north": {"uv": [5, 2, 6.5, 3], "texture": "#3"},
				"east": {"uv": [14.5, 1.5, 15, 2], "texture": "#3"},
				"south": {"uv": [0, 0, 0.5, 0.5], "texture": "#3"},
				"west": {"uv": [15, 1.5, 15.5, 2], "texture": "#3"},
				"up": {"uv": [15, 1.5, 15.5, 2], "texture": "#3"},
				"down": {"uv": [0, 0, 0.5, 0.5], "texture": "#3"}
			}
		},
		{
			"name": "octagon",
			"from": [8.3, 3.59289, 9.4],
			"to": [8.5, 4.00711, 11.8],
			"rotation": {"angle": 45, "axis": "z", "origin": [8, 3.8, 9.8]},
			"faces": {
				"north": {"uv": [5, 2, 6.5, 3], "texture": "#3"},
				"east": {"uv": [14.5, 1.5, 15, 2], "texture": "#3"},
				"south": {"uv": [0, 0, 0.5, 0.5], "texture": "#3"},
				"west": {"uv": [0, 0, 0.5, 0.5], "texture": "#3"},
				"up": {"uv": [0, 0, 0.5, 0.5], "texture": "#3"},
				"down": {"uv": [0, 0, 0.5, 0.5], "texture": "#3"}
			}
		},
		{
			"name": "octagon",
			"from": [8.2, 3.69289, 9.4],
			"to": [8.5, 3.99289, 11.8],
			"rotation": {"angle": 0, "axis": "z", "origin": [8, 3.8, 9.8]},
			"faces": {
				"north": {"uv": [5, 2, 6.5, 3], "texture": "#3"},
				"east": {"uv": [14.5, 1.5, 15, 2], "texture": "#3"},
				"south": {"uv": [0, 0, 0.5, 0.5], "texture": "#3"},
				"west": {"uv": [0, 0, 0.5, 0.5], "texture": "#3"},
				"up": {"uv": [0, 0, 0.5, 0.5], "texture": "#3"},
				"down": {"uv": [0, 0, 0.5, 0.5], "texture": "#3"}
			}
		},
		{
			"from": [7.9, 2.475, 16.225],
			"to": [8.1, 2.8, 16.35],
			"rotation": {"angle": 22.5, "axis": "x", "origin": [8, 2.0875, 16.5375]},
			"faces": {
				"north": {"uv": [8, 0, 8.5, 0.5], "texture": "#3"},
				"east": {"uv": [8, 0, 8.5, 0.5], "texture": "#3"},
				"south": {"uv": [8, 0, 8.5, 0.5], "texture": "#3"},
				"west": {"uv": [8, 0, 8.5, 0.5], "texture": "#3"},
				"up": {"uv": [8, 0, 8.5, 0.5], "texture": "#3"},
				"down": {"uv": [8.5, 0, 8, 0.5], "texture": "#3"}
			}
		},
		{
			"from": [7.9, 2.775, 16.225],
			"to": [8.1, 3.2, 16.35],
			"rotation": {"angle": 22.5, "axis": "x", "origin": [8, 2.0875, 16.5375]},
			"faces": {
				"north": {"uv": [8, 0, 8.5, 0.5], "texture": "#3"},
				"east": {"uv": [8, 0, 8.5, 0.5], "texture": "#3"},
				"south": {"uv": [8, 0, 8.5, 0.5], "texture": "#3"},
				"west": {"uv": [8, 0, 8.5, 0.5], "texture": "#3"},
				"up": {"uv": [8, 0, 8.5, 0.5], "texture": "#3"},
				"down": {"uv": [8.5, 0, 8, 0.5], "texture": "#3"}
			}
		},
		{
			"name": "octagon",
			"from": [7.93787, 4.35, 7.9],
			"to": [8.06213, 4.45, 8],
			"rotation": {"angle": 45, "axis": "z", "origin": [8, 4.5, 6.6]},
			"faces": {
				"north": {"uv": [0, 0, 0.5, 0.5], "texture": "#3"},
				"east": {"uv": [0, 0, 0.5, 0.5], "texture": "#3"},
				"south": {"uv": [0, 0, 0.5, 0.5], "texture": "#3"},
				"west": {"uv": [0, 0, 0.5, 0.5], "texture": "#3"},
				"up": {"uv": [0, 0, 0.5, 0.5], "texture": "#3"},
				"down": {"uv": [0, 0, 0.5, 0.5], "texture": "#3"}
			}
		},
		{
			"name": "octagon",
			"from": [7.93787, 4.25, 7.9],
			"to": [8.06213, 4.45, 8],
			"rotation": {"angle": 0, "axis": "z", "origin": [8, 4.5, 6.6]},
			"faces": {
				"north": {"uv": [0, 0, 0.5, 0.5], "texture": "#3"},
				"east": {"uv": [0, 0, 0.5, 0.5], "texture": "#3"},
				"south": {"uv": [0, 0, 0.5, 0.5], "texture": "#3"},
				"west": {"uv": [0, 0, 0.5, 0.5], "texture": "#3"},
				"up": {"uv": [0, 0, 0.5, 0.5], "texture": "#3"},
				"down": {"uv": [0, 0, 0.5, 0.5], "texture": "#3"}
			}
		},
		{
			"name": "octagon",
			"from": [7.85, 4.43787, 7.9],
			"to": [7.95, 4.56213, 8],
			"rotation": {"angle": 45, "axis": "z", "origin": [8, 4.5, 6.6]},
			"faces": {
				"north": {"uv": [0, 0, 0.5, 0.5], "texture": "#3"},
				"east": {"uv": [0, 0, 0.5, 0.5], "texture": "#3"},
				"south": {"uv": [0, 0, 0.5, 0.5], "texture": "#3"},
				"west": {"uv": [0, 0, 0.5, 0.5], "texture": "#3"},
				"up": {"uv": [0, 0, 0.5, 0.5], "texture": "#3"},
				"down": {"uv": [0, 0, 0.5, 0.5], "texture": "#3"}
			}
		},
		{
			"name": "octagon",
			"from": [7.85, 4.43787, 7.9],
			"to": [7.95, 4.56213, 8],
			"rotation": {"angle": 0, "axis": "z", "origin": [8, 4.5, 6.6]},
			"faces": {
				"north": {"uv": [0, 0, 0.5, 0.5], "texture": "#3"},
				"east": {"uv": [0, 0, 0.5, 0.5], "texture": "#3"},
				"south": {"uv": [0, 0, 0.5, 0.5], "texture": "#3"},
				"west": {"uv": [0, 0, 0.5, 0.5], "texture": "#3"},
				"up": {"uv": [0, 0, 0.5, 0.5], "texture": "#3"},
				"down": {"uv": [0, 0, 0.5, 0.5], "texture": "#3"}
			}
		},
		{
			"name": "octagon",
			"from": [8.05, 4.43787, 7.9],
			"to": [8.15, 4.56213, 8],
			"rotation": {"angle": 0, "axis": "z", "origin": [8, 4.5, 6.6]},
			"faces": {
				"north": {"uv": [0, 0, 0.5, 0.5], "texture": "#3"},
				"east": {"uv": [0, 0, 0.5, 0.5], "texture": "#3"},
				"south": {"uv": [0, 0, 0.5, 0.5], "texture": "#3"},
				"west": {"uv": [0, 0, 0.5, 0.5], "texture": "#3"},
				"up": {"uv": [0, 0, 0.5, 0.5], "texture": "#3"},
				"down": {"uv": [0, 0, 0.5, 0.5], "texture": "#3"}
			}
		},
		{
			"name": "octagon",
			"from": [7.87574, 2.8, 6.3],
			"to": [8.12426, 2.9, 9.4],
			"rotation": {"angle": 45, "axis": "z", "origin": [8, 3.1, 7.4]},
			"faces": {
				"north": {"uv": [14.5, 1, 16, 2], "texture": "#3"},
				"east": {"uv": [15, 1.5, 16, 2.5], "texture": "#3"},
				"south": {"uv": [14.5, 1, 15.5, 2], "texture": "#3"},
				"west": {"uv": [14.5, 1.5, 16, 2.5], "texture": "#3"},
				"up": {"uv": [14.5, 1, 15.5, 2], "texture": "#3"},
				"down": {"uv": [14.5, 1.5, 15.5, 2.5], "texture": "#3"}
			}
		},
		{
			"name": "octagon",
			"from": [7.87574, 2.8, 6.3],
			"to": [8.12426, 2.9, 9.4],
			"rotation": {"angle": 0, "axis": "z", "origin": [8, 3.1, 7.4]},
			"faces": {
				"north": {"uv": [14.5, 1, 16, 2], "texture": "#3"},
				"east": {"uv": [15, 1.5, 16, 2.5], "texture": "#3"},
				"south": {"uv": [14.5, 1, 15.5, 2], "texture": "#3"},
				"west": {"uv": [14.5, 1.5, 16, 2.5], "texture": "#3"},
				"up": {"uv": [14.5, 1, 15.5, 2], "texture": "#3"},
				"down": {"uv": [14.5, 1.5, 15.5, 2.5], "texture": "#3"}
			}
		},
		{
			"name": "octagon",
			"from": [7.87574, 3.3, 6.3],
			"to": [8.12426, 3.4, 9.4],
			"rotation": {"angle": 45, "axis": "z", "origin": [8, 3.1, 7.4]},
			"faces": {
				"north": {"uv": [14.5, 1, 16, 2], "texture": "#3"},
				"east": {"uv": [15, 1.5, 16, 2.5], "texture": "#3"},
				"south": {"uv": [14.5, 1, 15.5, 2], "texture": "#3"},
				"west": {"uv": [14.5, 1.5, 16, 2.5], "texture": "#3"},
				"up": {"uv": [14.5, 1, 15.5, 2], "texture": "#3"},
				"down": {"uv": [14.5, 1.5, 15.5, 2.5], "texture": "#3"}
			}
		},
		{
			"name": "octagon",
			"from": [7.87574, 3.3, 6.3],
			"to": [8.12426, 3.4, 9.4],
			"rotation": {"angle": 0, "axis": "z", "origin": [8, 3.1, 7.4]},
			"faces": {
				"north": {"uv": [14.5, 1, 16, 2], "texture": "#3"},
				"east": {"uv": [15, 1.5, 16, 2.5], "texture": "#3"},
				"south": {"uv": [14.5, 1, 15.5, 2], "texture": "#3"},
				"west": {"uv": [14.5, 1.5, 16, 2.5], "texture": "#3"},
				"up": {"uv": [14.5, 1, 15.5, 2], "texture": "#3"},
				"down": {"uv": [14.5, 1.5, 15.5, 2.5], "texture": "#3"}
			}
		},
		{
			"name": "octagon",
			"from": [7.7, 2.97574, 6.3],
			"to": [7.8, 3.22426, 9.4],
			"rotation": {"angle": 45, "axis": "z", "origin": [8, 3.1, 7.4]},
			"faces": {
				"north": {"uv": [14.5, 1, 16, 2], "texture": "#3"},
				"east": {"uv": [15, 1.5, 16, 2.5], "texture": "#3"},
				"south": {"uv": [14.5, 1, 15.5, 2], "texture": "#3"},
				"west": {"uv": [14.5, 1.5, 16, 2.5], "texture": "#3"},
				"up": {"uv": [14.5, 1, 15.5, 2], "texture": "#3"},
				"down": {"uv": [14.5, 1.5, 15.5, 2.5], "texture": "#3"}
			}
		},
		{
			"name": "octagon",
			"from": [7.7, 2.97574, 6.3],
			"to": [7.8, 3.22426, 9.4],
			"rotation": {"angle": 0, "axis": "z", "origin": [8, 3.1, 7.4]},
			"faces": {
				"north": {"uv": [14.5, 1, 16, 2], "texture": "#3"},
				"east": {"uv": [15, 1.5, 16, 2.5], "texture": "#3"},
				"south": {"uv": [14.5, 1, 15.5, 2], "texture": "#3"},
				"west": {"uv": [14.5, 1.5, 16, 2.5], "texture": "#3"},
				"up": {"uv": [14.5, 1, 15.5, 2], "texture": "#3"},
				"down": {"uv": [14.5, 1.5, 15.5, 2.5], "texture": "#3"}
			}
		},
		{
			"name": "octagon",
			"from": [8.2, 2.97574, 6.3],
			"to": [8.3, 3.22426, 9.4],
			"rotation": {"angle": 45, "axis": "z", "origin": [8, 3.1, 7.4]},
			"faces": {
				"north": {"uv": [14.5, 1, 16, 2], "texture": "#3"},
				"east": {"uv": [15, 1.5, 16, 2.5], "texture": "#3"},
				"south": {"uv": [14.5, 1, 15.5, 2], "texture": "#3"},
				"west": {"uv": [14.5, 1.5, 16, 2.5], "texture": "#3"},
				"up": {"uv": [14.5, 1, 15.5, 2], "texture": "#3"},
				"down": {"uv": [14.5, 1.5, 15.5, 2.5], "texture": "#3"}
			}
		},
		{
			"name": "octagon",
			"from": [8.2, 2.97574, 6.3],
			"to": [8.3, 3.22426, 9.4],
			"rotation": {"angle": 0, "axis": "z", "origin": [8, 3.1, 7.4]},
			"faces": {
				"north": {"uv": [14.5, 1, 16, 2], "texture": "#3"},
				"east": {"uv": [15, 1.5, 16, 2.5], "texture": "#3"},
				"south": {"uv": [14.5, 1, 15.5, 2], "texture": "#3"},
				"west": {"uv": [14.5, 1.5, 16, 2.5], "texture": "#3"},
				"up": {"uv": [14.5, 1, 15.5, 2], "texture": "#3"},
				"down": {"uv": [14.5, 1.5, 15.5, 2.5], "texture": "#3"}
			}
		},
		{
			"name": "octagon",
			"from": [7.91716, 3.7, 8.1],
			"to": [8.08284, 3.8, 9.5],
			"rotation": {"angle": 45, "axis": "z", "origin": [8, 3.9, 9.1]},
			"faces": {
				"north": {"uv": [0, 0, 0.5, 0.5], "texture": "#3"},
				"east": {"uv": [0, 0, 0.5, 0.5], "texture": "#3"},
				"south": {"uv": [0, 0, 0.5, 0.5], "texture": "#3"},
				"west": {"uv": [0, 0, 0.5, 0.5], "texture": "#3"},
				"up": {"uv": [0, 0, 0.5, 0.5], "texture": "#3"},
				"down": {"uv": [0, 0, 0.5, 0.5], "texture": "#3"}
			}
		},
		{
			"name": "octagon",
			"from": [7.91716, 3.7, 8.1],
			"to": [8.08284, 3.8, 9.5],
			"rotation": {"angle": 0, "axis": "z", "origin": [8, 3.9, 9.1]},
			"faces": {
				"north": {"uv": [0, 0, 0.5, 0.5], "texture": "#3"},
				"east": {"uv": [0, 0, 0.5, 0.5], "texture": "#3"},
				"south": {"uv": [0, 0, 0.5, 0.5], "texture": "#3"},
				"west": {"uv": [0, 0, 0.5, 0.5], "texture": "#3"},
				"up": {"uv": [0, 0, 0.5, 0.5], "texture": "#3"},
				"down": {"uv": [0, 0, 0.5, 0.5], "texture": "#3"}
			}
		},
		{
			"name": "octagon",
			"from": [7.91716, 4, 8.1],
			"to": [8.08284, 4.1, 9.5],
			"rotation": {"angle": 45, "axis": "z", "origin": [8, 3.9, 9.1]},
			"faces": {
				"north": {"uv": [0, 0, 0.5, 0.5], "texture": "#3"},
				"east": {"uv": [0, 0, 0.5, 0.5], "texture": "#3"},
				"south": {"uv": [0, 0, 0.5, 0.5], "texture": "#3"},
				"west": {"uv": [0, 0, 0.5, 0.5], "texture": "#3"},
				"up": {"uv": [0, 0, 0.5, 0.5], "texture": "#3"},
				"down": {"uv": [0, 0, 0.5, 0.5], "texture": "#3"}
			}
		},
		{
			"name": "octagon",
			"from": [7.91716, 4, 8.1],
			"to": [8.08284, 4.1, 9.5],
			"rotation": {"angle": 0, "axis": "z", "origin": [8, 3.9, 9.1]},
			"faces": {
				"north": {"uv": [0, 0, 0.5, 0.5], "texture": "#3"},
				"east": {"uv": [0, 0, 0.5, 0.5], "texture": "#3"},
				"south": {"uv": [0, 0, 0.5, 0.5], "texture": "#3"},
				"west": {"uv": [0, 0, 0.5, 0.5], "texture": "#3"},
				"up": {"uv": [0, 0, 0.5, 0.5], "texture": "#3"},
				"down": {"uv": [0, 0, 0.5, 0.5], "texture": "#3"}
			}
		},
		{
			"name": "octagon",
			"from": [7.8, 3.81716, 8.1],
			"to": [7.9, 3.98284, 9.5],
			"rotation": {"angle": 45, "axis": "z", "origin": [8, 3.9, 9.1]},
			"faces": {
				"north": {"uv": [0, 0, 0.5, 0.5], "texture": "#3"},
				"east": {"uv": [0, 0, 0.5, 0.5], "texture": "#3"},
				"south": {"uv": [0, 0, 0.5, 0.5], "texture": "#3"},
				"west": {"uv": [0, 0, 0.5, 0.5], "texture": "#3"},
				"up": {"uv": [0, 0, 0.5, 0.5], "texture": "#3"},
				"down": {"uv": [0, 0, 0.5, 0.5], "texture": "#3"}
			}
		},
		{
			"name": "octagon",
			"from": [7.8, 3.81716, 8],
			"to": [7.9, 3.98284, 9.5],
			"rotation": {"angle": 0, "axis": "z", "origin": [8, 3.9, 9.1]},
			"faces": {
				"north": {"uv": [0, 0, 0.5, 0.5], "texture": "#3"},
				"east": {"uv": [0, 0, 0.5, 0.5], "texture": "#3"},
				"south": {"uv": [0, 0, 0.5, 0.5], "texture": "#3"},
				"west": {"uv": [0, 0, 0.5, 0.5], "texture": "#3"},
				"up": {"uv": [0, 0, 0.5, 0.5], "texture": "#3"},
				"down": {"uv": [0, 0, 0.5, 0.5], "texture": "#3"}
			}
		},
		{
			"name": "octagon",
			"from": [8.1, 3.81716, 8.1],
			"to": [8.2, 3.98284, 9.5],
			"rotation": {"angle": 45, "axis": "z", "origin": [8, 3.9, 9.1]},
			"faces": {
				"north": {"uv": [0, 0, 0.5, 0.5], "texture": "#3"},
				"east": {"uv": [0, 0, 0.5, 0.5], "texture": "#3"},
				"south": {"uv": [0, 0, 0.5, 0.5], "texture": "#3"},
				"west": {"uv": [0, 0, 0.5, 0.5], "texture": "#3"},
				"up": {"uv": [0, 0, 0.5, 0.5], "texture": "#3"},
				"down": {"uv": [0, 0, 0.5, 0.5], "texture": "#3"}
			}
		},
		{
			"name": "octagon",
			"from": [8.1, 3.81716, 8],
			"to": [8.2, 3.98284, 9.5],
			"rotation": {"angle": 0, "axis": "z", "origin": [8, 3.9, 9.1]},
			"faces": {
				"north": {"uv": [0, 0, 0.5, 0.5], "texture": "#3"},
				"east": {"uv": [0, 0, 0.5, 0.5], "texture": "#3"},
				"south": {"uv": [0, 0, 0.5, 0.5], "texture": "#3"},
				"west": {"uv": [0, 0, 0.5, 0.5], "texture": "#3"},
				"up": {"uv": [0, 0, 0.5, 0.5], "texture": "#3"},
				"down": {"uv": [0, 0, 0.5, 0.5], "texture": "#3"}
			}
		},
		{
			"from": [7.6875, 4.39608, 12.45784],
			"to": [7.8125, 4.49608, 13.68284],
			"rotation": {"angle": 0, "axis": "y", "origin": [8, 4.29608, 10.82034]},
			"faces": {
				"north": {"uv": [14, 15, 14.5, 15.5], "rotation": 270, "texture": "#3"},
				"east": {"uv": [13, 14.5, 13.5, 15], "rotation": 90, "texture": "#3"},
				"south": {"uv": [14.5, 15, 14, 15.5], "rotation": 270, "texture": "#3"},
				"west": {"uv": [14.5, 15, 15, 15.5], "rotation": 270, "texture": "#3"},
				"up": {"uv": [14.5, 14.5, 15, 15], "texture": "#3"},
				"down": {"uv": [13.5, 14.5, 14, 15], "rotation": 180, "texture": "#3"}
			}
		},
		{
			"from": [7.6875, 4.29608, 12.45784],
			"to": [8.3125, 4.39608, 13.68284],
			"rotation": {"angle": 0, "axis": "x", "origin": [8, 4.29608, 10.82034]},
			"faces": {
				"north": {"uv": [14, 15, 14.5, 15.5], "rotation": 270, "texture": "#3"},
				"east": {"uv": [13, 14.5, 13.5, 15], "rotation": 90, "texture": "#3"},
				"south": {"uv": [14.5, 15, 14, 15.5], "rotation": 270, "texture": "#3"},
				"west": {"uv": [14.5, 15, 15, 15.5], "rotation": 270, "texture": "#3"},
				"up": {"uv": [14.5, 14.5, 15, 15], "texture": "#3"},
				"down": {"uv": [13.5, 14.5, 14, 15], "rotation": 180, "texture": "#3"}
			}
		},
		{
			"from": [8.1875, 4.39608, 12.45784],
			"to": [8.3125, 4.49608, 13.68284],
			"rotation": {"angle": 0, "axis": "y", "origin": [8, 4.29608, 10.82034]},
			"faces": {
				"north": {"uv": [14, 15, 14.5, 15.5], "rotation": 270, "texture": "#3"},
				"east": {"uv": [13, 14.5, 13.5, 15], "rotation": 90, "texture": "#3"},
				"south": {"uv": [14.5, 15, 14, 15.5], "rotation": 270, "texture": "#3"},
				"west": {"uv": [14.5, 15, 15, 15.5], "rotation": 270, "texture": "#3"},
				"up": {"uv": [14.5, 14.5, 15, 15], "texture": "#3"},
				"down": {"uv": [13.5, 14.5, 14, 15], "rotation": 180, "texture": "#3"}
			}
		},
		{
			"name": "octagon",
			"from": [8.51716, 2.8, 9.6],
			"to": [8.68284, 2.9, 11.1],
			"rotation": {"angle": 45, "axis": "z", "origin": [8.6, 3, 10.7]},
			"faces": {
				"north": {"uv": [0, 0, 0.5, 0.5], "texture": "#3"},
				"east": {"uv": [0, 0, 0.5, 0.5], "texture": "#3"},
				"south": {"uv": [0, 0, 0.5, 0.5], "texture": "#3"},
				"west": {"uv": [0, 0, 0.5, 0.5], "texture": "#3"},
				"up": {"uv": [0, 0, 0.5, 0.5], "texture": "#3"},
				"down": {"uv": [0, 0, 0.5, 0.5], "texture": "#3"}
			}
		},
		{
			"name": "octagon",
			"from": [8.6, 2.91716, 9.6],
			"to": [8.8, 3.08284, 11.1],
			"rotation": {"angle": 0, "axis": "y", "origin": [8.6, 3, 10.7]},
			"faces": {
				"north": {"uv": [0, 0, 0.5, 0.5], "texture": "#3"},
				"east": {"uv": [0, 0, 0.5, 0.5], "texture": "#3"},
				"south": {"uv": [0, 0, 0.5, 0.5], "texture": "#3"},
				"west": {"uv": [0, 0, 0.5, 0.5], "texture": "#3"},
				"up": {"uv": [0, 0, 0.5, 0.5], "texture": "#3"},
				"down": {"uv": [0, 0, 0.5, 0.5], "texture": "#3"}
			}
		},
		{
			"name": "octagon",
			"from": [8.7, 2.91716, 9.6],
			"to": [8.8, 3.08284, 11.1],
			"rotation": {"angle": 45, "axis": "z", "origin": [8.6, 3, 10.7]},
			"faces": {
				"north": {"uv": [0, 0, 0.5, 0.5], "texture": "#3"},
				"east": {"uv": [0, 0, 0.5, 0.5], "texture": "#3"},
				"south": {"uv": [0, 0, 0.5, 0.5], "texture": "#3"},
				"west": {"uv": [0, 0, 0.5, 0.5], "texture": "#3"},
				"up": {"uv": [0, 0, 0.5, 0.5], "texture": "#3"},
				"down": {"uv": [0, 0, 0.5, 0.5], "texture": "#3"}
			}
		},
		{
			"name": "octagon",
			"from": [7.2, 2.91716, 9.6],
			"to": [7.3, 3.08284, 11.2],
			"rotation": {"angle": 45, "axis": "z", "origin": [7.4, 3, 10.7]},
			"faces": {
				"north": {"uv": [0, 0, 0.5, 0.5], "texture": "#3"},
				"east": {"uv": [0, 0, 0.5, 0.5], "texture": "#3"},
				"south": {"uv": [0, 0, 0.5, 0.5], "texture": "#3"},
				"west": {"uv": [0, 0, 0.5, 0.5], "texture": "#3"},
				"up": {"uv": [0, 0, 0.5, 0.5], "texture": "#3"},
				"down": {"uv": [0, 0, 0.5, 0.5], "texture": "#3"}
			}
		},
		{
			"name": "octagon",
			"from": [7.2, 2.91716, 9.6],
			"to": [7.4, 3.08284, 11.2],
			"rotation": {"angle": 0, "axis": "y", "origin": [7.4, 3, 10.7]},
			"faces": {
				"north": {"uv": [0, 0, 0.5, 0.5], "texture": "#3"},
				"east": {"uv": [0, 0, 0.5, 0.5], "texture": "#3"},
				"south": {"uv": [0, 0, 0.5, 0.5], "texture": "#3"},
				"west": {"uv": [0, 0, 0.5, 0.5], "texture": "#3"},
				"up": {"uv": [0, 0, 0.5, 0.5], "texture": "#3"},
				"down": {"uv": [0, 0, 0.5, 0.5], "texture": "#3"}
			}
		},
		{
			"name": "octagon",
			"from": [7.31716, 3.1, 9.6],
			"to": [7.48284, 3.2, 11.2],
			"rotation": {"angle": 45, "axis": "z", "origin": [7.4, 3, 10.7]},
			"faces": {
				"north": {"uv": [0, 0, 0.5, 0.5], "texture": "#3"},
				"east": {"uv": [0, 0, 0.5, 0.5], "texture": "#3"},
				"south": {"uv": [0, 0, 0.5, 0.5], "texture": "#3"},
				"west": {"uv": [0, 0, 0.5, 0.5], "texture": "#3"},
				"up": {"uv": [0, 0, 0.5, 0.5], "texture": "#3"},
				"down": {"uv": [0, 0, 0.5, 0.5], "texture": "#3"}
			}
		}
	],
	"display": {
		"thirdperson_righthand": {
			"translation": [0, 6.75, -13],
			"scale": [1.5, 1.5, 1.5]
		},
		"thirdperson_lefthand": {
			"translation": [0, 6.75, -13],
			"scale": [1.5, 1.5, 1.5]
		},
		"firstperson_righthand": {
			"translation": [-4.25, 10.25, -5.25],
			"scale": [1.25, 1.25, 1.25]
		},
		"firstperson_lefthand": {
			"translation": [-4.25, 10.25, -5.25],
			"scale": [1.25, 1.25, 1.25]
		},
		"ground": {
			"translation": [0, 9.75, -8.25],
			"scale": [1.5, 1.5, 1.5]
		},
		"gui": {
			"rotation": [30, 225, 0],
			"translation": [5.5, 4.25, 0],
			"scale": [1.63, 1.63, 1.63]
		},
		"fixed": {
			"rotation": [0, 90, 0],
			"translation": [-10.25, 10.75, -2],
			"scale": [2, 2, 2]
		}
	},
	"groups": [
		0,
		1,
		2,
		3,
		4,
		5,
		6,
		7,
		8,
		9,
		10,
		11,
		12,
		13,
		14,
		15,
		16,
		17,
		{
			"name": "gas tube cover",
			"origin": [8, 8, 8],
			"color": 0,
			"children": [18, 19, 20, 21, 22]
		},
		{
			"name": "trigger",
			"origin": [8, 2.0875, 14.5375],
			"color": 0,
			"children": [23, 24]
		},
		{
			"name": "octagon",
			"origin": [8, 8, 8],
			"color": 0,
			"children": [25, 26, 27, 28, 29]
		},
		{
			"name": "barrel",
			"origin": [8, 8, 8],
			"color": 0,
			"children": [30, 31, 32, 33, 34, 35, 36, 37]
		},
		{
			"name": "gas tube",
			"origin": [8, 8, 8],
			"color": 0,
			"children": [38, 39, 40, 41, 42, 43, 44, 45]
		},
		{
			"name": "front sight",
			"origin": [8, 4.29608, 8.82034],
			"color": 0,
			"children": [46, 47, 48]
		},
		{
			"name": "frond handguard",
			"origin": [7.4, 3, 8.7],
			"color": 0,
			"children": [
				{
					"name": "right",
					"origin": [7.4, 3, 8.7],
					"color": 0,
					"children": [49, 50, 51]
				},
				{
					"name": "left",
					"origin": [7.4, 3, 8.7],
					"color": 0,
					"children": [52, 53, 54]
				}
			]
		}
	]
}
