{
	"credit": "Made with Blockbench by VIKTORWOOD",
	"texture_size": [64, 64],
	"textures": {
		"0": "additionalguns:item/ak12",
		"particle": "additionalguns:item/ak12"
	},
	"elements": [
		{
			"from": [7.825, 6.25, 14.65],
			"to": [8.175, 6.3, 14.75],
			"rotation": {"angle": 0, "axis": "y", "origin": [7.8, 6.1, 14]},
			"faces": {
				"north": {"uv": [10.5, 5, 10.625, 5.125], "texture": "#0"},
				"south": {"uv": [10.5, 5.25, 10.625, 5.375], "texture": "#0"},
				"up": {"uv": [10.625, 5.625, 10.5, 5.5], "texture": "#0"},
				"down": {"uv": [5.875, 10.5, 5.75, 10.625], "texture": "#0"}
			}
		},
		{
			"from": [8.15, 6, 14.65],
			"to": [8.2, 6.3, 14.75],
			"rotation": {"angle": 0, "axis": "y", "origin": [7.825, 6.1, 14]},
			"faces": {
				"north": {"uv": [10.5, 5.75, 10.625, 5.875], "texture": "#0"},
				"east": {"uv": [6, 10.5, 6.125, 10.625], "texture": "#0"},
				"south": {"uv": [10.5, 6, 10.625, 6.125], "texture": "#0"},
				"west": {"uv": [6.25, 10.5, 6.375, 10.625], "texture": "#0"},
				"up": {"uv": [10.625, 6.375, 10.5, 6.25], "texture": "#0"}
			}
		},
		{
			"from": [7.8, 6, 14.65],
			"to": [7.85, 6.3, 14.75],
			"rotation": {"angle": 0, "axis": "y", "origin": [7.45, 6.1, 14]},
			"faces": {
				"north": {"uv": [10.5, 6.5, 10.625, 6.625], "texture": "#0"},
				"east": {"uv": [6.75, 10.5, 6.875, 10.625], "texture": "#0"},
				"south": {"uv": [10.5, 6.75, 10.625, 6.875], "texture": "#0"},
				"west": {"uv": [7, 10.5, 7.125, 10.625], "texture": "#0"},
				"up": {"uv": [10.625, 7.125, 10.5, 7], "texture": "#0"}
			}
		},
		{
			"from": [7.8, 5.7, 14.5],
			"to": [8.2, 6, 14.9],
			"rotation": {"angle": 0, "axis": "y", "origin": [7.45, 5.8, 14]},
			"faces": {
				"north": {"uv": [10.5, 7.25, 10.625, 7.375], "texture": "#0"},
				"east": {"uv": [7.5, 10.5, 7.625, 10.625], "texture": "#0"},
				"south": {"uv": [10.5, 7.5, 10.625, 7.625], "texture": "#0"},
				"west": {"uv": [7.75, 10.5, 7.875, 10.625], "texture": "#0"},
				"up": {"uv": [10.625, 7.875, 10.5, 7.75], "texture": "#0"}
			}
		},
		{
			"from": [7.5, 5.4, 14],
			"to": [8.5, 5.7, 15],
			"rotation": {"angle": 0, "axis": "y", "origin": [7.4, 5.4, 14]},
			"faces": {
				"north": {"uv": [2.25, 10.25, 2.5, 10.375], "texture": "#0"},
				"east": {"uv": [4.75, 10.25, 5, 10.375], "texture": "#0"},
				"south": {"uv": [5, 10.25, 5.25, 10.375], "texture": "#0"},
				"west": {"uv": [5.25, 10.25, 5.5, 10.375], "texture": "#0"},
				"up": {"uv": [6.25, 7.5, 6, 7.25], "texture": "#0"},
				"down": {"uv": [6.75, 7.5, 6.5, 7.75], "texture": "#0"}
			}
		},
		{
			"from": [8.38284, 5.78284, -4.825],
			"to": [8.58284, 6.08284, -3.975],
			"rotation": {"angle": 0, "axis": "y", "origin": [8.98284, 4.78284, -5]},
			"faces": {
				"north": {"uv": [10.5, 8, 10.625, 8.125], "texture": "#0"},
				"east": {"uv": [5.5, 10.25, 5.75, 10.375], "texture": "#0"},
				"south": {"uv": [8.25, 10.5, 8.375, 10.625], "texture": "#0"},
				"west": {"uv": [5.75, 10.25, 6, 10.375], "texture": "#0"}
			}
		},
		{
			"from": [7.81664, 6.12935, -4.825],
			"to": [8.01664, 6.32935, -3.975],
			"rotation": {"angle": 22.5, "axis": "z", "origin": [8.41664, 7.52935, -5]},
			"faces": {
				"north": {"uv": [10.5, 8.25, 10.625, 8.375], "texture": "#0"},
				"east": {"uv": [6, 10.25, 6.25, 10.375], "texture": "#0"},
				"south": {"uv": [8.5, 10.5, 8.625, 10.625], "texture": "#0"},
				"west": {"uv": [6.25, 10.25, 6.5, 10.375], "texture": "#0"},
				"up": {"uv": [6.625, 10.5, 6.5, 10.25], "texture": "#0"}
			}
		},
		{
			"from": [7.98336, 6.12935, -4.825],
			"to": [8.18336, 6.32935, -3.975],
			"rotation": {"angle": -22.5, "axis": "z", "origin": [7.58336, 7.52935, -5]},
			"faces": {
				"north": {"uv": [10.5, 8.5, 10.625, 8.625], "texture": "#0"},
				"east": {"uv": [6.75, 10.25, 7, 10.375], "texture": "#0"},
				"south": {"uv": [8.75, 10.5, 8.875, 10.625], "texture": "#0"},
				"west": {"uv": [7, 10.25, 7.25, 10.375], "texture": "#0"},
				"up": {"uv": [7.375, 10.5, 7.25, 10.25], "texture": "#0"}
			}
		},
		{
			"from": [7.27574, 5.51005, -4.825],
			"to": [7.47574, 5.91005, -3.975],
			"rotation": {"angle": -45, "axis": "z", "origin": [7.87574, 4.51005, -5]},
			"faces": {
				"north": {"uv": [10.5, 8.75, 10.625, 8.875], "texture": "#0"},
				"east": {"uv": [10.25, 7.25, 10.5, 7.375], "texture": "#0"},
				"south": {"uv": [9, 10.5, 9.125, 10.625], "texture": "#0"},
				"west": {"uv": [7.5, 10.25, 7.75, 10.375], "texture": "#0"},
				"down": {"uv": [10.375, 7.5, 10.25, 7.75], "texture": "#0"}
			}
		},
		{
			"from": [7.41716, 5.78284, -4.825],
			"to": [7.61716, 6.08284, -3.975],
			"rotation": {"angle": 0, "axis": "y", "origin": [7.01716, 4.78284, -5]},
			"faces": {
				"north": {"uv": [10.5, 9, 10.625, 9.125], "texture": "#0"},
				"east": {"uv": [7.75, 10.25, 8, 10.375], "texture": "#0"},
				"south": {"uv": [9.25, 10.5, 9.375, 10.625], "texture": "#0"},
				"west": {"uv": [10.25, 7.75, 10.5, 7.875], "texture": "#0"}
			}
		},
		{
			"from": [8.52426, 5.51005, -4.825],
			"to": [8.72426, 5.91005, -3.975],
			"rotation": {"angle": 45, "axis": "z", "origin": [8.12426, 4.51005, -5]},
			"faces": {
				"north": {"uv": [10.5, 9.25, 10.625, 9.375], "texture": "#0"},
				"east": {"uv": [8, 10.25, 8.25, 10.375], "texture": "#0"},
				"south": {"uv": [9.5, 10.5, 9.625, 10.625], "texture": "#0"},
				"west": {"uv": [10.25, 8, 10.5, 8.125], "texture": "#0"},
				"down": {"uv": [10.375, 8.25, 10.25, 8.5], "texture": "#0"}
			}
		},
		{
			"from": [7.9, 5.7, -4.6],
			"to": [8.1, 6.1, -4.4],
			"rotation": {"angle": 0, "axis": "y", "origin": [7.5, 4.7, -6]},
			"faces": {
				"north": {"uv": [10.5, 9.5, 10.625, 9.625], "texture": "#0"},
				"east": {"uv": [9.75, 10.5, 9.875, 10.625], "texture": "#0"},
				"south": {"uv": [10.5, 9.75, 10.625, 9.875], "texture": "#0"},
				"west": {"uv": [10, 10.5, 10.125, 10.625], "texture": "#0"},
				"up": {"uv": [10.625, 10.125, 10.5, 10], "texture": "#0"}
			}
		},
		{
			"from": [7.5, 1.2, 10.4],
			"to": [8.5, 2.7, 11],
			"rotation": {"angle": 0, "axis": "y", "origin": [0.5, 0, 4]},
			"faces": {
				"east": {"uv": [6.75, 9.75, 6.875, 10.125], "texture": "#0"},
				"south": {"uv": [6, 9, 6.25, 9.375], "texture": "#0"},
				"west": {"uv": [9.75, 6.75, 9.875, 7.125], "texture": "#0"},
				"down": {"uv": [10.5, 8.5, 10.25, 8.625], "texture": "#0"}
			}
		},
		{
			"from": [7.8, 4.82502, 11.566],
			"to": [8.4, 5.02502, 13.316],
			"rotation": {"angle": -22.5, "axis": "x", "origin": [15.6, 3.62502, 21.666]},
			"faces": {
				"east": {"uv": [9.25, 1.75, 9.75, 1.875], "texture": "#0"},
				"west": {"uv": [9.25, 2, 9.75, 2.125], "texture": "#0"},
				"up": {"uv": [9.375, 5.25, 9.25, 4.75], "texture": "#0"},
				"down": {"uv": [9.375, 5.25, 9.25, 5.75], "texture": "#0"}
			}
		},
		{
			"from": [7.8, 4.25099, 10.47101],
			"to": [8.4, 4.45099, 12.07101],
			"rotation": {"angle": 22.5, "axis": "x", "origin": [0.6, 3.05099, 3.47101]},
			"faces": {
				"east": {"uv": [7, 9.75, 7.375, 9.875], "texture": "#0"},
				"west": {"uv": [9.75, 7.25, 10.125, 7.375], "texture": "#0"},
				"up": {"uv": [7.625, 10.125, 7.5, 9.75], "texture": "#0"},
				"down": {"uv": [9.875, 7.5, 9.75, 7.875], "texture": "#0"}
			}
		},
		{
			"from": [7.9, 1.54213, 9.48546],
			"to": [8.1, 2.34213, 9.68546],
			"rotation": {"angle": 22.5, "axis": "x", "origin": [0.5, -5.55787, 10.88546]},
			"faces": {
				"north": {"uv": [10.5, 10.25, 10.625, 10.375], "texture": "#0"},
				"east": {"uv": [10.5, 10.5, 10.625, 10.625], "texture": "#0"},
				"south": {"uv": [0, 10.75, 0.125, 10.875], "texture": "#0"},
				"west": {"uv": [10.75, 0, 10.875, 0.125], "texture": "#0"},
				"down": {"uv": [0.375, 10.75, 0.25, 10.875], "texture": "#0"}
			}
		},
		{
			"from": [7.9, 2.2, 12.6],
			"to": [8.1, 2.7, 12.8],
			"rotation": {"angle": 0, "axis": "y", "origin": [0.5, -5.4, 14]},
			"faces": {
				"north": {"uv": [10.75, 0.25, 10.875, 0.375], "texture": "#0"},
				"east": {"uv": [0.5, 10.75, 0.625, 10.875], "texture": "#0"},
				"south": {"uv": [10.75, 0.5, 10.875, 0.625], "texture": "#0"},
				"west": {"uv": [0.75, 10.75, 0.875, 10.875], "texture": "#0"}
			}
		},
		{
			"from": [7.5, 1.5, 13.4],
			"to": [8.5, 2.7, 14.4],
			"rotation": {"angle": 0, "axis": "y", "origin": [0.5, 0, 4]},
			"faces": {
				"north": {"uv": [8, 0.5, 8.25, 0.75], "texture": "#0"},
				"east": {"uv": [8.25, 4.25, 8.5, 4.5], "texture": "#0"},
				"west": {"uv": [5.5, 8.25, 5.75, 8.5], "texture": "#0"},
				"down": {"uv": [9.5, 4, 9.25, 4.25], "texture": "#0"}
			}
		},
		{
			"from": [7.5, 3.9, 13.8],
			"to": [8.5, 5.1, 15.8],
			"rotation": {"angle": 45, "axis": "x", "origin": [0.5, 3, 13]},
			"faces": {
				"east": {"uv": [2, 8.75, 2.5, 9], "texture": "#0"},
				"south": {"uv": [9.25, 5.75, 9.5, 6], "texture": "#0"},
				"west": {"uv": [8.75, 4.75, 9.25, 5], "texture": "#0"},
				"up": {"uv": [2.75, 9.25, 2.5, 8.75], "texture": "#0"}
			}
		},
		{
			"from": [7.5, -2.3, 13],
			"to": [8.5, -1.7, 13.4],
			"rotation": {"angle": -22.5, "axis": "x", "origin": [0.5, 3, 13]},
			"faces": {
				"north": {"uv": [10.25, 8.75, 10.5, 8.875], "texture": "#0"},
				"east": {"uv": [10.75, 0.75, 10.875, 0.875], "texture": "#0"},
				"west": {"uv": [1, 10.75, 1.125, 10.875], "texture": "#0"},
				"up": {"uv": [9.25, 10.375, 9, 10.25], "texture": "#0"},
				"down": {"uv": [10.5, 9, 10.25, 9.125], "texture": "#0"}
			}
		},
		{
			"from": [7.5, -2.3, 13.4],
			"to": [8.5, 3, 15],
			"rotation": {"angle": -22.5, "axis": "x", "origin": [0.5, 3, 13]},
			"faces": {
				"north": {"uv": [2.75, 5.25, 3, 6.625], "texture": "#0"},
				"east": {"uv": [0.5, 3.75, 0.875, 5.125], "texture": "#0"},
				"south": {"uv": [3, 5.25, 3.25, 6.625], "texture": "#0"},
				"west": {"uv": [3.75, 2, 4.125, 3.375], "texture": "#0"},
				"down": {"uv": [9.25, 6, 9, 6.375], "texture": "#0"}
			}
		},
		{
			"from": [7.7, 3.2, -4.8],
			"to": [8.3, 5.7, -4.1],
			"rotation": {"angle": 0, "axis": "y", "origin": [8, 4.4, -3.6]},
			"faces": {
				"north": {"uv": [1.75, 9.25, 1.875, 9.875], "texture": "#0"},
				"east": {"uv": [2.5, 9.25, 2.625, 9.875], "texture": "#0"},
				"south": {"uv": [3.25, 9.25, 3.375, 9.875], "texture": "#0"},
				"west": {"uv": [9.25, 3.25, 9.375, 3.875], "texture": "#0"},
				"up": {"uv": [10.875, 1.125, 10.75, 1], "texture": "#0"}
			}
		},
		{
			"from": [7.375, 1.5496, 7.59052],
			"to": [8.625, 3.1496, 7.69052],
			"rotation": {"angle": 22.5, "axis": "x", "origin": [12.1, 1.8496, 2.69052]},
			"faces": {
				"north": {"uv": [8.25, 0.5, 8.625, 0.875], "texture": "#0"},
				"east": {"uv": [7.75, 9.75, 7.875, 10.125], "texture": "#0"},
				"south": {"uv": [6.5, 8.25, 6.875, 8.625], "texture": "#0"},
				"west": {"uv": [8, 9.75, 8.125, 10.125], "texture": "#0"},
				"up": {"uv": [10.125, 8.125, 9.75, 8], "texture": "#0"},
				"down": {"uv": [8.625, 9.75, 8.25, 9.875], "texture": "#0"}
			}
		},
		{
			"from": [7.375, 1.2746, 8.19052],
			"to": [8.625, 3.1496, 8.29052],
			"rotation": {"angle": 22.5, "axis": "x", "origin": [12.1, 1.8496, 3.09052]},
			"faces": {
				"north": {"uv": [4.75, 7, 5.125, 7.5], "texture": "#0"},
				"east": {"uv": [9.25, 6, 9.375, 6.5], "texture": "#0"},
				"south": {"uv": [7, 6, 7.375, 6.5], "texture": "#0"},
				"west": {"uv": [7.25, 9.25, 7.375, 9.75], "texture": "#0"},
				"up": {"uv": [9.125, 9.875, 8.75, 9.75], "texture": "#0"},
				"down": {"uv": [10.125, 8.75, 9.75, 8.875], "texture": "#0"}
			}
		},
		{
			"from": [7.375, 0.7246, 9.59052],
			"to": [8.625, 3.1496, 9.69052],
			"rotation": {"angle": 22.5, "axis": "x", "origin": [12.1, 1.8496, 4.49052]},
			"faces": {
				"north": {"uv": [2.75, 6.75, 3.125, 7.375], "texture": "#0"},
				"east": {"uv": [3.5, 9.25, 3.625, 9.875], "texture": "#0"},
				"south": {"uv": [6.75, 6.5, 7.125, 7.125], "texture": "#0"},
				"west": {"uv": [3.75, 9.25, 3.875, 9.875], "texture": "#0"},
				"up": {"uv": [10.125, 9.375, 9.75, 9.25], "texture": "#0"},
				"down": {"uv": [10.125, 9.5, 9.75, 9.625], "texture": "#0"}
			}
		},
		{
			"from": [7.375, 0.9996, 8.89052],
			"to": [8.625, 3.1496, 8.99052],
			"rotation": {"angle": 22.5, "axis": "x", "origin": [12.1, 1.8496, 3.79052]},
			"faces": {
				"north": {"uv": [6.25, 7, 6.625, 7.5], "texture": "#0"},
				"east": {"uv": [7.5, 9.25, 7.625, 9.75], "texture": "#0"},
				"south": {"uv": [7.25, 3.5, 7.625, 4], "texture": "#0"},
				"west": {"uv": [7.75, 9.25, 7.875, 9.75], "texture": "#0"},
				"up": {"uv": [10.125, 9.875, 9.75, 9.75], "texture": "#0"},
				"down": {"uv": [0.375, 10, 0, 10.125], "texture": "#0"}
			}
		},
		{
			"from": [7.375, 1.05, 9.7],
			"to": [8.625, 2.6, 9.8],
			"rotation": {"angle": 0, "axis": "y", "origin": [12.1, 1.2, 4.2]},
			"faces": {
				"north": {"uv": [8.25, 6.5, 8.625, 6.875], "texture": "#0"},
				"east": {"uv": [10, 0.75, 10.125, 1.125], "texture": "#0"},
				"south": {"uv": [8.25, 7, 8.625, 7.375], "texture": "#0"},
				"west": {"uv": [1, 10, 1.125, 10.375], "texture": "#0"}
			}
		},
		{
			"from": [7.375, 1.05, 9],
			"to": [8.625, 2.6, 9.1],
			"rotation": {"angle": 0, "axis": "y", "origin": [12.1, 1.2, 3.6]},
			"faces": {
				"north": {"uv": [8.25, 7.5, 8.625, 7.875], "texture": "#0"},
				"east": {"uv": [1.25, 10, 1.375, 10.375], "texture": "#0"},
				"south": {"uv": [8.25, 8, 8.625, 8.375], "texture": "#0"},
				"west": {"uv": [10, 1.25, 10.125, 1.625], "texture": "#0"}
			}
		},
		{
			"from": [7.375, 1.05, 8.3],
			"to": [8.625, 2.6, 8.4],
			"rotation": {"angle": 0, "axis": "y", "origin": [12.1, 1.2, 3]},
			"faces": {
				"north": {"uv": [8.5, 0, 8.875, 0.375], "texture": "#0"},
				"east": {"uv": [1.5, 10, 1.625, 10.375], "texture": "#0"},
				"south": {"uv": [8.5, 1, 8.875, 1.375], "texture": "#0"},
				"west": {"uv": [1.75, 10, 1.875, 10.375], "texture": "#0"}
			}
		},
		{
			"from": [7.375, 1.75, 7.8],
			"to": [8.625, 1.85, 9.7],
			"rotation": {"angle": 0, "axis": "y", "origin": [12.1, 2.3, 4.1]},
			"faces": {
				"east": {"uv": [9.25, 8.5, 9.75, 8.625], "texture": "#0"},
				"west": {"uv": [9.25, 8.75, 9.75, 8.875], "texture": "#0"},
				"up": {"uv": [7.625, 4.5, 7.25, 4], "texture": "#0"},
				"down": {"uv": [7.625, 6.5, 7.25, 7], "texture": "#0"}
			}
		},
		{
			"from": [7.375, 1.05, 7.7],
			"to": [8.625, 2.6, 7.8],
			"rotation": {"angle": 0, "axis": "y", "origin": [12.1, 1.2, 2.4]},
			"faces": {
				"north": {"uv": [8.5, 1.5, 8.875, 1.875], "texture": "#0"},
				"east": {"uv": [10, 2, 10.125, 2.375], "texture": "#0"},
				"south": {"uv": [8.5, 2, 8.875, 2.375], "texture": "#0"},
				"west": {"uv": [2.5, 10, 2.625, 10.375], "texture": "#0"}
			}
		},
		{
			"from": [7.375, -1.05, 8.2],
			"to": [8.625, -0.95, 10.05],
			"rotation": {"angle": 45, "axis": "x", "origin": [12.1, 2.4, 4.3]},
			"faces": {
				"east": {"uv": [9.5, 3.75, 10, 3.875], "texture": "#0"},
				"south": {"uv": [10, 5, 10.375, 5.125], "texture": "#0"},
				"west": {"uv": [9.5, 4, 10, 4.125], "texture": "#0"},
				"up": {"uv": [0.375, 8.25, 0, 7.75], "texture": "#0"},
				"down": {"uv": [8.125, 3.5, 7.75, 4], "texture": "#0"}
			}
		},
		{
			"from": [7.375, 0.25, 8.2],
			"to": [8.625, 0.35, 9.975],
			"rotation": {"angle": 45, "axis": "x", "origin": [12.1, 2.4, 4.3]},
			"faces": {
				"east": {"uv": [9.5, 4.25, 10, 4.375], "texture": "#0"},
				"west": {"uv": [9.5, 4.75, 10, 4.875], "texture": "#0"},
				"up": {"uv": [8.125, 4.5, 7.75, 4], "texture": "#0"},
				"down": {"uv": [6.875, 7.75, 6.5, 8.25], "texture": "#0"}
			}
		},
		{
			"from": [7.375, 1.95, 8.2],
			"to": [8.625, 2.05, 9.975],
			"rotation": {"angle": 45, "axis": "x", "origin": [12.1, 2.4, 4.3]},
			"faces": {
				"east": {"uv": [9.5, 5, 10, 5.125], "texture": "#0"},
				"west": {"uv": [9.5, 5.25, 10, 5.375], "texture": "#0"},
				"up": {"uv": [8.125, 7, 7.75, 6.5], "texture": "#0"},
				"down": {"uv": [8.125, 7, 7.75, 7.5], "texture": "#0"}
			}
		},
		{
			"from": [7.375, 1.25, 8],
			"to": [8.625, 1.35, 9.9],
			"rotation": {"angle": 22.5, "axis": "x", "origin": [12.1, 2.4, 4.3]},
			"faces": {
				"east": {"uv": [9.5, 5.5, 10, 5.625], "texture": "#0"},
				"south": {"uv": [10, 6, 10.375, 6.125], "texture": "#0"},
				"west": {"uv": [9.5, 5.75, 10, 5.875], "texture": "#0"},
				"up": {"uv": [8.125, 8, 7.75, 7.5], "texture": "#0"},
				"down": {"uv": [8.375, 0, 8, 0.5], "texture": "#0"}
			}
		},
		{
			"from": [7.375, 2.15, 8],
			"to": [8.625, 2.25, 9.9],
			"rotation": {"angle": 22.5, "axis": "x", "origin": [12.1, 2.4, 4.3]},
			"faces": {
				"east": {"uv": [6, 9.5, 6.5, 9.625], "texture": "#0"},
				"south": {"uv": [10, 6.25, 10.375, 6.375], "texture": "#0"},
				"west": {"uv": [9.5, 6, 10, 6.125], "texture": "#0"},
				"up": {"uv": [3.125, 8.5, 2.75, 8], "texture": "#0"},
				"down": {"uv": [8.375, 3, 8, 3.5], "texture": "#0"}
			}
		},
		{
			"from": [7.2, 2.6, 5.8],
			"to": [8.8, 4.2, 16.4],
			"rotation": {"angle": 0, "axis": "y", "origin": [8, 2.8, 4.8]},
			"faces": {
				"east": {"uv": [0, 0, 2.625, 0.375], "texture": "#0", "tintindex": 0},
				"south": {"uv": [8.5, 6, 8.875, 6.375], "texture": "#0", "tintindex": 0},
				"west": {"uv": [0, 0.5, 2.625, 0.875], "texture": "#0", "tintindex": 0},
				"up": {"uv": [0.375, 3.625, 0, 1], "texture": "#0", "tintindex": 0},
				"down": {"uv": [0.875, 1, 0.5, 3.625], "texture": "#0", "tintindex": 0}
			}
		},
		{
			"from": [8.4, -3.1196, 17.99462],
			"to": [8.7, -1.7196, 19.09462],
			"rotation": {"angle": -45, "axis": "x", "origin": [8, -2.7196, 8.89462]},
			"faces": {
				"east": {"uv": [8.25, 9, 8.5, 9.375], "texture": "#0", "tintindex": 0},
				"south": {"uv": [8.5, 10, 8.625, 10.375], "texture": "#0", "tintindex": 0},
				"down": {"uv": [9.375, 10.25, 9.25, 10.5], "texture": "#0", "tintindex": 0}
			}
		},
		{
			"from": [7.3, -3.1196, 17.99462],
			"to": [7.6, -1.7196, 19.09462],
			"rotation": {"angle": -45, "axis": "x", "origin": [8, -2.7196, 8.89462]},
			"faces": {
				"south": {"uv": [8.75, 10, 8.875, 10.375], "texture": "#0", "tintindex": 0},
				"west": {"uv": [8.5, 9, 8.75, 9.375], "texture": "#0", "tintindex": 0},
				"down": {"uv": [10.375, 9.25, 10.25, 9.5], "texture": "#0", "tintindex": 0}
			}
		},
		{
			"from": [8.7, 4.6, 7.2],
			"to": [9.6, 4.9, 7.9],
			"rotation": {"angle": 0, "axis": "y", "origin": [9.5, 4.2, 4.8]},
			"faces": {
				"north": {"uv": [9.5, 10.25, 9.75, 10.375], "texture": "#0"},
				"east": {"uv": [10.75, 1.25, 10.875, 1.375], "texture": "#0"},
				"south": {"uv": [10.25, 9.5, 10.5, 9.625], "texture": "#0"},
				"up": {"uv": [10, 10.375, 9.75, 10.25], "texture": "#0"},
				"down": {"uv": [10.5, 9.75, 10.25, 9.875], "texture": "#0"}
			}
		},
		{
			"from": [8.4, 4.2, 6.8],
			"to": [8.7, 5.2, 15.4],
			"rotation": {"angle": 0, "axis": "y", "origin": [9.2, 4.2, 4.8]},
			"faces": {
				"east": {"uv": [3.75, 1, 5.875, 1.25], "texture": "#0", "tintindex": 0},
				"west": {"uv": [3.75, 1.25, 5.875, 1.5], "texture": "#0", "tintindex": 0},
				"up": {"uv": [3.375, 8.625, 3.25, 6.5], "texture": "#0", "tintindex": 0}
			}
		},
		{
			"from": [7.3, 4.2, 6.8],
			"to": [7.6, 5.2, 15.4],
			"rotation": {"angle": 0, "axis": "y", "origin": [8, 4.2, 4.8]},
			"faces": {
				"east": {"uv": [3.75, 1.5, 5.875, 1.75], "texture": "#0", "tintindex": 0},
				"west": {"uv": [3.75, 1.75, 5.875, 2], "texture": "#0", "tintindex": 0},
				"up": {"uv": [3.875, 8.625, 3.75, 6.5], "texture": "#0", "tintindex": 0}
			}
		},
		{
			"from": [7.6, -3.76812, 17.31178],
			"to": [8.4, -1.76812, 19.21178],
			"rotation": {"angle": -45, "axis": "x", "origin": [8, -3.16812, 8.21178]},
			"faces": {
				"east": {"uv": [4.75, 6.5, 5.25, 7], "texture": "#0", "tintindex": 0},
				"south": {"uv": [3.25, 8.75, 3.5, 9.25], "texture": "#0", "tintindex": 0},
				"west": {"uv": [6.25, 6.5, 6.75, 7], "texture": "#0", "tintindex": 0}
			}
		},
		{
			"from": [7.6, 4.2, 6.8],
			"to": [8.4, 5.6, 15],
			"rotation": {"angle": 0, "axis": "y", "origin": [8, 4.2, 4.8]},
			"faces": {
				"east": {"uv": [2.75, 0, 4.75, 0.375], "texture": "#0", "tintindex": 0},
				"west": {"uv": [2.75, 0.5, 4.75, 0.875], "texture": "#0", "tintindex": 0},
				"up": {"uv": [3.75, 5.75, 3.5, 3.75], "texture": "#0", "tintindex": 0}
			}
		},
		{
			"from": [7.2, 4.2, 5.8],
			"to": [8.8, 5.6, 6.8],
			"rotation": {"angle": 0, "axis": "y", "origin": [8, 4.2, 4.8]},
			"faces": {
				"north": {"uv": [8.25, 8.5, 8.625, 8.875], "texture": "#0", "tintindex": 0},
				"east": {"uv": [9, 8.5, 9.25, 8.875], "texture": "#0", "tintindex": 0},
				"south": {"uv": [8.75, 0.5, 9.125, 0.875], "texture": "#0", "tintindex": 0},
				"west": {"uv": [9, 9, 9.25, 9.375], "texture": "#0", "tintindex": 0},
				"up": {"uv": [9.375, 4.5, 9, 4.25], "texture": "#0", "tintindex": 0}
			}
		},
		{
			"from": [7.2, 2.6, -1],
			"to": [8.8, 3, 5.8],
			"rotation": {"angle": 0, "axis": "y", "origin": [0, 8.2, 4]},
			"faces": {
				"north": {"uv": [9, 10, 9.375, 10.125], "texture": "#0"},
				"east": {"uv": [6.5, 0.75, 8.25, 0.875], "texture": "#0"},
				"west": {"uv": [6.75, 4.5, 8.5, 4.625], "texture": "#0"},
				"down": {"uv": [0.375, 3.75, 0, 5.5], "texture": "#0"}
			}
		},
		{
			"from": [7.4, 5.2, -1],
			"to": [8.6, 5.6, 5.8],
			"rotation": {"angle": 0, "axis": "y", "origin": [0, 0, 4]},
			"faces": {
				"north": {"uv": [10.25, 10, 10.5, 10.125], "texture": "#0"},
				"east": {"uv": [7, 5.5, 8.75, 5.625], "texture": "#0"},
				"west": {"uv": [7, 5.75, 8.75, 5.875], "texture": "#0"},
				"up": {"uv": [4, 6.5, 3.75, 4.75], "texture": "#0"}
			}
		},
		{
			"from": [7, 4.2, -1],
			"to": [9, 5.2, 5.8],
			"rotation": {"angle": 0, "axis": "y", "origin": [0, 0, 4]},
			"faces": {
				"north": {"uv": [8.75, 5, 9.25, 5.25], "texture": "#0"},
				"east": {"uv": [4.75, 0.75, 6.5, 1], "texture": "#0"},
				"south": {"uv": [8.75, 5.25, 9.25, 5.5], "texture": "#0"},
				"west": {"uv": [4.75, 3.5, 6.5, 3.75], "texture": "#0"},
				"up": {"uv": [1.5, 2.75, 1, 1], "texture": "#0"}
			}
		},
		{
			"from": [7, 3, -1],
			"to": [9, 4.2, 5.8],
			"rotation": {"angle": 0, "axis": "y", "origin": [0, 0, 4]},
			"faces": {
				"north": {"uv": [8.75, 5.5, 9.25, 5.75], "texture": "#0"},
				"east": {"uv": [4.75, 3.75, 6.5, 4], "texture": "#0"},
				"south": {"uv": [8.75, 5.75, 9.25, 6], "texture": "#0"},
				"west": {"uv": [4.75, 4, 6.5, 4.25], "texture": "#0"},
				"down": {"uv": [3, 1, 2.5, 2.75], "texture": "#0"}
			}
		},
		{
			"from": [8.25, 4.6, -4.8],
			"to": [8.5, 5.2, -0.6],
			"rotation": {"angle": 0, "axis": "y", "origin": [0, 1.3, 10]},
			"faces": {
				"north": {"uv": [1.5, 10.75, 1.625, 10.875], "texture": "#0"},
				"east": {"uv": [8.75, 6.5, 9.75, 6.625], "texture": "#0"},
				"west": {"uv": [8.75, 6.75, 9.75, 6.875], "texture": "#0"}
			}
		},
		{
			"from": [7.5, 4.6, -4.8],
			"to": [7.75, 5.2, -0.6],
			"rotation": {"angle": 0, "axis": "y", "origin": [0, 1.3, 10]},
			"faces": {
				"north": {"uv": [10.75, 1.5, 10.875, 1.625], "texture": "#0"},
				"east": {"uv": [8.75, 7, 9.75, 7.125], "texture": "#0"},
				"west": {"uv": [8.75, 7.25, 9.75, 7.375], "texture": "#0"}
			}
		},
		{
			"from": [7.7, 4.4, -4.8],
			"to": [8.3, 4.65, -0.6],
			"rotation": {"angle": 0, "axis": "y", "origin": [0, 1.3, 10]},
			"faces": {
				"east": {"uv": [8.75, 7.5, 9.75, 7.625], "texture": "#0"},
				"west": {"uv": [8.75, 7.75, 9.75, 7.875], "texture": "#0"},
				"up": {"uv": [6.625, 9.75, 6.5, 8.75], "texture": "#0"},
				"down": {"uv": [6.875, 8.75, 6.75, 9.75], "texture": "#0"}
			}
		},
		{
			"from": [7.57071, 4.28871, -4.801],
			"to": [7.77071, 4.57071, -0.601],
			"rotation": {"angle": 45, "axis": "z", "origin": [7.5, 4.5, 9]},
			"faces": {
				"north": {"uv": [10.75, 1.75, 10.875, 1.875], "texture": "#0"},
				"east": {"uv": [8.75, 8, 9.75, 8.125], "texture": "#0"},
				"south": {"uv": [2, 10.75, 2.125, 10.875], "texture": "#0"},
				"west": {"uv": [8.75, 8.25, 9.75, 8.375], "texture": "#0"},
				"up": {"uv": [8.875, 9.5, 8.75, 8.5], "texture": "#0"},
				"down": {"uv": [0.125, 9, 0, 10], "texture": "#0"}
			}
		},
		{
			"from": [8.22929, 4.28871, -4.801],
			"to": [8.42929, 4.57071, -0.601],
			"rotation": {"angle": -45, "axis": "z", "origin": [8.5, 4.5, 9]},
			"faces": {
				"north": {"uv": [10.75, 2, 10.875, 2.125], "texture": "#0"},
				"east": {"uv": [9, 0, 10, 0.125], "texture": "#0"},
				"south": {"uv": [2.25, 10.75, 2.375, 10.875], "texture": "#0"},
				"west": {"uv": [9, 0.25, 10, 0.375], "texture": "#0"},
				"up": {"uv": [0.375, 10, 0.25, 9], "texture": "#0"},
				"down": {"uv": [0.875, 9, 0.75, 10], "texture": "#0"}
			}
		},
		{
			"from": [8.37071, 5.17071, -4.801],
			"to": [8.57071, 5.45271, -0.601],
			"rotation": {"angle": 45, "axis": "z", "origin": [8.5, 5.1, 9]},
			"faces": {
				"north": {"uv": [10.75, 2.25, 10.875, 2.375], "texture": "#0"},
				"east": {"uv": [1, 9, 2, 9.125], "texture": "#0"},
				"south": {"uv": [2.5, 10.75, 2.625, 10.875], "texture": "#0"},
				"west": {"uv": [9, 1, 10, 1.125], "texture": "#0"},
				"up": {"uv": [9.125, 2.25, 9, 1.25], "texture": "#0"},
				"down": {"uv": [2.125, 9, 2, 10], "texture": "#0"}
			}
		},
		{
			"from": [7.7, 5.15, -4.8],
			"to": [8.3, 5.4, -0.6],
			"rotation": {"angle": 0, "axis": "y", "origin": [0, 1.3, 10]},
			"faces": {
				"east": {"uv": [9, 2.25, 10, 2.375], "texture": "#0"},
				"west": {"uv": [9, 2.5, 10, 2.625], "texture": "#0"},
				"up": {"uv": [2.375, 10, 2.25, 9], "texture": "#0"},
				"down": {"uv": [2.875, 9, 2.75, 10], "texture": "#0"}
			}
		},
		{
			"from": [7.42929, 5.17071, -4.801],
			"to": [7.62929, 5.45271, -0.601],
			"rotation": {"angle": -45, "axis": "z", "origin": [7.5, 5.1, 9]},
			"faces": {
				"north": {"uv": [2.75, 10.75, 2.875, 10.875], "texture": "#0"},
				"east": {"uv": [9, 2.75, 10, 2.875], "texture": "#0"},
				"south": {"uv": [10.75, 2.75, 10.875, 2.875], "texture": "#0"},
				"west": {"uv": [9, 3, 10, 3.125], "texture": "#0"},
				"up": {"uv": [3.125, 10, 3, 9], "texture": "#0"},
				"down": {"uv": [9.125, 3.25, 9, 4.25], "texture": "#0"}
			}
		},
		{
			"from": [7.5, 3.3, -9.9],
			"to": [7.75, 3.9, -0.6],
			"rotation": {"angle": 0, "axis": "y", "origin": [0, 0, 10]},
			"faces": {
				"north": {"uv": [3, 10.75, 3.125, 10.875], "texture": "#0"},
				"east": {"uv": [5.5, 0, 7.875, 0.125], "texture": "#0"},
				"west": {"uv": [5.5, 0.25, 7.875, 0.375], "texture": "#0"}
			}
		},
		{
			"from": [7.57071, 2.98871, -9.901],
			"to": [7.77071, 3.27071, -0.601],
			"rotation": {"angle": 45, "axis": "z", "origin": [7.5, 3.2, 9]},
			"faces": {
				"north": {"uv": [10.75, 3, 10.875, 3.125], "texture": "#0"},
				"east": {"uv": [5.5, 0.5, 7.875, 0.625], "texture": "#0"},
				"south": {"uv": [3.25, 10.75, 3.375, 10.875], "texture": "#0"},
				"west": {"uv": [5.5, 3, 7.875, 3.125], "texture": "#0"},
				"up": {"uv": [5.375, 8.125, 5.25, 5.75], "texture": "#0"},
				"down": {"uv": [5.625, 5.75, 5.5, 8.125], "texture": "#0"}
			}
		},
		{
			"from": [7.7, 3.1, -9.9],
			"to": [8.3, 3.35, -0.6],
			"rotation": {"angle": 0, "axis": "y", "origin": [0, 0, 10]},
			"faces": {
				"north": {"uv": [10.75, 3.25, 10.875, 3.375], "texture": "#0"},
				"east": {"uv": [5.5, 3.25, 7.875, 3.375], "texture": "#0"},
				"west": {"uv": [6, 1, 8.375, 1.125], "texture": "#0"},
				"up": {"uv": [6.125, 7.125, 6, 4.75], "texture": "#0"},
				"down": {"uv": [5.875, 6, 5.75, 8.375], "texture": "#0"}
			}
		},
		{
			"from": [8.22929, 2.98871, -9.901],
			"to": [8.42929, 3.27071, -0.601],
			"rotation": {"angle": -45, "axis": "z", "origin": [8.5, 3.2, 9]},
			"faces": {
				"north": {"uv": [3.5, 10.75, 3.625, 10.875], "texture": "#0"},
				"east": {"uv": [6, 1.25, 8.375, 1.375], "texture": "#0"},
				"south": {"uv": [10.75, 3.5, 10.875, 3.625], "texture": "#0"},
				"west": {"uv": [6, 1.5, 8.375, 1.625], "texture": "#0"},
				"up": {"uv": [0.875, 8.625, 0.75, 6.25], "texture": "#0"},
				"down": {"uv": [1.125, 6.25, 1, 8.625], "texture": "#0"}
			}
		},
		{
			"from": [8.25, 3.3, -9.9],
			"to": [8.5, 3.9, -0.6],
			"rotation": {"angle": 0, "axis": "y", "origin": [0, 0, 10]},
			"faces": {
				"north": {"uv": [3.75, 10.75, 3.875, 10.875], "texture": "#0"},
				"east": {"uv": [6, 1.75, 8.375, 1.875], "texture": "#0"},
				"west": {"uv": [6, 2, 8.375, 2.125], "texture": "#0"}
			}
		},
		{
			"from": [8.37071, 3.87071, -9.901],
			"to": [8.57071, 4.15271, -0.601],
			"rotation": {"angle": 45, "axis": "z", "origin": [8.5, 3.8, 9]},
			"faces": {
				"north": {"uv": [10.75, 3.75, 10.875, 3.875], "texture": "#0"},
				"east": {"uv": [6, 2.25, 8.375, 2.375], "texture": "#0"},
				"south": {"uv": [4, 10.75, 4.125, 10.875], "texture": "#0"},
				"west": {"uv": [6, 2.5, 8.375, 2.625], "texture": "#0"},
				"up": {"uv": [1.375, 8.625, 1.25, 6.25], "texture": "#0"},
				"down": {"uv": [1.625, 6.25, 1.5, 8.625], "texture": "#0"}
			}
		},
		{
			"from": [7.7, 3.85, -9.9],
			"to": [8.3, 4.1, -0.6],
			"rotation": {"angle": 0, "axis": "y", "origin": [0, 0, 10]},
			"faces": {
				"north": {"uv": [10.75, 4, 10.875, 4.125], "texture": "#0"},
				"east": {"uv": [6, 2.75, 8.375, 2.875], "texture": "#0"},
				"west": {"uv": [6.25, 4.75, 8.625, 4.875], "texture": "#0"},
				"up": {"uv": [1.875, 8.625, 1.75, 6.25], "texture": "#0"},
				"down": {"uv": [2.125, 6.25, 2, 8.625], "texture": "#0"}
			}
		},
		{
			"from": [7.42929, 3.87071, -9.901],
			"to": [7.62929, 4.15271, -0.601],
			"rotation": {"angle": -45, "axis": "z", "origin": [7.5, 3.8, 9]},
			"faces": {
				"north": {"uv": [4.25, 10.75, 4.375, 10.875], "texture": "#0"},
				"east": {"uv": [6.25, 5, 8.625, 5.125], "texture": "#0"},
				"south": {"uv": [10.75, 4.25, 10.875, 4.375], "texture": "#0"},
				"west": {"uv": [6.25, 5.25, 8.625, 5.375], "texture": "#0"},
				"up": {"uv": [2.375, 8.625, 2.25, 6.25], "texture": "#0"},
				"down": {"uv": [2.625, 6.25, 2.5, 8.625], "texture": "#0"}
			}
		},
		{
			"from": [7.4, -1.63224, 7.25528],
			"to": [8.6, 2.96776, 10.05528],
			"rotation": {"angle": 45, "axis": "x", "origin": [8, 1.56776, 4.45528]},
			"faces": {
				"north": {"uv": [4.25, 6.25, 4.5, 7.375], "texture": "#0"},
				"east": {"uv": [1, 2.75, 1.75, 3.875], "texture": "#0"},
				"south": {"uv": [4.5, 6.25, 4.75, 7.375], "texture": "#0"},
				"west": {"uv": [1.75, 2.75, 2.5, 3.875], "texture": "#0"},
				"down": {"uv": [3.75, 7, 3.5, 7.75], "texture": "#0"}
			}
		},
		{
			"from": [7.4, 0.6496, 7.49052],
			"to": [8.6, 3.2496, 10.29052],
			"rotation": {"angle": 22.5, "axis": "x", "origin": [8, 1.8496, 4.69052]},
			"faces": {
				"north": {"uv": [8.25, 3.5, 8.5, 4.125], "texture": "#0"},
				"east": {"uv": [4.75, 2, 5.5, 2.625], "texture": "#0"},
				"south": {"uv": [5.25, 8.25, 5.5, 8.875], "texture": "#0"},
				"west": {"uv": [4.75, 2.75, 5.5, 3.375], "texture": "#0"}
			}
		},
		{
			"from": [7.4, 1, 7.6],
			"to": [8.6, 2.6, 10.4],
			"rotation": {"angle": 0, "axis": "y", "origin": [8, 1.2, 4.8]},
			"faces": {
				"north": {"uv": [0.5, 9.25, 0.75, 9.625], "texture": "#0"},
				"east": {"uv": [6.5, 3.5, 7.25, 3.875], "texture": "#0"},
				"south": {"uv": [9.25, 0.5, 9.5, 0.875], "texture": "#0"},
				"west": {"uv": [6.5, 4, 7.25, 4.375], "texture": "#0"}
			}
		},
		{
			"from": [7.2, 3.2, 16.4],
			"to": [8.8, 4.2, 22.725],
			"rotation": {"angle": 0, "axis": "y", "origin": [7.5, 3.2, 3.4]},
			"faces": {
				"east": {"uv": [4.75, 4.25, 6.375, 4.5], "texture": "#0"},
				"west": {"uv": [5, 4.5, 6.625, 4.75], "texture": "#0"},
				"up": {"uv": [5.25, 6.375, 5, 4.75], "texture": "#0"},
				"down": {"uv": [0.75, 5.25, 0.5, 6.875], "texture": "#0"}
			}
		},
		{
			"from": [7.225, 2.6, 16.4],
			"to": [8.775, 3.2, 20.8],
			"rotation": {"angle": 0, "axis": "y", "origin": [7.5, 3.2, 3.4]},
			"faces": {
				"east": {"uv": [8.5, 4.5, 9.625, 4.625], "texture": "#0"},
				"west": {"uv": [0.75, 8.75, 1.875, 8.875], "texture": "#0"},
				"down": {"uv": [0.5, 6.5, 0.25, 7.625], "texture": "#0"}
			}
		},
		{
			"from": [7.2, -5.2981, 19.90452],
			"to": [8.8, -4.1981, 20.50452],
			"rotation": {"angle": -22.5, "axis": "x", "origin": [7.5, 1.1019, 1.50452]},
			"faces": {
				"north": {"uv": [9.5, 9.5, 9.75, 9.75], "texture": "#0"},
				"east": {"uv": [10.5, 0.5, 10.625, 0.75], "texture": "#0"},
				"west": {"uv": [10.5, 0.75, 10.625, 1], "texture": "#0"}
			}
		},
		{
			"from": [7.2, 2.06006, 20.9074],
			"to": [8.8, 3.26006, 21.6074],
			"rotation": {"angle": 0, "axis": "y", "origin": [7.5, 3.13683, 20.52648]},
			"faces": {
				"north": {"uv": [1, 9.75, 1.25, 10], "texture": "#0"},
				"east": {"uv": [1.25, 10.5, 1.375, 10.75], "texture": "#0"},
				"south": {"uv": [1.25, 9.75, 1.5, 10], "texture": "#0"},
				"west": {"uv": [10.5, 1.25, 10.625, 1.5], "texture": "#0"}
			}
		},
		{
			"from": [7.5, 2.76006, 21.6074],
			"to": [8.5, 3.21006, 22.2074],
			"rotation": {"angle": 0, "axis": "y", "origin": [7.5, 3.13683, 21.22648]},
			"faces": {
				"east": {"uv": [10.75, 4.5, 10.875, 4.625], "texture": "#0"},
				"west": {"uv": [10.75, 4.75, 10.875, 4.875], "texture": "#0"},
				"down": {"uv": [10.875, 5, 10.75, 5.125], "texture": "#0"}
			}
		},
		{
			"from": [7.2, 1.86006, 22.2074],
			"to": [8.8, 3.21006, 22.7324],
			"rotation": {"angle": 0, "axis": "y", "origin": [7.5, 2.68683, 21.22648]},
			"faces": {
				"north": {"uv": [1, 9.25, 1.25, 9.625], "texture": "#0"},
				"east": {"uv": [10, 10, 10.125, 10.375], "texture": "#0"},
				"west": {"uv": [0, 10.25, 0.125, 10.625], "texture": "#0"}
			}
		},
		{
			"from": [7.2, 0.7734, 21.28268],
			"to": [8.8, 1.2734, 21.88268],
			"rotation": {"angle": 0, "axis": "y", "origin": [-0.5, -5.93994, 12.9074]},
			"faces": {
				"north": {"uv": [2.25, 10.5, 2.5, 10.625], "texture": "#0"},
				"east": {"uv": [5.25, 10.75, 5.375, 10.875], "texture": "#0"},
				"south": {"uv": [2.5, 10.5, 2.75, 10.625], "texture": "#0"},
				"west": {"uv": [10.75, 5.25, 10.875, 5.375], "texture": "#0"}
			}
		},
		{
			"from": [7.225, -6.48476, 20.2798],
			"to": [8.775, -5.38476, 20.9798],
			"rotation": {"angle": -22.5, "axis": "x", "origin": [7.5, -0.08476, 1.8798]},
			"faces": {
				"north": {"uv": [1.5, 9.75, 1.75, 10], "texture": "#0"},
				"east": {"uv": [3.25, 10.5, 3.375, 10.75], "texture": "#0"},
				"south": {"uv": [9.75, 1.75, 10, 2], "texture": "#0"},
				"west": {"uv": [3.5, 10.5, 3.625, 10.75], "texture": "#0"}
			}
		},
		{
			"from": [7.225, -8.07141, 20.65508],
			"to": [8.775, -6.67141, 21.25508],
			"rotation": {"angle": -22.5, "axis": "x", "origin": [7.5, -1.37141, 2.25508]},
			"faces": {
				"north": {"uv": [9.25, 1.25, 9.5, 1.625], "texture": "#0"},
				"east": {"uv": [0.25, 10.25, 0.375, 10.625], "texture": "#0"},
				"south": {"uv": [1.5, 9.25, 1.75, 9.625], "texture": "#0"},
				"west": {"uv": [0.5, 10.25, 0.625, 10.625], "texture": "#0"}
			}
		},
		{
			"from": [7.5, -8.07141, 21.55508],
			"to": [8.5, -6.67141, 22.15508],
			"rotation": {"angle": -22.5, "axis": "x", "origin": [7.5, -1.37141, 3.15508]},
			"faces": {
				"north": {"uv": [0.75, 10.25, 0.875, 10.625], "texture": "#0"},
				"east": {"uv": [10.25, 0.75, 10.375, 1.125], "texture": "#0"},
				"west": {"uv": [2, 10.25, 2.125, 10.625], "texture": "#0"}
			}
		},
		{
			"from": [7.5, 0.7734, 22.18268],
			"to": [8.5, 1.2734, 22.78268],
			"rotation": {"angle": 0, "axis": "y", "origin": [-0.5, -5.93994, 13.8074]},
			"faces": {
				"north": {"uv": [5.75, 10.75, 5.875, 10.875], "texture": "#0"},
				"east": {"uv": [10.75, 5.75, 10.875, 5.875], "texture": "#0"},
				"west": {"uv": [10.75, 6, 10.875, 6.125], "texture": "#0"}
			}
		},
		{
			"from": [7.2, -0.52003, 21.81844],
			"to": [8.8, -0.02003, 22.81844],
			"rotation": {"angle": 0, "axis": "y", "origin": [-0.5, -7.23337, 13.44316]},
			"faces": {
				"east": {"uv": [4.25, 10.5, 4.5, 10.625], "texture": "#0"},
				"west": {"uv": [4.5, 10.5, 4.75, 10.625], "texture": "#0"},
				"up": {"uv": [10, 2.25, 9.75, 2], "texture": "#0"},
				"down": {"uv": [10, 4.5, 9.75, 4.75], "texture": "#0"}
			}
		},
		{
			"from": [7.2, 1.26663, 21.51816],
			"to": [8.8, 1.86663, 22.71816],
			"rotation": {"angle": 0, "axis": "y", "origin": [7.5, -0.53337, 21.81816]},
			"faces": {
				"east": {"uv": [4.75, 10.5, 5, 10.625], "texture": "#0"},
				"west": {"uv": [5, 10.5, 5.25, 10.625], "texture": "#0"},
				"up": {"uv": [6.25, 10, 6, 9.75], "texture": "#0"},
				"down": {"uv": [6.5, 9.75, 6.25, 10], "texture": "#0"}
			}
		},
		{
			"from": [7.1, -0.63337, 22.71816],
			"to": [8.9, 4.26663, 23.61816],
			"rotation": {"angle": 0, "axis": "y", "origin": [7.5, -0.53337, 22.71816]},
			"faces": {
				"north": {"uv": [3.25, 5.25, 3.5, 6.5], "texture": "#0"},
				"east": {"uv": [4.75, 5.25, 5, 6.5], "texture": "#0"},
				"south": {"uv": [3.5, 5.75, 3.75, 7], "texture": "#0"},
				"west": {"uv": [5.75, 4.75, 6, 6], "texture": "#0"},
				"up": {"uv": [6.75, 10, 6.5, 9.75], "texture": "#0"},
				"down": {"uv": [10, 6.5, 9.75, 6.75], "texture": "#0"}
			}
		},
		{
			"from": [7.375, -0.1004, 7.31552],
			"to": [8.625, 3.4996, 7.41552],
			"rotation": {"angle": 45, "axis": "x", "origin": [12.1, 1.8496, 2.69052]},
			"faces": {
				"north": {"uv": [4.25, 5.25, 4.625, 6.125], "texture": "#0"},
				"east": {"uv": [5, 9, 5.125, 9.875], "texture": "#0"},
				"south": {"uv": [5.25, 4.75, 5.625, 5.625], "texture": "#0"},
				"west": {"uv": [5.25, 9, 5.375, 9.875], "texture": "#0"},
				"down": {"uv": [10.625, 2.25, 10.25, 2.375], "texture": "#0"}
			}
		},
		{
			"from": [7.375, -0.3254, 8.01552],
			"to": [8.625, 3.2996, 8.11552],
			"rotation": {"angle": 45, "axis": "x", "origin": [12.1, 1.8496, 3.09052]},
			"faces": {
				"north": {"uv": [0, 5.5, 0.375, 6.375], "texture": "#0"},
				"east": {"uv": [5.5, 9, 5.625, 9.875], "texture": "#0"},
				"south": {"uv": [5.5, 2, 5.875, 2.875], "texture": "#0"},
				"west": {"uv": [5.75, 9, 5.875, 9.875], "texture": "#0"},
				"up": {"uv": [10.625, 2.625, 10.25, 2.5], "texture": "#0"}
			}
		},
		{
			"from": [7.375, -0.7754, 8.81552],
			"to": [8.625, 3.0996, 8.91552],
			"rotation": {"angle": 45, "axis": "x", "origin": [12.1, 1.8496, 3.79052]},
			"faces": {
				"north": {"uv": [0.75, 5.25, 1.125, 6.25], "texture": "#0"},
				"east": {"uv": [4, 9, 4.125, 10], "texture": "#0"},
				"south": {"uv": [1.25, 5.25, 1.625, 6.25], "texture": "#0"},
				"west": {"uv": [4.25, 9, 4.375, 10], "texture": "#0"},
				"up": {"uv": [10.625, 3.125, 10.25, 3], "texture": "#0"}
			}
		},
		{
			"from": [7.375, -1.3254, 9.61552],
			"to": [8.625, 2.8246, 9.71552],
			"rotation": {"angle": 45, "axis": "x", "origin": [12.1, 1.8496, 4.49052]},
			"faces": {
				"north": {"uv": [1.75, 5.25, 2.125, 6.25], "texture": "#0"},
				"east": {"uv": [4.5, 9, 4.625, 10], "texture": "#0"},
				"south": {"uv": [2.25, 5.25, 2.625, 6.25], "texture": "#0"},
				"west": {"uv": [4.75, 9, 4.875, 10], "texture": "#0"},
				"up": {"uv": [4.125, 10.375, 3.75, 10.25], "texture": "#0"},
				"down": {"uv": [4.625, 10.25, 4.25, 10.375], "texture": "#0"}
			}
		},
		{
			"from": [7.375, 1.9, 7.85],
			"to": [8.625, 2.5, 8.25],
			"rotation": {"angle": 0, "axis": "y", "origin": [4, 0, 4]},
			"faces": {
				"north": {"uv": [15.75, 0.625, 16, 0.875], "texture": "#0"},
				"east": {"uv": [0, 0, 0.25, 0.25], "texture": "#0", "tintindex": 0},
				"south": {"uv": [15.75, 0, 16, 0.25], "texture": "#0"},
				"west": {"uv": [0, 0, 0.25, 0.25], "texture": "#0", "tintindex": 0},
				"up": {"uv": [15.75, 0, 16, 0.25], "texture": "#0"},
				"down": {"uv": [15.75, 0, 16, 0.25], "texture": "#0"}
			}
		},
		{
			"from": [7.375, 1, 7.85],
			"to": [8.625, 1.6, 8.25],
			"rotation": {"angle": 0, "axis": "y", "origin": [4, 0, 4]},
			"faces": {
				"north": {"uv": [15.75, 0.625, 16, 0.875], "texture": "#0"},
				"east": {"uv": [0, 0, 0.25, 0.25], "texture": "#0", "tintindex": 0},
				"south": {"uv": [15.75, 0, 16, 0.25], "texture": "#0"},
				"west": {"uv": [0, 0, 0.25, 0.25], "texture": "#0", "tintindex": 0},
				"up": {"uv": [15.75, 0, 16, 0.25], "texture": "#0"},
				"down": {"uv": [15.75, 0, 16, 0.25], "texture": "#0"}
			}
		},
		{
			"from": [7.375, 1.4, 7.1],
			"to": [8.625, 2, 7.5],
			"rotation": {"angle": 22.5, "axis": "x", "origin": [4, 0, 4]},
			"faces": {
				"north": {"uv": [15.75, 0.625, 16, 0.875], "texture": "#0"},
				"east": {"uv": [0, 0, 0.25, 0.25], "texture": "#0", "tintindex": 0},
				"south": {"uv": [15.75, 0, 16, 0.25], "texture": "#0"},
				"west": {"uv": [0, 0, 0.25, 0.25], "texture": "#0", "tintindex": 0},
				"up": {"uv": [15.75, 0, 16, 0.25], "texture": "#0"},
				"down": {"uv": [15.75, 0, 16, 0.25], "texture": "#0"}
			}
		},
		{
			"from": [7.375, 1.65, 6.5],
			"to": [8.625, 2.25, 6.9],
			"rotation": {"angle": 45, "axis": "x", "origin": [4, 0, 4]},
			"faces": {
				"north": {"uv": [15.75, 0.625, 16, 0.875], "texture": "#0"},
				"east": {"uv": [0, 0, 0.25, 0.25], "texture": "#0", "tintindex": 0},
				"south": {"uv": [15.75, 0, 16, 0.25], "texture": "#0"},
				"west": {"uv": [0, 0, 0.25, 0.25], "texture": "#0", "tintindex": 0},
				"up": {"uv": [15.75, 0, 16, 0.25], "texture": "#0"},
				"down": {"uv": [15.75, 0, 16, 0.25], "texture": "#0"}
			}
		},
		{
			"from": [7.375, 0.85, 6.5],
			"to": [8.625, 1.45, 6.9],
			"rotation": {"angle": 45, "axis": "x", "origin": [4, 0, 4]},
			"faces": {
				"north": {"uv": [15.75, 0.625, 16, 0.875], "texture": "#0"},
				"east": {"uv": [0, 0, 0.25, 0.25], "texture": "#0", "tintindex": 0},
				"south": {"uv": [15.75, 0, 16, 0.25], "texture": "#0"},
				"west": {"uv": [0, 0, 0.25, 0.25], "texture": "#0", "tintindex": 0},
				"up": {"uv": [15.75, 0, 16, 0.25], "texture": "#0"},
				"down": {"uv": [15.75, 0, 16, 0.25], "texture": "#0"}
			}
		},
		{
			"from": [7.375, -0.05, 6.5],
			"to": [8.625, 0.55, 6.9],
			"rotation": {"angle": 45, "axis": "x", "origin": [4, 0, 4]},
			"faces": {
				"north": {"uv": [15.75, 0.625, 16, 0.875], "texture": "#0"},
				"east": {"uv": [0, 0, 0.25, 0.25], "texture": "#0", "tintindex": 0},
				"south": {"uv": [15.75, 0, 16, 0.25], "texture": "#0"},
				"west": {"uv": [0, 0, 0.25, 0.25], "texture": "#0", "tintindex": 0},
				"up": {"uv": [15.75, 0, 16, 0.25], "texture": "#0"},
				"down": {"uv": [15.75, 0, 16, 0.25], "texture": "#0"}
			}
		},
		{
			"from": [7.375, -1.05, 6.5],
			"to": [8.625, -0.45, 6.9],
			"rotation": {"angle": 45, "axis": "x", "origin": [4, 0, 4]},
			"faces": {
				"north": {"uv": [15.75, 0.625, 16, 0.875], "texture": "#0"},
				"east": {"uv": [0, 0, 0.25, 0.25], "texture": "#0", "tintindex": 0},
				"south": {"uv": [15.75, 0, 16, 0.25], "texture": "#0"},
				"west": {"uv": [0, 0, 0.25, 0.25], "texture": "#0", "tintindex": 0},
				"up": {"uv": [15.75, 0, 16, 0.25], "texture": "#0"},
				"down": {"uv": [15.75, 0, 16, 0.25], "texture": "#0"}
			}
		}
	],
	"display": {
		"thirdperson_righthand": {
			"translation": [0, 3.75, -3.5],
			"scale": [0.75, 0.75, 0.75]
		},
		"thirdperson_lefthand": {
			"translation": [0, 3.75, -3.5],
			"scale": [0.75, 0.75, 0.75]
		},
		"firstperson_righthand": {
			"translation": [-4.25, 8, 1.5],
			"scale": [0.8, 0.8, 0.8]
		},
		"firstperson_lefthand": {
			"translation": [-4.25, 8, 1.5],
			"scale": [0.8, 0.8, 0.8]
		},
		"ground": {
			"translation": [0, 5.5, -0.5],
			"scale": [0.75, 0.75, 0.75]
		},
		"gui": {
			"rotation": [30, 225, 0],
			"translation": [-0.25, 2.75, 0],
			"scale": [0.66, 0.66, 0.66]
		},
		"fixed": {
			"rotation": [0, 90, 0],
			"translation": [-0.5, 6.5, -2],
			"scale": [1.2, 1.2, 1.2]
		}
	},
	"groups": [
		0,
		1,
		2,
		3,
		4,
		5,
		6,
		7,
		8,
		9,
		10,
		11,
		12,
		13,
		14,
		15,
		16,
		17,
		18,
		19,
		20,
		21,
		22,
		23,
		24,
		25,
		26,
		27,
		28,
		29,
		30,
		31,
		32,
		33,
		34,
		35,
		36,
		37,
		38,
		39,
		40,
		41,
		42,
		43,
		44,
		45,
		46,
		47,
		48,
		49,
		50,
		51,
		52,
		53,
		54,
		55,
		56,
		57,
		58,
		59,
		60,
		61,
		62,
		63,
		64,
		65,
		66,
		67,
		68,
		69,
		70,
		71,
		72,
		73,
		74,
		75,
		76,
		77,
		78,
		79,
		80,
		81,
		82,
		83,
		84,
		85,
		86,
		87,
		{
			"name": "group",
			"origin": [0, 0, 0],
			"color": 0,
			"children": [88, 89, 90, 91, 92]
		}
	]
}
