{
	"credit": "Made with Blockbench by ThatAvocado_Boi",
	"textures": {
		"1": "cgm:items/specialised_grip",
		"particle": "cgm:items/specialised_grip"
	},
	"elements": [
		{
			"from": [7.5, 6.225, 8],
			"to": [8.5, 7.225, 10],
			"rotation": {"angle": -45, "axis": "x", "origin": [8, 5.525, 8.5]},
			"faces": {
				"north": {"uv": [0, 13, 2, 15], "rotation": 180, "texture": "#1"},
				"east": {"uv": [4, 6, 6, 13], "rotation": 270, "texture": "#1"},
				"west": {"uv": [0, 6, 2, 13], "rotation": 90, "texture": "#1"},
				"up": {"uv": [6, 6, 8, 13], "rotation": 180, "texture": "#1"},
				"down": {"uv": [2, 6, 4, 13], "texture": "#1"}
			}
		},
		{
			"from": [7.499, 7.525, 4.4],
			"to": [8.501, 8, 11],
			"rotation": {"angle": 0, "axis": "y", "origin": [8, 7.525, 8.5]},
			"faces": {
				"north": {"uv": [11, 0, 13, 1], "texture": "#1", "tintindex": 0},
				"east": {"uv": [7, 0, 11, 1], "texture": "#1", "tintindex": 0},
				"south": {"uv": [5, 0, 7, 1], "texture": "#1", "tintindex": 0},
				"west": {"uv": [7, 0, 11, 1], "texture": "#1", "tintindex": 0},
				"up": {"uv": [7, 0, 11, 1], "rotation": 90, "texture": "#1", "tintindex": 0},
				"down": {"uv": [7, 0, 11, 1], "rotation": 90, "texture": "#1", "tintindex": 0}
			}
		},
		{
			"from": [7.5, 7.31, 8.5],
			"to": [8.5, 7.81, 9],
			"rotation": {"angle": 45, "axis": "x", "origin": [8, 7.4, 8.875]},
			"faces": {
				"east": {"uv": [8, 1, 10, 2], "texture": "#1", "tintindex": 0},
				"west": {"uv": [10, 1, 8, 2], "texture": "#1", "tintindex": 0}
			}
		},
		{
			"from": [7.501, 7.025, 8.64645],
			"to": [8.499, 7.73211, 9],
			"rotation": {"angle": 45, "axis": "x", "origin": [8, 7.025, 9]},
			"faces": {
				"east": {"uv": [7, 1, 8, 2], "rotation": 90, "texture": "#1", "tintindex": 0},
				"south": {"uv": [5, 1, 7, 2], "texture": "#1", "tintindex": 0},
				"west": {"uv": [7, 1, 8, 2], "rotation": 270, "texture": "#1", "tintindex": 0}
			}
		},
		{
			"from": [7.501, 7.025, 8],
			"to": [8.499, 7.73211, 8.35355],
			"rotation": {"angle": -45, "axis": "x", "origin": [8, 7.025, 8]},
			"faces": {
				"north": {"uv": [11, 1, 13, 2], "texture": "#1", "tintindex": 0},
				"east": {"uv": [10, 1, 11, 2], "rotation": 90, "texture": "#1", "tintindex": 0},
				"west": {"uv": [10, 1, 11, 2], "rotation": 270, "texture": "#1", "tintindex": 0}
			}
		},
		{
			"from": [7.501, 7.025, 8.35],
			"to": [8.499, 7.73211, 8.45355],
			"rotation": {"angle": -45, "axis": "x", "origin": [8, 7.025, 8]},
			"faces": {
				"north": {"uv": [11, 1, 13, 2], "texture": "#1", "tintindex": 0},
				"east": {"uv": [10, 1, 10.70711, 1.10355], "rotation": 90, "texture": "#1", "tintindex": 0},
				"west": {"uv": [10, 1, 10.70711, 1.10355], "rotation": 90, "texture": "#1", "tintindex": 0}
			}
		},
		{
			"from": [7.501, 9.025, 5.85],
			"to": [8.499, 9.93211, 6.40355],
			"rotation": {"angle": -45, "axis": "x", "origin": [8, 7.025, 8]},
			"faces": {
				"north": {"uv": [11, 1, 13, 2], "texture": "#1", "tintindex": 0},
				"east": {"uv": [10, 1, 11, 2], "rotation": 90, "texture": "#1", "tintindex": 0},
				"west": {"uv": [0, 11, 1, 12], "rotation": 270, "texture": "#1", "tintindex": 0}
			}
		},
		{
			"from": [7.5, 4.025, 4.8],
			"to": [8.5, 5.025, 7.8],
			"rotation": {"angle": 45, "axis": "x", "origin": [8, 5.525, 8.5]},
			"faces": {
				"east": {"uv": [5, 6, 7, 13], "rotation": 90, "texture": "#1"},
				"south": {"uv": [0, 13, 2, 15], "texture": "#1"},
				"west": {"uv": [0, 6, 1, 13], "rotation": 270, "texture": "#1"},
				"up": {"uv": [1, 0, 3, 7], "texture": "#1"},
				"down": {"uv": [6, 6, 8, 13], "rotation": 180, "texture": "#1"}
			}
		}
	],
	"display": {
		"thirdperson_righthand": {
			"translation": [0, 2, 1.25],
			"scale": [1.1, 1.1, 1.1]
		},
		"firstperson_righthand": {
			"translation": [-1.75, 5.5, 4.25],
			"scale": [0.8, 0.8, 0.8]
		},
		"ground": {
			"translation": [0, 2, 0]
		},
		"gui": {
			"rotation": [30, 225, 0],
			"translation": [0, 4.25, 0],
			"scale": [2.75, 2.75, 2.75]
		},
		"fixed": {
			"rotation": [0, 90, 0],
			"translation": [0, 4.5, -1.25],
			"scale": [2.5, 2.5, 2.5]
		}
	}
}
