{
	"credit": "Made with Blockbench by JamesTheMaker",
	"texture_size": [32, 32],
	"textures": {
		"0": "additionalguns:item/aug"
	},
	"elements": [
		{
			"from": [7.2, 6.5, 19.4],
			"to": [8.8, 8.5, 24.2],
			"rotation": {"angle": 22.5, "axis": "x", "origin": [8, 7.95, 8]},
			"faces": {
				"north": {"uv": [5, 3.5, 8, 5.5], "texture": "#0", "tintindex": 0},
				"east": {"uv": [10, 3.5, 8, 7.5], "texture": "#0", "tintindex": 0},
				"south": {"uv": [5, 3.5, 8, 5.5], "texture": "#0", "tintindex": 0},
				"west": {"uv": [8, 3.5, 10, 7.5], "texture": "#0", "tintindex": 0},
				"up": {"uv": [0, 0, 0, 0], "texture": "#0"},
				"down": {"uv": [2, 5.5, 5.5, 7.5], "rotation": 90, "texture": "#0", "tintindex": 0}
			}
		},
		{
			"from": [7.602, 6.07302, 14.36098],
			"to": [8.4, 6.37302, 14.78518],
			"rotation": {"angle": 45, "axis": "x", "origin": [8.001, 4.40302, 12.81098]},
			"faces": {
				"north": {"uv": [0, 0, 0, 0], "texture": "#0"},
				"east": {"uv": [15.5, 0.5, 16, 0], "rotation": 270, "texture": "#0", "tintindex": 0},
				"south": {"uv": [0, 0, 0, 0], "texture": "#0"},
				"west": {"uv": [14.5, 0.5, 15, 0], "rotation": 90, "texture": "#0", "tintindex": 0},
				"up": {"uv": [14.5, 0.5, 15, 0], "texture": "#0", "tintindex": 0},
				"down": {"uv": [0, 0, 0, 0], "texture": "#0"}
			}
		},
		{
			"from": [7.5, 6.625, 16.8],
			"to": [8.5, 9.925, 19.3],
			"rotation": {"angle": 22.5, "axis": "x", "origin": [0, 0, 0]},
			"faces": {
				"north": {"uv": [1, 7.5, 1.5, 10.5], "texture": "#0"},
				"east": {"uv": [3.5, 7.5, 1, 10.5], "texture": "#0"},
				"south": {"uv": [3, 7.5, 3.5, 10.5], "texture": "#0"},
				"west": {"uv": [1, 7.5, 3.5, 10.5], "texture": "#0"},
				"up": {"uv": [0, 0, 0, 0], "texture": "#0"},
				"down": {"uv": [1, 10, 3.5, 11], "rotation": 90, "texture": "#0"}
			}
		},
		{
			"from": [7.52, -0.79329, 18.89281],
			"to": [8.48, 2.50671, 21.39281],
			"rotation": {"angle": 45, "axis": "x", "origin": [8, 1.86009, 16.32652]},
			"faces": {
				"north": {"uv": [1, 7.5, 1.5, 10.5], "texture": "#0"},
				"east": {"uv": [1, 7.875, 3.45, 10.5], "texture": "#0"},
				"south": {"uv": [3, 7.5, 3.5, 10.5], "texture": "#0"},
				"west": {"uv": [1, 7.875, 3.45, 10.5], "texture": "#0"},
				"up": {"uv": [0, 0, 0, 0], "texture": "#0"},
				"down": {"uv": [1, 10, 3.5, 11], "rotation": 90, "texture": "#0"}
			}
		},
		{
			"from": [7.4, -1.1, 12.5],
			"to": [8.6, 2.6, 13.8],
			"rotation": {"angle": -22.5, "axis": "x", "origin": [8, 4.5, 13.83871]},
			"faces": {
				"north": {"uv": [13, 0, 14, 3.5], "texture": "#0"},
				"east": {"uv": [12, 0, 13, 3.5], "texture": "#0"},
				"south": {"uv": [11, 0, 12, 3.5], "texture": "#0"},
				"west": {"uv": [10, 0, 11, 3.5], "texture": "#0"},
				"up": {"uv": [0, 0, 0, 0], "texture": "#0"},
				"down": {"uv": [11, 3.5, 10, 4.5], "texture": "#0"}
			}
		},
		{
			"from": [7.4, -0.14774, 10.17742],
			"to": [8.6, 3.55226, 10.77742],
			"rotation": {"angle": -22.5, "axis": "x", "origin": [8, 4.5, 13.83871]},
			"faces": {
				"north": {"uv": [10, 0, 10.5, 3.5], "texture": "#0"},
				"east": {"uv": [10, 0, 10.5, 3.5], "texture": "#0"},
				"south": {"uv": [10, 0, 10.5, 3.5], "texture": "#0"},
				"west": {"uv": [10, 0, 10.5, 3.5], "texture": "#0"},
				"up": {"uv": [0, 0, 0, 0], "texture": "#0"},
				"down": {"uv": [11, 3.5, 10, 4.5], "texture": "#0"}
			}
		},
		{
			"from": [7.4, -1.18, 12.25],
			"to": [8.6, -0.58, 14.75],
			"rotation": {"angle": 0, "axis": "x", "origin": [8, 0.27811, 13.44539]},
			"faces": {
				"north": {"uv": [10, 2, 10.5, 3.5], "rotation": 270, "texture": "#0"},
				"east": {"uv": [10, 2, 10.5, 3.5], "rotation": 270, "texture": "#0"},
				"south": {"uv": [11, 3.5, 10, 4.5], "texture": "#0"},
				"west": {"uv": [10, 2, 10.5, 3.5], "rotation": 270, "texture": "#0"},
				"up": {"uv": [10, 2, 10.5, 3.5], "rotation": 270, "texture": "#0"},
				"down": {"uv": [10, 3.5, 11, 4.5], "rotation": 180, "texture": "#0", "cullface": "south"}
			}
		},
		{
			"from": [7.6, 4.4, 7.3],
			"to": [8.4, 4.7, 15.3],
			"rotation": {"angle": 0, "axis": "y", "origin": [8.4, 7.4, 10]},
			"faces": {
				"north": {"uv": [0, 0, 0, 0], "texture": "#0"},
				"east": {"uv": [15.5, 0, 16, 13.5], "rotation": 270, "texture": "#0", "tintindex": 0},
				"south": {"uv": [0, 0, 0, 0], "texture": "#0"},
				"west": {"uv": [14.5, 0, 15, 13.5], "rotation": 90, "texture": "#0", "tintindex": 0},
				"up": {"uv": [15, 0, 15.5, 5.5], "texture": "#0", "tintindex": 0},
				"down": {"uv": [0, 0, 0, 0], "texture": "#0"}
			}
		},
		{
			"from": [7.2, 3.2, 6.999],
			"to": [8.8, 4, 10.2],
			"rotation": {"angle": 0, "axis": "y", "origin": [8, 8.2, 6.7]},
			"faces": {
				"north": {"uv": [0, 11.5, 2, 12.5], "texture": "#0", "tintindex": 0},
				"east": {"uv": [1.5, 13.5, 0, 14], "texture": "#0", "tintindex": 0},
				"south": {"uv": [0, 0, 0, 0], "texture": "#0"},
				"west": {"uv": [0, 13.5, 1.5, 14], "texture": "#0", "tintindex": 0},
				"up": {"uv": [0, 0, 0, 0], "texture": "#0"},
				"down": {"uv": [0, 0, 0, 0], "texture": "#0"}
			}
		},
		{
			"from": [7.2, 3.6, 7],
			"to": [7.766, 4, 10.2],
			"rotation": {"angle": 45, "axis": "z", "origin": [7.2, 4, 10.5]},
			"faces": {
				"north": {"uv": [1.5, 11, 2, 11.5], "texture": "#0", "tintindex": 0},
				"east": {"uv": [0, 0, 0, 0], "texture": "#0"},
				"south": {"uv": [0, 0, 0, 0], "texture": "#0"},
				"west": {"uv": [0, 0, 0, 0], "texture": "#0"},
				"up": {"uv": [0, 13.5, 1.5, 14], "rotation": 90, "texture": "#0", "tintindex": 0},
				"down": {"uv": [0, 0, 0, 0], "texture": "#0"}
			}
		},
		{
			"from": [7.60022, 2.79978, 7],
			"to": [8.00022, 3.36578, 10.2],
			"rotation": {"angle": 45, "axis": "z", "origin": [7.60022, 2.79978, 10.5]},
			"faces": {
				"north": {"uv": [1.5, 12.5, 2, 13], "texture": "#0", "tintindex": 0},
				"east": {"uv": [0, 0, 0, 0], "texture": "#0"},
				"south": {"uv": [0, 0, 0, 0], "texture": "#0"},
				"west": {"uv": [0, 13.5, 1.5, 14], "texture": "#0", "tintindex": 0},
				"up": {"uv": [0, 0, 0, 0], "texture": "#0"},
				"down": {"uv": [0, 0, 0, 0], "texture": "#0"}
			}
		},
		{
			"from": [7.2, 2.25, 10.2],
			"to": [8.8, 4, 23.2],
			"rotation": {"angle": 0, "axis": "y", "origin": [8, 1.86009, 16.32652]},
			"faces": {
				"north": {"uv": [0, 1, 2, 3], "texture": "#0", "tintindex": 0},
				"east": {"uv": [10, 1.5, 0, 3.5], "texture": "#0", "tintindex": 0},
				"south": {"uv": [8, 1.5, 10, 3.5], "texture": "#0", "tintindex": 0},
				"west": {"uv": [0, 1.5, 10, 3.5], "texture": "#0", "tintindex": 0},
				"up": {"uv": [0, 0, 0, 0], "texture": "#0"},
				"down": {"uv": [0, 3.5, 8, 5], "rotation": 270, "texture": "#0", "tintindex": 0}
			}
		},
		{
			"from": [8.94746, 3.53892, 10.2],
			"to": [9.51346, 3.93892, 23.199],
			"rotation": {"angle": 45, "axis": "z", "origin": [8, 1.86009, 16.32652]},
			"faces": {
				"north": {"uv": [1.5, 1, 2, 1.5], "texture": "#0"},
				"east": {"uv": [10, 1.5, 0.5, 3.5], "texture": "#0"},
				"south": {"uv": [8, 1, 8.5, 1.5], "texture": "#0", "tintindex": 0},
				"west": {"uv": [0, 1.5, 10, 3.5], "texture": "#0"},
				"up": {"uv": [0, 1, 10, 1.5], "rotation": 90, "texture": "#0", "tintindex": 0},
				"down": {"uv": [0, 0, 0, 0], "texture": "#0"}
			}
		},
		{
			"from": [7.6, 4, 10.2],
			"to": [8.4, 4.4, 23.2],
			"rotation": {"angle": 0, "axis": "y", "origin": [8, 1.86009, 16.32652]},
			"faces": {
				"north": {"uv": [0.5, 1, 1.5, 1.5], "texture": "#0"},
				"east": {"uv": [10, 1.5, 0.5, 3.5], "texture": "#0"},
				"south": {"uv": [8.5, 1, 9.5, 1.5], "texture": "#0", "tintindex": 0},
				"west": {"uv": [0, 1.5, 10, 3.5], "texture": "#0"},
				"up": {"uv": [2, 0, 8, 1], "rotation": 90, "texture": "#0", "tintindex": 0},
				"down": {"uv": [0, 0, 0, 0], "texture": "#0"}
			}
		},
		{
			"from": [6.48654, 3.53892, 10.2],
			"to": [7.05254, 3.93892, 23.199],
			"rotation": {"angle": -45, "axis": "z", "origin": [8, 1.86009, 16.32652]},
			"faces": {
				"north": {"uv": [0, 1, 0.5, 1.5], "texture": "#0"},
				"east": {"uv": [10, 1.5, 0.5, 3.5], "texture": "#0"},
				"south": {"uv": [9.5, 1, 10, 1.5], "texture": "#0", "tintindex": 0},
				"west": {"uv": [0, 1.5, 10, 3.5], "texture": "#0"},
				"up": {"uv": [10, 1, 0, 1.5], "rotation": 270, "texture": "#0", "tintindex": 0},
				"down": {"uv": [0, 0, 0, 0], "texture": "#0"}
			}
		},
		{
			"from": [7.8, 1.575, 13.2],
			"to": [8.2, 2.3, 13.725],
			"rotation": {"angle": 0, "axis": "y", "origin": [0, 0, -1.16129]},
			"faces": {
				"north": {"uv": [8.5, 0, 9, 0.5], "texture": "#0"},
				"east": {"uv": [8.5, 0, 9, 0.5], "texture": "#0"},
				"south": {"uv": [0, 0, 0, 0], "texture": "#0"},
				"west": {"uv": [8.5, 0, 9, 0.5], "texture": "#0"},
				"up": {"uv": [0, 0, 0, 0], "texture": "#0"},
				"down": {"uv": [9, 0, 8.5, 0.5], "texture": "#0"}
			}
		},
		{
			"from": [7.8, 0.97805, 13.08126],
			"to": [8.2, 1.70305, 13.60626],
			"rotation": {"angle": 22.5, "axis": "x", "origin": [8, 1.34055, 13.34376]},
			"faces": {
				"north": {"uv": [8.5, 0, 9, 0.5], "texture": "#0"},
				"east": {"uv": [8.5, 0, 9, 0.5], "texture": "#0"},
				"south": {"uv": [0, 0, 0, 0], "texture": "#0"},
				"west": {"uv": [8.5, 0, 9, 0.5], "texture": "#0"},
				"up": {"uv": [0, 0, 0, 0], "texture": "#0"},
				"down": {"uv": [9, 0, 8.5, 0.5], "texture": "#0"}
			}
		},
		{
			"from": [7.60022, 2.79978, 7],
			"to": [8.40022, 3.23849, 11.36129],
			"rotation": {"angle": 0, "axis": "y", "origin": [8.00022, 7.99978, 7.83]},
			"faces": {
				"north": {"uv": [0.5, 12.5, 1.5, 13], "texture": "#0", "tintindex": 0},
				"east": {"uv": [0, 15.5, 0.5, 16], "texture": "#0", "tintindex": 0},
				"south": {"uv": [0, 13.5, 1, 14], "texture": "#0"},
				"west": {"uv": [0, 15.5, 0.5, 16], "texture": "#0", "tintindex": 0},
				"up": {"uv": [0, 13, 7.5, 13.5], "rotation": 90, "texture": "#0", "tintindex": 0},
				"down": {"uv": [0, 13.5, 1, 14], "rotation": 270, "texture": "#0", "tintindex": 0}
			}
		},
		{
			"from": [7.6, 3.96129, 7],
			"to": [8.4, 4.4, 10.2],
			"rotation": {"angle": 0, "axis": "y", "origin": [8, 8, 6.7]},
			"faces": {
				"north": {"uv": [1.5, 11, 2, 11.5], "texture": "#0", "tintindex": 0},
				"east": {"uv": [0, 0, 0, 0], "texture": "#0"},
				"south": {"uv": [0, 0, 0, 0], "texture": "#0"},
				"west": {"uv": [0, 0, 0, 0], "texture": "#0"},
				"up": {"uv": [0, 13, 7.5, 13.5], "rotation": 90, "texture": "#0", "tintindex": 0},
				"down": {"uv": [0, 13.5, 1, 14], "rotation": 270, "texture": "#0", "tintindex": 0}
			}
		},
		{
			"from": [8.234, 3.6, 7],
			"to": [8.8, 4, 10.2],
			"rotation": {"angle": -45, "axis": "z", "origin": [8.8, 4, 10.5]},
			"faces": {
				"north": {"uv": [0, 11, 0.5, 11.5], "texture": "#0", "tintindex": 0},
				"east": {"uv": [0, 0, 0, 0], "texture": "#0"},
				"south": {"uv": [0, 0, 0, 0], "texture": "#0"},
				"west": {"uv": [0, 0, 0, 0], "texture": "#0"},
				"up": {"uv": [0, 13.5, 1.5, 14], "rotation": 90, "texture": "#0", "tintindex": 0},
				"down": {"uv": [0, 0, 0, 0], "texture": "#0"}
			}
		},
		{
			"from": [8.39978, 2.79978, 7],
			"to": [8.96578, 3.19978, 10.2],
			"rotation": {"angle": 45, "axis": "z", "origin": [8.39978, 2.79978, 10.5]},
			"faces": {
				"north": {"uv": [0, 12.5, 0.5, 13], "texture": "#0", "tintindex": 0},
				"east": {"uv": [0, 0, 0, 0], "texture": "#0"},
				"south": {"uv": [0, 0, 0, 0], "texture": "#0"},
				"west": {"uv": [0, 0, 0, 0], "texture": "#0"},
				"up": {"uv": [0, 0, 0, 0], "texture": "#0"},
				"down": {"uv": [1.5, 13.5, 0, 14], "rotation": 90, "texture": "#0", "tintindex": 0}
			}
		},
		{
			"from": [7.96781, 4.11228, 7.84094],
			"to": [8.03219, 5.03572, 7.8848],
			"rotation": {"angle": 0, "axis": "y", "origin": [3.3216, 2.13858, 3.4257]},
			"faces": {
				"north": {"uv": [5.8125, 3.7375, 5.8875, 4.2375], "texture": "#0"},
				"east": {"uv": [5.8125, 3.7375, 5.8875, 4.2375], "texture": "#0"},
				"south": {"uv": [5.8125, 3.7375, 5.8875, 4.2375], "texture": "#0"},
				"west": {"uv": [5.8125, 3.7375, 5.8875, 4.2375], "texture": "#0"},
				"up": {"uv": [5.8125, 3.7375, 5.8875, 4.2375], "texture": "#0"},
				"down": {"uv": [5.8125, 3.7375, 5.8875, 4.2375], "texture": "#0"}
			}
		},
		{
			"from": [7.98891, 5.03572, 7.84094],
			"to": [8.01109, 5.08088, 7.8848],
			"rotation": {"angle": 0, "axis": "y", "origin": [3.3216, 1.63702, 3.4257]},
			"faces": {
				"north": {"uv": [5.8125, 3.7375, 5.8875, 4.2375], "texture": "#0"},
				"east": {"uv": [5.8125, 3.7375, 5.8875, 4.2375], "texture": "#0"},
				"south": {"uv": [5.8125, 3.7375, 5.8875, 4.2375], "texture": "#0"},
				"west": {"uv": [5.8125, 3.7375, 5.8875, 4.2375], "texture": "#0"},
				"up": {"uv": [5.8125, 3.7375, 5.8875, 4.2375], "texture": "#0"},
				"down": {"uv": [5.8125, 3.7375, 5.8875, 4.2375], "texture": "#0"}
			}
		},
		{
			"from": [7.97891, 5.03572, 7.84094],
			"to": [8.02109, 5.05088, 7.8848],
			"rotation": {"angle": 0, "axis": "y", "origin": [3.3216, 1.63702, 3.4257]},
			"faces": {
				"north": {"uv": [5.8125, 3.7375, 5.8875, 4.2375], "texture": "#0"},
				"east": {"uv": [5.8125, 3.7375, 5.8875, 4.2375], "texture": "#0"},
				"south": {"uv": [5.8125, 3.7375, 5.8875, 4.2375], "texture": "#0"},
				"west": {"uv": [5.8125, 3.7375, 5.8875, 4.2375], "texture": "#0"},
				"up": {"uv": [5.8125, 3.7375, 5.8875, 4.2375], "texture": "#0"},
				"down": {"uv": [5.8125, 3.7375, 5.8875, 4.2375], "texture": "#0"}
			}
		},
		{
			"from": [8.00431, 5.03017, 7.84094],
			"to": [8.01868, 5.09361, 7.8848],
			"rotation": {"angle": 22.5, "axis": "z", "origin": [8.01149, 5.06689, 7.86287]},
			"faces": {
				"north": {"uv": [5.8125, 3.7375, 5.8875, 4.2375], "texture": "#0"},
				"east": {"uv": [5.8125, 3.7375, 5.8875, 4.2375], "texture": "#0"},
				"south": {"uv": [5.8125, 3.7375, 5.8875, 4.2375], "texture": "#0"},
				"west": {"uv": [5.8125, 3.7375, 5.8875, 4.2375], "texture": "#0"},
				"up": {"uv": [5.8125, 3.7375, 5.8875, 4.2375], "texture": "#0"},
				"down": {"uv": [5.8125, 3.7375, 5.8875, 4.2375], "texture": "#0"}
			}
		},
		{
			"from": [7.98132, 5.03017, 7.84094],
			"to": [7.99569, 5.09361, 7.8848],
			"rotation": {"angle": -22.5, "axis": "z", "origin": [7.9885, 5.06689, 7.86287]},
			"faces": {
				"north": {"uv": [5.8125, 3.7375, 5.8875, 4.2375], "texture": "#0"},
				"east": {"uv": [5.8125, 3.7375, 5.8875, 4.2375], "texture": "#0"},
				"south": {"uv": [5.8125, 3.7375, 5.8875, 4.2375], "texture": "#0"},
				"west": {"uv": [5.8125, 3.7375, 5.8875, 4.2375], "texture": "#0"},
				"up": {"uv": [5.8125, 3.7375, 5.8875, 4.2375], "texture": "#0"},
				"down": {"uv": [5.8125, 3.7375, 5.8875, 4.2375], "texture": "#0"}
			}
		},
		{
			"from": [7.75, 4.575, 14.3],
			"to": [8.225, 4.95, 14.825],
			"rotation": {"angle": 0, "axis": "y", "origin": [8.0375, 5.125, 14.1375]},
			"faces": {
				"north": {"uv": [11.325, 2.1625, 12.1625, 2.1875], "texture": "#0"},
				"east": {"uv": [11.325, 2.1625, 12.1625, 2.1875], "texture": "#0"},
				"south": {"uv": [11.325, 2.1625, 12.1625, 2.1875], "texture": "#0"},
				"west": {"uv": [11.325, 2.1625, 12.1625, 2.1875], "texture": "#0"},
				"up": {"uv": [11.325, 2.1625, 12.1625, 2.1875], "texture": "#0"},
				"down": {"uv": [11.325, 2.1625, 12.1625, 2.1875], "texture": "#0"}
			}
		},
		{
			"from": [8.195, 3.35, 14.3],
			"to": [8.275, 5.225, 14.825],
			"rotation": {"angle": 0, "axis": "y", "origin": [0, -0.025, 29.575]},
			"faces": {
				"north": {"uv": [11.325, 2.1625, 12.1625, 2.1875], "texture": "#0"},
				"east": {"uv": [11.325, 2.1625, 12.1625, 2.1875], "texture": "#0"},
				"south": {"uv": [11.325, 2.1625, 12.1625, 2.1875], "texture": "#0"},
				"west": {"uv": [11.325, 2.1625, 12.1625, 2.1875], "texture": "#0"},
				"up": {"uv": [11.325, 2.1625, 12.1625, 2.1875], "texture": "#0"},
				"down": {"uv": [11.325, 2.1625, 12.1625, 2.1875], "texture": "#0"}
			}
		},
		{
			"from": [7.725, 3.35, 14.3],
			"to": [7.805, 5.225, 14.825],
			"rotation": {"angle": 0, "axis": "y", "origin": [0, -0.025, 29.575]},
			"faces": {
				"north": {"uv": [11.325, 2.1625, 12.1625, 2.1875], "texture": "#0"},
				"east": {"uv": [11.325, 2.1625, 12.1625, 2.1875], "texture": "#0"},
				"south": {"uv": [11.325, 2.1625, 12.1625, 2.1875], "texture": "#0"},
				"west": {"uv": [11.325, 2.1625, 12.1625, 2.1875], "texture": "#0"},
				"up": {"uv": [11.325, 2.1625, 12.1625, 2.1875], "texture": "#0"},
				"down": {"uv": [11.325, 2.1625, 12.1625, 2.1875], "texture": "#0"}
			}
		},
		{
			"from": [8.195, 3.17318, 14.0476],
			"to": [8.275, 4.82318, 14.6976],
			"rotation": {"angle": 45, "axis": "x", "origin": [8.21, 3.99818, 14.7101]},
			"faces": {
				"north": {"uv": [11.325, 2.1625, 12.1625, 2.1875], "texture": "#0"},
				"east": {"uv": [11.325, 2.1625, 12.1625, 2.1875], "texture": "#0"},
				"south": {"uv": [11.325, 2.1625, 12.1625, 2.1875], "texture": "#0"},
				"west": {"uv": [11.325, 2.1625, 12.1625, 2.1875], "texture": "#0"},
				"up": {"uv": [11.325, 2.1625, 12.1625, 2.1875], "texture": "#0"},
				"down": {"uv": [11.325, 2.1625, 12.1625, 2.1875], "texture": "#0"}
			}
		},
		{
			"from": [7.725, 3.45602, 14.16475],
			"to": [7.805, 5.10602, 14.81475],
			"rotation": {"angle": 45, "axis": "x", "origin": [7.79, 4.28102, 14.42725]},
			"faces": {
				"north": {"uv": [11.325, 2.1625, 12.1625, 2.1875], "texture": "#0"},
				"east": {"uv": [11.325, 2.1625, 12.1625, 2.1875], "texture": "#0"},
				"south": {"uv": [11.325, 2.1625, 12.1625, 2.1875], "texture": "#0"},
				"west": {"uv": [11.325, 2.1625, 12.1625, 2.1875], "texture": "#0"},
				"up": {"uv": [11.325, 2.1625, 12.1625, 2.1875], "texture": "#0"},
				"down": {"uv": [11.325, 2.1625, 12.1625, 2.1875], "texture": "#0"}
			}
		},
		{
			"from": [7.59534, 4.6273, 14.3],
			"to": [7.70659, 5.2523, 14.825],
			"rotation": {"angle": -45, "axis": "z", "origin": [7.65097, 4.4273, 14.5625]},
			"faces": {
				"north": {"uv": [11.325, 2.1625, 12.1625, 2.1875], "texture": "#0"},
				"east": {"uv": [11.325, 2.1625, 12.1625, 2.1875], "texture": "#0"},
				"south": {"uv": [11.325, 2.1625, 12.1625, 2.1875], "texture": "#0"},
				"west": {"uv": [11.325, 2.1625, 12.1625, 2.1875], "texture": "#0"},
				"up": {"uv": [11.325, 2.1625, 12.1625, 2.1875], "texture": "#0"},
				"down": {"uv": [11.325, 2.1625, 12.1625, 2.1875], "texture": "#0"}
			}
		},
		{
			"from": [5.44388, 4.05231, 14.3],
			"to": [5.55513, 4.22731, 14.825],
			"rotation": {"angle": -45, "axis": "z", "origin": [8, 1.88509, 16.55152]},
			"faces": {
				"north": {"uv": [11.325, 2.1625, 12.1625, 2.1875], "texture": "#0"},
				"east": {"uv": [11.325, 2.1625, 12.1625, 2.1875], "texture": "#0"},
				"south": {"uv": [11.325, 2.1625, 12.1625, 2.1875], "texture": "#0"},
				"west": {"uv": [11.325, 2.1625, 12.1625, 2.1875], "texture": "#0"},
				"up": {"uv": [11.325, 2.1625, 12.1625, 2.1875], "texture": "#0"},
				"down": {"uv": [11.325, 2.1625, 12.1625, 2.1875], "texture": "#0"}
			}
		},
		{
			"from": [8.08629, 5.19191, 14.3],
			"to": [8.26129, 5.30316, 14.825],
			"rotation": {"angle": -45, "axis": "z", "origin": [8.17379, 5.24754, 14.5625]},
			"faces": {
				"north": {"uv": [11.325, 2.1625, 12.1625, 2.1875], "texture": "#0"},
				"east": {"uv": [11.325, 2.1625, 12.1625, 2.1875], "texture": "#0"},
				"south": {"uv": [11.325, 2.1625, 12.1625, 2.1875], "texture": "#0"},
				"west": {"uv": [11.325, 2.1625, 12.1625, 2.1875], "texture": "#0"},
				"up": {"uv": [11.325, 2.1625, 12.1625, 2.1875], "texture": "#0"},
				"down": {"uv": [11.325, 2.1625, 12.1625, 2.1875], "texture": "#0"}
			}
		},
		{
			"from": [7.84874, 5.23749, 14.3],
			"to": [8.02374, 5.34874, 14.825],
			"rotation": {"angle": 0, "axis": "z", "origin": [8, 1.88509, 16.55152]},
			"faces": {
				"north": {"uv": [11.325, 2.1625, 12.1625, 2.1875], "texture": "#0"},
				"east": {"uv": [11.325, 2.1625, 12.1625, 2.1875], "texture": "#0"},
				"south": {"uv": [11.325, 2.1625, 12.1625, 2.1875], "texture": "#0"},
				"west": {"uv": [11.325, 2.1625, 12.1625, 2.1875], "texture": "#0"},
				"up": {"uv": [11.325, 2.1625, 12.1625, 2.1875], "texture": "#0"},
				"down": {"uv": [11.325, 2.1625, 12.1625, 2.1875], "texture": "#0"}
			}
		},
		{
			"from": [7.97626, 5.23749, 14.3],
			"to": [8.15126, 5.34874, 14.825],
			"rotation": {"angle": 0, "axis": "y", "origin": [8, 1.88509, 16.55152]},
			"faces": {
				"north": {"uv": [11.325, 2.1625, 12.1625, 2.1875], "texture": "#0"},
				"east": {"uv": [11.325, 2.1625, 12.1625, 2.1875], "texture": "#0"},
				"south": {"uv": [11.325, 2.1625, 12.1625, 2.1875], "texture": "#0"},
				"west": {"uv": [11.325, 2.1625, 12.1625, 2.1875], "texture": "#0"},
				"up": {"uv": [11.325, 2.1625, 12.1625, 2.1875], "texture": "#0"},
				"down": {"uv": [11.325, 2.1625, 12.1625, 2.1875], "texture": "#0"}
			}
		},
		{
			"from": [8.28883, 4.66335, 14.3],
			"to": [8.40008, 5.26335, 14.825],
			"rotation": {"angle": 45, "axis": "z", "origin": [8.36008, 4.43835, 14.5625]},
			"faces": {
				"north": {"uv": [11.325, 2.1625, 12.1625, 2.1875], "texture": "#0"},
				"east": {"uv": [11.325, 2.1625, 12.1625, 2.1875], "texture": "#0"},
				"south": {"uv": [11.325, 2.1625, 12.1625, 2.1875], "texture": "#0"},
				"west": {"uv": [11.325, 2.1625, 12.1625, 2.1875], "texture": "#0"},
				"up": {"uv": [11.325, 2.1625, 12.1625, 2.1875], "texture": "#0"},
				"down": {"uv": [11.325, 2.1625, 12.1625, 2.1875], "texture": "#0"}
			}
		},
		{
			"from": [7.83918, 4.10342, 7.71228],
			"to": [7.88596, 5.06834, 8.0193],
			"rotation": {"angle": 0, "axis": "y", "origin": [3.3216, 2.12972, -0.91352]},
			"faces": {
				"north": {"uv": [10.8125, 2.2375, 11.8875, 2.2375], "texture": "#0"},
				"east": {"uv": [10.8125, 2.2375, 11.8875, 2.2375], "texture": "#0"},
				"south": {"uv": [10.8125, 2.2375, 11.8875, 2.2375], "texture": "#0"},
				"west": {"uv": [10.8125, 2.2375, 11.8875, 2.2375], "texture": "#0"},
				"up": {"uv": [10.8125, 2.2375, 11.8875, 2.2375], "texture": "#0"},
				"down": {"uv": [10.8125, 2.2375, 11.8875, 2.2375], "texture": "#0"}
			}
		},
		{
			"from": [8.16891, 4.82761, 7.71228],
			"to": [8.23397, 5.19311, 8.0193],
			"rotation": {"angle": 45, "axis": "z", "origin": [8.21057, 4.71065, 7.86579]},
			"faces": {
				"north": {"uv": [10.8125, 2.2375, 11.8875, 2.2375], "texture": "#0"},
				"east": {"uv": [10.8125, 2.2375, 11.8875, 2.2375], "texture": "#0"},
				"south": {"uv": [10.8125, 2.2375, 11.8875, 2.2375], "texture": "#0"},
				"west": {"uv": [10.8125, 2.2375, 11.8875, 2.2375], "texture": "#0"},
				"up": {"uv": [10.8125, 2.2375, 11.8875, 2.2375], "texture": "#0"},
				"down": {"uv": [10.8125, 2.2375, 11.8875, 2.2375], "texture": "#0"}
			}
		},
		{
			"from": [7.76335, 4.82115, 7.71228],
			"to": [7.82841, 5.18665, 8.0193],
			"rotation": {"angle": -45, "axis": "z", "origin": [7.79589, 4.70419, 7.86579]},
			"faces": {
				"north": {"uv": [10.8125, 2.2375, 11.8875, 2.2375], "texture": "#0"},
				"east": {"uv": [10.8125, 2.2375, 11.8875, 2.2375], "texture": "#0"},
				"south": {"uv": [10.8125, 2.2375, 11.8875, 2.2375], "texture": "#0"},
				"west": {"uv": [10.8125, 2.2375, 11.8875, 2.2375], "texture": "#0"},
				"up": {"uv": [10.8125, 2.2375, 11.8875, 2.2375], "texture": "#0"},
				"down": {"uv": [10.8125, 2.2375, 11.8875, 2.2375], "texture": "#0"}
			}
		},
		{
			"from": [7.83918, 4.13618, 7.51403],
			"to": [7.88596, 5.1011, 8.09839],
			"rotation": {"angle": -45, "axis": "x", "origin": [7.87719, 4.61864, 7.94488]},
			"faces": {
				"north": {"uv": [10.8125, 2.2375, 11.8875, 2.2375], "texture": "#0"},
				"east": {"uv": [10.8125, 2.2375, 11.8875, 2.2375], "texture": "#0"},
				"south": {"uv": [10.8125, 2.2375, 11.8875, 2.2375], "texture": "#0"},
				"west": {"uv": [10.8125, 2.2375, 11.8875, 2.2375], "texture": "#0"},
				"up": {"uv": [10.8125, 2.2375, 11.8875, 2.2375], "texture": "#0"},
				"down": {"uv": [10.8125, 2.2375, 11.8875, 2.2375], "texture": "#0"}
			}
		},
		{
			"from": [8.11404, 3.97078, 7.5533],
			"to": [8.16082, 4.9357, 8.1669],
			"rotation": {"angle": -45, "axis": "x", "origin": [8.12281, 4.45324, 7.77947]},
			"faces": {
				"north": {"uv": [10.8125, 2.2375, 11.8875, 2.2375], "texture": "#0"},
				"east": {"uv": [10.8125, 2.2375, 11.8875, 2.2375], "texture": "#0"},
				"south": {"uv": [10.8125, 2.2375, 11.8875, 2.2375], "texture": "#0"},
				"west": {"uv": [10.8125, 2.2375, 11.8875, 2.2375], "texture": "#0"},
				"up": {"uv": [10.8125, 2.2375, 11.8875, 2.2375], "texture": "#0"},
				"down": {"uv": [10.8125, 2.2375, 11.8875, 2.2375], "texture": "#0"}
			}
		},
		{
			"from": [8.11404, 4.10342, 7.71228],
			"to": [8.16082, 5.06834, 8.0193],
			"rotation": {"angle": 0, "axis": "y", "origin": [3.3216, 2.12972, -0.91352]},
			"faces": {
				"north": {"uv": [10.8125, 2.2375, 11.8875, 2.2375], "texture": "#0"},
				"east": {"uv": [10.8125, 2.2375, 11.8875, 2.2375], "texture": "#0"},
				"south": {"uv": [10.8125, 2.2375, 11.8875, 2.2375], "texture": "#0"},
				"west": {"uv": [10.8125, 2.2375, 11.8875, 2.2375], "texture": "#0"},
				"up": {"uv": [10.8125, 2.2375, 11.8875, 2.2375], "texture": "#0"},
				"down": {"uv": [10.8125, 2.2375, 11.8875, 2.2375], "texture": "#0"}
			}
		},
		{
			"from": [7.8538, 4.70094, 7.71228],
			"to": [8.13158, 4.99524, 8.0193],
			"rotation": {"angle": 0, "axis": "z", "origin": [8.02193, 5.1122, 7.92427]},
			"faces": {
				"north": {"uv": [10.8125, 2.2375, 11.8875, 2.2375], "texture": "#0"},
				"east": {"uv": [10.8125, 2.2375, 11.8875, 2.2375], "texture": "#0"},
				"south": {"uv": [10.8125, 2.2375, 11.8875, 2.2375], "texture": "#0"},
				"west": {"uv": [10.8125, 2.2375, 11.8875, 2.2375], "texture": "#0"},
				"up": {"uv": [10.8125, 2.2375, 11.8875, 2.2375], "texture": "#0"},
				"down": {"uv": [10.8125, 2.2375, 11.8875, 2.2375], "texture": "#0"}
			}
		},
		{
			"from": [7.601, 4.1, 7],
			"to": [8.399, 4.4, 7.4242],
			"rotation": {"angle": -45, "axis": "x", "origin": [8, 4.4, 7]},
			"faces": {
				"north": {"uv": [0, 0, 0, 0], "texture": "#0"},
				"east": {"uv": [15.5, 0, 16, 0.5], "rotation": 270, "texture": "#0", "tintindex": 0},
				"south": {"uv": [0, 0, 0, 0], "texture": "#0"},
				"west": {"uv": [14.5, 0, 15, 0.5], "rotation": 90, "texture": "#0", "tintindex": 0},
				"up": {"uv": [14.5, 0, 15, 0.5], "texture": "#0", "tintindex": 0},
				"down": {"uv": [0, 0, 0, 0], "texture": "#0"}
			}
		},
		{
			"from": [7.5, 3.3, 1.6],
			"to": [7.75, 3.9, 10.8],
			"faces": {
				"north": {"uv": [7.5, 13, 8, 13.5], "texture": "#0"},
				"east": {"uv": [7.5, 13, 8, 13.5], "texture": "#0"},
				"south": {"uv": [0, 0, 0, 0], "texture": "#0"},
				"west": {"uv": [7.5, 14.5, 16, 15], "texture": "#0"},
				"up": {"uv": [0, 0, 0, 0], "texture": "#0"},
				"down": {"uv": [0, 0, 0, 0], "texture": "#0"}
			}
		},
		{
			"from": [7.42929, 3.87071, 1.601],
			"to": [7.62929, 4.15271, 10.801],
			"rotation": {"angle": -45, "axis": "z", "origin": [7.5, 3.8, 1]},
			"faces": {
				"north": {"uv": [7.5, 13, 8, 13.5], "texture": "#0"},
				"east": {"uv": [0, 0, 0, 0], "texture": "#0"},
				"south": {"uv": [0, 0, 0, 0], "texture": "#0"},
				"west": {"uv": [7.5, 14, 16, 14.5], "texture": "#0"},
				"up": {"uv": [0, 0, 0, 0], "texture": "#0"},
				"down": {"uv": [0, 0, 0, 0], "texture": "#0"}
			}
		},
		{
			"from": [7.7, 3.85, 1.6],
			"to": [8.3, 4.1, 10.8],
			"faces": {
				"north": {"uv": [7.5, 13, 8, 13.5], "texture": "#0"},
				"east": {"uv": [0, 0, 0, 0], "texture": "#0"},
				"south": {"uv": [0, 0, 0, 0], "texture": "#0"},
				"west": {"uv": [0, 0, 0, 0], "texture": "#0"},
				"up": {"uv": [7.5, 13.5, 16, 14], "rotation": 90, "texture": "#0"},
				"down": {"uv": [8, 13, 7.5, 13.5], "texture": "#0"}
			}
		},
		{
			"from": [8.37071, 3.87071, 1.601],
			"to": [8.57071, 4.15271, 10.801],
			"rotation": {"angle": 45, "axis": "z", "origin": [8.5, 3.8, 1]},
			"faces": {
				"north": {"uv": [7.5, 13, 8, 13.5], "texture": "#0"},
				"east": {"uv": [7.5, 14, 16, 14.5], "rotation": 180, "texture": "#0"},
				"south": {"uv": [0, 0, 0, 0], "texture": "#0"},
				"west": {"uv": [0, 0, 0, 0], "texture": "#0"},
				"up": {"uv": [0, 0, 0, 0], "texture": "#0"},
				"down": {"uv": [0, 0, 0, 0], "texture": "#0"}
			}
		},
		{
			"from": [8.25, 3.3, 1.6],
			"to": [8.5, 3.9, 10.8],
			"faces": {
				"north": {"uv": [7.5, 13, 8, 13.5], "texture": "#0"},
				"east": {"uv": [7.5, 14.5, 16, 15], "rotation": 180, "texture": "#0"},
				"south": {"uv": [0, 0, 0, 0], "texture": "#0"},
				"west": {"uv": [7.5, 13, 8, 13.5], "texture": "#0"},
				"up": {"uv": [0, 0, 0, 0], "texture": "#0"},
				"down": {"uv": [0, 0, 0, 0], "texture": "#0"}
			}
		},
		{
			"from": [8.22929, 2.98871, 1.601],
			"to": [8.42929, 3.27071, 10.801],
			"rotation": {"angle": -45, "axis": "z", "origin": [8.5, 3.2, 1]},
			"faces": {
				"north": {"uv": [7.5, 13, 8, 13.5], "texture": "#0"},
				"east": {"uv": [7.5, 15, 16, 15.5], "rotation": 180, "texture": "#0"},
				"south": {"uv": [0, 0, 0, 0], "texture": "#0"},
				"west": {"uv": [0, 0, 0, 0], "texture": "#0"},
				"up": {"uv": [0, 0, 0, 0], "texture": "#0"},
				"down": {"uv": [0, 0, 0, 0], "texture": "#0"}
			}
		},
		{
			"from": [7.7, 3.1, 1.6],
			"to": [8.3, 3.35, 10.8],
			"faces": {
				"north": {"uv": [7.5, 13, 8, 13.5], "texture": "#0"},
				"east": {"uv": [0, 0, 0, 0], "texture": "#0"},
				"south": {"uv": [0, 0, 0, 0], "texture": "#0"},
				"west": {"uv": [0, 0, 0, 0], "texture": "#0"},
				"up": {"uv": [8, 13.5, 7.5, 13], "texture": "#0"},
				"down": {"uv": [7.5, 15.5, 16, 16], "rotation": 270, "texture": "#0"}
			}
		},
		{
			"from": [7.57071, 2.98871, 1.601],
			"to": [7.77071, 3.27071, 10.801],
			"rotation": {"angle": 45, "axis": "z", "origin": [7.5, 3.2, 1]},
			"faces": {
				"north": {"uv": [7.5, 13, 8, 13.5], "texture": "#0"},
				"east": {"uv": [0, 0, 0, 0], "texture": "#0"},
				"south": {"uv": [0, 0, 0, 0], "texture": "#0"},
				"west": {"uv": [7.5, 15, 16, 15.5], "texture": "#0"},
				"up": {"uv": [0, 0, 0, 0], "texture": "#0"},
				"down": {"uv": [0, 0, 0, 0], "texture": "#0"}
			}
		},
		{
			"from": [7.54386, -0.31772, 6.21123],
			"to": [8.45614, 2.49517, 7.19954],
			"rotation": {"angle": 0, "axis": "x", "origin": [8, 3.42108, 12.43882]},
			"faces": {
				"north": {"uv": [13, 0, 14, 3.5], "texture": "#0"},
				"east": {"uv": [12, 0, 13, 3.5], "texture": "#0"},
				"south": {"uv": [12, 0, 12, 3.5], "texture": "#0"},
				"west": {"uv": [10, 0, 11, 3.5], "texture": "#0"},
				"up": {"uv": [13.9, 1.55, 12.825, 2.95], "texture": "#0"},
				"down": {"uv": [11, 3.5, 10, 4.5], "texture": "#0"}
			}
		},
		{
			"from": [7.54386, 2.49517, 6.21123],
			"to": [8.45614, 2.58306, 7.19954],
			"rotation": {"angle": 0, "axis": "y", "origin": [8, 3.15897, 12.43882]},
			"faces": {
				"north": {"uv": [13.05, 3.05, 13.8125, 3.325], "texture": "#0"},
				"east": {"uv": [13.05, 3.05, 13.8125, 3.325], "texture": "#0"},
				"south": {"uv": [13.05, 3.05, 13.8125, 3.325], "texture": "#0"},
				"west": {"uv": [13.05, 3.05, 13.8125, 3.325], "texture": "#0"},
				"up": {"uv": [13.05, 3.05, 13.8125, 3.325], "texture": "#0"},
				"down": {"uv": [13.05, 3.05, 13.8125, 3.325], "texture": "#0"}
			}
		},
		{
			"from": [7.79386, 2.58306, 6.51123],
			"to": [8.19386, 3.12095, 6.91123],
			"rotation": {"angle": 0, "axis": "y", "origin": [8, 2.59686, 12.43882]},
			"faces": {
				"north": {"uv": [13.05, 3.05, 13.8125, 3.325], "texture": "#0"},
				"east": {"uv": [13.05, 3.05, 13.8125, 3.325], "texture": "#0"},
				"south": {"uv": [13.05, 3.05, 13.8125, 3.325], "texture": "#0"},
				"west": {"uv": [13.05, 3.05, 13.8125, 3.325], "texture": "#0"},
				"up": {"uv": [13.05, 3.05, 13.8125, 3.325], "texture": "#0"},
				"down": {"uv": [13.05, 3.05, 13.8125, 3.325], "texture": "#0"}
			}
		}
	],
	"display": {
		"thirdperson_righthand": {
			"translation": [0, 6, -6.25]
		},
		"thirdperson_lefthand": {
			"translation": [0, 6, -4.25]
		},
		"firstperson_righthand": {
			"translation": [-3.25, 9.25, -0.5]
		},
		"firstperson_lefthand": {
			"translation": [-3.25, 9.25, -0.5]
		},
		"ground": {
			"translation": [-1, 5, -5],
			"scale": [0.8, 0.8, 0.8]
		},
		"gui": {
			"rotation": [30, 225, 0],
			"translation": [2.75, 2.25, 0],
			"scale": [0.95, 0.95, 0.95]
		},
		"fixed": {
			"rotation": [0, 90, 0],
			"translation": [-9, 9.25, -1.25],
			"scale": [1.75, 1.75, 1.75]
		}
	},
	"groups": [
		{
			"name": "AUG",
			"origin": [8, 4.4, 7],
			"color": 0,
			"children": [0, 1, 2, 3, 4, 5, 6, 7, 8, 9, 10, 11, 12, 13, 14, 15, 16, 17, 18, 19, 20, 21, 22, 23, 24, 25, 26, 27, 28, 29, 30, 31, 32, 33, 34, 35, 36, 37, 38, 39, 40, 41, 42, 43, 44]
		},
		{
			"name": "barrel",
			"origin": [7.5, 3.2, 1],
			"color": 0,
			"children": [45, 46, 47, 48, 49, 50, 51, 52]
		},
		{
			"name": "group",
			"origin": [8, 2.59686, 12.43882],
			"color": 0,
			"children": [53, 54, 55]
		}
	]
}