{
	"credit": "Made with Blockbench by VIKTORWOOD",
	"texture_size": [64, 64],
	"textures": {
		"0": "additionalguns:item/awm",
		"1": "additionalguns:item/universal4",
		"particle": "additionalguns:item/awm"
	},
	"elements": [
		{
			"from": [7.7, 3.1, -8.85],
			"to": [8.3, 3.35, 20.35],
			"rotation": {"angle": 0, "axis": "y", "origin": [0, 0, 19.95]},
			"faces": {
				"north": {"uv": [0.25, 8.5, 0.375, 8.625], "texture": "#0"},
				"east": {"uv": [1, 1, 8.25, 1.125], "texture": "#0"},
				"west": {"uv": [1, 1.25, 8.25, 1.375], "texture": "#0"},
				"up": {"uv": [1.125, 8.75, 1, 1.5], "texture": "#0"},
				"down": {"uv": [1.375, 1.5, 1.25, 8.75], "texture": "#0"}
			}
		},
		{
			"from": [7.57071, 2.98871, -8.851],
			"to": [7.77071, 3.27071, 20.349],
			"rotation": {"angle": 45, "axis": "z", "origin": [7.5, 3.2, 18.95]},
			"faces": {
				"north": {"uv": [0.5, 8.5, 0.625, 8.625], "texture": "#0"},
				"east": {"uv": [1.5, 1.5, 8.75, 1.625], "texture": "#0"},
				"south": {"uv": [0.75, 8.5, 0.875, 8.625], "texture": "#0"},
				"west": {"uv": [1.5, 1.75, 8.75, 1.875], "texture": "#0"},
				"up": {"uv": [1.625, 9.25, 1.5, 2], "texture": "#0"},
				"down": {"uv": [1.875, 2, 1.75, 9.25], "texture": "#0"}
			}
		},
		{
			"from": [7.5, 3.3, -8.85],
			"to": [7.75, 3.9, 20.35],
			"rotation": {"angle": 0, "axis": "y", "origin": [0, 0, 19.95]},
			"faces": {
				"north": {"uv": [8.5, 0.75, 8.625, 0.875], "texture": "#0"},
				"east": {"uv": [2, 2, 9.25, 2.125], "texture": "#0"},
				"west": {"uv": [2, 2.25, 9.25, 2.375], "texture": "#0"},
				"up": {"uv": [2.125, 9.75, 2, 2.5], "texture": "#0"}
			}
		},
		{
			"from": [7.42929, 3.87071, -8.851],
			"to": [7.62929, 4.15271, 20.349],
			"rotation": {"angle": -45, "axis": "z", "origin": [7.5, 3.8, 18.95]},
			"faces": {
				"north": {"uv": [8.5, 1, 8.625, 1.125], "texture": "#0"},
				"east": {"uv": [2.25, 2.5, 9.5, 2.625], "texture": "#0"},
				"south": {"uv": [8.5, 1.25, 8.625, 1.375], "texture": "#0"},
				"west": {"uv": [2.25, 2.75, 9.5, 2.875], "texture": "#0"},
				"up": {"uv": [2.375, 10.25, 2.25, 3], "texture": "#0"},
				"down": {"uv": [2.625, 3, 2.5, 10.25], "texture": "#0"}
			}
		},
		{
			"from": [7.7, 3.85, -8.85],
			"to": [8.3, 4.1, 20.35],
			"rotation": {"angle": 0, "axis": "y", "origin": [0, 0, 19.95]},
			"faces": {
				"north": {"uv": [4.5, 8.5, 4.625, 8.625], "texture": "#0"},
				"east": {"uv": [2.75, 3, 10, 3.125], "texture": "#0"},
				"west": {"uv": [2.75, 3.25, 10, 3.375], "texture": "#0"},
				"up": {"uv": [2.875, 10.75, 2.75, 3.5], "texture": "#0"},
				"down": {"uv": [3.125, 3.5, 3, 10.75], "texture": "#0"}
			}
		},
		{
			"from": [7.9, 3.9625, -8.0375],
			"to": [8.1, 4.7375, -7.7875],
			"rotation": {"angle": 0, "axis": "x", "origin": [8, 4.75, -7.9125]},
			"faces": {
				"north": {"uv": [2.875, 10.75, 2.75, 3.5], "rotation": 180, "texture": "#1"},
				"east": {"uv": [2.75, 3, 10, 3.125], "rotation": 90, "texture": "#1"},
				"south": {"uv": [3.125, 3.5, 3, 10.75], "texture": "#1"},
				"west": {"uv": [2.75, 3.25, 10, 3.375], "rotation": 270, "texture": "#1"},
				"up": {"uv": [1.75, 3.875, 1.875, 4.625], "texture": "#1"},
				"down": {"uv": [4.5, 8.5, 4.625, 8.625], "rotation": 180, "texture": "#1"}
			}
		},
		{
			"from": [7.9, 3.73761, -7.80188],
			"to": [8.1, 4.76261, -7.47688],
			"rotation": {"angle": -45, "axis": "x", "origin": [8, 4.37511, -7.60188]},
			"faces": {
				"north": {"uv": [2.875, 10.75, 2.75, 3.5], "rotation": 180, "texture": "#1"},
				"east": {"uv": [2.75, 3, 10, 3.125], "rotation": 90, "texture": "#1"},
				"south": {"uv": [3.125, 3.5, 3, 10.75], "texture": "#1"},
				"west": {"uv": [2.75, 3.25, 10, 3.375], "rotation": 270, "texture": "#1"},
				"up": {"uv": [0, 0, 0, 0], "texture": "#1"},
				"down": {"uv": [4.5, 8.5, 4.625, 8.625], "rotation": 180, "texture": "#1"}
			}
		},
		{
			"from": [7.9, 3.98761, -7.95188],
			"to": [8.1, 4.56261, -7.67688],
			"rotation": {"angle": -45, "axis": "x", "origin": [8, 4.37511, -7.60188]},
			"faces": {
				"north": {"uv": [2.875, 10.75, 2.75, 3.5], "rotation": 180, "texture": "#1"},
				"east": {"uv": [2.75, 3, 10, 3.125], "rotation": 90, "texture": "#1"},
				"south": {"uv": [3.125, 3.5, 3, 10.75], "texture": "#1"},
				"west": {"uv": [2.75, 3.25, 10, 3.375], "rotation": 270, "texture": "#1"},
				"up": {"uv": [0, 0, 0, 0], "texture": "#1"},
				"down": {"uv": [4.5, 8.5, 4.625, 8.625], "rotation": 180, "texture": "#1"}
			}
		},
		{
			"from": [8.37071, 3.87071, -8.851],
			"to": [8.57071, 4.15271, 20.349],
			"rotation": {"angle": 45, "axis": "z", "origin": [8.5, 3.8, 18.95]},
			"faces": {
				"north": {"uv": [4.75, 8.5, 4.875, 8.625], "texture": "#0"},
				"east": {"uv": [3.25, 3.5, 10.5, 3.625], "texture": "#0"},
				"south": {"uv": [8.5, 4.75, 8.625, 4.875], "texture": "#0"},
				"west": {"uv": [3.25, 3.75, 10.5, 3.875], "texture": "#0"},
				"up": {"uv": [3.375, 11.25, 3.25, 4], "texture": "#0"},
				"down": {"uv": [3.625, 4, 3.5, 11.25], "texture": "#0"}
			}
		},
		{
			"from": [8.25, 3.3, -8.85],
			"to": [8.5, 3.9, 20.35],
			"rotation": {"angle": 0, "axis": "y", "origin": [0, 0, 19.95]},
			"faces": {
				"north": {"uv": [5, 8.5, 5.125, 8.625], "texture": "#0"},
				"east": {"uv": [3.75, 4, 11, 4.125], "texture": "#0"},
				"west": {"uv": [4.25, 0, 11.5, 0.125], "texture": "#0"},
				"up": {"uv": [3.875, 11.5, 3.75, 4.25], "texture": "#0"}
			}
		},
		{
			"from": [8.22929, 2.98871, -8.851],
			"to": [8.42929, 3.27071, 20.349],
			"rotation": {"angle": -45, "axis": "z", "origin": [8.5, 3.2, 18.95]},
			"faces": {
				"north": {"uv": [8.5, 5, 8.625, 5.125], "texture": "#0"},
				"east": {"uv": [4.25, 0.25, 11.5, 0.375], "texture": "#0"},
				"south": {"uv": [5.25, 8.5, 5.375, 8.625], "texture": "#0"},
				"west": {"uv": [4.25, 0.5, 11.5, 0.625], "texture": "#0"},
				"up": {"uv": [4.125, 11.5, 4, 4.25], "texture": "#0"},
				"down": {"uv": [4.375, 4.25, 4.25, 11.5], "texture": "#0"}
			}
		},
		{
			"from": [8.5, 3.3, 19.15],
			"to": [8.7, 4.3, 19.35],
			"rotation": {"angle": 0, "axis": "y", "origin": [8.5, 3.2, 18.45]},
			"faces": {
				"north": {"uv": [8.25, 0.75, 8.375, 1], "texture": "#0"},
				"east": {"uv": [8.25, 1, 8.375, 1.25], "texture": "#0"},
				"south": {"uv": [8.25, 1.25, 8.375, 1.5], "texture": "#0"},
				"west": {"uv": [4.5, 8.25, 4.625, 8.5], "texture": "#0"},
				"up": {"uv": [8.625, 5.375, 8.5, 5.25], "texture": "#0"}
			}
		},
		{
			"from": [8.5, 3.3, 14.15],
			"to": [8.7, 4.3, 14.35],
			"rotation": {"angle": 0, "axis": "y", "origin": [8.5, 3.2, 13.45]},
			"faces": {
				"north": {"uv": [4.75, 8.25, 4.875, 8.5], "texture": "#0"},
				"east": {"uv": [8.25, 4.75, 8.375, 5], "texture": "#0"},
				"south": {"uv": [5, 8.25, 5.125, 8.5], "texture": "#0"},
				"west": {"uv": [8.25, 5, 8.375, 5.25], "texture": "#0"},
				"up": {"uv": [5.625, 8.625, 5.5, 8.5], "texture": "#0"}
			}
		},
		{
			"from": [7.3, 3.3, 14.15],
			"to": [7.5, 4.3, 14.35],
			"rotation": {"angle": 0, "axis": "y", "origin": [7.5, 3.2, 13.45]},
			"faces": {
				"north": {"uv": [5.25, 8.25, 5.375, 8.5], "texture": "#0"},
				"east": {"uv": [8.25, 5.25, 8.375, 5.5], "texture": "#0"},
				"south": {"uv": [5.5, 8.25, 5.625, 8.5], "texture": "#0"},
				"west": {"uv": [8.25, 5.5, 8.375, 5.75], "texture": "#0"},
				"up": {"uv": [8.625, 5.625, 8.5, 5.5], "texture": "#0"}
			}
		},
		{
			"from": [7.3, 3.3, 19.15],
			"to": [7.5, 4.3, 19.35],
			"rotation": {"angle": 0, "axis": "y", "origin": [7.5, 3.2, 18.45]},
			"faces": {
				"north": {"uv": [5.75, 8.25, 5.875, 8.5], "texture": "#0"},
				"east": {"uv": [8.25, 5.75, 8.375, 6], "texture": "#0"},
				"south": {"uv": [6, 8.25, 6.125, 8.5], "texture": "#0"},
				"west": {"uv": [6.25, 8.25, 6.375, 8.5], "texture": "#0"},
				"up": {"uv": [5.875, 8.625, 5.75, 8.5], "texture": "#0"}
			}
		},
		{
			"from": [7.5, 4.1, 14.05],
			"to": [8.5, 4.3, 20],
			"rotation": {"angle": 0, "axis": "y", "origin": [7.7, 3.2, 18.45]},
			"faces": {
				"north": {"uv": [6.5, 8.25, 6.75, 8.375], "texture": "#0"},
				"east": {"uv": [6.25, 0.75, 7.625, 0.875], "texture": "#0"},
				"south": {"uv": [8.25, 6.5, 8.5, 6.625], "texture": "#0"},
				"west": {"uv": [4.5, 7, 5.875, 7.125], "texture": "#0"},
				"up": {"uv": [0.25, 7.875, 0, 6.5], "texture": "#0"},
				"down": {"uv": [0.5, 6.5, 0.25, 7.875], "texture": "#0"}
			}
		},
		{
			"from": [8.246, 3.19, 20.782],
			"to": [9.42, 3.514, 21.106],
			"rotation": {"angle": -22.5, "axis": "z", "origin": [9.1108, 3.19, 20.782]},
			"faces": {
				"north": {"uv": [6.75, 8.25, 7, 8.375], "texture": "#0"},
				"south": {"uv": [8.25, 6.75, 8.5, 6.875], "texture": "#0"},
				"up": {"uv": [7.25, 8.375, 7, 8.25], "texture": "#0"},
				"down": {"uv": [8.5, 7, 8.25, 7.125], "texture": "#0"}
			}
		},
		{
			"from": [9.37, 2.974, 20.666],
			"to": [9.91, 3.514, 21.206],
			"rotation": {"angle": 0, "axis": "y", "origin": [9.478, 2.974, 20.666]},
			"faces": {
				"north": {"uv": [8.5, 5.75, 8.625, 5.875], "texture": "#0", "tintindex": 0},
				"east": {"uv": [6, 8.5, 6.125, 8.625], "texture": "#0", "tintindex": 0},
				"south": {"uv": [8.5, 6, 8.625, 6.125], "texture": "#0", "tintindex": 0},
				"west": {"uv": [6.25, 8.5, 6.375, 8.625], "texture": "#0", "tintindex": 0},
				"up": {"uv": [8.625, 6.375, 8.5, 6.25], "texture": "#0", "tintindex": 0},
				"down": {"uv": [6.625, 8.5, 6.5, 8.625], "texture": "#0", "tintindex": 0}
			}
		},
		{
			"from": [7.5, 3.1, 20.35],
			"to": [8.5, 4.1, 21.35],
			"rotation": {"angle": 0, "axis": "y", "origin": [7.7, 3.1, 20.35]},
			"faces": {
				"north": {"uv": [5.75, 5.5, 6, 5.75], "texture": "#0", "tintindex": 0},
				"east": {"uv": [6.25, 5.25, 6.5, 5.5], "texture": "#0", "tintindex": 0},
				"south": {"uv": [0.75, 8, 1, 8.25], "texture": "#0", "tintindex": 0},
				"west": {"uv": [5.25, 8, 5.5, 8.25], "texture": "#0", "tintindex": 0},
				"up": {"uv": [5.75, 8.25, 5.5, 8], "texture": "#0", "tintindex": 0}
			}
		},
		{
			"from": [7.30007, -0.13094, 22.51316],
			"to": [8.69993, 1.26892, 23.31308],
			"rotation": {"angle": -45, "axis": "x", "origin": [8.9999, 2.27921, 21.73955]},
			"faces": {
				"north": {"uv": [6.5, 7, 6.875, 7.375], "texture": "#0", "tintindex": 0},
				"east": {"uv": [7.5, 6.5, 7.75, 6.875], "texture": "#0", "tintindex": 0},
				"west": {"uv": [7.5, 7, 7.75, 7.375], "texture": "#0", "tintindex": 0}
			}
		},
		{
			"from": [7.30007, 1.43081, 22.51316],
			"to": [8.69993, 2.83067, 23.31308],
			"rotation": {"angle": 45, "axis": "x", "origin": [8.9999, 0.42052, 21.73955]},
			"faces": {
				"north": {"uv": [7, 6.5, 7.375, 6.875], "texture": "#0", "tintindex": 0},
				"east": {"uv": [7.5, 7.5, 7.75, 7.875], "texture": "#0", "tintindex": 0},
				"west": {"uv": [7.75, 4.25, 8, 4.625], "texture": "#0", "tintindex": 0}
			}
		},
		{
			"from": [7.30007, -6.97874, 22.55801],
			"to": [8.69993, -6.17882, 23.15795],
			"rotation": {"angle": -22.5, "axis": "x", "origin": [8, -6.47879, 3.15995]},
			"faces": {
				"east": {"uv": [7.25, 8.25, 7.375, 8.5], "texture": "#0", "tintindex": 0},
				"south": {"uv": [7.75, 0.75, 8.125, 1], "texture": "#0", "tintindex": 0},
				"west": {"uv": [8.25, 7.25, 8.375, 7.5], "texture": "#0", "tintindex": 0}
			}
		},
		{
			"from": [7.30007, -12.97013, 30.59783],
			"to": [8.69993, -11.97023, 31.99769],
			"rotation": {"angle": -45, "axis": "x", "origin": [8, -14.46998, 12.19967]},
			"faces": {
				"east": {"uv": [4.5, 7.75, 4.875, 8], "texture": "#0", "tintindex": 0},
				"south": {"uv": [7.75, 4.75, 8.125, 5], "texture": "#0", "tintindex": 0},
				"west": {"uv": [5, 7.75, 5.375, 8], "texture": "#0", "tintindex": 0},
				"down": {"uv": [7.375, 7, 7, 7.375], "texture": "#0", "tintindex": 0}
			}
		},
		{
			"from": [7.30007, -8.3592, 21.24473],
			"to": [8.69993, -7.3593, 22.64459],
			"rotation": {"angle": -22.5, "axis": "x", "origin": [8, -2.85975, 2.84657]},
			"faces": {
				"east": {"uv": [7.75, 5, 8.125, 5.25], "texture": "#0", "tintindex": 0},
				"west": {"uv": [7.75, 5.25, 8.125, 5.5], "texture": "#0", "tintindex": 0},
				"down": {"uv": [7.625, 4.25, 7.25, 4.625], "texture": "#0", "tintindex": 0}
			}
		},
		{
			"from": [7.30007, -7.97864, 21.55811],
			"to": [8.69993, -6.97874, 23.15795],
			"rotation": {"angle": -22.5, "axis": "x", "origin": [8, -6.47879, 3.15995]},
			"faces": {
				"north": {"uv": [5.5, 7.75, 5.875, 8], "texture": "#0", "tintindex": 0},
				"east": {"uv": [7.75, 5.5, 8.125, 5.75], "texture": "#0", "tintindex": 0},
				"south": {"uv": [6, 7.75, 6.375, 8], "texture": "#0", "tintindex": 0},
				"west": {"uv": [6.5, 7.75, 6.875, 8], "texture": "#0", "tintindex": 0},
				"up": {"uv": [4.875, 7.625, 4.5, 7.25], "texture": "#0", "tintindex": 0},
				"down": {"uv": [7.625, 4.75, 7.25, 5.125], "texture": "#0", "tintindex": 0}
			}
		},
		{
			"from": [7.30007, -0.89991, 20.74892],
			"to": [8.69993, -0.39996, 21.9488],
			"rotation": {"angle": 0, "axis": "y", "origin": [8, 1.09989, 3.55064]},
			"faces": {
				"north": {"uv": [6.75, 8, 7.125, 8.125], "texture": "#0", "tintindex": 0},
				"east": {"uv": [7.5, 8.25, 7.75, 8.375], "texture": "#0", "tintindex": 0},
				"west": {"uv": [8.25, 7.5, 8.5, 7.625], "texture": "#0", "tintindex": 0},
				"down": {"uv": [8.125, 6.5, 7.75, 6.75], "texture": "#0", "tintindex": 0}
			}
		},
		{
			"from": [7.3, -0.4, 20.85],
			"to": [8.7, 0.6, 24.15],
			"rotation": {"angle": 0, "axis": "y", "origin": [8, 1.1, 3.55]},
			"faces": {
				"north": {"uv": [7.75, 6.75, 8.125, 7], "texture": "#0", "tintindex": 0},
				"east": {"uv": [4.25, 0.75, 5.125, 1], "texture": "#0", "tintindex": 0},
				"south": {"uv": [7, 7.75, 7.375, 8], "texture": "#0", "tintindex": 0},
				"west": {"uv": [5.25, 0.75, 6.125, 1], "texture": "#0", "tintindex": 0},
				"up": {"uv": [6.625, 5.125, 6.25, 4.25], "texture": "#0", "tintindex": 0},
				"down": {"uv": [0.875, 6.5, 0.5, 7.375], "texture": "#0", "tintindex": 0}
			}
		},
		{
			"from": [7.3, 0.1, 20.35],
			"to": [8.7, 2, 21.55],
			"rotation": {"angle": 0, "axis": "y", "origin": [8, 0, 1.95]},
			"faces": {
				"north": {"uv": [6.75, 4.25, 7.125, 4.75], "texture": "#0", "tintindex": 0},
				"east": {"uv": [6, 7.25, 6.25, 7.75], "texture": "#0", "tintindex": 0},
				"south": {"uv": [6.75, 4.75, 7.125, 5.25], "texture": "#0", "tintindex": 0},
				"west": {"uv": [6.25, 7.25, 6.5, 7.75], "texture": "#0", "tintindex": 0},
				"down": {"uv": [8.125, 7, 7.75, 7.25], "texture": "#0", "tintindex": 0}
			}
		},
		{
			"from": [7.3, 3.3, 24.35],
			"to": [8.7, 3.7, 28.55],
			"rotation": {"angle": 0, "axis": "y", "origin": [8, 1.7, 1.95]},
			"faces": {
				"north": {"uv": [7.25, 8, 7.625, 8.125], "texture": "#0", "tintindex": 0},
				"east": {"uv": [7.25, 5.75, 8.25, 5.875], "texture": "#0", "tintindex": 0},
				"west": {"uv": [7.5, 6, 8.5, 6.125], "texture": "#0", "tintindex": 0},
				"up": {"uv": [6.375, 6.5, 6, 5.5], "texture": "#0", "tintindex": 0}
			}
		},
		{
			"from": [7.3, -0.4, 26.85],
			"to": [8.7, 0.6, 28.55],
			"rotation": {"angle": 0, "axis": "y", "origin": [8, 5.6, 1.95]},
			"faces": {
				"north": {"uv": [7.75, 7.25, 8.125, 7.5], "texture": "#0", "tintindex": 0},
				"east": {"uv": [7.75, 7.5, 8.125, 7.75], "texture": "#0", "tintindex": 0},
				"west": {"uv": [7.75, 7.75, 8.125, 8], "texture": "#0", "tintindex": 0},
				"down": {"uv": [5.375, 7.25, 5, 7.625], "texture": "#0", "tintindex": 0}
			}
		},
		{
			"from": [7.2, -0.7, 28.55],
			"to": [8.8, 3.7, 30.25],
			"rotation": {"angle": 0, "axis": "y", "origin": [8, -7.3, 6.55]},
			"faces": {
				"north": {"uv": [5.75, 4.25, 6.125, 5.375], "texture": "#0"},
				"east": {"uv": [4.5, 5.75, 4.875, 6.875], "texture": "#0"},
				"south": {"uv": [5, 5.75, 5.375, 6.875], "texture": "#0"},
				"west": {"uv": [5.5, 5.75, 5.875, 6.875], "texture": "#0"},
				"up": {"uv": [7.625, 5.625, 7.25, 5.25], "texture": "#0"},
				"down": {"uv": [5.875, 7.25, 5.5, 7.625], "texture": "#0"}
			}
		},
		{
			"from": [7.3, 0.6, 23.45],
			"to": [8.7, 3.3, 28.55],
			"rotation": {"angle": 0, "axis": "y", "origin": [8, 0, 1.95]},
			"faces": {
				"north": {"uv": [6, 6.5, 6.375, 7.125], "texture": "#0", "tintindex": 0},
				"east": {"uv": [4.5, 4.25, 5.75, 4.875], "texture": "#0", "tintindex": 0},
				"west": {"uv": [4.5, 5, 5.75, 5.625], "texture": "#0", "tintindex": 0},
				"up": {"uv": [0.375, 6.5, 0, 5.25], "texture": "#0", "tintindex": 0},
				"down": {"uv": [0.875, 5.25, 0.5, 6.5], "texture": "#0", "tintindex": 0}
			}
		},
		{
			"from": [7.30007, 7.91901, 13.47248],
			"to": [8.69993, 8.51895, 15.17222],
			"rotation": {"angle": 22.5, "axis": "x", "origin": [8, 5.21928, -1.32613]},
			"faces": {
				"east": {"uv": [0, 8, 0.625, 8.125], "texture": "#0", "tintindex": 0},
				"south": {"uv": [7.75, 8, 8.125, 8.125], "texture": "#0", "tintindex": 0},
				"west": {"uv": [8, 4.25, 8.625, 4.375], "texture": "#0", "tintindex": 0},
				"down": {"uv": [6.875, 6.25, 6.5, 6.875], "texture": "#0", "tintindex": 0}
			}
		},
		{
			"from": [7.5, -10.17645, 25.07477],
			"to": [8.5, -9.87645, 25.27477],
			"rotation": {"angle": -45, "axis": "x", "origin": [8, -12.77645, 8.77477]},
			"faces": {
				"north": {"uv": [7.75, 8.25, 8, 8.375], "texture": "#0", "tintindex": 0},
				"east": {"uv": [8.5, 6.5, 8.625, 6.625], "texture": "#0", "tintindex": 0},
				"south": {"uv": [8.25, 7.75, 8.5, 7.875], "texture": "#0", "tintindex": 0},
				"west": {"uv": [6.75, 8.5, 6.875, 8.625], "texture": "#0", "tintindex": 0}
			}
		},
		{
			"from": [7.5, 0.58787, 18.46213],
			"to": [8.5, 0.78787, 20.36213],
			"rotation": {"angle": 0, "axis": "y", "origin": [8, -2.11213, 2.16213]},
			"faces": {
				"east": {"uv": [5.75, 8, 6.25, 8.125], "texture": "#0", "tintindex": 0},
				"west": {"uv": [6.25, 8, 6.75, 8.125], "texture": "#0", "tintindex": 0},
				"up": {"uv": [0.75, 8, 0.5, 7.5], "texture": "#0", "tintindex": 0},
				"down": {"uv": [1, 7.5, 0.75, 8], "texture": "#0", "tintindex": 0}
			}
		},
		{
			"from": [7.7, 7.46547, 19.54313],
			"to": [8.3, 8.06547, 19.74313],
			"rotation": {"angle": 22.5, "axis": "x", "origin": [8, 4.76547, 3.24313]},
			"faces": {
				"north": {"uv": [8.5, 6.75, 8.625, 6.875], "texture": "#0"},
				"east": {"uv": [7, 8.5, 7.125, 8.625], "texture": "#0"},
				"south": {"uv": [8.5, 7, 8.625, 7.125], "texture": "#0"},
				"west": {"uv": [7.25, 8.5, 7.375, 8.625], "texture": "#0"},
				"down": {"uv": [8.625, 7.25, 8.5, 7.375], "texture": "#0"}
			}
		},
		{
			"from": [7.7, 1.5, 19.55],
			"to": [8.3, 2.1, 19.75],
			"rotation": {"angle": 0, "axis": "y", "origin": [8, -1.2, 3.25]},
			"faces": {
				"north": {"uv": [7.5, 8.5, 7.625, 8.625], "texture": "#0"},
				"east": {"uv": [8.5, 7.5, 8.625, 7.625], "texture": "#0"},
				"south": {"uv": [7.75, 8.5, 7.875, 8.625], "texture": "#0"},
				"west": {"uv": [8.5, 7.75, 8.625, 7.875], "texture": "#0"}
			}
		},
		{
			"from": [7.5, 0.8, 18.25],
			"to": [8.5, 1.4, 18.45],
			"rotation": {"angle": 0, "axis": "y", "origin": [8, -1.9, 1.95]},
			"faces": {
				"north": {"uv": [8, 8.25, 8.25, 8.375], "texture": "#0", "tintindex": 0},
				"east": {"uv": [8, 8.5, 8.125, 8.625], "texture": "#0", "tintindex": 0},
				"south": {"uv": [8.25, 8, 8.5, 8.125], "texture": "#0", "tintindex": 0},
				"west": {"uv": [8.5, 8, 8.625, 8.125], "texture": "#0", "tintindex": 0}
			}
		},
		{
			"from": [7.4, 0.7, 15.35],
			"to": [8.6, 1.4, 17.75],
			"rotation": {"angle": 0, "axis": "y", "origin": [8, -1.9, 1.95]},
			"faces": {
				"north": {"uv": [8.25, 8.25, 8.5, 8.375], "texture": "#0"},
				"east": {"uv": [4.5, 8, 5.125, 8.125], "texture": "#0"},
				"south": {"uv": [0, 8.5, 0.25, 8.625], "texture": "#0"},
				"west": {"uv": [8, 4.5, 8.625, 4.625], "texture": "#0"},
				"down": {"uv": [7.25, 5.25, 7, 5.875], "texture": "#0"}
			}
		},
		{
			"from": [7.3, 1.4, 14.95],
			"to": [8.7, 2, 18.45],
			"rotation": {"angle": 0, "axis": "y", "origin": [8, -1.3, 1.95]},
			"faces": {
				"north": {"uv": [0, 8.25, 0.375, 8.375], "texture": "#0", "tintindex": 0},
				"east": {"uv": [7.5, 6.25, 8.375, 6.375], "texture": "#0", "tintindex": 0},
				"south": {"uv": [0.5, 8.25, 0.875, 8.375], "texture": "#0", "tintindex": 0},
				"west": {"uv": [6.5, 7.5, 7.375, 7.625], "texture": "#0", "tintindex": 0},
				"down": {"uv": [6.875, 5.25, 6.5, 6.125], "texture": "#0", "tintindex": 0}
			}
		},
		{
			"from": [7.3, 2, 6.95],
			"to": [8.7, 3.3, 23.45],
			"rotation": {"angle": 0, "axis": "y", "origin": [8, 0, 1.95]},
			"faces": {
				"north": {"uv": [7, 6, 7.375, 6.375], "texture": "#0", "tintindex": 0},
				"east": {"uv": [0, 0, 4.125, 0.375], "texture": "#0", "tintindex": 0},
				"west": {"uv": [0, 0.5, 4.125, 0.875], "texture": "#0", "tintindex": 0},
				"up": {"uv": [0.375, 5.125, 0, 1], "texture": "#0", "tintindex": 0},
				"down": {"uv": [0.875, 1, 0.5, 5.125], "texture": "#0", "tintindex": 0}
			}
		},
		{
			"from": [7.22838, 4.76193, 19.045],
			"to": [7.40338, 5.26193, 20.025],
			"rotation": {"angle": -22.5, "axis": "z", "origin": [6.67838, 2.28693, 18.46]},
			"faces": {
				"north": {"uv": [0, 0, 16, 16], "texture": "#1"},
				"east": {"uv": [0, 0, 16, 16], "texture": "#1"},
				"south": {"uv": [0, 0, 16, 16], "texture": "#1"},
				"west": {"uv": [0, 0, 16, 16], "texture": "#1"},
				"up": {"uv": [0, 0, 16, 16], "texture": "#1"},
				"down": {"uv": [0, 0, 16, 16], "texture": "#1"}
			}
		},
		{
			"from": [9.00553, 4.30621, 19.045],
			"to": [9.18053, 4.80621, 20.025],
			"rotation": {"angle": 22.5, "axis": "z", "origin": [8.38053, 1.03121, 18.46]},
			"faces": {
				"north": {"uv": [0, 0, 16, 16], "texture": "#1"},
				"east": {"uv": [0, 0, 16, 16], "texture": "#1"},
				"south": {"uv": [0, 0, 16, 16], "texture": "#1"},
				"west": {"uv": [0, 0, 16, 16], "texture": "#1"},
				"up": {"uv": [0, 0, 16, 16], "texture": "#1"},
				"down": {"uv": [0, 0, 16, 16], "texture": "#1"}
			}
		},
		{
			"from": [7.73884, 4.35541, 19.045],
			"to": [8.23884, 4.60541, 20.005],
			"rotation": {"angle": 0, "axis": "z", "origin": [8.83884, 5.00541, 19.525]},
			"faces": {
				"north": {"uv": [0, 0, 16, 16], "rotation": 90, "texture": "#1"},
				"east": {"uv": [0, 0, 16, 16], "rotation": 270, "texture": "#1"},
				"south": {"uv": [0, 0, 16, 16], "rotation": 270, "texture": "#1"},
				"west": {"uv": [0, 0, 16, 16], "rotation": 270, "texture": "#1"},
				"up": {"uv": [0, 0, 16, 16], "rotation": 270, "texture": "#1"},
				"down": {"uv": [0, 0, 16, 16], "rotation": 270, "texture": "#1"}
			}
		},
		{
			"from": [8.325, 4.325, 19.025],
			"to": [8.5, 4.825, 20.025],
			"rotation": {"angle": 0, "axis": "y", "origin": [7.7, 2.95, 18.45]},
			"faces": {
				"north": {"uv": [0, 0, 16, 16], "texture": "#1"},
				"east": {"uv": [0, 0, 16, 16], "texture": "#1"},
				"south": {"uv": [0, 0, 16, 16], "texture": "#1"},
				"west": {"uv": [0, 0, 16, 16], "texture": "#1"},
				"up": {"uv": [0, 0, 16, 16], "texture": "#1"},
				"down": {"uv": [0, 0, 16, 16], "texture": "#1"}
			}
		},
		{
			"from": [7.5, 4.325, 19.025],
			"to": [7.675, 4.825, 20.025],
			"rotation": {"angle": 0, "axis": "y", "origin": [7, 2.2, 18.45]},
			"faces": {
				"north": {"uv": [0, 0, 16, 16], "texture": "#1"},
				"east": {"uv": [0, 0, 16, 16], "texture": "#1"},
				"south": {"uv": [0, 0, 16, 16], "texture": "#1"},
				"west": {"uv": [0, 0, 16, 16], "texture": "#1"},
				"up": {"uv": [0, 0, 16, 16], "texture": "#1"},
				"down": {"uv": [0, 0, 16, 16], "texture": "#1"}
			}
		},
		{
			"from": [7.475, 4.1, 19.025],
			"to": [8.525, 4.55, 20.05],
			"rotation": {"angle": 0, "axis": "y", "origin": [7, 2.2, 18.45]},
			"faces": {
				"north": {"uv": [0, 0, 16, 16], "texture": "#1"},
				"east": {"uv": [0, 0, 16, 16], "texture": "#1"},
				"south": {"uv": [0, 0, 16, 16], "texture": "#1"},
				"west": {"uv": [0, 0, 16, 16], "texture": "#1"},
				"up": {"uv": [0, 0, 16, 16], "texture": "#1"},
				"down": {"uv": [0, 0, 16, 16], "texture": "#1"}
			}
		}
	],
	"display": {
		"thirdperson_righthand": {
			"translation": [0, 5, -9.75],
			"scale": [1, 1, 0.82]
		},
		"thirdperson_lefthand": {
			"translation": [0, 5, -9.75],
			"scale": [1, 1, 0.82]
		},
		"firstperson_righthand": {
			"translation": [-3.25, 9.75, -6]
		},
		"firstperson_lefthand": {
			"translation": [-3.25, 9.75, -6]
		},
		"ground": {
			"translation": [0, 3.5, 0],
			"scale": [0.75, 0.75, 0.75]
		},
		"gui": {
			"rotation": [30, -135, 0],
			"translation": [1, 1.5, 0],
			"scale": [0.56, 0.56, 0.56]
		},
		"fixed": {
			"rotation": [0, 90, 0],
			"translation": [-5.75, 7.75, -1],
			"scale": [1.5, 1.5, 1.5]
		}
	},
	"groups": [
		0,
		1,
		2,
		3,
		4,
		5,
		6,
		7,
		8,
		9,
		10,
		11,
		12,
		13,
		14,
		15,
		16,
		17,
		18,
		19,
		20,
		21,
		22,
		23,
		24,
		25,
		26,
		27,
		28,
		29,
		30,
		31,
		32,
		33,
		34,
		35,
		36,
		37,
		38,
		39,
		40,
		{
			"name": "group",
			"origin": [7, 2.275, 16.5],
			"color": 0,
			"children": [41, 42, 43, 44, 45, 46]
		}
	]
}