{
	"credit": "Made with Blockbench by ThatAvocado_Boi",
	"texture_size": [32, 32],
	"textures": {
		"1": "additionalguns:item/banshee",
		"2": "additionalguns:item/banshee_decal",
		"particle": "additionalguns:item/banshee"
	},
	"elements": [
		{
			"from": [7.6, 2.35, 9.325],
			"to": [8.4, 3.6, 12.125],
			"rotation": {"angle": 0, "axis": "y", "origin": [8, 2.975, 10.825]},
			"faces": {
				"north": {"uv": [2, 1, 0, 3], "texture": "#1"},
				"east": {"uv": [7, 2, 2, 3.5], "texture": "#1"},
				"south": {"uv": [10, 1.5, 8, 3], "texture": "#1"},
				"west": {"uv": [0, 0, 7.5, 4], "texture": "#1"},
				"up": {"uv": [1.5, 2, 0.5, 3.5], "texture": "#1"},
				"down": {"uv": [5, 8.5, 11.5, 4.5], "rotation": 270, "texture": "#1"}
			}
		},
		{
			"from": [7.59891, 2.675, 9.925],
			"to": [7.75391, 3, 10.725],
			"rotation": {"angle": 0, "axis": "y", "origin": [15.9, 0, -5.475]},
			"faces": {
				"north": {"uv": [10.1625, 5.825, 8.1625, 7.325], "texture": "#1"},
				"east": {"uv": [10.1625, 5.825, 8.1625, 7.325], "texture": "#1"},
				"south": {"uv": [10.1625, 5.825, 8.1625, 7.325], "texture": "#1"},
				"west": {"uv": [0, 0, 15.89873, 16], "texture": "#2"},
				"up": {"uv": [10.1625, 5.825, 8.1625, 7.325], "texture": "#1"},
				"down": {"uv": [10.1625, 5.825, 8.1625, 7.325], "texture": "#1"}
			}
		},
		{
			"from": [7.95, 1.84442, 10.44834],
			"to": [8.05, 1.94442, 11.24834],
			"rotation": {"angle": -22.5, "axis": "x", "origin": [8.05, 1.89442, 10.84834]},
			"faces": {
				"north": {"uv": [10, 3.5, 9.5, 2], "rotation": 90, "texture": "#1"},
				"east": {"uv": [10, 3.5, 9.5, 2], "rotation": 90, "texture": "#1"},
				"south": {"uv": [10, 3.5, 9.5, 2], "rotation": 90, "texture": "#1"},
				"west": {"uv": [10, 3.5, 9.5, 2], "rotation": 90, "texture": "#1"},
				"up": {"uv": [10, 3.5, 9.5, 2], "rotation": 90, "texture": "#1"},
				"down": {"uv": [10, 3.5, 9.5, 2], "rotation": 90, "texture": "#1"}
			}
		},
		{
			"from": [7.95, 1.80615, 9.93989],
			"to": [8.05, 1.90615, 10.53989],
			"rotation": {"angle": 22.5, "axis": "x", "origin": [8.05, 1.85615, 10.23989]},
			"faces": {
				"north": {"uv": [10, 3.5, 9.5, 2], "rotation": 90, "texture": "#1"},
				"east": {"uv": [10, 3.5, 9.5, 2], "rotation": 90, "texture": "#1"},
				"south": {"uv": [10, 3.5, 9.5, 2], "rotation": 90, "texture": "#1"},
				"west": {"uv": [10, 3.5, 9.5, 2], "rotation": 90, "texture": "#1"},
				"up": {"uv": [10, 3.5, 9.5, 2], "rotation": 90, "texture": "#1"},
				"down": {"uv": [10, 3.5, 9.5, 2], "rotation": 90, "texture": "#1"}
			}
		},
		{
			"from": [7.6, 1.77284, 9.325],
			"to": [8.4, 2.35284, 10.025],
			"rotation": {"angle": 0, "axis": "x", "origin": [7.95, 2.37284, 9.825]},
			"faces": {
				"north": {"uv": [10, 3.5, 9.5, 2], "rotation": 90, "texture": "#1"},
				"east": {"uv": [10, 3.5, 9.5, 2], "rotation": 90, "texture": "#1"},
				"south": {"uv": [10, 3.5, 9.5, 2], "rotation": 90, "texture": "#1"},
				"west": {"uv": [10, 3.5, 9.5, 2], "rotation": 90, "texture": "#1"},
				"up": {"uv": [10, 3.5, 9.5, 2], "rotation": 90, "texture": "#1"},
				"down": {"uv": [10, 3.5, 9.5, 2], "rotation": 90, "texture": "#1"}
			}
		},
		{
			"from": [7.6, 1.77284, 9.225],
			"to": [8.4, 1.85284, 9.325],
			"rotation": {"angle": 0, "axis": "y", "origin": [7.95, 2.37284, 9.825]},
			"faces": {
				"north": {"uv": [10.5, 7.5, 11.5, 8.5], "rotation": 180, "texture": "#1"},
				"east": {"uv": [7, 8.5, 8, 5], "rotation": 90, "texture": "#1"},
				"south": {"uv": [6.5, 2, 6, 3], "texture": "#1"},
				"west": {"uv": [12, 3.5, 13, 1], "rotation": 270, "texture": "#1"},
				"up": {"uv": [9, 5, 8, 8.5], "rotation": 180, "texture": "#1"},
				"down": {"uv": [12, 0, 11, 3.5], "texture": "#1"}
			}
		},
		{
			"name": "trigger",
			"from": [7.9, 1.975, 10.65],
			"to": [8.1, 2.4, 10.775],
			"rotation": {"angle": 0, "axis": "x", "origin": [8, 1.9375, 10.0625]},
			"faces": {
				"north": {"uv": [4, 5, 3.5, 6], "texture": "#1"},
				"east": {"uv": [4, 4.5, 3.5, 5.5], "texture": "#1"},
				"south": {"uv": [4.5, 5, 4, 6], "texture": "#1"},
				"west": {"uv": [4, 4.5, 3.5, 5.5], "texture": "#1"},
				"up": {"uv": [4, 5.5, 3.5, 6.5], "texture": "#1"},
				"down": {"uv": [4, 6, 4.5, 6.5], "texture": "#1"}
			}
		},
		{
			"name": "magasine",
			"from": [7.7, -0.42901, 9.40925],
			"to": [8.3, 2.27099, 10.00925],
			"rotation": {"angle": 0, "axis": "x", "origin": [8, 0.92099, 9.70925]},
			"faces": {
				"north": {"uv": [13, 5, 12, 8.5], "texture": "#1"},
				"east": {"uv": [13, 5, 12, 8.5], "texture": "#1"},
				"south": {"uv": [13, 5, 12, 8.5], "texture": "#1"},
				"west": {"uv": [12, 5, 13, 8.5], "texture": "#1"},
				"down": {"uv": [12, 8.5, 13, 7.5], "rotation": 90, "texture": "#1"}
			}
		},
		{
			"from": [7.65, 2.13891, 9.06036],
			"to": [8.35, 3.23891, 9.56036],
			"rotation": {"angle": -45, "axis": "x", "origin": [8, 2.68891, 9.31036]},
			"faces": {
				"north": {"uv": [13, 2.5, 11, 4], "texture": "#1"},
				"east": {"uv": [6, 7, 5, 8.5], "texture": "#1"},
				"south": {"uv": [8.5, 7, 7.5, 8], "texture": "#1"},
				"west": {"uv": [0, 4.5, 2.5, 5.5], "texture": "#1"},
				"up": {"uv": [10, 6.5, 9.5, 7.5], "texture": "#1"},
				"down": {"uv": [9.5, 6.5, 8, 8], "texture": "#1"}
			}
		},
		{
			"from": [7.6, 2.9, 8.624],
			"to": [8.4, 3.6, 9.324],
			"rotation": {"angle": 0, "axis": "y", "origin": [8, 3.25, 8.974]},
			"faces": {
				"north": {"uv": [2.5, 5.5, 1.5, 7.5], "texture": "#1"},
				"east": {"uv": [1, 0, 0, 1], "texture": "#1"},
				"south": {"uv": [1.5, 0, 0, 1.5], "texture": "#1"},
				"west": {"uv": [10.5, 0, 8, 4], "texture": "#1"},
				"up": {"uv": [1.5, 0, 0, 1.5], "texture": "#1"},
				"down": {"uv": [0, 0, 0, 0], "texture": "#1"}
			}
		},
		{
			"from": [7.6, 2.9, 6.724],
			"to": [8.4, 3.6, 8.624],
			"rotation": {"angle": 0, "axis": "y", "origin": [8, 3.25, 7.674]},
			"faces": {
				"north": {"uv": [2.5, 5.5, 1.5, 7.5], "texture": "#1"},
				"east": {"uv": [8, 9.5, 13, 12], "texture": "#1"},
				"south": {"uv": [1.5, 0, 0, 1.5], "texture": "#1"},
				"west": {"uv": [13, 9.5, 8, 12], "texture": "#1"},
				"up": {"uv": [1.5, 0, 0, 1.5], "texture": "#1"},
				"down": {"uv": [0, 0, 0, 0], "texture": "#1"}
			}
		},
		{
			"from": [7.6, 3.6, 6.725],
			"to": [8.4, 3.8, 11.525],
			"rotation": {"angle": 0, "axis": "y", "origin": [8, 3.75, 8.525]},
			"faces": {
				"north": {"uv": [0, 0, 0, 0], "texture": "#1"},
				"east": {"uv": [14, 12.5, 15.5, 0], "rotation": 90, "texture": "#1"},
				"south": {"uv": [0, 0, 0, 0], "texture": "#1"},
				"west": {"uv": [15.5, 12.5, 14, 0], "rotation": 270, "texture": "#1"},
				"up": {"uv": [14.5, 0, 14, 12.5], "rotation": 180, "texture": "#1"},
				"down": {"uv": [0, 0, 0, 0], "texture": "#1"}
			}
		},
		{
			"from": [7.925, 3.475, 6.75],
			"to": [8.075, 3.875, 6.85],
			"rotation": {"angle": 0, "axis": "y", "origin": [8, 3.75, 8.525]},
			"faces": {
				"north": {"uv": [1.5, 11, 3, 10], "rotation": 90, "texture": "#1"},
				"east": {"uv": [1.5, 11, 3, 10], "rotation": 90, "texture": "#1"},
				"south": {"uv": [1.5, 11, 3, 10], "rotation": 90, "texture": "#1"},
				"west": {"uv": [1.5, 11, 3, 10], "rotation": 90, "texture": "#1"},
				"up": {"uv": [1.5, 11, 3, 10], "rotation": 90, "texture": "#1"},
				"down": {"uv": [1.5, 11, 3, 10], "rotation": 90, "texture": "#1"}
			}
		},
		{
			"from": [7.675, 3.55, 11.325],
			"to": [7.9, 4.05, 11.425],
			"rotation": {"angle": 0, "axis": "y", "origin": [8, 3.75, 8.525]},
			"faces": {
				"north": {"uv": [1.5, 11, 3, 10], "rotation": 90, "texture": "#1"},
				"east": {"uv": [1.5, 11, 3, 10], "rotation": 90, "texture": "#1"},
				"south": {"uv": [1.5, 11, 3, 10], "rotation": 90, "texture": "#1"},
				"west": {"uv": [1.5, 11, 3, 10], "rotation": 90, "texture": "#1"},
				"up": {"uv": [1.5, 11, 3, 10], "rotation": 90, "texture": "#1"},
				"down": {"uv": [1.5, 11, 3, 10], "rotation": 90, "texture": "#1"}
			}
		},
		{
			"from": [8.1, 3.55, 11.325],
			"to": [8.325, 4.05, 11.425],
			"rotation": {"angle": 0, "axis": "y", "origin": [8, 3.75, 8.525]},
			"faces": {
				"north": {"uv": [1.5, 11, 3, 10], "rotation": 90, "texture": "#1"},
				"east": {"uv": [1.5, 11, 3, 10], "rotation": 90, "texture": "#1"},
				"south": {"uv": [1.5, 11, 3, 10], "rotation": 90, "texture": "#1"},
				"west": {"uv": [1.5, 11, 3, 10], "rotation": 90, "texture": "#1"},
				"up": {"uv": [1.5, 11, 3, 10], "rotation": 90, "texture": "#1"},
				"down": {"uv": [1.5, 11, 3, 10], "rotation": 90, "texture": "#1"}
			}
		},
		{
			"from": [7.675, 3.525, 11.325],
			"to": [8.325, 3.925, 11.425],
			"rotation": {"angle": 0, "axis": "y", "origin": [8, 3.75, 8.525]},
			"faces": {
				"north": {"uv": [1.5, 11, 3, 10], "rotation": 90, "texture": "#1"},
				"east": {"uv": [1.5, 11, 3, 10], "rotation": 90, "texture": "#1"},
				"south": {"uv": [1.5, 11, 3, 10], "rotation": 90, "texture": "#1"},
				"west": {"uv": [1.5, 11, 3, 10], "rotation": 90, "texture": "#1"},
				"up": {"uv": [1.5, 11, 3, 10], "rotation": 90, "texture": "#1"},
				"down": {"uv": [1.5, 11, 3, 10], "rotation": 90, "texture": "#1"}
			}
		},
		{
			"from": [7.95, 3.475, 6.75],
			"to": [8.05, 3.975, 6.85],
			"rotation": {"angle": 0, "axis": "y", "origin": [8, 3.75, 8.525]},
			"faces": {
				"north": {"uv": [1.5, 11, 3, 10], "rotation": 90, "texture": "#1"},
				"east": {"uv": [1.5, 11, 3, 10], "rotation": 90, "texture": "#1"},
				"south": {"uv": [1.5, 11, 3, 10], "rotation": 90, "texture": "#1"},
				"west": {"uv": [1.5, 11, 3, 10], "rotation": 90, "texture": "#1"},
				"up": {"uv": [1.5, 11, 3, 10], "rotation": 90, "texture": "#1"},
				"down": {"uv": [1.5, 11, 3, 10], "rotation": 90, "texture": "#1"}
			}
		},
		{
			"from": [7.85, 3.65, 11.525],
			"to": [8.15, 3.76, 11.925],
			"rotation": {"angle": 0, "axis": "y", "origin": [8, 3.75, 8.525]},
			"faces": {
				"north": {"uv": [4, 10, 3.5, 12], "texture": "#1"},
				"east": {"uv": [3.5, 12, 4, 10.5], "rotation": 90, "texture": "#1"},
				"south": {"uv": [4, 10.5, 3.5, 12], "texture": "#1"},
				"west": {"uv": [4, 12, 3.5, 10.5], "rotation": 270, "texture": "#1"},
				"up": {"uv": [4, 10.5, 3.5, 12], "texture": "#1"},
				"down": {"uv": [4, 10.5, 3.5, 12], "texture": "#1"}
			}
		},
		{
			"from": [7.65, 3.65, 11.625],
			"to": [7.95, 3.75, 11.825],
			"rotation": {"angle": -22.5, "axis": "y", "origin": [7.7, 3.75, 11.725]},
			"faces": {
				"north": {"uv": [4, 10, 3.5, 12], "texture": "#1"},
				"east": {"uv": [3.5, 12, 4, 10.5], "rotation": 90, "texture": "#1"},
				"south": {"uv": [4, 10.5, 3.5, 12], "texture": "#1"},
				"west": {"uv": [4, 12, 3.5, 10.5], "rotation": 270, "texture": "#1"},
				"up": {"uv": [4, 10.5, 3.5, 12], "texture": "#1"},
				"down": {"uv": [4, 10.5, 3.5, 12], "texture": "#1"}
			}
		},
		{
			"from": [8.05, 3.65, 11.625],
			"to": [8.35, 3.75, 11.825],
			"rotation": {"angle": 22.5, "axis": "y", "origin": [8.3, 3.75, 11.725]},
			"faces": {
				"north": {"uv": [4, 10, 3.5, 12], "texture": "#1"},
				"east": {"uv": [3.5, 12, 4, 10.5], "rotation": 90, "texture": "#1"},
				"south": {"uv": [4, 10.5, 3.5, 12], "texture": "#1"},
				"west": {"uv": [4, 12, 3.5, 10.5], "rotation": 270, "texture": "#1"},
				"up": {"uv": [4, 10.5, 3.5, 12], "texture": "#1"},
				"down": {"uv": [4, 10.5, 3.5, 12], "texture": "#1"}
			}
		},
		{
			"from": [7.7, 0.3, 10.025],
			"to": [8.3, 0.4, 10.125],
			"rotation": {"angle": -22.5, "axis": "x", "origin": [8, 4.5, 10.425]},
			"faces": {
				"north": {"uv": [2, 9.5, 0, 11.5], "texture": "#1"},
				"east": {"uv": [2, 9.5, 0, 11.5], "texture": "#1"},
				"south": {"uv": [2, 9.5, 0, 11.5], "texture": "#1"},
				"west": {"uv": [2, 9.5, 0, 11.5], "texture": "#1"},
				"up": {"uv": [2, 9.5, 0, 11.5], "texture": "#1"},
				"down": {"uv": [2, 9.5, 0, 11.5], "texture": "#1"}
			}
		},
		{
			"from": [7.7, 0.60099, 11.33817],
			"to": [8.3, 2.60099, 12.23817],
			"rotation": {"angle": -22.5, "axis": "x", "origin": [8, 1.60099, 11.78817]},
			"faces": {
				"north": {"uv": [2, 9, 1, 12], "texture": "#1"},
				"east": {"uv": [2, 9, 1, 12], "texture": "#1"},
				"south": {"uv": [3, 9, 2, 12], "texture": "#1"},
				"west": {"uv": [1, 9, 0, 12], "texture": "#1"},
				"down": {"uv": [1, 11, 2, 12], "texture": "#1"}
			}
		},
		{
			"name": "octagon",
			"from": [7.89645, 3.05, 6.225],
			"to": [8.10355, 3.15, 8.525],
			"rotation": {"angle": -45, "axis": "z", "origin": [8, 3.3, 6.925]},
			"faces": {
				"north": {"uv": [7, 14.5, 0, 15], "texture": "#1"},
				"east": {"uv": [7, 15, 0, 15.5], "texture": "#1"},
				"south": {"uv": [7, 14, 0, 14.5], "texture": "#1"},
				"west": {"uv": [7, 15.5, 0, 16], "texture": "#1"},
				"up": {"uv": [7, 15, 0, 15.5], "texture": "#1"},
				"down": {"uv": [7, 14.5, 0, 15], "texture": "#1"}
			}
		},
		{
			"name": "octagon",
			"from": [7.89645, 3.05, 6.225],
			"to": [8.10355, 3.15, 8.525],
			"rotation": {"angle": 0, "axis": "z", "origin": [8, 3.3, 6.925]},
			"faces": {
				"north": {"uv": [7, 14.5, 0, 15], "texture": "#1"},
				"east": {"uv": [7, 15, 0, 15.5], "texture": "#1"},
				"south": {"uv": [7, 14, 0, 14.5], "texture": "#1"},
				"west": {"uv": [7, 15.5, 0, 16], "texture": "#1"},
				"up": {"uv": [7, 15, 0, 15.5], "texture": "#1"},
				"down": {"uv": [7, 14.5, 0, 15], "texture": "#1"}
			}
		},
		{
			"name": "octagon",
			"from": [7.89645, 3.45, 6.225],
			"to": [8.10355, 3.55, 8.525],
			"rotation": {"angle": -45, "axis": "z", "origin": [8, 3.3, 6.925]},
			"faces": {
				"north": {"uv": [7, 14.5, 0, 15], "texture": "#1"},
				"east": {"uv": [7, 15, 0, 15.5], "texture": "#1"},
				"south": {"uv": [7, 14, 0, 14.5], "texture": "#1"},
				"west": {"uv": [7, 15.5, 0, 16], "texture": "#1"},
				"up": {"uv": [7, 15, 0, 15.5], "texture": "#1"},
				"down": {"uv": [7, 14.5, 0, 15], "texture": "#1"}
			}
		},
		{
			"name": "octagon",
			"from": [7.89645, 3.45, 6.225],
			"to": [8.10355, 3.55, 8.525],
			"rotation": {"angle": 0, "axis": "z", "origin": [8, 3.3, 6.925]},
			"faces": {
				"north": {"uv": [7, 14.5, 0, 15], "texture": "#1"},
				"east": {"uv": [7, 15, 0, 15.5], "texture": "#1"},
				"south": {"uv": [7, 14, 0, 14.5], "texture": "#1"},
				"west": {"uv": [7, 15.5, 0, 16], "texture": "#1"},
				"up": {"uv": [7, 15, 0, 15.5], "texture": "#1"},
				"down": {"uv": [7, 14.5, 0, 15], "texture": "#1"}
			}
		},
		{
			"name": "octagon",
			"from": [8.15, 3.19645, 6.225],
			"to": [8.25, 3.40355, 8.525],
			"rotation": {"angle": -45, "axis": "z", "origin": [8, 3.3, 6.925]},
			"faces": {
				"north": {"uv": [7, 14.5, 0, 15], "texture": "#1"},
				"east": {"uv": [7, 15, 0, 15.5], "texture": "#1"},
				"south": {"uv": [7, 14, 0, 14.5], "texture": "#1"},
				"west": {"uv": [7, 15.5, 0, 16], "texture": "#1"},
				"up": {"uv": [7, 15, 0, 15.5], "texture": "#1"},
				"down": {"uv": [7, 14.5, 0, 15], "texture": "#1"}
			}
		},
		{
			"name": "octagon",
			"from": [8.15, 3.19645, 6.225],
			"to": [8.25, 3.40355, 8.525],
			"rotation": {"angle": 0, "axis": "z", "origin": [8, 3.3, 6.925]},
			"faces": {
				"north": {"uv": [7, 14.5, 0, 15], "texture": "#1"},
				"east": {"uv": [7, 15, 0, 15.5], "texture": "#1"},
				"south": {"uv": [7, 14, 0, 14.5], "texture": "#1"},
				"west": {"uv": [7, 15.5, 0, 16], "texture": "#1"},
				"up": {"uv": [7, 15, 0, 15.5], "texture": "#1"},
				"down": {"uv": [7, 14.5, 0, 15], "texture": "#1"}
			}
		},
		{
			"name": "octagon",
			"from": [7.75, 3.19645, 6.225],
			"to": [7.85, 3.40355, 8.525],
			"rotation": {"angle": -45, "axis": "z", "origin": [8, 3.3, 6.925]},
			"faces": {
				"north": {"uv": [7, 14.5, 0, 15], "texture": "#1"},
				"east": {"uv": [7, 15, 0, 15.5], "texture": "#1"},
				"south": {"uv": [7, 14, 0, 14.5], "texture": "#1"},
				"west": {"uv": [7, 15.5, 0, 16], "texture": "#1"},
				"up": {"uv": [7, 15, 0, 15.5], "texture": "#1"},
				"down": {"uv": [7, 14.5, 0, 15], "texture": "#1"}
			}
		},
		{
			"name": "octagon",
			"from": [7.75, 3.19645, 6.225],
			"to": [7.85, 3.40355, 8.525],
			"rotation": {"angle": 0, "axis": "z", "origin": [8, 3.3, 6.925]},
			"faces": {
				"north": {"uv": [7, 14.5, 0, 15], "texture": "#1"},
				"east": {"uv": [7, 15, 0, 15.5], "texture": "#1"},
				"south": {"uv": [7, 14, 0, 14.5], "texture": "#1"},
				"west": {"uv": [7, 15.5, 0, 16], "texture": "#1"},
				"up": {"uv": [7, 15, 0, 15.5], "texture": "#1"},
				"down": {"uv": [7, 14.5, 0, 15], "texture": "#1"}
			}
		}
	],
	"display": {
		"thirdperson_righthand": {
			"translation": [0, 9.75, -4.75],
			"scale": [1.76, 1.75, 1.76]
		},
		"thirdperson_lefthand": {
			"translation": [0, 9.75, -4.75],
			"scale": [1.76, 1.75, 1.76]
		},
		"firstperson_righthand": {
			"translation": [-4, 13.25, -4],
			"scale": [1.7, 1.7, 1.7]
		},
		"firstperson_lefthand": {
			"translation": [-4, 13.25, -4],
			"scale": [1.7, 1.7, 1.7]
		},
		"ground": {
			"translation": [0, 8.75, -2.25],
			"scale": [1.5, 1.5, 1.5]
		},
		"gui": {
			"rotation": [30, 225, 0],
			"translation": [2.5, 11, 0],
			"scale": [2.5, 2.5, 2.5]
		},
		"fixed": {
			"rotation": [0, 90, 0],
			"translation": [-4, 13.5, -1.75],
			"scale": [2.5, 2.5, 2.5]
		}
	},
	"groups": [
		0,
		1,
		2,
		3,
		4,
		5,
		6,
		7,
		8,
		9,
		10,
		11,
		12,
		13,
		14,
		15,
		16,
		{
			"name": "charging handle",
			"origin": [7.7, 3.64392, 17.04395],
			"color": 0,
			"children": [17, 18, 19]
		},
		{
			"name": "grip",
			"origin": [8, 4.5, 15.9],
			"color": 0,
			"children": [20, 21]
		},
		{
			"name": "barrel",
			"origin": [8, 8, 8],
			"color": 0,
			"children": [22, 23, 24, 25, 26, 27, 28, 29]
		}
	]
}
