{
	"credit": "Made with Blockbench by ThatAvocado_Boi & CasualNoLifer",
	"texture_size": [32, 32],
	"textures": {
		"1": "additionalguns:item/universal4",
		"2": "additionalguns:item/universal1",
		"3": "additionalguns:item/ag_sienna",
		"4": "additionalguns:item/universal2",
		"particle": "additionalguns:item/universal4"
	},
	"elements": [
		{
			"from": [7.75, 0.15, 7.75],
			"to": [8.25, 1.075, 8.25],
			"rotation": {"angle": 0, "axis": "y", "origin": [8, 0.69, 8]},
			"faces": {
				"north": {"uv": [0, 5, 4, 12], "texture": "#1"},
				"east": {"uv": [0, 5, 4, 12], "texture": "#1"},
				"south": {"uv": [0, 5, 4, 12], "texture": "#1"},
				"west": {"uv": [0, 5, 4, 12], "texture": "#1"},
				"up": {"uv": [0, 0, 4, 4], "texture": "#1"},
				"down": {"uv": [0, 15, 1, 16], "texture": "#1"}
			}
		},
		{
			"from": [7.75, 0, 7.75],
			"to": [8.25, 0.075, 8.25],
			"rotation": {"angle": 0, "axis": "y", "origin": [8, 0.69, 8]},
			"faces": {
				"north": {"uv": [0, 9, 4, 10], "texture": "#1"},
				"east": {"uv": [0, 11, 4, 12], "texture": "#1"},
				"south": {"uv": [0, 10, 4, 11], "texture": "#1"},
				"west": {"uv": [0, 11, 4, 12], "texture": "#1"},
				"up": {"uv": [0, 0, 0.5, 0.5], "texture": "#1"},
				"down": {"uv": [4, 0, 8, 4], "texture": "#1"}
			}
		},
		{
			"from": [7.825, 0.075, 7.825],
			"to": [8.175, 0.15, 8.175],
			"rotation": {"angle": 0, "axis": "y", "origin": [8, 0.69, 8]},
			"faces": {
				"north": {"uv": [0, 11, 4, 12], "texture": "#2"},
				"east": {"uv": [0, 11, 4, 12], "texture": "#2"},
				"south": {"uv": [0, 11, 4, 12], "texture": "#2"},
				"west": {"uv": [0, 11, 4, 12], "texture": "#2"},
				"up": {"uv": [0, 0, 0.375, 0.375], "texture": "#2"},
				"down": {"uv": [0, 0, 0.375, 0.375], "texture": "#2"}
			}
		},
		{
			"from": [7.8625, 1.4, 7.8625],
			"to": [8.1375, 1.5, 8.1375],
			"rotation": {"angle": 0, "axis": "y", "origin": [8, 0.69, 8]},
			"faces": {
				"north": {"uv": [12, 14, 16, 16], "texture": "#4"},
				"east": {"uv": [12, 14, 16, 16], "texture": "#4"},
				"south": {"uv": [12, 13, 16, 15], "texture": "#4"},
				"west": {"uv": [12, 14, 16, 16], "texture": "#4"},
				"up": {"uv": [12, 12, 16, 16], "texture": "#4"},
				"down": {"uv": [0, 0, 0.3125, 0.3125], "texture": "#4"}
			}
		},
		{
			"from": [7.7875, 1.075, 7.7875],
			"to": [8.2125, 1.4, 8.2125],
			"rotation": {"angle": 0, "axis": "y", "origin": [8, 0.69, 8]},
			"faces": {
				"north": {"uv": [12, 0, 16, 4], "texture": "#4"},
				"east": {"uv": [11, 12, 16, 16], "texture": "#4"},
				"south": {"uv": [12, 12, 16, 16], "texture": "#4"},
				"west": {"uv": [12, 0, 16, 4], "texture": "#4"},
				"up": {"uv": [12, 0, 16, 6], "texture": "#4"},
				"down": {"uv": [0, 0, 0.4375, 0.4375], "texture": "#4"}
			}
		},
		{
			"from": [7.73516, 0.56173, 7.96016],
			"to": [8.26485, 0.6625, 8.03985],
			"rotation": {"angle": 0, "axis": "y", "origin": [8.00001, 0.53712, 8.00001]},
			"faces": {
				"north": {"uv": [0, 5, 4, 12], "texture": "#3"},
				"east": {"uv": [0, 5, 4, 12], "texture": "#3"},
				"south": {"uv": [0, 5, 4, 12], "texture": "#3"},
				"west": {"uv": [0, 5, 4, 12], "texture": "#3"},
				"up": {"uv": [0, 0, 4, 4], "rotation": 270, "texture": "#3"},
				"down": {"uv": [0, 12, 4, 16], "rotation": 90, "texture": "#3"}
			}
		},
		{
			"from": [7.96016, 0.56173, 7.73516],
			"to": [8.03985, 0.6625, 8.26485],
			"rotation": {"angle": 0, "axis": "y", "origin": [5, 0.70313, 5]},
			"faces": {
				"north": {"uv": [0, 5, 4, 12], "texture": "#3"},
				"east": {"uv": [0, 5, 4, 12], "texture": "#3"},
				"south": {"uv": [0, 5, 4, 12], "texture": "#3"},
				"west": {"uv": [0, 5, 4, 12], "texture": "#3"},
				"up": {"uv": [0, 0, 4, 4], "texture": "#3"},
				"down": {"uv": [0, 12, 4, 16], "texture": "#3"}
			}
		}
	],
	"display": {
		"thirdperson_righthand": {
			"translation": [-0.5, 7.75, 0.5]
		},
		"thirdperson_lefthand": {
			"translation": [-0.5, 7.75, 0.5]
		},
		"firstperson_righthand": {
			"rotation": [-30, 0, 0],
			"translation": [3.5, 7.5, -2.5]
		},
		"firstperson_lefthand": {
			"rotation": [-30, 0, 0],
			"translation": [3.5, 7.5, -2.5]
		},
		"ground": {
			"translation": [0, 13, 0],
			"scale": [2, 2, 2]
		},
		"gui": {
			"rotation": [30, -145, 0],
			"translation": [0, 24, 0],
			"scale": [4, 4, 4]
		},
		"fixed": {
			"rotation": [0, 90, 0],
			"translation": [0, 14, -0.5],
			"scale": [2, 2, 2]
		}
	}
}
