{
	"credit": "Made with Blockbench by ThatAvocado_Boi & CasualNoLifer",
	"texture_size": [32, 32],
	"textures": {
		"1": "additionalguns:item/universal1",
		"2": "additionalguns:item/universal2",
		"5": "additionalguns:item/universal4",
		"6": "additionalguns:item/ag_red",
		"particle": "additionalguns:item/ag_red"
	},
	"elements": [
		{
			"from": [7.7125, 0.21485, 7.7125],
			"to": [8.2625, 2.04923, 8.2625],
			"rotation": {"angle": 0, "axis": "y", "origin": [8, 2.47387, 8]},
			"faces": {
				"north": {"uv": [0, 0, 3, 10], "texture": "#5"},
				"east": {"uv": [0, 0, 3, 10], "texture": "#5"},
				"south": {"uv": [0, 0, 3, 10], "texture": "#5"},
				"west": {"uv": [0, 0, 3, 10], "texture": "#5"},
				"up": {"uv": [0, 0, 0.25, 0.25], "texture": "#5"},
				"down": {"uv": [0, 0, 0.25, 0.25], "texture": "#5"}
			}
		},
		{
			"from": [7.79063, 1.78048, 7.79063],
			"to": [8.18438, 2.4836, 8.18438],
			"rotation": {"angle": 0, "axis": "y", "origin": [8, 2.47387, 8]},
			"faces": {
				"north": {"uv": [0, 7, 3, 10], "texture": "#5"},
				"east": {"uv": [0, 6, 3, 9], "texture": "#5"},
				"south": {"uv": [0, 6, 3, 12], "texture": "#5"},
				"west": {"uv": [0, 6, 3, 12], "texture": "#5"},
				"up": {"uv": [12, 4, 16, 8], "texture": "#5"},
				"down": {"uv": [0, 0, 0.1875, 0.1875], "texture": "#5"}
			}
		},
		{
			"from": [7.81563, 1.96603, 7.91856],
			"to": [8.15938, 2.27853, 7.99981],
			"rotation": {"angle": 22.5, "axis": "x", "origin": [8, 2.47387, 8]},
			"faces": {
				"north": {"uv": [0, 6, 3, 9], "texture": "#1"},
				"east": {"uv": [0, 13, 3, 15], "texture": "#1"},
				"south": {"uv": [0, 13, 3, 16], "texture": "#1"},
				"west": {"uv": [0, 13, 4, 17], "texture": "#1"},
				"up": {"uv": [0, 13, 0.1875, 13.0625], "texture": "#1"},
				"down": {"uv": [0, 12, 0.1875, 12.0625], "texture": "#1"}
			}
		},
		{
			"from": [7.82969, 2.4086, 7.82969],
			"to": [8.14531, 2.87735, 8.14531],
			"rotation": {"angle": 0, "axis": "y", "origin": [8, 2.47387, 8]},
			"faces": {
				"north": {"uv": [12, 4, 16, 6], "texture": "#2"},
				"east": {"uv": [13, 4, 16, 6], "texture": "#2"},
				"south": {"uv": [13, 4, 16, 6], "texture": "#2"},
				"west": {"uv": [13, 4, 16, 6], "texture": "#2"},
				"up": {"uv": [13, 4, 16, 7], "texture": "#2"},
				"down": {"uv": [0, 0, 0.15625, 0.15625], "texture": "#2"}
			}
		},
		{
			"from": [7.81563, 1.94103, 7.97519],
			"to": [8.15938, 2.25353, 8.05644],
			"rotation": {"angle": -22.5, "axis": "x", "origin": [8, 2.47387, 8]},
			"faces": {
				"north": {"uv": [0, 6, 3, 10], "texture": "#1"},
				"east": {"uv": [0, 13, 3, 16], "texture": "#1"},
				"south": {"uv": [0, 13, 3, 16], "texture": "#1"},
				"west": {"uv": [0, 13, 2, 16], "texture": "#1"},
				"up": {"uv": [0, 13, 3, 16], "texture": "#1"},
				"down": {"uv": [0, 12, 3, 16], "texture": "#1"}
			}
		},
		{
			"from": [7.86875, 2.85235, 7.86875],
			"to": [8.10625, 3.24298, 8.10625],
			"rotation": {"angle": 0, "axis": "y", "origin": [8, 2.47387, 8]},
			"faces": {
				"north": {"uv": [12, 3, 16, 9], "texture": "#2"},
				"east": {"uv": [12, 3, 16, 9], "texture": "#2"},
				"south": {"uv": [12, 3, 16, 9], "texture": "#2"},
				"west": {"uv": [12, 3, 16, 9], "texture": "#2"},
				"up": {"uv": [12, 0, 16, 3], "texture": "#2"},
				"down": {"uv": [0, 0, 0.125, 0.125], "texture": "#2"}
			}
		},
		{
			"from": [7.90781, 3.21798, 7.90781],
			"to": [8.06719, 3.39375, 8.06719],
			"rotation": {"angle": 0, "axis": "y", "origin": [8, 2.47387, 8]},
			"faces": {
				"north": {"uv": [12, 0, 16, 3], "texture": "#2"},
				"east": {"uv": [12, 0, 16, 3], "texture": "#2"},
				"south": {"uv": [12, 0, 16, 3], "texture": "#2"},
				"west": {"uv": [12, 0, 16, 3], "texture": "#2"},
				"up": {"uv": [13, 0, 16, 3], "texture": "#2"},
				"down": {"uv": [0, 0, 0.125, 0.125], "texture": "#2"}
			}
		},
		{
			"from": [7.96641, 3.37423, 7.96641],
			"to": [8.0086, 3.49141, 8.0086],
			"rotation": {"angle": 0, "axis": "y", "origin": [8, 2.47387, 8]},
			"faces": {
				"north": {"uv": [12, 0, 16, 3], "texture": "#2"},
				"east": {"uv": [12, 0, 16, 3], "texture": "#2"},
				"south": {"uv": [12, 0, 16, 3], "texture": "#2"},
				"west": {"uv": [12, 0, 16, 3], "texture": "#2"},
				"up": {"uv": [13, 0, 16, 3], "texture": "#2"},
				"down": {"uv": [14, 0, 16, 2], "texture": "#2"}
			}
		},
		{
			"from": [7.97519, 1.96603, 7.81563],
			"to": [8.05644, 2.27853, 8.15938],
			"rotation": {"angle": 22.5, "axis": "z", "origin": [8, 2.47387, 8]},
			"faces": {
				"north": {"uv": [0, 6, 3, 10], "texture": "#1"},
				"east": {"uv": [0, 13, 3, 16], "texture": "#1"},
				"south": {"uv": [0, 13, 3, 16], "texture": "#1"},
				"west": {"uv": [0, 13, 2, 16], "texture": "#1"},
				"up": {"uv": [0, 13, 3, 16], "rotation": 90, "texture": "#1"},
				"down": {"uv": [0, 12, 3, 16], "rotation": 270, "texture": "#1"}
			}
		},
		{
			"from": [7.91856, 1.99103, 7.81563],
			"to": [7.99981, 2.30353, 8.15938],
			"rotation": {"angle": -22.5, "axis": "z", "origin": [8, 2.47387, 8]},
			"faces": {
				"north": {"uv": [0, 6, 3, 10], "texture": "#1"},
				"east": {"uv": [0, 13, 3, 16], "texture": "#1"},
				"south": {"uv": [0, 13, 3, 16], "texture": "#1"},
				"west": {"uv": [0, 13, 2, 16], "texture": "#1"},
				"up": {"uv": [0, 13, 3, 16], "rotation": 90, "texture": "#1"},
				"down": {"uv": [0, 12, 3, 16], "rotation": 270, "texture": "#1"}
			}
		},
		{
			"from": [7.7125, -0.01952, 7.7125],
			"to": [8.2625, 0.09766, 8.2625],
			"rotation": {"angle": 0, "axis": "y", "origin": [8, 2.47387, 8]},
			"faces": {
				"north": {"uv": [0, 9, 3, 10], "texture": "#5"},
				"east": {"uv": [0, 9, 3, 10], "texture": "#5"},
				"south": {"uv": [0, 9, 3, 10], "texture": "#5"},
				"west": {"uv": [0, 9, 3, 10], "texture": "#5"},
				"up": {"uv": [0, 0, 0.3125, 0.3125], "texture": "#5"},
				"down": {"uv": [4, 0, 8, 4], "texture": "#5"}
			}
		},
		{
			"from": [7.79063, 0.0586, 7.79063],
			"to": [8.18438, 0.21485, 8.18438],
			"rotation": {"angle": 0, "axis": "y", "origin": [8, 2.47387, 8]},
			"faces": {
				"north": {"uv": [0, 0, 0.3125, 0.03125], "texture": "#1"},
				"east": {"uv": [0, 0, 0.3125, 0.03125], "texture": "#1"},
				"south": {"uv": [0, 0, 0.3125, 0.03125], "texture": "#1"},
				"west": {"uv": [0, 0, 0.3125, 0.03125], "texture": "#1"},
				"up": {"uv": [0, 0, 0.3125, 0.3125], "texture": "#1"},
				"down": {"uv": [3, 10, 7, 14], "texture": "#1"}
			}
		},
		{
			"from": [7.70516, 0.38673, 7.96016],
			"to": [8.26985, 0.4875, 8.03985],
			"rotation": {"angle": 0, "axis": "y", "origin": [8.00001, 0.53712, 8.00001]},
			"faces": {
				"north": {"uv": [0, 5, 4, 12], "texture": "#6"},
				"east": {"uv": [0, 5, 4, 12], "texture": "#6"},
				"south": {"uv": [0, 5, 4, 12], "texture": "#6"},
				"west": {"uv": [0, 5, 4, 12], "texture": "#6"},
				"up": {"uv": [0, 0, 4, 4], "rotation": 270, "texture": "#6"},
				"down": {"uv": [0, 12, 4, 16], "rotation": 90, "texture": "#6"}
			}
		},
		{
			"from": [7.93516, 0.38673, 7.70516],
			"to": [8.01485, 0.4875, 8.26985],
			"rotation": {"angle": 0, "axis": "y", "origin": [5, 0.70313, 5]},
			"faces": {
				"north": {"uv": [0, 5, 4, 12], "texture": "#6"},
				"east": {"uv": [0, 5, 4, 12], "texture": "#6"},
				"south": {"uv": [0, 5, 4, 12], "texture": "#6"},
				"west": {"uv": [0, 5, 4, 12], "texture": "#6"},
				"up": {"uv": [0, 0, 4, 4], "texture": "#6"},
				"down": {"uv": [0, 12, 4, 16], "texture": "#6"}
			}
		},
		{
			"from": [7.70516, 1.71173, 7.96016],
			"to": [8.26985, 1.8125, 8.03985],
			"rotation": {"angle": 0, "axis": "y", "origin": [8.00001, 0.53712, 8.00001]},
			"faces": {
				"north": {"uv": [0, 5, 4, 12], "texture": "#6"},
				"east": {"uv": [0, 5, 4, 12], "texture": "#6"},
				"south": {"uv": [0, 5, 4, 12], "texture": "#6"},
				"west": {"uv": [0, 5, 4, 12], "texture": "#6"},
				"up": {"uv": [0, 0, 4, 4], "rotation": 270, "texture": "#6"},
				"down": {"uv": [0, 12, 4, 16], "rotation": 90, "texture": "#6"}
			}
		},
		{
			"from": [7.93516, 1.71173, 7.70516],
			"to": [8.01485, 1.8125, 8.26985],
			"rotation": {"angle": 0, "axis": "y", "origin": [5, 0.70313, 5]},
			"faces": {
				"north": {"uv": [0, 5, 4, 12], "texture": "#6"},
				"east": {"uv": [0, 5, 4, 12], "texture": "#6"},
				"south": {"uv": [0, 5, 4, 12], "texture": "#6"},
				"west": {"uv": [0, 5, 4, 12], "texture": "#6"},
				"up": {"uv": [0, 0, 4, 4], "texture": "#6"},
				"down": {"uv": [0, 12, 4, 16], "texture": "#6"}
			}
		}
	],
	"display": {
		"thirdperson_righthand": {
			"translation": [-0.5, 7.5, 0.5]
		},
		"thirdperson_lefthand": {
			"translation": [-0.5, 7.5, 0.5]
		},
		"firstperson_righthand": {
			"rotation": [-30, 0, 0],
			"translation": [0, 9.25, 0]
		},
		"firstperson_lefthand": {
			"rotation": [-30, 0, 0],
			"translation": [0, 9.25, 0]
		},
		"ground": {
			"translation": [0, 4, 0]
		},
		"gui": {
			"rotation": [30, 45, 0],
			"translation": [0, 16.5, 0],
			"scale": [3, 3, 3]
		},
		"fixed": {
			"translation": [0, 12, 0],
			"scale": [2, 2, 2]
		}
	},
	"groups": [
		{
			"name": "bullet",
			"origin": [0, 0, 0],
			"color": 0,
			"children": [0, 1, 2, 3, 4, 5, 6, 7, 8, 9, 10, 11]
		},
		12,
		13,
		14,
		15
	]
}
