{
	"credit": "Made with Blockbench by ThatAvocado_Boi & CasualNoLifer",
	"texture_size": [32, 32],
	"textures": {
		"1": "additionalguns:item/universal1",
		"2": "additionalguns:item/universal4",
		"3": "additionalguns:item/universal2",
		"4": "additionalguns:item/ag_lime"
	},
	"elements": [
		{
			"from": [7.78516, 0.13673, 7.78516],
			"to": [8.21485, 0.9375, 8.21485],
			"rotation": {"angle": 0, "axis": "y", "origin": [5, 0.70313, 5]},
			"faces": {
				"north": {"uv": [0, 5, 4, 12], "texture": "#2"},
				"east": {"uv": [0, 5, 4, 12], "texture": "#2"},
				"south": {"uv": [0, 5, 4, 12], "texture": "#2"},
				"west": {"uv": [0, 5, 4, 12], "texture": "#2"},
				"up": {"uv": [0, 0, 4, 4], "texture": "#2"},
				"down": {"uv": [0, 12, 4, 16], "texture": "#2"}
			}
		},
		{
			"from": [7.96016, 0.48673, 7.77516],
			"to": [8.03985, 0.5875, 8.22485],
			"rotation": {"angle": 0, "axis": "y", "origin": [5, 0.70313, 5]},
			"faces": {
				"north": {"uv": [0, 5, 4, 12], "texture": "#4"},
				"east": {"uv": [0, 5, 4, 12], "texture": "#4"},
				"south": {"uv": [0, 5, 4, 12], "texture": "#4"},
				"west": {"uv": [0, 5, 4, 12], "texture": "#4"},
				"up": {"uv": [0, 0, 4, 4], "texture": "#4"},
				"down": {"uv": [0, 12, 4, 16], "texture": "#4"}
			}
		},
		{
			"from": [7.77516, 0.48673, 7.96016],
			"to": [8.22485, 0.5875, 8.03985],
			"rotation": {"angle": 0, "axis": "y", "origin": [8.00001, 0.53712, 8.00001]},
			"faces": {
				"north": {"uv": [0, 5, 4, 12], "texture": "#4"},
				"east": {"uv": [0, 5, 4, 12], "texture": "#4"},
				"south": {"uv": [0, 5, 4, 12], "texture": "#4"},
				"west": {"uv": [0, 5, 4, 12], "texture": "#4"},
				"up": {"uv": [0, 0, 4, 4], "rotation": 270, "texture": "#4"},
				"down": {"uv": [0, 12, 4, 16], "rotation": 90, "texture": "#4"}
			}
		},
		{
			"from": [7.78516, 0, 7.78516],
			"to": [8.21485, 0.0586, 8.21485],
			"rotation": {"angle": 0, "axis": "y", "origin": [5, 0.70313, 5]},
			"faces": {
				"north": {"uv": [0, 11, 4, 12], "texture": "#2"},
				"east": {"uv": [0, 11, 4, 12], "texture": "#2"},
				"south": {"uv": [0, 11, 4, 12], "texture": "#2"},
				"west": {"uv": [0, 11, 4, 12], "texture": "#2"},
				"up": {"uv": [0, 0, 0.5, 0.5], "texture": "#2"},
				"down": {"uv": [4, 0, 8, 4], "texture": "#2"}
			}
		},
		{
			"from": [7.84375, 0.0586, 7.84375],
			"to": [8.15625, 0.13673, 8.15625],
			"rotation": {"angle": 0, "axis": "y", "origin": [5, 0.70313, 5]},
			"faces": {
				"north": {"uv": [0, 11, 4, 12], "texture": "#1"},
				"east": {"uv": [0, 11, 4, 12], "texture": "#1"},
				"south": {"uv": [0, 11, 4, 12], "texture": "#1"},
				"west": {"uv": [0, 11, 4, 12], "texture": "#1"},
				"up": {"uv": [0, 0, 0.375, 0.375], "texture": "#1"},
				"down": {"uv": [0, 0, 0.375, 0.375], "texture": "#1"}
			}
		},
		{
			"from": [7.83791, 1.13281, 7.83791],
			"to": [8.16212, 1.28906, 8.16212],
			"rotation": {"angle": 0, "axis": "y", "origin": [8.00002, 1.21094, 8.00002]},
			"faces": {
				"north": {"uv": [12, 7, 16, 9], "texture": "#3"},
				"east": {"uv": [12, 7, 16, 9], "texture": "#3"},
				"south": {"uv": [12, 7, 16, 9], "texture": "#3"},
				"west": {"uv": [12, 7, 16, 9], "texture": "#3"},
				"up": {"uv": [12, 5, 16, 9], "texture": "#3"},
				"down": {"uv": [0, 0, 0.3125, 0.3125], "texture": "#3"}
			}
		},
		{
			"from": [7.81446, 0.91798, 7.81446],
			"to": [8.18555, 1.13281, 8.18555],
			"rotation": {"angle": 0, "axis": "y", "origin": [5, 0.70313, 5]},
			"faces": {
				"north": {"uv": [13, 6, 16, 9], "texture": "#3"},
				"east": {"uv": [12, 6, 16, 9], "texture": "#3"},
				"south": {"uv": [12, 6, 16, 9], "texture": "#3"},
				"west": {"uv": [12, 6, 16, 9], "texture": "#3"},
				"up": {"uv": [12, 0, 16, 6], "texture": "#3"},
				"down": {"uv": [4, 2, 10, 5], "texture": "#3"}
			}
		},
		{
			"from": [7.89259, 1.25, 7.89259],
			"to": [8.10743, 1.38673, 8.10743],
			"rotation": {"angle": 0, "axis": "y", "origin": [5, 0.70313, 5]},
			"faces": {
				"north": {"uv": [11, 10, 16, 12], "rotation": 180, "texture": "#3"},
				"east": {"uv": [11, 10, 16, 12], "rotation": 180, "texture": "#3"},
				"south": {"uv": [11, 10, 16, 12], "rotation": 180, "texture": "#3"},
				"west": {"uv": [11, 10, 16, 12], "rotation": 180, "texture": "#3"},
				"up": {"uv": [11, 11, 16, 16], "texture": "#3"},
				"down": {"uv": [0, 0, 0.3125, 0.3125], "texture": "#3"}
			}
		}
	],
	"display": {
		"thirdperson_righthand": {
			"translation": [-0.5, 7.75, 0.25]
		},
		"thirdperson_lefthand": {
			"translation": [-0.5, 7.75, 0.25]
		},
		"firstperson_righthand": {
			"rotation": [-30, 0, 0],
			"translation": [3.5, 7.5, -2.5]
		},
		"firstperson_lefthand": {
			"rotation": [-30, 0, 0],
			"translation": [3.5, 7.5, -2.5]
		},
		"ground": {
			"translation": [0, 11.75, 0],
			"scale": [2, 2, 2]
		},
		"gui": {
			"rotation": [30, -145, 0],
			"translation": [0, 24, 0],
			"scale": [4, 4, 4]
		},
		"fixed": {
			"rotation": [0, 90, 0],
			"translation": [0, 14, -0.5],
			"scale": [2, 2, 2]
		}
	},
	"groups": [
		{
			"name": "9mm",
			"origin": [0, 0, 0],
			"color": 0,
			"children": [0, 1, 2, 3, 4, 5, 6, 7]
		}
	]
}
