{
	"credit": "Made with Blockbench by ThatAvocado_Boi & CasualNoLifer",
	"texture_size": [32, 32],
	"textures": {
		"1": "additionalguns:item/universal3",
		"2": "additionalguns:item/universal4",
		"4": "additionalguns:item/ag_black"
	},
	"elements": [
		{
			"from": [7.6875, 0.21485, 7.6875],
			"to": [8.3125, 1.82423, 8.3125],
			"rotation": {"angle": 0, "axis": "y", "origin": [8, 1.01954, 8]},
			"faces": {
				"north": {"uv": [0, 0, 2, 10], "texture": "#1"},
				"east": {"uv": [0, 0, 2, 10], "texture": "#1"},
				"south": {"uv": [0, 0, 2, 10], "texture": "#1"},
				"west": {"uv": [0, 1, 2, 16], "texture": "#1"},
				"up": {"uv": [0, 0, 0.25, 0.25], "texture": "#1"},
				"down": {"uv": [0, 0, 0.25, 0.25], "texture": "#1"}
			}
		},
		{
			"from": [7.76563, 1.88048, 7.76563],
			"to": [8.23438, 2.2836, 8.23438],
			"rotation": {"angle": 0, "axis": "y", "origin": [8, 1.97387, 8]},
			"faces": {
				"north": {"uv": [0, 4, 3, 8], "texture": "#1"},
				"east": {"uv": [0, 10, 3, 14], "texture": "#1"},
				"south": {"uv": [0, 2, 2, 8], "texture": "#1"},
				"west": {"uv": [0, 5, 2, 11], "texture": "#1"},
				"up": {"uv": [0, 6, 2, 9], "texture": "#1"},
				"down": {"uv": [0, 0, 0.1875, 0.1875], "texture": "#1"}
			}
		},
		{
			"from": [7.76563, 1.78243, 7.74135],
			"to": [8.23438, 1.89493, 7.8976],
			"rotation": {"angle": 22.5, "axis": "x", "origin": [8.00001, 1.93868, 7.81948]},
			"faces": {
				"north": {"uv": [0, 0, 0.1875, 0.125], "texture": "#2"},
				"east": {"uv": [0, 0, 0.0625, 0.125], "texture": "#2"},
				"south": {"uv": [0, 0, 0.1875, 0.125], "texture": "#2"},
				"west": {"uv": [0, 0, 0.0625, 0.125], "texture": "#2"},
				"up": {"uv": [0, 0, 0.1875, 0.0625], "texture": "#2"},
				"down": {"uv": [0, 0, 0.1875, 0.0625], "texture": "#2"}
			}
		},
		{
			"from": [7.80469, 2.2836, 7.80469],
			"to": [8.19531, 2.75235, 8.19531],
			"rotation": {"angle": 0, "axis": "y", "origin": [8, 1.97387, 8]},
			"faces": {
				"north": {"uv": [12, 3, 16, 16], "texture": "#2"},
				"east": {"uv": [12, 3, 16, 16], "texture": "#2"},
				"south": {"uv": [12, 3, 16, 16], "texture": "#2"},
				"west": {"uv": [12, 3, 16, 16], "texture": "#2"},
				"up": {"uv": [13, 0, 16, 3], "texture": "#2"},
				"down": {"uv": [0, 0, 0.15625, 0.15625], "texture": "#2"}
			}
		},
		{
			"from": [7.76563, 1.78243, 8.1024],
			"to": [8.23438, 1.89493, 8.25865],
			"rotation": {"angle": -22.5, "axis": "x", "origin": [8.00001, 1.93868, 8.18052]},
			"faces": {
				"north": {"uv": [0, 0, 0.1875, 0.125], "texture": "#2"},
				"east": {"uv": [0, 0, 0.0625, 0.125], "texture": "#2"},
				"south": {"uv": [0, 0, 0.1875, 0.125], "texture": "#2"},
				"west": {"uv": [0, 0, 0.0625, 0.125], "texture": "#2"},
				"up": {"uv": [0, 0, 0.1875, 0.0625], "texture": "#2"},
				"down": {"uv": [0, 0, 0.1875, 0.0625], "texture": "#2"}
			}
		},
		{
			"from": [7.85, 2.75235, 7.85],
			"to": [8.14062, 2.95235, 8.14062],
			"rotation": {"angle": 0, "axis": "y", "origin": [8, 1.97387, 8]},
			"faces": {
				"north": {"uv": [13, 0, 16, 4], "texture": "#4"},
				"east": {"uv": [13, 0, 16, 4], "texture": "#4"},
				"south": {"uv": [13, 0, 16, 4], "texture": "#4"},
				"west": {"uv": [13, 0, 16, 4], "texture": "#4"},
				"up": {"uv": [13, 1, 16, 4], "texture": "#4"},
				"down": {"uv": [0, 0, 0.15625, 0.15625], "texture": "#4"}
			}
		},
		{
			"from": [7.9, 2.95235, 7.9],
			"to": [8.1125, 3.14298, 8.1],
			"rotation": {"angle": 0, "axis": "y", "origin": [8, 1.97387, 8]},
			"faces": {
				"north": {"uv": [12, 0, 16, 3], "texture": "#4"},
				"east": {"uv": [12, 1, 16, 4], "texture": "#4"},
				"south": {"uv": [12, 1, 16, 4], "texture": "#4"},
				"west": {"uv": [12, 1, 16, 4], "texture": "#4"},
				"up": {"uv": [12, 0, 16, 4], "texture": "#4"},
				"down": {"uv": [0, 0, 0.125, 0.125], "texture": "#4"}
			}
		},
		{
			"from": [7.94, 3.14298, 7.93],
			"to": [8.07438, 3.31875, 8.06438],
			"rotation": {"angle": 0, "axis": "y", "origin": [8, 1.97387, 8]},
			"faces": {
				"north": {"uv": [12, 1, 16, 4], "texture": "#4"},
				"east": {"uv": [12, 0, 16, 3], "texture": "#4"},
				"south": {"uv": [12, 0, 16, 3], "texture": "#4"},
				"west": {"uv": [12, 1, 16, 4], "texture": "#4"},
				"up": {"uv": [13, 0, 16, 3], "texture": "#4"},
				"down": {"uv": [0, 0, 0.125, 0.125], "texture": "#4"}
			}
		},
		{
			"from": [7.95, 3.29923, 7.937],
			"to": [8.06719, 3.41641, 8.05419],
			"rotation": {"angle": 0, "axis": "y", "origin": [8, 1.97387, 8]},
			"faces": {
				"north": {"uv": [12, 1, 16, 4], "texture": "#4"},
				"east": {"uv": [12, 0, 16, 3], "texture": "#4"},
				"south": {"uv": [12, 0, 16, 3], "texture": "#4"},
				"west": {"uv": [12, 0, 16, 3], "texture": "#4"},
				"up": {"uv": [13, 0, 16, 3], "texture": "#4"},
				"down": {"uv": [10, 0, 10.125, 0.125], "texture": "#4"}
			}
		},
		{
			"from": [8.1024, 1.78243, 7.76563],
			"to": [8.25865, 1.89493, 8.23438],
			"rotation": {"angle": 22.5, "axis": "z", "origin": [8.18052, 1.93868, 8.00001]},
			"faces": {
				"north": {"uv": [0, 0, 0.0625, 0.125], "texture": "#2"},
				"east": {"uv": [0, 0, 0.1875, 0.125], "texture": "#2"},
				"south": {"uv": [0, 0, 0.0625, 0.125], "texture": "#2"},
				"west": {"uv": [0, 0, 0.1875, 0.125], "texture": "#2"},
				"up": {"uv": [0, 0, 0.1875, 0.0625], "rotation": 90, "texture": "#2"},
				"down": {"uv": [0, 0, 0.1875, 0.0625], "rotation": 270, "texture": "#2"}
			}
		},
		{
			"from": [7.74135, 1.78243, 7.76563],
			"to": [7.8976, 1.89493, 8.23438],
			"rotation": {"angle": -22.5, "axis": "z", "origin": [7.81948, 1.93868, 8.00001]},
			"faces": {
				"north": {"uv": [0, 0, 0.0625, 0.125], "texture": "#2"},
				"east": {"uv": [0, 0, 0.1875, 0.125], "texture": "#2"},
				"south": {"uv": [0, 0, 0.0625, 0.125], "texture": "#2"},
				"west": {"uv": [0, 0, 0.1875, 0.125], "texture": "#2"},
				"up": {"uv": [0, 0, 0.1875, 0.0625], "rotation": 90, "texture": "#2"},
				"down": {"uv": [0, 0, 0.1875, 0.0625], "rotation": 270, "texture": "#2"}
			}
		},
		{
			"from": [7.6875, -0.01952, 7.6875],
			"to": [8.3125, 0.09766, 8.3125],
			"rotation": {"angle": 0, "axis": "y", "origin": [8, 2.47387, 8]},
			"faces": {
				"north": {"uv": [0, 9, 2, 10], "texture": "#1"},
				"east": {"uv": [0, 9, 2, 10], "texture": "#1"},
				"south": {"uv": [0, 9, 2, 10], "texture": "#1"},
				"west": {"uv": [0, 9, 2, 10], "texture": "#1"},
				"up": {"uv": [0, 0, 0.3125, 0.3125], "texture": "#1"},
				"down": {"uv": [4, 0, 8, 4], "texture": "#1"}
			}
		},
		{
			"from": [7.76563, 0.0586, 7.76563],
			"to": [8.23438, 0.21485, 8.23438],
			"rotation": {"angle": 0, "axis": "y", "origin": [8, 2.47387, 8]},
			"faces": {
				"north": {"uv": [0, 0, 0.3125, 0.03125], "texture": "#2"},
				"east": {"uv": [0, 0, 0.3125, 0.03125], "texture": "#2"},
				"south": {"uv": [0, 0, 0.3125, 0.03125], "texture": "#2"},
				"west": {"uv": [0, 0, 0.3125, 0.03125], "texture": "#2"},
				"up": {"uv": [0, 0, 0.3125, 0.3125], "texture": "#2"},
				"down": {"uv": [3, 10, 7, 14], "texture": "#2"}
			}
		}
	],
	"display": {
		"thirdperson_righthand": {
			"translation": [-0.5, 7.5, 0.5]
		},
		"thirdperson_lefthand": {
			"translation": [-0.5, 7.5, 0.5]
		},
		"firstperson_righthand": {
			"rotation": [-30, 0, 0],
			"translation": [0, 9.25, 0]
		},
		"firstperson_lefthand": {
			"rotation": [-30, 0, 0],
			"translation": [0, 9.25, 0]
		},
		"ground": {
			"translation": [0, 5, 0]
		},
		"gui": {
			"rotation": [30, 45, 0],
			"translation": [0, 18, 0],
			"scale": [3.5, 3.5, 3.5]
		},
		"fixed": {
			"translation": [0, 12, 0],
			"scale": [2, 2, 2]
		}
	},
	"groups": [
		{
			"name": "bullet",
			"origin": [0, 0, 0],
			"color": 0,
			"children": [0, 1, 2, 3, 4, 5, 6, 7, 8, 9, 10, 11, 12]
		}
	]
}
