{
	"credit": "Made with Blockbench",
	"texture_size": [32, 32],
	"textures": {
		"1": "additionalguns:item/universal6",
		"4": "additionalguns:item/universal7",
		"5": "additionalguns:item/ag_lightblue"
	},
	"elements": [
		{
			"from": [7.6875, 0.21485, 7.6875],
			"to": [8.3125, 2.74923, 8.3125],
			"rotation": {"angle": 0, "axis": "y", "origin": [8, 2.47387, 8]},
			"faces": {
				"north": {"uv": [0, 0, 2, 10], "texture": "#4"},
				"east": {"uv": [0, 0, 2, 10], "texture": "#4"},
				"south": {"uv": [0, 0, 2, 10], "texture": "#4"},
				"west": {"uv": [0, 0, 2, 10], "texture": "#4"},
				"up": {"uv": [0, 0, 0.25, 0.25], "texture": "#4"},
				"down": {"uv": [0, 0, 0.25, 0.25], "texture": "#4"}
			}
		},
		{
			"from": [7.76563, 2.48048, 7.76563],
			"to": [8.23438, 3.1836, 8.23438],
			"rotation": {"angle": 0, "axis": "y", "origin": [8, 2.47387, 8]},
			"faces": {
				"north": {"uv": [13, 4, 16, 8], "texture": "#1"},
				"east": {"uv": [13, 4, 16, 8], "texture": "#1"},
				"south": {"uv": [0, 2, 2, 8], "texture": "#1"},
				"west": {"uv": [0, 5, 2, 11], "texture": "#1"},
				"up": {"uv": [0, 6, 2, 9], "texture": "#1"},
				"down": {"uv": [0, 0, 0.1875, 0.1875], "texture": "#1"}
			}
		},
		{
			"from": [7.80469, 3.1836, 7.80469],
			"to": [8.19531, 3.65235, 8.19531],
			"rotation": {"angle": 0, "axis": "y", "origin": [8, 2.47387, 8]},
			"faces": {
				"north": {"uv": [13, 1, 16, 6.5], "texture": "#4"},
				"east": {"uv": [13, 1, 16, 6.5], "texture": "#4"},
				"south": {"uv": [13, 1, 16, 6.5], "texture": "#4"},
				"west": {"uv": [13, 1, 16, 6.5], "texture": "#4"},
				"up": {"uv": [13, 1, 16, 4], "texture": "#4"},
				"down": {"uv": [0, 0, 0.15625, 0.15625], "texture": "#4"}
			}
		},
		{
			"from": [7.76563, 2.64103, 8.07519],
			"to": [8.23438, 2.95353, 8.23144],
			"rotation": {"angle": -22.5, "axis": "x", "origin": [8, 2.89887, 8]},
			"faces": {
				"north": {"uv": [0, 0, 0.1875, 0.125], "texture": "#1"},
				"east": {"uv": [0, 0, 0.0625, 0.125], "texture": "#1"},
				"south": {"uv": [0, 0, 0.1875, 0.125], "texture": "#1"},
				"west": {"uv": [0, 0, 0.0625, 0.125], "texture": "#1"},
				"up": {"uv": [0, 0, 0.1875, 0.0625], "texture": "#1"},
				"down": {"uv": [0, 0, 0.1875, 0.0625], "texture": "#1"}
			}
		},
		{
			"from": [8.07519, 2.64103, 7.76563],
			"to": [8.23144, 2.95353, 8.23438],
			"rotation": {"angle": 22.5, "axis": "z", "origin": [8, 2.89887, 8]},
			"faces": {
				"north": {"uv": [0, 0, 0.0625, 0.125], "texture": "#1"},
				"east": {"uv": [0, 0, 0.1875, 0.125], "texture": "#1"},
				"south": {"uv": [0, 0, 0.0625, 0.125], "texture": "#1"},
				"west": {"uv": [0, 0, 0.1875, 0.125], "texture": "#1"},
				"up": {"uv": [0, 0, 0.1875, 0.0625], "rotation": 90, "texture": "#1"},
				"down": {"uv": [0, 0, 0.1875, 0.0625], "rotation": 270, "texture": "#1"}
			}
		},
		{
			"from": [7.76563, 2.64103, 7.76856],
			"to": [8.23438, 2.95353, 7.92481],
			"rotation": {"angle": 22.5, "axis": "x", "origin": [8, 2.89887, 8]},
			"faces": {
				"north": {"uv": [0, 0, 0.1875, 0.125], "texture": "#1"},
				"east": {"uv": [0, 0, 0.0625, 0.125], "texture": "#1"},
				"south": {"uv": [0, 0, 0.1875, 0.125], "texture": "#1"},
				"west": {"uv": [0, 0, 0.0625, 0.125], "texture": "#1"},
				"up": {"uv": [0, 0, 0.1875, 0.0625], "texture": "#1"},
				"down": {"uv": [0, 0, 0.1875, 0.0625], "texture": "#1"}
			}
		},
		{
			"from": [7.76856, 2.64103, 7.76563],
			"to": [7.92481, 2.95353, 8.23438],
			"rotation": {"angle": -22.5, "axis": "z", "origin": [8, 2.89887, 8]},
			"faces": {
				"north": {"uv": [0, 0, 0.0625, 0.125], "texture": "#1"},
				"east": {"uv": [0, 0, 0.1875, 0.125], "texture": "#1"},
				"south": {"uv": [0, 0, 0.0625, 0.125], "texture": "#1"},
				"west": {"uv": [0, 0, 0.1875, 0.125], "texture": "#1"},
				"up": {"uv": [0, 0, 0.1875, 0.0625], "rotation": 90, "texture": "#1"},
				"down": {"uv": [0, 0, 0.1875, 0.0625], "rotation": 270, "texture": "#1"}
			}
		},
		{
			"from": [7.6875, -0.01952, 7.6875],
			"to": [8.3125, 0.09766, 8.3125],
			"rotation": {"angle": 0, "axis": "y", "origin": [8, 2.47387, 8]},
			"faces": {
				"north": {"uv": [0, 9, 2, 10], "texture": "#4"},
				"east": {"uv": [0, 9, 2, 10], "texture": "#4"},
				"south": {"uv": [0, 9, 2, 10], "texture": "#4"},
				"west": {"uv": [0, 9, 2, 10], "texture": "#4"},
				"up": {"uv": [0, 0, 0.3125, 0.3125], "texture": "#4"},
				"down": {"uv": [4, 0, 8, 4], "texture": "#4"}
			}
		},
		{
			"from": [7.76563, 0.0586, 7.76563],
			"to": [8.23438, 0.21485, 8.23438],
			"rotation": {"angle": 0, "axis": "y", "origin": [8, 2.47387, 8]},
			"faces": {
				"north": {"uv": [0, 0, 0.3125, 0.03125], "texture": "#1"},
				"east": {"uv": [0, 0, 0.3125, 0.03125], "texture": "#1"},
				"south": {"uv": [0, 0, 0.3125, 0.03125], "texture": "#1"},
				"west": {"uv": [0, 0, 0.3125, 0.03125], "texture": "#1"},
				"up": {"uv": [0, 0, 0.3125, 0.3125], "texture": "#1"},
				"down": {"uv": [3, 10, 7, 14], "texture": "#1"}
			}
		},
		{
			"from": [7.68016, 1.43673, 7.96016],
			"to": [8.31985, 1.5375, 8.03985],
			"rotation": {"angle": 0, "axis": "y", "origin": [8.00001, 0.53712, 8.00001]},
			"faces": {
				"north": {"uv": [0, 5, 4, 12], "texture": "#5"},
				"east": {"uv": [0, 5, 4, 12], "texture": "#5"},
				"south": {"uv": [0, 5, 4, 12], "texture": "#5"},
				"west": {"uv": [0, 5, 4, 12], "texture": "#5"},
				"up": {"uv": [0, 0, 4, 4], "rotation": 270, "texture": "#5"},
				"down": {"uv": [0, 12, 4, 16], "rotation": 90, "texture": "#5"}
			}
		},
		{
			"from": [7.95516, 1.43673, 7.68016],
			"to": [8.03485, 1.5375, 8.31985],
			"rotation": {"angle": 0, "axis": "y", "origin": [5, 0.70313, 5]},
			"faces": {
				"north": {"uv": [0, 5, 4, 12], "texture": "#5"},
				"east": {"uv": [0, 5, 4, 12], "texture": "#5"},
				"south": {"uv": [0, 5, 4, 12], "texture": "#5"},
				"west": {"uv": [0, 5, 4, 12], "texture": "#5"},
				"up": {"uv": [0, 0, 4, 4], "texture": "#5"},
				"down": {"uv": [0, 12, 4, 16], "texture": "#5"}
			}
		},
		{
			"from": [7.68016, 0.41173, 7.96016],
			"to": [8.31985, 0.5125, 8.03985],
			"rotation": {"angle": 0, "axis": "y", "origin": [8.00001, 0.53712, 8.00001]},
			"faces": {
				"north": {"uv": [0, 5, 4, 12], "texture": "#5"},
				"east": {"uv": [0, 5, 4, 12], "texture": "#5"},
				"south": {"uv": [0, 5, 4, 12], "texture": "#5"},
				"west": {"uv": [0, 5, 4, 12], "texture": "#5"},
				"up": {"uv": [0, 0, 4, 4], "rotation": 270, "texture": "#5"},
				"down": {"uv": [0, 12, 4, 16], "rotation": 90, "texture": "#5"}
			}
		},
		{
			"from": [7.95516, 0.41173, 7.68016],
			"to": [8.03485, 0.5125, 8.31985],
			"rotation": {"angle": 0, "axis": "y", "origin": [5, 0.70313, 5]},
			"faces": {
				"north": {"uv": [0, 5, 4, 12], "texture": "#5"},
				"east": {"uv": [0, 5, 4, 12], "texture": "#5"},
				"south": {"uv": [0, 5, 4, 12], "texture": "#5"},
				"west": {"uv": [0, 5, 4, 12], "texture": "#5"},
				"up": {"uv": [0, 0, 4, 4], "texture": "#5"},
				"down": {"uv": [0, 12, 4, 16], "texture": "#5"}
			}
		},
		{
			"from": [7.68016, 2.46173, 7.96016],
			"to": [8.31985, 2.5625, 8.03985],
			"rotation": {"angle": 0, "axis": "y", "origin": [8.00001, 0.53712, 8.00001]},
			"faces": {
				"north": {"uv": [0, 5, 4, 12], "texture": "#5"},
				"east": {"uv": [0, 5, 4, 12], "texture": "#5"},
				"south": {"uv": [0, 5, 4, 12], "texture": "#5"},
				"west": {"uv": [0, 5, 4, 12], "texture": "#5"},
				"up": {"uv": [0, 0, 4, 4], "rotation": 270, "texture": "#5"},
				"down": {"uv": [0, 12, 4, 16], "rotation": 90, "texture": "#5"}
			}
		},
		{
			"from": [7.95516, 2.46173, 7.68016],
			"to": [8.03485, 2.5625, 8.31985],
			"rotation": {"angle": 0, "axis": "y", "origin": [5, 0.70313, 5]},
			"faces": {
				"north": {"uv": [0, 5, 4, 12], "texture": "#5"},
				"east": {"uv": [0, 5, 4, 12], "texture": "#5"},
				"south": {"uv": [0, 5, 4, 12], "texture": "#5"},
				"west": {"uv": [0, 5, 4, 12], "texture": "#5"},
				"up": {"uv": [0, 0, 4, 4], "texture": "#5"},
				"down": {"uv": [0, 12, 4, 16], "texture": "#5"}
			}
		}
	],
	"display": {
		"thirdperson_righthand": {
			"translation": [-0.5, 7.5, 0.5]
		},
		"thirdperson_lefthand": {
			"translation": [-0.5, 7.5, 0.5]
		},
		"firstperson_righthand": {
			"rotation": [-30, 0, 0],
			"translation": [0, 9.25, 0]
		},
		"firstperson_lefthand": {
			"rotation": [-30, 0, 0],
			"translation": [0, 9.25, 0]
		},
		"ground": {
			"translation": [0, 4, 0]
		},
		"gui": {
			"rotation": [30, 45, 0],
			"translation": [0, 18, 0],
			"scale": [3.5, 3.5, 3.5]
		},
		"fixed": {
			"translation": [0, 12, 0],
			"scale": [2, 2, 2]
		}
	},
	"groups": [
		{
			"name": "bullet",
			"origin": [0, 0, 0],
			"color": 0,
			"children": [0, 1, 2, 3, 4, 5, 6, 7, 8]
		},
		9,
		10,
		11,
		12,
		13,
		14
	]
}