{
	"credit": "Made with Blockbench",
	"texture_size": [32, 32],
	"textures": {
		"1": "additionalguns:item/universal1",
		"2": "additionalguns:item/universal4"
	},
	"elements": [
		{
			"from": [7.6875, 0.21485, 7.6875],
			"to": [8.3125, 1.82423, 8.3125],
			"rotation": {"angle": 0, "axis": "y", "origin": [8, 1.01954, 8]},
			"faces": {
				"north": {"uv": [0, 0, 2, 10], "texture": "#1"},
				"east": {"uv": [0, 0, 2, 10], "texture": "#1"},
				"south": {"uv": [0, 0, 2, 10], "texture": "#1"},
				"west": {"uv": [0, 1, 2, 16], "texture": "#1"},
				"up": {"uv": [0, 0, 0.25, 0.25], "texture": "#1"},
				"down": {"uv": [0, 0, 0.25, 0.25], "texture": "#1"}
			}
		},
		{
			"from": [7.76563, 1.88048, 7.76563],
			"to": [8.23438, 2.2836, 8.23438],
			"rotation": {"angle": 0, "axis": "y", "origin": [8, 1.97387, 8]},
			"faces": {
				"north": {"uv": [0, 4, 3, 8], "texture": "#1"},
				"east": {"uv": [0, 10, 3, 14], "texture": "#1"},
				"south": {"uv": [0, 2, 2, 8], "texture": "#1"},
				"west": {"uv": [0, 5, 2, 11], "texture": "#1"},
				"up": {"uv": [0, 6, 2, 9], "texture": "#1"},
				"down": {"uv": [0, 0, 0.1875, 0.1875], "texture": "#1"}
			}
		},
		{
			"from": [7.76563, 1.78243, 7.74135],
			"to": [8.23438, 1.89493, 7.8976],
			"rotation": {"angle": 22.5, "axis": "x", "origin": [8.00001, 1.93868, 7.81948]},
			"faces": {
				"north": {"uv": [0, 0, 0.1875, 0.125], "texture": "#2"},
				"east": {"uv": [0, 0, 0.0625, 0.125], "texture": "#2"},
				"south": {"uv": [0, 0, 0.1875, 0.125], "texture": "#2"},
				"west": {"uv": [0, 0, 0.0625, 0.125], "texture": "#2"},
				"up": {"uv": [0, 0, 0.1875, 0.0625], "texture": "#2"},
				"down": {"uv": [0, 0, 0.1875, 0.0625], "texture": "#2"}
			}
		},
		{
			"from": [7.76563, 1.78243, 8.1024],
			"to": [8.23438, 1.89493, 8.25865],
			"rotation": {"angle": -22.5, "axis": "x", "origin": [8.00001, 1.93868, 8.18052]},
			"faces": {
				"north": {"uv": [0, 0, 0.1875, 0.125], "texture": "#2"},
				"east": {"uv": [0, 0, 0.0625, 0.125], "texture": "#2"},
				"south": {"uv": [0, 0, 0.1875, 0.125], "texture": "#2"},
				"west": {"uv": [0, 0, 0.0625, 0.125], "texture": "#2"},
				"up": {"uv": [0, 0, 0.1875, 0.0625], "texture": "#2"},
				"down": {"uv": [0, 0, 0.1875, 0.0625], "texture": "#2"}
			}
		},
		{
			"from": [8.1024, 1.78243, 7.76563],
			"to": [8.25865, 1.89493, 8.23438],
			"rotation": {"angle": 22.5, "axis": "z", "origin": [8.18052, 1.93868, 8.00001]},
			"faces": {
				"north": {"uv": [0, 0, 0.0625, 0.125], "texture": "#2"},
				"east": {"uv": [0, 0, 0.1875, 0.125], "texture": "#2"},
				"south": {"uv": [0, 0, 0.0625, 0.125], "texture": "#2"},
				"west": {"uv": [0, 0, 0.1875, 0.125], "texture": "#2"},
				"up": {"uv": [0, 0, 0.1875, 0.0625], "rotation": 90, "texture": "#2"},
				"down": {"uv": [0, 0, 0.1875, 0.0625], "rotation": 270, "texture": "#2"}
			}
		},
		{
			"from": [7.74135, 1.78243, 7.76563],
			"to": [7.8976, 1.89493, 8.23438],
			"rotation": {"angle": -22.5, "axis": "z", "origin": [7.81948, 1.93868, 8.00001]},
			"faces": {
				"north": {"uv": [0, 0, 0.0625, 0.125], "texture": "#2"},
				"east": {"uv": [0, 0, 0.1875, 0.125], "texture": "#2"},
				"south": {"uv": [0, 0, 0.0625, 0.125], "texture": "#2"},
				"west": {"uv": [0, 0, 0.1875, 0.125], "texture": "#2"},
				"up": {"uv": [0, 0, 0.1875, 0.0625], "rotation": 90, "texture": "#2"},
				"down": {"uv": [0, 0, 0.1875, 0.0625], "rotation": 270, "texture": "#2"}
			}
		},
		{
			"from": [7.6875, -0.01952, 7.6875],
			"to": [8.3125, 0.09766, 8.3125],
			"rotation": {"angle": 0, "axis": "y", "origin": [8, 2.47387, 8]},
			"faces": {
				"north": {"uv": [0, 9, 2, 10], "texture": "#1"},
				"east": {"uv": [0, 9, 2, 10], "texture": "#1"},
				"south": {"uv": [0, 9, 2, 10], "texture": "#1"},
				"west": {"uv": [0, 9, 2, 10], "texture": "#1"},
				"up": {"uv": [0, 0, 0.3125, 0.3125], "texture": "#1"},
				"down": {"uv": [4, 0, 8, 4], "texture": "#1"}
			}
		},
		{
			"from": [7.76563, 0.0586, 7.76563],
			"to": [8.23438, 0.21485, 8.23438],
			"rotation": {"angle": 0, "axis": "y", "origin": [8, 2.47387, 8]},
			"faces": {
				"north": {"uv": [0, 0, 0.3125, 0.03125], "texture": "#2"},
				"east": {"uv": [0, 0, 0.3125, 0.03125], "texture": "#2"},
				"south": {"uv": [0, 0, 0.3125, 0.03125], "texture": "#2"},
				"west": {"uv": [0, 0, 0.3125, 0.03125], "texture": "#2"},
				"up": {"uv": [0, 0, 0.3125, 0.3125], "texture": "#2"},
				"down": {"uv": [3, 10, 7, 14], "texture": "#2"}
			}
		}
	],
	"display": {
		"thirdperson_righthand": {
			"translation": [-0.5, 7.5, 0.5]
		},
		"thirdperson_lefthand": {
			"translation": [-0.5, 7.5, 0.5]
		},
		"firstperson_righthand": {
			"rotation": [-30, 0, 0],
			"translation": [0, 9.25, 0]
		},
		"firstperson_lefthand": {
			"rotation": [-30, 0, 0],
			"translation": [0, 9.25, 0]
		},
		"ground": {
			"translation": [0, 5, 0]
		},
		"gui": {
			"rotation": [30, 45, 0],
			"translation": [0, 18, 0],
			"scale": [3.5, 3.5, 3.5]
		},
		"fixed": {
			"translation": [0, 12, 0],
			"scale": [2, 2, 2]
		}
	},
	"groups": [
		{
			"name": "bullet",
			"origin": [0, 0, 0],
			"color": 0,
			"children": [0, 1, 2, 3, 4, 5, 6, 7]
		}
	]
}