{
	"credit": "Made with Blockbench",
	"textures": {
		"0": "Documents/flashhidertexture",
		"particle": "Documents/flashhidertexture"
	},
	"elements": [
		{
			"name": "octagon",
			"from": [7.58579, 0, 13],
			"to": [8.41421, 0.5, 16],
			"rotation": {"angle": 45, "axis": "z", "origin": [8, 1, 15]},
			"faces": {
				"north": {"uv": [7, 5, 7.75, 5.5], "texture": "#0"},
				"east": {"uv": [6, 6, 8.25, 6.5], "texture": "#0"},
				"south": {"uv": [8, 5, 8.75, 5.5], "texture": "#0"},
				"west": {"uv": [0, 7, 2.25, 7.5], "texture": "#0"},
				"up": {"uv": [0.75, 2.25, 0, 0], "texture": "#0"},
				"down": {"uv": [1.75, 0, 1, 2.25], "texture": "#0"}
			}
		},
		{
			"name": "octagon",
			"from": [7.58579, 0, 13],
			"to": [8.41421, 0.5, 16],
			"rotation": {"angle": 0, "axis": "z", "origin": [8, 1, 15]},
			"faces": {
				"north": {"uv": [8, 7, 8.75, 7.5], "texture": "#0"},
				"east": {"uv": [7, 0, 9.25, 0.5], "texture": "#0"},
				"south": {"uv": [8, 8, 8.75, 8.5], "texture": "#0"},
				"west": {"uv": [7, 1, 9.25, 1.5], "texture": "#0"},
				"up": {"uv": [2.75, 2.25, 2, 0], "texture": "#0"},
				"down": {"uv": [0.75, 3, 0, 5.25], "texture": "#0"}
			}
		},
		{
			"name": "octagon",
			"from": [7.58579, 1.5, 13],
			"to": [8.41421, 2, 16],
			"rotation": {"angle": 45, "axis": "z", "origin": [8, 1, 15]},
			"faces": {
				"north": {"uv": [9, 5, 9.75, 5.5], "texture": "#0"},
				"east": {"uv": [7, 2, 9.25, 2.5], "texture": "#0"},
				"south": {"uv": [9, 6, 9.75, 6.5], "texture": "#0"},
				"west": {"uv": [3, 7, 5.25, 7.5], "texture": "#0"},
				"up": {"uv": [3.75, 2.25, 3, 0], "texture": "#0"},
				"down": {"uv": [1.75, 3, 1, 5.25], "texture": "#0"}
			}
		},
		{
			"name": "octagon",
			"from": [7.58579, 1.5, 13],
			"to": [8.41421, 2, 16],
			"rotation": {"angle": 0, "axis": "z", "origin": [8, 1, 15]},
			"faces": {
				"north": {"uv": [9, 7, 9.75, 7.5], "texture": "#0"},
				"east": {"uv": [7, 3, 9.25, 3.5], "texture": "#0"},
				"south": {"uv": [8, 9, 8.75, 9.5], "texture": "#0"},
				"west": {"uv": [7, 4, 9.25, 4.5], "texture": "#0"},
				"up": {"uv": [2.75, 5.25, 2, 3], "texture": "#0"},
				"down": {"uv": [3.75, 3, 3, 5.25], "texture": "#0"}
			}
		},
		{
			"name": "octagon",
			"from": [7, 0.58579, 13],
			"to": [7.5, 1.41421, 16],
			"rotation": {"angle": 45, "axis": "z", "origin": [8, 1, 15]},
			"faces": {
				"north": {"uv": [9, 8, 9.5, 8.75], "texture": "#0"},
				"east": {"uv": [4, 0, 6.25, 0.75], "texture": "#0"},
				"south": {"uv": [9, 9, 9.5, 9.75], "texture": "#0"},
				"west": {"uv": [4, 1, 6.25, 1.75], "texture": "#0"},
				"up": {"uv": [6.5, 9.25, 6, 7], "texture": "#0"},
				"down": {"uv": [7.5, 7, 7, 9.25], "texture": "#0"}
			}
		},
		{
			"name": "octagon",
			"from": [7, 0.58579, 13],
			"to": [7.5, 1.41421, 16],
			"rotation": {"angle": 0, "axis": "z", "origin": [8, 1, 15]},
			"faces": {
				"north": {"uv": [10, 0, 10.5, 0.75], "texture": "#0"},
				"east": {"uv": [4, 2, 6.25, 2.75], "texture": "#0"},
				"south": {"uv": [10, 1, 10.5, 1.75], "texture": "#0"},
				"west": {"uv": [4, 3, 6.25, 3.75], "texture": "#0"},
				"up": {"uv": [0.5, 10.25, 0, 8], "texture": "#0"},
				"down": {"uv": [1.5, 8, 1, 10.25], "texture": "#0"}
			}
		},
		{
			"name": "octagon",
			"from": [8.5, 0.58579, 13],
			"to": [9, 1.41421, 16],
			"rotation": {"angle": 45, "axis": "z", "origin": [8, 1, 15]},
			"faces": {
				"north": {"uv": [10, 2, 10.5, 2.75], "texture": "#0"},
				"east": {"uv": [4, 4, 6.25, 4.75], "texture": "#0"},
				"south": {"uv": [10, 3, 10.5, 3.75], "texture": "#0"},
				"west": {"uv": [4, 5, 6.25, 5.75], "texture": "#0"},
				"up": {"uv": [2.5, 10.25, 2, 8], "texture": "#0"},
				"down": {"uv": [3.5, 8, 3, 10.25], "texture": "#0"}
			}
		},
		{
			"name": "octagon",
			"from": [8.5, 0.58579, 13],
			"to": [9, 1.41421, 16],
			"rotation": {"angle": 0, "axis": "z", "origin": [8, 1, 15]},
			"faces": {
				"north": {"uv": [10, 4, 10.5, 4.75], "texture": "#0"},
				"east": {"uv": [0, 6, 2.25, 6.75], "texture": "#0"},
				"south": {"uv": [10, 5, 10.5, 5.75], "texture": "#0"},
				"west": {"uv": [3, 6, 5.25, 6.75], "texture": "#0"},
				"up": {"uv": [4.5, 10.25, 4, 8], "texture": "#0"},
				"down": {"uv": [5.5, 8, 5, 10.25], "texture": "#0"}
			}
		}
	],
	"display": {
		"thirdperson_righthand": {
			"rotation": [22.5, 0, 0],
			"translation": [0, 10, -4],
			"scale": [1.2, 1.2, 1.2]
		},
		"firstperson_righthand": {
			"translation": [-3.5, 8.5, 0],
			"scale": [0.8, 0.8, 0.8]
		},
		"ground": {
			"translation": [0, 5, -5.75]
		},
		"gui": {
			"rotation": [30, 225, 0],
			"translation": [7.5, 5, 0],
			"scale": [1.8, 1.8, 1.8]
		},
		"fixed": {
			"rotation": [0, 90, 0],
			"translation": [-11.5, 12.5, -2],
			"scale": [2, 2, 2]
		}
	},
	"groups": [
		{
			"name": "octagon",
			"origin": [8, 8, 8],
			"color": 0,
			"children": [0, 1, 2, 3, 4, 5, 6, 7]
		}
	]
}