{
	"credit": "Made with Blockbench by ThatAvocado_Boi",
	"texture_size": [32, 32],
	"textures": {
		"0": "additionalguns:item/fn2000"
	},
	"elements": [
		{
			"from": [7.2, 0.16046, 21.3],
			"to": [8.8, 1.86046, 25.2],
			"rotation": {"angle": 0, "axis": "x", "origin": [8, 1.26046, 22.36094]},
			"faces": {
				"north": {"uv": [5, 3.5, 8, 5.5], "texture": "#0"},
				"east": {"uv": [10, 3.5, 8, 7.5], "texture": "#0"},
				"south": {"uv": [5, 3.5, 8, 5.5], "texture": "#0"},
				"west": {"uv": [8, 3.5, 10, 7.5], "texture": "#0"},
				"up": {"uv": [0, 0, 0, 0], "texture": "#0"},
				"down": {"uv": [2, 5.5, 5.5, 7.5], "rotation": 90, "texture": "#0"}
			}
		},
		{
			"from": [7.6, 6.07302, 16.36098],
			"to": [8.398, 6.37302, 16.78518],
			"rotation": {"angle": 45, "axis": "x", "origin": [7.999, 4.40302, 14.81098]},
			"faces": {
				"north": {"uv": [1, 2.5, 1.5, 3], "texture": "#0"},
				"east": {"uv": [15.5, 0.5, 16, 0], "rotation": 270, "texture": "#0"},
				"south": {"uv": [0, 0, 0, 0], "texture": "#0"},
				"west": {"uv": [14.5, 0.5, 15, 0], "rotation": 90, "texture": "#0"},
				"up": {"uv": [14.5, 0.5, 15, 0], "texture": "#0"},
				"down": {"uv": [1, 2.5, 1.5, 3], "texture": "#0"}
			}
		},
		{
			"from": [7.625, 4.7, 16.8758],
			"to": [7.823, 5, 17.3],
			"rotation": {"angle": 0, "axis": "x", "origin": [7.749, 4.85, 17.0879]},
			"faces": {
				"north": {"uv": [15, 0.5, 15, 0], "texture": "#0"},
				"east": {"uv": [15, 0.5, 15, 0], "texture": "#0"},
				"south": {"uv": [15, 0.5, 15, 0], "texture": "#0"},
				"west": {"uv": [15, 0.5, 15, 0], "texture": "#0"},
				"up": {"uv": [15, 0.5, 15, 0], "texture": "#0"},
				"down": {"uv": [15, 0.5, 15, 0], "texture": "#0"}
			}
		},
		{
			"from": [7.76006, 4.67393, 16.8758],
			"to": [7.95806, 4.97393, 17.3],
			"rotation": {"angle": 45, "axis": "z", "origin": [7.85906, 4.82393, 17.0879]},
			"faces": {
				"north": {"uv": [15, 0.5, 15, 0], "texture": "#0"},
				"east": {"uv": [15, 0.5, 15, 0], "texture": "#0"},
				"south": {"uv": [15, 0.5, 15, 0], "texture": "#0"},
				"west": {"uv": [15, 0.5, 15, 0], "texture": "#0"},
				"up": {"uv": [15, 0.5, 15, 0], "texture": "#0"},
				"down": {"uv": [15, 0.5, 15, 0], "texture": "#0"}
			}
		},
		{
			"from": [8.04194, 4.67393, 16.8758],
			"to": [8.23994, 4.97393, 17.3],
			"rotation": {"angle": -45, "axis": "z", "origin": [8.14094, 4.82393, 17.0879]},
			"faces": {
				"north": {"uv": [15, 0.5, 15, 0], "rotation": 180, "texture": "#0"},
				"east": {"uv": [15, 0.5, 15, 0], "rotation": 180, "texture": "#0"},
				"south": {"uv": [15, 0.5, 15, 0], "rotation": 180, "texture": "#0"},
				"west": {"uv": [15, 0.5, 15, 0], "rotation": 180, "texture": "#0"},
				"up": {"uv": [15, 0.5, 15, 0], "rotation": 180, "texture": "#0"},
				"down": {"uv": [15, 0.5, 15, 0], "rotation": 180, "texture": "#0"}
			}
		},
		{
			"from": [7.798, 4.7, 16.8758],
			"to": [8.198, 4.898, 17.3],
			"rotation": {"angle": 0, "axis": "z", "origin": [7.998, 4.8115, 17.0879]},
			"faces": {
				"north": {"uv": [15, 0.5, 15, 0], "rotation": 90, "texture": "#0"},
				"east": {"uv": [15, 0.5, 15, 0], "rotation": 270, "texture": "#0"},
				"south": {"uv": [15, 0.5, 15, 0], "rotation": 270, "texture": "#0"},
				"west": {"uv": [15, 0.5, 15, 0], "rotation": 270, "texture": "#0"},
				"up": {"uv": [15, 0.5, 15, 0], "rotation": 270, "texture": "#0"},
				"down": {"uv": [15, 0.5, 15, 0], "rotation": 270, "texture": "#0"}
			}
		},
		{
			"from": [7.798, 4.7, 9.3508],
			"to": [8.198, 4.823, 9.775],
			"rotation": {"angle": 0, "axis": "y", "origin": [7.998, 4.8115, 17.0879]},
			"faces": {
				"north": {"uv": [15, 0.5, 15, 0], "rotation": 90, "texture": "#0"},
				"east": {"uv": [15, 0.5, 15, 0], "rotation": 270, "texture": "#0"},
				"south": {"uv": [15, 0.5, 15, 0], "rotation": 270, "texture": "#0"},
				"west": {"uv": [15, 0.5, 15, 0], "rotation": 270, "texture": "#0"},
				"up": {"uv": [15, 0.5, 15, 0], "rotation": 270, "texture": "#0"},
				"down": {"uv": [15, 0.5, 15, 0], "rotation": 270, "texture": "#0"}
			}
		},
		{
			"from": [7.973, 4.8, 9.4508],
			"to": [8.023, 5.023, 9.675],
			"rotation": {"angle": 0, "axis": "y", "origin": [7.998, 4.8115, 17.0879]},
			"faces": {
				"north": {"uv": [15, 0.5, 15, 0], "rotation": 90, "texture": "#0"},
				"east": {"uv": [15, 0.5, 15, 0], "rotation": 270, "texture": "#0"},
				"south": {"uv": [15, 0.5, 15, 0], "rotation": 270, "texture": "#0"},
				"west": {"uv": [15, 0.5, 15, 0], "rotation": 270, "texture": "#0"},
				"up": {"uv": [15, 0.5, 15, 0], "rotation": 270, "texture": "#0"},
				"down": {"uv": [15, 0.5, 15, 0], "rotation": 270, "texture": "#0"}
			}
		},
		{
			"from": [8.177, 4.7, 16.8758],
			"to": [8.375, 5, 17.3],
			"rotation": {"angle": 0, "axis": "y", "origin": [8.251, 4.35, 17.0879]},
			"faces": {
				"north": {"uv": [15, 0.5, 15, 0], "texture": "#0"},
				"east": {"uv": [15, 0.5, 15, 0], "texture": "#0"},
				"south": {"uv": [15, 0.5, 15, 0], "texture": "#0"},
				"west": {"uv": [15, 0.5, 15, 0], "texture": "#0"},
				"up": {"uv": [15, 0.5, 15, 0], "texture": "#0"},
				"down": {"uv": [15, 0.5, 15, 0], "texture": "#0"}
			}
		},
		{
			"from": [7.5, -0.51433, 19.27883],
			"to": [8.5, 0.43567, 21.00383],
			"rotation": {"angle": 0, "axis": "x", "origin": [8, -1.81433, 19.05383]},
			"faces": {
				"north": {"uv": [10, 11, 10.5, 11.5], "texture": "#0"},
				"east": {"uv": [10, 11, 10.5, 11.5], "texture": "#0"},
				"south": {"uv": [10, 11, 10.5, 11.5], "texture": "#0"},
				"west": {"uv": [10, 11, 10.5, 11.5], "texture": "#0"},
				"up": {"uv": [10, 11, 10.5, 11.5], "texture": "#0"},
				"down": {"uv": [10, 11, 10.5, 11.5], "texture": "#0"}
			}
		},
		{
			"from": [7.5, -1.34811, 19.16271],
			"to": [8.5, -0.14811, 20.88771],
			"rotation": {"angle": 22.5, "axis": "x", "origin": [8, -0.62311, 20.02521]},
			"faces": {
				"north": {"uv": [10, 11, 10.5, 11.5], "texture": "#0"},
				"east": {"uv": [10, 11, 10.5, 11.5], "texture": "#0"},
				"south": {"uv": [10, 11, 10.5, 11.5], "texture": "#0"},
				"west": {"uv": [10, 11, 10.5, 11.5], "texture": "#0"},
				"up": {"uv": [10, 11, 10.5, 11.5], "texture": "#0"},
				"down": {"uv": [10, 11, 10.5, 11.5], "texture": "#0"}
			}
		},
		{
			"from": [7.4, -1.2, 14.6],
			"to": [8.6, 2.6, 15.9],
			"rotation": {"angle": -22.5, "axis": "x", "origin": [8, 4.5, 15.83871]},
			"faces": {
				"north": {"uv": [13, 0, 14, 3.5], "texture": "#0"},
				"east": {"uv": [12, 0, 13, 3.5], "texture": "#0"},
				"south": {"uv": [11, 0, 12, 3.5], "texture": "#0"},
				"west": {"uv": [10, 0, 11, 3.5], "texture": "#0"},
				"up": {"uv": [0, 0, 0, 0], "texture": "#0"},
				"down": {"uv": [11, 3.5, 10, 4.5], "texture": "#0"}
			}
		},
		{
			"from": [7.4, -1.2, 15.9],
			"to": [8.6, -0.4, 19.8],
			"rotation": {"angle": -22.5, "axis": "x", "origin": [8, 4.5, 15.83871]},
			"faces": {
				"north": {"uv": [13, 0, 14, 3.5], "texture": "#0"},
				"east": {"uv": [12, 0, 13, 3.5], "texture": "#0"},
				"south": {"uv": [11, 0, 12, 3.5], "texture": "#0"},
				"west": {"uv": [10, 0, 11, 3.5], "texture": "#0"},
				"up": {"uv": [0, 0, 2, 1], "texture": "#0"},
				"down": {"uv": [11, 3.5, 10, 4.5], "texture": "#0"}
			}
		},
		{
			"from": [7.4, 0.40364, 17.26515],
			"to": [8.6, 1.80364, 22.09015],
			"rotation": {"angle": -22.5, "axis": "x", "origin": [8, 5.30364, 17.77886]},
			"faces": {
				"north": {"uv": [13, 0, 14, 3.5], "texture": "#0"},
				"east": {"uv": [12, 0, 13, 3.5], "texture": "#0"},
				"south": {"uv": [11, 0, 12, 3.5], "texture": "#0"},
				"west": {"uv": [10, 0, 11, 3.5], "texture": "#0"},
				"up": {"uv": [0, 0, 0, 0], "texture": "#0"},
				"down": {"uv": [11, 3.5, 10, 4.5], "texture": "#0"}
			}
		},
		{
			"from": [7.5, 1.29491, 14.44022],
			"to": [8.5, 3.69491, 15.04022],
			"rotation": {"angle": -45, "axis": "x", "origin": [8, 0.14491, 15.44022]},
			"faces": {
				"north": {"uv": [10, 0, 10.5, 3.5], "texture": "#0"},
				"east": {"uv": [10, 0, 10.5, 3.5], "texture": "#0"},
				"south": {"uv": [10, 0, 10.5, 3.5], "texture": "#0"},
				"west": {"uv": [10, 0, 10.5, 3.5], "texture": "#0"},
				"up": {"uv": [0, 0, 0, 0], "texture": "#0"},
				"down": {"uv": [11, 3.5, 10, 4.5], "texture": "#0"}
			}
		},
		{
			"from": [7.5, 0.22, 13.95],
			"to": [8.5, 0.82, 16.25],
			"rotation": {"angle": 0, "axis": "x", "origin": [8, 0.52, 15.05]},
			"faces": {
				"north": {"uv": [10, 2, 10.5, 3.5], "rotation": 270, "texture": "#0"},
				"east": {"uv": [10, 2, 10.5, 3.5], "rotation": 270, "texture": "#0"},
				"south": {"uv": [11, 3.5, 10, 4.5], "texture": "#0"},
				"west": {"uv": [10, 2, 10.5, 3.5], "rotation": 270, "texture": "#0"},
				"up": {"uv": [10, 2, 10.5, 3.5], "rotation": 270, "texture": "#0"},
				"down": {"uv": [10, 3.5, 11, 4.5], "rotation": 180, "texture": "#0", "cullface": "south"}
			}
		},
		{
			"from": [7.6, 4.4, 9.3],
			"to": [8.4, 4.7, 17.3],
			"rotation": {"angle": 0, "axis": "y", "origin": [8, 4.55, 13.3]},
			"faces": {
				"north": {"uv": [0, 0, 0, 0], "texture": "#0"},
				"east": {"uv": [15, 0, 16, 13.5], "rotation": 270, "texture": "#0"},
				"south": {"uv": [0, 0, 0, 0], "texture": "#0"},
				"west": {"uv": [14.5, 0, 15.5, 13.5], "rotation": 90, "texture": "#0"},
				"up": {"uv": [14.5, 0, 15, 13.5], "texture": "#0"},
				"down": {"uv": [0, 0, 0, 0], "texture": "#0"}
			}
		},
		{
			"from": [7.2, 3.46563, 8.999],
			"to": [8.8, 4, 12.2],
			"rotation": {"angle": 0, "axis": "y", "origin": [8, 8.2, 8.7]},
			"faces": {
				"north": {"uv": [1, 13, 1, 13], "texture": "#0"},
				"east": {"uv": [1, 13, 1, 13], "texture": "#0"},
				"south": {"uv": [1, 13, 1, 13], "texture": "#0"},
				"west": {"uv": [1, 13, 1, 13], "texture": "#0"},
				"up": {"uv": [1, 13, 1, 13], "texture": "#0"},
				"down": {"uv": [1, 13, 1, 13], "texture": "#0"}
			}
		},
		{
			"from": [7.2, 2.93125, 8.999],
			"to": [8.8, 3.46562, 12.2],
			"rotation": {"angle": 0, "axis": "y", "origin": [8, 7.66562, 8.7]},
			"faces": {
				"north": {"uv": [0.5, 13, 1, 13.5], "texture": "#0"},
				"east": {"uv": [0.5, 13, 1, 13.5], "texture": "#0"},
				"south": {"uv": [0.5, 13, 1, 13.5], "texture": "#0"},
				"west": {"uv": [0.5, 13, 1, 13.5], "texture": "#0"},
				"up": {"uv": [0.5, 13, 1, 13.5], "texture": "#0"},
				"down": {"uv": [0.5, 13, 1, 13.5], "texture": "#0"}
			}
		},
		{
			"from": [7.2, 3.6, 9],
			"to": [7.766, 4, 12.2],
			"rotation": {"angle": 45, "axis": "z", "origin": [7.2, 4, 12.5]},
			"faces": {
				"north": {"uv": [1.5, 11, 2, 11.5], "texture": "#0"},
				"east": {"uv": [0, 0, 0, 0], "texture": "#0"},
				"south": {"uv": [0, 0, 0, 0], "texture": "#0"},
				"west": {"uv": [0, 0, 0, 0], "texture": "#0"},
				"up": {"uv": [0, 13.5, 1.5, 14], "rotation": 90, "texture": "#0"},
				"down": {"uv": [0, 0, 0, 0], "texture": "#0"}
			}
		},
		{
			"from": [7.5, 3.3, 6.8],
			"to": [7.75, 3.9, 12.8],
			"rotation": {"angle": 0, "axis": "y", "origin": [0, 0, 2]},
			"faces": {
				"north": {"uv": [7.5, 13, 8, 13.5], "texture": "#0"},
				"east": {"uv": [7.5, 13, 8, 13.5], "texture": "#0"},
				"south": {"uv": [0, 0, 0, 0], "texture": "#0"},
				"west": {"uv": [7.5, 14.5, 16, 15], "texture": "#0"},
				"up": {"uv": [0, 0, 0, 0], "texture": "#0"},
				"down": {"uv": [0, 0, 0, 0], "texture": "#0"}
			}
		},
		{
			"from": [7.42929, 3.87071, 6.801],
			"to": [7.62929, 4.15271, 12.801],
			"rotation": {"angle": -45, "axis": "z", "origin": [7.5, 3.8, 3]},
			"faces": {
				"north": {"uv": [7.5, 13, 8, 13.5], "texture": "#0"},
				"east": {"uv": [0, 0, 0, 0], "texture": "#0"},
				"south": {"uv": [0, 0, 0, 0], "texture": "#0"},
				"west": {"uv": [7.5, 14, 16, 14.5], "texture": "#0"},
				"up": {"uv": [0, 0, 0, 0], "texture": "#0"},
				"down": {"uv": [0, 0, 0, 0], "texture": "#0"}
			}
		},
		{
			"from": [7.2, 1.85, 12.2],
			"to": [8.8, 4, 25.2],
			"rotation": {"angle": 0, "axis": "y", "origin": [0, 0, 2]},
			"faces": {
				"north": {"uv": [0, 2, 2, 3.5], "texture": "#0"},
				"east": {"uv": [14, 3.5, 0, 2], "texture": "#0"},
				"south": {"uv": [8, 1.5, 10, 3.5], "texture": "#0"},
				"west": {"uv": [0, 2, 14, 3.5], "texture": "#0"},
				"up": {"uv": [0, 0, 0, 0], "texture": "#0"},
				"down": {"uv": [0, 3.5, 8, 5], "rotation": 270, "texture": "#0"}
			}
		},
		{
			"from": [7.2, 3.6, 12.2],
			"to": [7.766, 4, 25.199],
			"rotation": {"angle": 45, "axis": "z", "origin": [7.2, 4, 12.5]},
			"faces": {
				"north": {"uv": [1.5, 1, 2, 1.5], "texture": "#0"},
				"east": {"uv": [10, 1.5, 0.5, 3.5], "texture": "#0"},
				"south": {"uv": [8, 1, 8.5, 1.5], "texture": "#0"},
				"west": {"uv": [0, 1.5, 10, 3.5], "texture": "#0"},
				"up": {"uv": [0, 1, 10, 1.5], "rotation": 90, "texture": "#0"},
				"down": {"uv": [0, 0, 0, 0], "texture": "#0"}
			}
		},
		{
			"from": [7.6, 4, 12.2],
			"to": [8.4, 4.4, 25.2],
			"rotation": {"angle": 0, "axis": "y", "origin": [0, 0, 2]},
			"faces": {
				"north": {"uv": [0.5, 1, 1.5, 1.5], "texture": "#0"},
				"east": {"uv": [10, 1.5, 0.5, 3.5], "texture": "#0"},
				"south": {"uv": [8.5, 1, 9.5, 1.5], "texture": "#0"},
				"west": {"uv": [0, 1.5, 10, 3.5], "texture": "#0"},
				"up": {"uv": [2, 0, 8, 1], "rotation": 90, "texture": "#0"},
				"down": {"uv": [0, 0, 0, 0], "texture": "#0"}
			}
		},
		{
			"from": [8.234, 3.6, 12.2],
			"to": [8.8, 4, 25.199],
			"rotation": {"angle": -45, "axis": "z", "origin": [8.8, 4, 12.5]},
			"faces": {
				"north": {"uv": [0, 1, 0.5, 1.5], "texture": "#0"},
				"east": {"uv": [10, 1.5, 0, 3.5], "texture": "#0"},
				"south": {"uv": [9.5, 1, 10, 1.5], "texture": "#0"},
				"west": {"uv": [0, 1.5, 10, 3.5], "texture": "#0"},
				"up": {"uv": [10, 1, 0, 1.5], "rotation": 270, "texture": "#0"},
				"down": {"uv": [0, 0, 0, 0], "texture": "#0"}
			}
		},
		{
			"from": [7.8, 1.175, 15.2],
			"to": [8.2, 1.9, 15.725],
			"rotation": {"angle": 0, "axis": "y", "origin": [0, 0, 0.83871]},
			"faces": {
				"north": {"uv": [8.5, 0, 9, 0.5], "texture": "#0"},
				"east": {"uv": [8.5, 0, 9, 0.5], "texture": "#0"},
				"south": {"uv": [0, 0, 0, 0], "texture": "#0"},
				"west": {"uv": [8.5, 0, 9, 0.5], "texture": "#0"},
				"up": {"uv": [0, 0, 0, 0], "texture": "#0"},
				"down": {"uv": [9, 0, 8.5, 0.5], "texture": "#0"}
			}
		},
		{
			"from": [7.3, 2.525, 8.97],
			"to": [8.7, 3.66371, 11.80629],
			"rotation": {"angle": 22.5, "axis": "x", "origin": [8, 2.01936, 10.20065]},
			"faces": {
				"north": {"uv": [0, 13.5, 1, 14], "rotation": 180, "texture": "#0"},
				"east": {"uv": [0, 15.5, 0.5, 16], "rotation": 180, "texture": "#0"},
				"south": {"uv": [0.5, 12.5, 1.5, 13], "rotation": 180, "texture": "#0"},
				"west": {"uv": [0, 15.5, 0.5, 16], "rotation": 180, "texture": "#0"},
				"up": {"uv": [0, 13.5, 1, 14], "rotation": 270, "texture": "#0"},
				"down": {"uv": [0, 13, 7.5, 13.5], "rotation": 90, "texture": "#0"}
			}
		},
		{
			"from": [7.3, 1.87206, 11.87757],
			"to": [8.7, 3.01077, 14.71386],
			"rotation": {"angle": 0, "axis": "x", "origin": [8, 1.36642, 13.10822]},
			"faces": {
				"north": {"uv": [0, 13.5, 1, 14], "rotation": 180, "texture": "#0"},
				"east": {"uv": [0, 15.5, 0.5, 16], "rotation": 180, "texture": "#0"},
				"south": {"uv": [0.5, 12.5, 1.5, 13], "rotation": 180, "texture": "#0"},
				"west": {"uv": [0, 15.5, 0.5, 16], "rotation": 180, "texture": "#0"},
				"up": {"uv": [0, 13.5, 1, 14], "rotation": 270, "texture": "#0"},
				"down": {"uv": [0, 13, 7.5, 13.5], "rotation": 90, "texture": "#0"}
			}
		},
		{
			"from": [7.3, 3.54, 10.57],
			"to": [8.7, 4.17871, 12.23129],
			"rotation": {"angle": 22.5, "axis": "x", "origin": [8, 2.01936, 10.20065]},
			"faces": {
				"north": {"uv": [0, 13.5, 1, 14], "rotation": 180, "texture": "#0"},
				"east": {"uv": [0, 15.5, 0.5, 16], "rotation": 180, "texture": "#0"},
				"south": {"uv": [0.5, 12.5, 1.5, 13], "rotation": 180, "texture": "#0"},
				"west": {"uv": [0, 15.5, 0.5, 16], "rotation": 180, "texture": "#0"},
				"up": {"uv": [0, 13.5, 1, 14], "rotation": 270, "texture": "#0"},
				"down": {"uv": [0, 13, 7.5, 13.5], "rotation": 90, "texture": "#0"}
			}
		},
		{
			"from": [7.6, 3.96129, 9],
			"to": [8.4, 4.4, 12.2],
			"rotation": {"angle": 0, "axis": "y", "origin": [8, 8, 8.7]},
			"faces": {
				"north": {"uv": [1.5, 11, 2, 11.5], "texture": "#0"},
				"east": {"uv": [0, 0, 0, 0], "texture": "#0"},
				"south": {"uv": [0, 0, 0, 0], "texture": "#0"},
				"west": {"uv": [0, 0, 0, 0], "texture": "#0"},
				"up": {"uv": [0, 13, 7.5, 13.5], "rotation": 90, "texture": "#0"},
				"down": {"uv": [0, 13.5, 1, 14], "rotation": 270, "texture": "#0"}
			}
		},
		{
			"from": [8.234, 3.6, 9],
			"to": [8.8, 4, 12.2],
			"rotation": {"angle": -45, "axis": "z", "origin": [8.8, 4, 12.5]},
			"faces": {
				"north": {"uv": [0, 11, 0.5, 11.5], "texture": "#0"},
				"east": {"uv": [0, 0, 0, 0], "texture": "#0"},
				"south": {"uv": [0, 0, 0, 0], "texture": "#0"},
				"west": {"uv": [0, 0, 0, 0], "texture": "#0"},
				"up": {"uv": [0, 13.5, 1.5, 14], "rotation": 90, "texture": "#0"},
				"down": {"uv": [0, 0, 0, 0], "texture": "#0"}
			}
		},
		{
			"from": [7.7, 3.85, 6.8],
			"to": [8.3, 4.1, 12.8],
			"rotation": {"angle": 0, "axis": "y", "origin": [0, 0, 2]},
			"faces": {
				"north": {"uv": [7.5, 13, 8, 13.5], "texture": "#0"},
				"east": {"uv": [0, 0, 0, 0], "texture": "#0"},
				"south": {"uv": [0, 0, 0, 0], "texture": "#0"},
				"west": {"uv": [0, 0, 0, 0], "texture": "#0"},
				"up": {"uv": [7.5, 13.5, 16, 14], "rotation": 90, "texture": "#0"},
				"down": {"uv": [8, 13, 7.5, 13.5], "texture": "#0"}
			}
		},
		{
			"from": [8.37071, 3.87071, 6.801],
			"to": [8.57071, 4.15271, 12.801],
			"rotation": {"angle": 45, "axis": "z", "origin": [8.5, 3.8, 3]},
			"faces": {
				"north": {"uv": [7.5, 13, 8, 13.5], "texture": "#0"},
				"east": {"uv": [7.5, 14, 16, 14.5], "rotation": 180, "texture": "#0"},
				"south": {"uv": [0, 0, 0, 0], "texture": "#0"},
				"west": {"uv": [0, 0, 0, 0], "texture": "#0"},
				"up": {"uv": [0, 0, 0, 0], "texture": "#0"},
				"down": {"uv": [0, 0, 0, 0], "texture": "#0"}
			}
		},
		{
			"from": [8.25, 3.3, 6.8],
			"to": [8.5, 3.9, 12.8],
			"rotation": {"angle": 0, "axis": "y", "origin": [0, 0, 2]},
			"faces": {
				"north": {"uv": [7.5, 13, 8, 13.5], "texture": "#0"},
				"east": {"uv": [7.5, 14.5, 16, 15], "rotation": 180, "texture": "#0"},
				"south": {"uv": [0, 0, 0, 0], "texture": "#0"},
				"west": {"uv": [7.5, 13, 8, 13.5], "texture": "#0"},
				"up": {"uv": [0, 0, 0, 0], "texture": "#0"},
				"down": {"uv": [0, 0, 0, 0], "texture": "#0"}
			}
		},
		{
			"from": [8.22929, 2.98871, 6.801],
			"to": [8.42929, 3.27071, 12.801],
			"rotation": {"angle": -45, "axis": "z", "origin": [8.5, 3.2, 3]},
			"faces": {
				"north": {"uv": [7.5, 13, 8, 13.5], "texture": "#0"},
				"east": {"uv": [7.5, 15, 16, 15.5], "rotation": 180, "texture": "#0"},
				"south": {"uv": [0, 0, 0, 0], "texture": "#0"},
				"west": {"uv": [0, 0, 0, 0], "texture": "#0"},
				"up": {"uv": [0, 0, 0, 0], "texture": "#0"},
				"down": {"uv": [0, 0, 0, 0], "texture": "#0"}
			}
		},
		{
			"from": [7.7, 3.1, 6.8],
			"to": [8.3, 3.35, 12.8],
			"rotation": {"angle": 0, "axis": "y", "origin": [0, 0, 2]},
			"faces": {
				"north": {"uv": [7.5, 13, 8, 13.5], "texture": "#0"},
				"east": {"uv": [0, 0, 0, 0], "texture": "#0"},
				"south": {"uv": [0, 0, 0, 0], "texture": "#0"},
				"west": {"uv": [0, 0, 0, 0], "texture": "#0"},
				"up": {"uv": [8, 13.5, 7.5, 13], "texture": "#0"},
				"down": {"uv": [7.5, 15.5, 16, 16], "rotation": 270, "texture": "#0"}
			}
		},
		{
			"from": [7.57071, 2.98871, 6.801],
			"to": [7.77071, 3.27071, 12.801],
			"rotation": {"angle": 45, "axis": "z", "origin": [7.5, 3.2, 3]},
			"faces": {
				"north": {"uv": [7.5, 13, 8, 13.5], "texture": "#0"},
				"east": {"uv": [0, 0, 0, 0], "texture": "#0"},
				"south": {"uv": [0, 0, 0, 0], "texture": "#0"},
				"west": {"uv": [7.5, 15, 16, 15.5], "texture": "#0"},
				"up": {"uv": [0, 0, 0, 0], "texture": "#0"},
				"down": {"uv": [0, 0, 0, 0], "texture": "#0"}
			}
		},
		{
			"from": [7.601, 4.1, 9],
			"to": [8.399, 4.4, 9.4242],
			"rotation": {"angle": -45, "axis": "x", "origin": [8, 4.4, 9]},
			"faces": {
				"north": {"uv": [0, 0, 0, 0], "texture": "#0"},
				"east": {"uv": [15, 13, 15.5, 13.5], "rotation": 270, "texture": "#0"},
				"south": {"uv": [1, 2.5, 1.5, 3], "texture": "#0"},
				"west": {"uv": [14.5, 0, 15, 0.5], "rotation": 90, "texture": "#0"},
				"up": {"uv": [14.5, 0, 15, 0.5], "texture": "#0"},
				"down": {"uv": [0.5, 2.5, 1, 3], "texture": "#0"}
			}
		}
	],
	"display": {
		"thirdperson_righthand": {
			"translation": [0, 6, -7.75]
		},
		"thirdperson_lefthand": {
			"translation": [0, 6, -7.75]
		},
		"firstperson_righthand": {
			"translation": [-4, 9.5, -6.25]
		},
		"firstperson_lefthand": {
			"translation": [-4, 9.5, -6.25]
		},
		"ground": {
			"translation": [0, 8.5, -9]
		},
		"gui": {
			"rotation": [30, 225, 0],
			"translation": [6.25, 1.25, 0],
			"scale": [1.05, 1.05, 1.05]
		},
		"fixed": {
			"rotation": [0, 90, 0],
			"translation": [-13.5, 10, -2.5],
			"scale": [1.75, 1.75, 1.75]
		}
	}
}