{
	"credit": "Made with Blockbench. Made by VIKTORWOOD",
	"texture_size": [32, 32],
	"textures": {
		"0": "additionalguns:item/kobra",
		"particle": "additionalguns:item/kobra"
	},
	"elements": [
		{
			"from": [7.1, 7.8, 5],
			"to": [7.7, 9, 9.2],
			"rotation": {"angle": 0, "axis": "y", "origin": [7.1, 5.4, 3.2]},
			"faces": {
				"north": {"uv": [6, 4, 6.5, 5], "texture": "#0", "tintindex": 0},
				"east": {"uv": [0, 0, 3.5, 1], "texture": "#0", "tintindex": 0},
				"west": {"uv": [0, 1, 3.5, 2], "texture": "#0", "tintindex": 0},
				"up": {"uv": [2, 8.5, 1.5, 5], "texture": "#0", "tintindex": 0},
				"down": {"uv": [2.5, 5, 2, 8.5], "texture": "#0", "tintindex": 0}
			}
		},
		{
			"from": [8.3, 7.8, 5],
			"to": [8.9, 9, 9.2],
			"rotation": {"angle": 0, "axis": "y", "origin": [7.1, 5.4, 3.2]},
			"faces": {
				"north": {"uv": [6.5, 0, 7, 1], "texture": "#0", "tintindex": 0},
				"east": {"uv": [0, 2, 3.5, 3], "texture": "#0", "tintindex": 0},
				"west": {"uv": [0, 3, 3.5, 4], "texture": "#0", "tintindex": 0},
				"up": {"uv": [3, 8.5, 2.5, 5], "texture": "#0", "tintindex": 0},
				"down": {"uv": [3.5, 5.5, 3, 9], "texture": "#0", "tintindex": 0}
			}
		},
		{
			"from": [7.1, 7.8, 9.2],
			"to": [8.9, 9.3, 11],
			"rotation": {"angle": 0, "axis": "y", "origin": [7.1, 5.4, 5]},
			"faces": {
				"north": {"uv": [3, 4, 4.5, 5.25], "texture": "#0", "tintindex": 0},
				"east": {"uv": [4.5, 4, 6, 5.25], "texture": "#0", "tintindex": 0},
				"south": {"uv": [0, 5, 1.5, 6.25], "texture": "#0", "tintindex": 0},
				"west": {"uv": [5, 0, 6.5, 1.25], "texture": "#0", "tintindex": 0},
				"up": {"uv": [5, 1.5, 3.5, 0], "texture": "#0", "tintindex": 0},
				"down": {"uv": [5, 1.5, 3.5, 3], "texture": "#0", "tintindex": 0}
			}
		},
		{
			"from": [8.32342, 9.2802, 10.0256],
			"to": [8.63658, 9.43304, 10.7816],
			"rotation": {"angle": 45, "axis": "y", "origin": [8.48, 7.5414, 10.4036]},
			"faces": {
				"north": {"uv": [3, 9, 3.25, 9.25], "texture": "#0"},
				"south": {"uv": [9, 3, 9.25, 3.25], "texture": "#0"},
				"up": {"uv": [0.25, 8.25, 0, 7.5], "texture": "#0"},
				"down": {"uv": [0.75, 7.5, 0.5, 8.25], "texture": "#0"}
			}
		},
		{
			"from": [8.102, 9.2802, 10.24702],
			"to": [8.858, 9.43304, 10.56018],
			"rotation": {"angle": 45, "axis": "y", "origin": [8.48, 7.5414, 10.4036]},
			"faces": {
				"east": {"uv": [3.5, 9, 3.75, 9.25], "texture": "#0"},
				"west": {"uv": [9, 3.5, 9.25, 3.75], "texture": "#0"},
				"up": {"uv": [8.25, 2.25, 7.5, 2], "texture": "#0"},
				"down": {"uv": [8.25, 2.5, 7.5, 2.75], "texture": "#0"}
			}
		},
		{
			"from": [8.32342, 9.2802, 10.0256],
			"to": [8.63658, 9.43456, 10.7816],
			"rotation": {"angle": 0, "axis": "y", "origin": [8.48, 7.5414, 10.4036]},
			"faces": {
				"north": {"uv": [4, 9, 4.25, 9.25], "texture": "#0"},
				"east": {"uv": [7.5, 3, 8.25, 3.25], "texture": "#0"},
				"south": {"uv": [9, 4, 9.25, 4.25], "texture": "#0"},
				"west": {"uv": [7.5, 3.5, 8.25, 3.75], "texture": "#0"},
				"up": {"uv": [1.25, 8.25, 1, 7.5], "texture": "#0"}
			}
		},
		{
			"from": [8.102, 9.2802, 10.24702],
			"to": [8.858, 9.4338, 10.56018],
			"rotation": {"angle": 0, "axis": "y", "origin": [8.48, 7.5414, 10.4036]},
			"faces": {
				"north": {"uv": [4.5, 7.5, 5.25, 7.75], "texture": "#0"},
				"east": {"uv": [4.5, 9, 4.75, 9.25], "texture": "#0"},
				"south": {"uv": [7.5, 5, 8.25, 5.25], "texture": "#0"},
				"west": {"uv": [9, 4.5, 9.25, 4.75], "texture": "#0"},
				"up": {"uv": [6.25, 7.75, 5.5, 7.5], "texture": "#0"}
			}
		},
		{
			"from": [8.89292, 8.43906, 10.44232],
			"to": [9.15048, 9.11946, 10.72416],
			"rotation": {"angle": -45, "axis": "x", "origin": [7.328, 8.77926, 10.58324]},
			"faces": {
				"east": {"uv": [2.5, 8.5, 2.75, 9], "texture": "#0"},
				"west": {"uv": [8.5, 3, 8.75, 3.5], "texture": "#0"},
				"up": {"uv": [5.25, 9.25, 5, 9], "texture": "#0"},
				"down": {"uv": [9.25, 5, 9, 5.25], "texture": "#0"}
			}
		},
		{
			"from": [8.89292, 8.63834, 10.24304],
			"to": [9.15048, 8.92018, 10.92344],
			"rotation": {"angle": -45, "axis": "x", "origin": [7.328, 8.77926, 10.58324]},
			"faces": {
				"north": {"uv": [5.5, 9, 5.75, 9.25], "texture": "#0"},
				"east": {"uv": [3.5, 8.5, 4, 8.75], "texture": "#0"},
				"south": {"uv": [9, 5.5, 9.25, 5.75], "texture": "#0"},
				"west": {"uv": [8.5, 3.5, 9, 3.75], "texture": "#0"}
			}
		},
		{
			"from": [8.89292, 8.43906, 10.44232],
			"to": [9.15184, 9.11946, 10.72416],
			"rotation": {"angle": 0, "axis": "y", "origin": [7.328, 8.77926, 10.58324]},
			"faces": {
				"north": {"uv": [8.5, 4.5, 8.75, 5], "texture": "#0"},
				"east": {"uv": [8.5, 5, 8.75, 5.5], "texture": "#0"},
				"south": {"uv": [8.5, 5.5, 8.75, 6], "texture": "#0"},
				"up": {"uv": [6.25, 9.25, 6, 9], "texture": "#0"},
				"down": {"uv": [9.25, 6, 9, 6.25], "texture": "#0"}
			}
		},
		{
			"from": [8.89292, 8.63834, 10.24304],
			"to": [9.15116, 8.92018, 10.92344],
			"rotation": {"angle": 0, "axis": "y", "origin": [7.328, 8.77926, 10.58324]},
			"faces": {
				"north": {"uv": [6.5, 9, 6.75, 9.25], "texture": "#0"},
				"east": {"uv": [6.5, 8.5, 7, 8.75], "texture": "#0"},
				"south": {"uv": [9, 6.5, 9.25, 6.75], "texture": "#0"},
				"up": {"uv": [7.25, 9, 7, 8.5], "texture": "#0"},
				"down": {"uv": [8.75, 7, 8.5, 7.5], "texture": "#0"}
			}
		},
		{
			"from": [7.7, 7.8, 5],
			"to": [8.3, 9, 6.02],
			"rotation": {"angle": 0, "axis": "y", "origin": [6.5, 5.4, 3.2]},
			"faces": {
				"north": {"uv": [1, 6.5, 1.5, 7.5], "texture": "#0", "tintindex": 0},
				"south": {"uv": [6.5, 3.5, 7, 4.5], "texture": "#0", "tintindex": 0},
				"up": {"uv": [6.5, 3, 6, 2.5], "texture": "#0", "tintindex": 0},
				"down": {"uv": [6.5, 5, 6, 5.5], "texture": "#0", "tintindex": 0}
			}
		},
		{
			"from": [7.7, 7.8, 5.6],
			"to": [8.3, 8.7, 9.2],
			"rotation": {"angle": 0, "axis": "y", "origin": [6.5, 5.4, 3.8]},
			"faces": {
				"up": {"uv": [4, 8.5, 3.5, 5.5], "texture": "#0"},
				"down": {"uv": [4.5, 5.5, 4, 8.5], "texture": "#0", "tintindex": 0}
			}
		},
		{
			"from": [8.66, 9, 5],
			"to": [8.9, 10.2, 5.96],
			"rotation": {"angle": 0, "axis": "y", "origin": [7.1, 5.64, 3.2]},
			"faces": {
				"north": {"uv": [7.5, 6, 7.75, 6.75], "texture": "#0", "tintindex": 0},
				"east": {"uv": [5, 1.5, 5.75, 2.25], "texture": "#0", "tintindex": 0},
				"south": {"uv": [6.5, 7.5, 6.75, 8.25], "texture": "#0", "tintindex": 0},
				"west": {"uv": [4.5, 5.5, 5.25, 6.25], "texture": "#0", "tintindex": 0},
				"up": {"uv": [7.25, 8.25, 7, 7.5], "texture": "#0", "tintindex": 0}
			}
		},
		{
			"from": [12.15664, 10.15664, 5.0003],
			"to": [12.39661, 10.75658, 5.9602],
			"rotation": {"angle": 45, "axis": "z", "origin": [10.59679, 5.95706, 3.20048]},
			"faces": {
				"north": {"uv": [8.5, 7.5, 8.75, 8], "texture": "#0", "tintindex": 0},
				"east": {"uv": [5, 2.5, 5.75, 3], "texture": "#0", "tintindex": 0},
				"south": {"uv": [8.5, 8, 8.75, 8.5], "texture": "#0", "tintindex": 0},
				"west": {"uv": [6.5, 1, 7.25, 1.5], "texture": "#0", "tintindex": 0},
				"up": {"uv": [8.25, 0.75, 8, 0], "texture": "#0", "tintindex": 0},
				"down": {"uv": [8.25, 4, 8, 4.75], "texture": "#0", "tintindex": 0}
			}
		},
		{
			"from": [3.60339, 10.15664, 5.0003],
			"to": [3.84336, 10.75658, 5.9602],
			"rotation": {"angle": -45, "axis": "z", "origin": [5.40321, 5.95706, 3.20048]},
			"faces": {
				"north": {"uv": [8.5, 8.5, 8.75, 9], "texture": "#0", "tintindex": 0},
				"east": {"uv": [5.5, 6.5, 6.25, 7], "texture": "#0", "tintindex": 0},
				"south": {"uv": [9, 0, 9.25, 0.5], "texture": "#0", "tintindex": 0},
				"west": {"uv": [6.5, 5.5, 7.25, 6], "texture": "#0", "tintindex": 0},
				"up": {"uv": [4.75, 8.75, 4.5, 8], "texture": "#0", "tintindex": 0},
				"down": {"uv": [5.25, 8, 5, 8.75], "texture": "#0", "tintindex": 0}
			}
		},
		{
			"from": [12.09664, 8.62208, 5.0003],
			"to": [12.39661, 9.22202, 5.9602],
			"rotation": {"angle": -45, "axis": "z", "origin": [10.59679, 13.4216, 3.20048]},
			"faces": {
				"north": {"uv": [0.5, 9, 0.75, 9.5], "texture": "#0", "tintindex": 0},
				"east": {"uv": [6.5, 6, 7.25, 6.5], "texture": "#0", "tintindex": 0},
				"south": {"uv": [9, 0.5, 9.25, 1], "texture": "#0", "tintindex": 0},
				"west": {"uv": [6.5, 6.5, 7.25, 7], "texture": "#0", "tintindex": 0},
				"up": {"uv": [5.75, 8.75, 5.5, 8], "texture": "#0", "tintindex": 0}
			}
		},
		{
			"from": [3.60339, 8.62208, 5.0003],
			"to": [3.90336, 9.22202, 5.9602],
			"rotation": {"angle": 45, "axis": "z", "origin": [5.40321, 13.4216, 3.20048]},
			"faces": {
				"north": {"uv": [1, 9, 1.25, 9.5], "texture": "#0", "tintindex": 0},
				"east": {"uv": [7, 0, 7.75, 0.5], "texture": "#0", "tintindex": 0},
				"south": {"uv": [1.5, 9, 1.75, 9.5], "texture": "#0", "tintindex": 0},
				"west": {"uv": [7, 0.5, 7.75, 1], "texture": "#0", "tintindex": 0},
				"up": {"uv": [8.25, 6.75, 8, 6], "texture": "#0", "tintindex": 0}
			}
		},
		{
			"from": [7.1, 9, 5],
			"to": [7.34, 10.2, 5.96],
			"rotation": {"angle": 0, "axis": "y", "origin": [16.7, 5.64, 3.2]},
			"faces": {
				"north": {"uv": [7.5, 8, 7.75, 8.75], "texture": "#0", "tintindex": 0},
				"east": {"uv": [5.5, 5.5, 6.25, 6.25], "texture": "#0", "tintindex": 0},
				"south": {"uv": [8, 8, 8.25, 8.75], "texture": "#0", "tintindex": 0},
				"west": {"uv": [6, 1.5, 6.75, 2.25], "texture": "#0", "tintindex": 0},
				"up": {"uv": [0.25, 9.25, 0, 8.5], "texture": "#0", "tintindex": 0}
			}
		},
		{
			"from": [7.52427, 10.38427, 5],
			"to": [8.00427, 10.62427, 5.96],
			"rotation": {"angle": 0, "axis": "y", "origin": [3.92427, 1.02427, 3.2]},
			"faces": {
				"north": {"uv": [2, 9, 2.5, 9.25], "texture": "#0", "tintindex": 0},
				"south": {"uv": [9, 2, 9.5, 2.25], "texture": "#0", "tintindex": 0},
				"west": {"uv": [8.5, 1, 9.25, 1.25], "texture": "#0", "tintindex": 0},
				"up": {"uv": [7.5, 2.25, 7, 1.5], "texture": "#0", "tintindex": 0},
				"down": {"uv": [7.5, 2.5, 7, 3.25], "texture": "#0", "tintindex": 0}
			}
		},
		{
			"from": [7.99573, 10.38427, 5],
			"to": [8.47573, 10.62427, 5.96],
			"rotation": {"angle": 0, "axis": "y", "origin": [4.39573, 1.02427, 3.2]},
			"faces": {
				"north": {"uv": [2.5, 9, 3, 9.25], "texture": "#0", "tintindex": 0},
				"east": {"uv": [1.5, 8.5, 2.25, 8.75], "texture": "#0", "tintindex": 0},
				"south": {"uv": [9, 2.5, 9.5, 2.75], "texture": "#0", "tintindex": 0},
				"up": {"uv": [7.5, 4.25, 7, 3.5], "texture": "#0", "tintindex": 0},
				"down": {"uv": [7.5, 4.5, 7, 5.25], "texture": "#0", "tintindex": 0}
			}
		}
	],
	"display": {
		"firstperson_righthand": {
			"translation": [-1, 2, 0.75],
			"scale": [1.25, 1.25, 1.25]
		},
		"ground": {
			"scale": [1.4, 1.4, 1.4]
		},
		"gui": {
			"rotation": [30, -135, 0],
			"translation": [-0.25, -2.25, 0],
			"scale": [2.25, 2.25, 2.25]
		},
		"fixed": {
			"rotation": [0, 90, 0],
			"translation": [0, -0.75, -2],
			"scale": [2, 2, 2]
		}
	}
}