{
	"credit": "Made with Blockbench by Mercuriosity",
	"texture_size": [128, 128],
	"textures": {
		"0": "additionalguns:item/m1014",
		"particle": "additionalguns:item/m1014"
	},
	"elements": [
		{
			"from": [7.675, -0.9, -16],
			"to": [8.3, -0.05, -14],
			"rotation": {"angle": 0, "axis": "y", "origin": [8.05, 0.475, -14.5]},
			"faces": {
				"north": {"uv": [4.25, 7.5, 4.3125, 7.625], "texture": "#0"},
				"east": {"uv": [5.75, 0.125, 6, 0.25], "texture": "#0"},
				"south": {"uv": [4.375, 7.5, 4.4375, 7.625], "texture": "#0"},
				"west": {"uv": [6.5, 5, 6.75, 5.125], "texture": "#0"},
				"up": {"uv": [6.1875, 7.125, 6.125, 6.875], "texture": "#0"},
				"down": {"uv": [6.5625, 6.875, 6.5, 7.125], "texture": "#0"}
			}
		},
		{
			"from": [7.23306, -0.45806, -3],
			"to": [7.98306, 0.16694, -1],
			"rotation": {"angle": 0, "axis": "y", "origin": [7.8143, 0.06426, -1.5]},
			"faces": {
				"north": {"uv": [1.875, 7.75, 2, 7.8125], "texture": "#0"},
				"east": {"uv": [7.375, 0.5, 7.625, 0.5625], "texture": "#0"},
				"south": {"uv": [7.75, 1.875, 7.875, 1.9375], "texture": "#0"},
				"west": {"uv": [1.125, 7.375, 1.375, 7.4375], "texture": "#0"},
				"up": {"uv": [4.875, 7, 4.75, 6.75], "texture": "#0"},
				"down": {"uv": [5.875, 6.75, 5.75, 7], "texture": "#0"}
			}
		},
		{
			"from": [7.21789, -0.10355, -3],
			"to": [7.84289, 0.74645, -1],
			"rotation": {"angle": -45, "axis": "z", "origin": [7.59289, -0.62855, -1.5]},
			"faces": {
				"north": {"uv": [1.75, 7.75, 1.8125, 7.875], "texture": "#0"},
				"east": {"uv": [6.75, 5, 7, 5.125], "texture": "#0"},
				"south": {"uv": [7.75, 1.75, 7.8125, 1.875], "texture": "#0"},
				"west": {"uv": [6.75, 5.125, 7, 5.25], "texture": "#0"},
				"up": {"uv": [0.9375, 7.625, 0.875, 7.375], "texture": "#0"},
				"down": {"uv": [1.0625, 7.375, 1, 7.625], "texture": "#0"}
			}
		},
		{
			"from": [7.38839, -0.83306, -3],
			"to": [8.01339, 0.01694, -1],
			"rotation": {"angle": -45, "axis": "z", "origin": [7.76339, -0.45806, -1.5]},
			"faces": {
				"north": {"uv": [1.625, 7.75, 1.6875, 7.875], "texture": "#0"},
				"east": {"uv": [6.75, 4.75, 7, 4.875], "texture": "#0"},
				"south": {"uv": [7.75, 1.625, 7.8125, 1.75], "texture": "#0"},
				"west": {"uv": [6.75, 4.875, 7, 5], "texture": "#0"},
				"up": {"uv": [0.8125, 7.625, 0.75, 7.375], "texture": "#0"},
				"down": {"uv": [7.4375, 0.75, 7.375, 1], "texture": "#0"}
			}
		},
		{
			"from": [7.675, -0.24112, -3],
			"to": [8.3, 0.60888, -1],
			"rotation": {"angle": 0, "axis": "y", "origin": [7.65269, 0.02764, -1.5]},
			"faces": {
				"north": {"uv": [1.5, 7.75, 1.5625, 7.875], "texture": "#0"},
				"east": {"uv": [6.75, 4.375, 7, 4.5], "texture": "#0"},
				"south": {"uv": [7.75, 1.5, 7.8125, 1.625], "texture": "#0"},
				"west": {"uv": [4.5, 6.75, 4.75, 6.875], "texture": "#0"},
				"up": {"uv": [0.5625, 7.625, 0.5, 7.375], "texture": "#0"},
				"down": {"uv": [0.6875, 7.375, 0.625, 7.625], "texture": "#0"}
			}
		},
		{
			"from": [7.49107, -0.36908, -3],
			"to": [8.11607, 0.48092, -1],
			"rotation": {"angle": 45, "axis": "z", "origin": [7.74107, 0.01248, -1.5]},
			"faces": {
				"north": {"uv": [1.375, 7.75, 1.4375, 7.875], "texture": "#0"},
				"east": {"uv": [4.25, 6.75, 4.5, 6.875], "texture": "#0"},
				"south": {"uv": [7.75, 1.375, 7.8125, 1.5], "texture": "#0"},
				"west": {"uv": [6.75, 4.25, 7, 4.375], "texture": "#0"},
				"up": {"uv": [0.3125, 7.625, 0.25, 7.375], "texture": "#0"},
				"down": {"uv": [0.4375, 7.375, 0.375, 7.625], "texture": "#0"}
			}
		},
		{
			"from": [7.99194, -0.45806, -3],
			"to": [8.74194, 0.16694, -1],
			"rotation": {"angle": 0, "axis": "y", "origin": [7.36694, 0.16694, -1.5]},
			"faces": {
				"north": {"uv": [1.25, 7.75, 1.375, 7.8125], "texture": "#0"},
				"east": {"uv": [0, 7.375, 0.25, 7.4375], "texture": "#0"},
				"south": {"uv": [7.75, 1.25, 7.875, 1.3125], "texture": "#0"},
				"west": {"uv": [7.375, 0, 7.625, 0.0625], "texture": "#0"},
				"up": {"uv": [6.875, 4, 6.75, 3.75], "texture": "#0"},
				"down": {"uv": [6.875, 4, 6.75, 4.25], "texture": "#0"}
			}
		},
		{
			"from": [8.22145, -0.28756, -3],
			"to": [9.07145, 0.33744, -1],
			"rotation": {"angle": -45, "axis": "z", "origin": [7.94645, 0.33744, -1.5]},
			"faces": {
				"north": {"uv": [1.125, 7.75, 1.25, 7.8125], "texture": "#0"},
				"east": {"uv": [7, 7.25, 7.25, 7.3125], "texture": "#0"},
				"south": {"uv": [7.75, 1.125, 7.875, 1.1875], "texture": "#0"},
				"west": {"uv": [7.25, 7.25, 7.5, 7.3125], "texture": "#0"},
				"up": {"uv": [6.625, 6.875, 6.5, 6.625], "texture": "#0"},
				"down": {"uv": [6.875, 3.5, 6.75, 3.75], "texture": "#0"}
			}
		},
		{
			"from": [7.675, -0.9, -3],
			"to": [8.3, -0.05, -1],
			"rotation": {"angle": 0, "axis": "y", "origin": [8.05, 0.475, -1.5]},
			"faces": {
				"north": {"uv": [1, 7.75, 1.0625, 7.875], "texture": "#0"},
				"east": {"uv": [6.75, 2.625, 7, 2.75], "texture": "#0"},
				"south": {"uv": [7.75, 1, 7.8125, 1.125], "texture": "#0"},
				"west": {"uv": [3.5, 6.75, 3.75, 6.875], "texture": "#0"},
				"up": {"uv": [7.3125, 7, 7.25, 6.75], "texture": "#0"},
				"down": {"uv": [6.9375, 7.25, 6.875, 7.5], "texture": "#0"}
			}
		},
		{
			"from": [7.3, -1.15, -1.5],
			"to": [8.675, -0.9, -1.25],
			"rotation": {"angle": 0, "axis": "y", "origin": [8.05, 0.475, -1.5]},
			"faces": {
				"north": {"uv": [7.5, 2.125, 7.6875, 2.1875], "texture": "#0"},
				"east": {"uv": [7.875, 6.75, 7.9375, 6.8125], "texture": "#0"},
				"south": {"uv": [2.5, 7.5, 2.6875, 7.5625], "texture": "#0"},
				"west": {"uv": [6.875, 7.875, 6.9375, 7.9375], "texture": "#0"},
				"up": {"uv": [2.9375, 7.5625, 2.75, 7.5], "texture": "#0"},
				"down": {"uv": [3.1875, 7.5, 3, 7.5625], "texture": "#0"}
			}
		},
		{
			"from": [7.55, -1.175, -1.525],
			"to": [8.425, -0.625, -1.225],
			"rotation": {"angle": 0, "axis": "y", "origin": [8.05, 0.475, -1.5]},
			"faces": {
				"north": {"uv": [2, 7.75, 2.125, 7.8125], "texture": "#0"},
				"east": {"uv": [1.375, 8, 1.4375, 8.0625], "texture": "#0"},
				"south": {"uv": [7.75, 2, 7.875, 2.0625], "texture": "#0"},
				"west": {"uv": [8, 1.375, 8.0625, 1.4375], "texture": "#0"},
				"up": {"uv": [2.25, 7.8125, 2.125, 7.75], "texture": "#0"},
				"down": {"uv": [7.875, 2.125, 7.75, 2.1875], "texture": "#0"}
			}
		},
		{
			"from": [7.3, -1.9, -1.5],
			"to": [8.675, -1.65, -1.25],
			"rotation": {"angle": 0, "axis": "y", "origin": [8.05, 0.475, -1.5]},
			"faces": {
				"north": {"uv": [3.25, 7.5, 3.4375, 7.5625], "texture": "#0"},
				"east": {"uv": [7.875, 6.875, 7.9375, 6.9375], "texture": "#0"},
				"south": {"uv": [3.5, 7.5, 3.6875, 7.5625], "texture": "#0"},
				"west": {"uv": [7, 7.875, 7.0625, 7.9375], "texture": "#0"},
				"up": {"uv": [3.9375, 7.5625, 3.75, 7.5], "texture": "#0"},
				"down": {"uv": [4.1875, 7.5, 4, 7.5625], "texture": "#0"}
			}
		},
		{
			"from": [8.675, -1.65, -1.5],
			"to": [8.925, -1.15, -1.25],
			"rotation": {"angle": 0, "axis": "y", "origin": [8.05, 0.475, -1.5]},
			"faces": {
				"north": {"uv": [7.875, 7, 7.9375, 7.0625], "texture": "#0"},
				"east": {"uv": [7.125, 7.875, 7.1875, 7.9375], "texture": "#0"},
				"south": {"uv": [7.875, 7.125, 7.9375, 7.1875], "texture": "#0"},
				"west": {"uv": [7.25, 7.875, 7.3125, 7.9375], "texture": "#0"},
				"up": {"uv": [7.9375, 7.3125, 7.875, 7.25], "texture": "#0"},
				"down": {"uv": [7.4375, 7.875, 7.375, 7.9375], "texture": "#0"}
			}
		},
		{
			"from": [7.05, -1.65, -1.5],
			"to": [7.3, -1.15, -1.25],
			"rotation": {"angle": 0, "axis": "y", "origin": [8.05, 0.475, -1.5]},
			"faces": {
				"north": {"uv": [7.875, 7.375, 7.9375, 7.4375], "texture": "#0"},
				"east": {"uv": [7.5, 7.875, 7.5625, 7.9375], "texture": "#0"},
				"south": {"uv": [7.875, 7.5, 7.9375, 7.5625], "texture": "#0"},
				"west": {"uv": [7.625, 7.875, 7.6875, 7.9375], "texture": "#0"},
				"up": {"uv": [7.9375, 7.6875, 7.875, 7.625], "texture": "#0"},
				"down": {"uv": [7.8125, 7.875, 7.75, 7.9375], "texture": "#0"}
			}
		},
		{
			"from": [7.175, -1.30178, -1.5],
			"to": [7.425, -0.95178, -1.25],
			"rotation": {"angle": -45, "axis": "z", "origin": [7.3, -1.07678, -1.375]},
			"faces": {
				"north": {"uv": [7.875, 7.75, 7.9375, 7.8125], "texture": "#0"},
				"east": {"uv": [7.875, 7.875, 7.9375, 7.9375], "texture": "#0"},
				"south": {"uv": [0, 8, 0.0625, 8.0625], "texture": "#0"},
				"west": {"uv": [8, 0, 8.0625, 0.0625], "texture": "#0"},
				"up": {"uv": [0.1875, 8.0625, 0.125, 8], "texture": "#0"},
				"down": {"uv": [8.0625, 0.125, 8, 0.1875], "texture": "#0"}
			}
		},
		{
			"from": [8.63327, -0.84718, -1.5],
			"to": [8.88327, -0.49718, -1.25],
			"rotation": {"angle": -45, "axis": "z", "origin": [7.50827, -1.12218, -1.375]},
			"faces": {
				"north": {"uv": [0.25, 8, 0.3125, 8.0625], "texture": "#0"},
				"east": {"uv": [8, 0.25, 8.0625, 0.3125], "texture": "#0"},
				"south": {"uv": [0.375, 8, 0.4375, 8.0625], "texture": "#0"},
				"west": {"uv": [8, 0.375, 8.0625, 0.4375], "texture": "#0"},
				"up": {"uv": [0.5625, 8.0625, 0.5, 8], "texture": "#0"},
				"down": {"uv": [8.0625, 0.5, 8, 0.5625], "texture": "#0"}
			}
		},
		{
			"from": [7.13713, -1.86036, -1.5],
			"to": [7.38713, -1.51036, -1.25],
			"rotation": {"angle": 45, "axis": "z", "origin": [7.26213, -1.68536, -1.375]},
			"faces": {
				"north": {"uv": [0.625, 8, 0.6875, 8.0625], "texture": "#0"},
				"east": {"uv": [8, 0.625, 8.0625, 0.6875], "texture": "#0"},
				"south": {"uv": [0.75, 8, 0.8125, 8.0625], "texture": "#0"},
				"west": {"uv": [8, 0.75, 8.0625, 0.8125], "texture": "#0"},
				"up": {"uv": [0.9375, 8.0625, 0.875, 8], "texture": "#0"},
				"down": {"uv": [8.0625, 0.875, 8, 0.9375], "texture": "#0"}
			}
		},
		{
			"from": [8.58536, -1.28713, -1.5],
			"to": [8.83536, -0.93713, -1.25],
			"rotation": {"angle": 45, "axis": "z", "origin": [8.71036, -1.11213, -1.375]},
			"faces": {
				"north": {"uv": [1, 8, 1.0625, 8.0625], "texture": "#0"},
				"east": {"uv": [8, 1, 8.0625, 1.0625], "texture": "#0"},
				"south": {"uv": [1.125, 8, 1.1875, 8.0625], "texture": "#0"},
				"west": {"uv": [8, 1.125, 8.0625, 1.1875], "texture": "#0"},
				"up": {"uv": [1.3125, 8.0625, 1.25, 8], "texture": "#0"},
				"down": {"uv": [8.0625, 1.25, 8, 1.3125], "texture": "#0"}
			}
		},
		{
			"from": [7.24289, 2.09645, -13.75],
			"to": [7.86789, 2.44645, -12.75],
			"rotation": {"angle": -45, "axis": "z", "origin": [7.61789, 1.07145, -12.5]},
			"faces": {
				"north": {"uv": [5.125, 7.75, 5.1875, 7.8125], "texture": "#0"},
				"east": {"uv": [7.625, 1.875, 7.75, 1.9375], "texture": "#0"},
				"south": {"uv": [7.75, 5.125, 7.8125, 5.1875], "texture": "#0"},
				"west": {"uv": [2, 7.625, 2.125, 7.6875], "texture": "#0"},
				"up": {"uv": [7.6875, 2.125, 7.625, 2], "texture": "#0"},
				"down": {"uv": [7.6875, 2.25, 7.625, 2.375], "texture": "#0"}
			}
		},
		{
			"from": [7.41339, 0.86694, -13.75],
			"to": [8.03839, 1.21694, -12.75],
			"rotation": {"angle": -45, "axis": "z", "origin": [7.78839, 1.24194, -12.5]},
			"faces": {
				"north": {"uv": [5, 7.75, 5.0625, 7.8125], "texture": "#0"},
				"east": {"uv": [1.5, 7.625, 1.625, 7.6875], "texture": "#0"},
				"south": {"uv": [7.75, 5, 7.8125, 5.0625], "texture": "#0"},
				"west": {"uv": [1.625, 7.625, 1.75, 7.6875], "texture": "#0"},
				"up": {"uv": [1.8125, 7.75, 1.75, 7.625], "texture": "#0"},
				"down": {"uv": [1.9375, 7.625, 1.875, 7.75], "texture": "#0"}
			}
		},
		{
			"from": [7.7, 1.95888, -13.75],
			"to": [8.325, 2.30888, -12.75],
			"rotation": {"angle": 0, "axis": "y", "origin": [7.67769, 1.72764, -12.5]},
			"faces": {
				"north": {"uv": [4.875, 7.75, 4.9375, 7.8125], "texture": "#0"},
				"east": {"uv": [1, 7.625, 1.125, 7.6875], "texture": "#0"},
				"south": {"uv": [7.75, 4.875, 7.8125, 4.9375], "texture": "#0"},
				"west": {"uv": [1.125, 7.625, 1.25, 7.6875], "texture": "#0"},
				"up": {"uv": [1.3125, 7.75, 1.25, 7.625], "texture": "#0"},
				"down": {"uv": [1.4375, 7.625, 1.375, 7.75], "texture": "#0"}
			}
		},
		{
			"from": [7.51607, 1.83092, -13.75],
			"to": [8.14107, 2.18092, -12.75],
			"rotation": {"angle": 45, "axis": "z", "origin": [7.76607, 1.71248, -12.5]},
			"faces": {
				"north": {"uv": [4.75, 7.75, 4.8125, 7.8125], "texture": "#0"},
				"east": {"uv": [7.625, 0.5, 7.75, 0.5625], "texture": "#0"},
				"south": {"uv": [7.75, 4.75, 7.8125, 4.8125], "texture": "#0"},
				"west": {"uv": [0.625, 7.625, 0.75, 7.6875], "texture": "#0"},
				"up": {"uv": [0.8125, 7.75, 0.75, 7.625], "texture": "#0"},
				"down": {"uv": [0.9375, 7.625, 0.875, 7.75], "texture": "#0"}
			}
		},
		{
			"from": [7.25806, 1.24194, -13.75],
			"to": [7.50806, 1.86694, -12.75],
			"rotation": {"angle": 0, "axis": "y", "origin": [7.8393, 1.76426, -12.5]},
			"faces": {
				"north": {"uv": [4.625, 7.75, 4.6875, 7.8125], "texture": "#0"},
				"east": {"uv": [7.625, 0, 7.75, 0.0625], "texture": "#0"},
				"south": {"uv": [7.75, 4.625, 7.8125, 4.6875], "texture": "#0"},
				"west": {"uv": [0.25, 7.625, 0.375, 7.6875], "texture": "#0"},
				"up": {"uv": [0.4375, 7.75, 0.375, 7.625], "texture": "#0"},
				"down": {"uv": [0.5625, 7.625, 0.5, 7.75], "texture": "#0"}
			}
		},
		{
			"from": [8.51694, 1.24194, -13.75],
			"to": [8.76694, 1.86694, -12.75],
			"rotation": {"angle": 0, "axis": "y", "origin": [7.39194, 1.86694, -12.5]},
			"faces": {
				"north": {"uv": [4.5, 7.75, 4.5625, 7.8125], "texture": "#0"},
				"east": {"uv": [7.5, 7.25, 7.625, 7.3125], "texture": "#0"},
				"south": {"uv": [7.75, 4.5, 7.8125, 4.5625], "texture": "#0"},
				"west": {"uv": [7.375, 7.5, 7.5, 7.5625], "texture": "#0"},
				"up": {"uv": [7.5625, 7.5, 7.5, 7.375], "texture": "#0"},
				"down": {"uv": [7.5625, 7.5, 7.5, 7.625], "texture": "#0"}
			}
		},
		{
			"from": [8.74645, 1.41244, -13.75],
			"to": [9.09645, 2.03744, -12.75],
			"rotation": {"angle": -45, "axis": "z", "origin": [7.97145, 2.03744, -12.5]},
			"faces": {
				"north": {"uv": [4.375, 7.75, 4.4375, 7.8125], "texture": "#0"},
				"east": {"uv": [7.5, 6.875, 7.625, 6.9375], "texture": "#0"},
				"south": {"uv": [7.75, 4.375, 7.8125, 4.4375], "texture": "#0"},
				"west": {"uv": [7.5, 7, 7.625, 7.0625], "texture": "#0"},
				"up": {"uv": [7.5625, 7.25, 7.5, 7.125], "texture": "#0"},
				"down": {"uv": [7.3125, 7.5, 7.25, 7.625], "texture": "#0"}
			}
		},
		{
			"from": [8.01694, -0.45806, -13.75],
			"to": [8.76694, 0.16694, -12.75],
			"rotation": {"angle": 0, "axis": "y", "origin": [7.39194, 0.16694, -12.5]},
			"faces": {
				"north": {"uv": [7.625, 4.125, 7.75, 4.1875], "texture": "#0"},
				"east": {"uv": [4.25, 7.625, 4.375, 7.6875], "texture": "#0"},
				"south": {"uv": [7.625, 4.25, 7.75, 4.3125], "texture": "#0"},
				"west": {"uv": [4.375, 7.625, 4.5, 7.6875], "texture": "#0"},
				"up": {"uv": [7.25, 1.125, 7.125, 1], "texture": "#0"},
				"down": {"uv": [1.25, 7.125, 1.125, 7.25], "texture": "#0"}
			}
		},
		{
			"from": [7.24289, -0.10355, -13.75],
			"to": [7.86789, 0.74645, -12.75],
			"rotation": {"angle": -45, "axis": "z", "origin": [7.61789, -0.62855, -12.5]},
			"faces": {
				"north": {"uv": [7.625, 3.875, 7.6875, 4], "texture": "#0"},
				"east": {"uv": [0.875, 7.125, 1, 7.25], "texture": "#0"},
				"south": {"uv": [4, 7.625, 4.0625, 7.75], "texture": "#0"},
				"west": {"uv": [1, 7.125, 1.125, 7.25], "texture": "#0"},
				"up": {"uv": [7.6875, 4.125, 7.625, 4], "texture": "#0"},
				"down": {"uv": [4.1875, 7.625, 4.125, 7.75], "texture": "#0"}
			}
		},
		{
			"from": [7.7, -0.24112, -13.75],
			"to": [8.325, 0.60888, -12.75],
			"rotation": {"angle": 0, "axis": "y", "origin": [7.67769, 0.02764, -12.5]},
			"faces": {
				"north": {"uv": [7.625, 3.625, 7.6875, 3.75], "texture": "#0"},
				"east": {"uv": [7.125, 0.625, 7.25, 0.75], "texture": "#0"},
				"south": {"uv": [3.75, 7.625, 3.8125, 7.75], "texture": "#0"},
				"west": {"uv": [0.75, 7.125, 0.875, 7.25], "texture": "#0"},
				"up": {"uv": [7.6875, 3.875, 7.625, 3.75], "texture": "#0"},
				"down": {"uv": [3.9375, 7.625, 3.875, 7.75], "texture": "#0"}
			}
		},
		{
			"from": [7.7, 0.60888, -13.75],
			"to": [8.325, 0.80888, -12.75],
			"rotation": {"angle": 0, "axis": "y", "origin": [7.67769, 0.02764, -12.5]},
			"faces": {
				"north": {"uv": [5.25, 7.75, 5.3125, 7.8125], "texture": "#0"},
				"east": {"uv": [7.625, 4.375, 7.75, 4.4375], "texture": "#0"},
				"south": {"uv": [7.75, 5.25, 7.8125, 5.3125], "texture": "#0"},
				"west": {"uv": [4.5, 7.625, 4.625, 7.6875], "texture": "#0"},
				"up": {"uv": [7.6875, 4.625, 7.625, 4.5], "texture": "#0"},
				"down": {"uv": [4.6875, 7.625, 4.625, 7.75], "texture": "#0"}
			}
		},
		{
			"from": [7.7, 2.30888, -13.75],
			"to": [8.325, 2.50888, -12.75],
			"rotation": {"angle": 0, "axis": "y", "origin": [7.67769, 0.02764, -12.5]},
			"faces": {
				"north": {"uv": [6.375, 7.75, 6.4375, 7.8125], "texture": "#0"},
				"east": {"uv": [7.625, 4.75, 7.75, 4.8125], "texture": "#0"},
				"south": {"uv": [7.75, 6.375, 7.8125, 6.4375], "texture": "#0"},
				"west": {"uv": [4.875, 7.625, 5, 7.6875], "texture": "#0"},
				"up": {"uv": [7.6875, 5, 7.625, 4.875], "texture": "#0"},
				"down": {"uv": [5.0625, 7.625, 5, 7.75], "texture": "#0"}
			}
		},
		{
			"from": [7.9, 2.50888, -13.75],
			"to": [8.125, 3.68388, -13.5],
			"rotation": {"angle": 0, "axis": "y", "origin": [7.67769, 0.02764, -12.5]},
			"faces": {
				"north": {"uv": [7.625, 5, 7.6875, 5.125], "texture": "#0"},
				"east": {"uv": [5.125, 7.625, 5.1875, 7.75], "texture": "#0"},
				"south": {"uv": [7.625, 5.125, 7.6875, 5.25], "texture": "#0"},
				"west": {"uv": [5.25, 7.625, 5.3125, 7.75], "texture": "#0"},
				"up": {"uv": [6.5625, 7.8125, 6.5, 7.75], "texture": "#0"},
				"down": {"uv": [7.8125, 6.5, 7.75, 6.5625], "texture": "#0"}
			}
		},
		{
			"from": [7.9, 2.50888, -13.5],
			"to": [8.125, 2.70888, -13.35],
			"rotation": {"angle": 0, "axis": "y", "origin": [7.67769, 0.02764, -12.5]},
			"faces": {
				"north": {"uv": [6.75, 7.75, 6.8125, 7.8125], "texture": "#0"},
				"east": {"uv": [7.75, 6.75, 7.8125, 6.8125], "texture": "#0"},
				"south": {"uv": [6.875, 7.75, 6.9375, 7.8125], "texture": "#0"},
				"west": {"uv": [7.75, 6.875, 7.8125, 6.9375], "texture": "#0"},
				"up": {"uv": [7.0625, 7.8125, 7, 7.75], "texture": "#0"},
				"down": {"uv": [7.8125, 7, 7.75, 7.0625], "texture": "#0"}
			}
		},
		{
			"from": [7.9, 3.47791, -13.62933],
			"to": [8.125, 3.67791, -13.30433],
			"rotation": {"angle": 0, "axis": "y", "origin": [7.67769, -0.25333, -12.52933]},
			"faces": {
				"north": {"uv": [7.125, 7.75, 7.1875, 7.8125], "texture": "#0"},
				"east": {"uv": [7.75, 7.125, 7.8125, 7.1875], "texture": "#0"},
				"south": {"uv": [7.25, 7.75, 7.3125, 7.8125], "texture": "#0"},
				"west": {"uv": [7.75, 7.25, 7.8125, 7.3125], "texture": "#0"},
				"up": {"uv": [7.4375, 7.8125, 7.375, 7.75], "texture": "#0"},
				"down": {"uv": [7.8125, 7.375, 7.75, 7.4375], "texture": "#0"}
			}
		},
		{
			"from": [7.9, 2.2306, -13.32128],
			"to": [8.125, 3.4806, -13.04628],
			"rotation": {"angle": -22.5, "axis": "x", "origin": [8.0125, 2.9306, -13.67128]},
			"faces": {
				"north": {"uv": [7.375, 1.25, 7.4375, 1.4375], "texture": "#0"},
				"east": {"uv": [1.375, 7.375, 1.4375, 7.5625], "texture": "#0"},
				"south": {"uv": [1.5, 7.375, 1.5625, 7.5625], "texture": "#0"},
				"west": {"uv": [7.375, 1.5, 7.4375, 1.6875], "texture": "#0"},
				"up": {"uv": [6.6875, 7.8125, 6.625, 7.75], "texture": "#0"},
				"down": {"uv": [7.8125, 6.625, 7.75, 6.6875], "texture": "#0"}
			}
		},
		{
			"from": [7.51607, -0.36908, -13.75],
			"to": [8.14107, 0.48092, -12.75],
			"rotation": {"angle": 45, "axis": "z", "origin": [7.76607, 0.01248, -12.5]},
			"faces": {
				"north": {"uv": [7.625, 3.375, 7.6875, 3.5], "texture": "#0"},
				"east": {"uv": [7.125, 0.5, 7.25, 0.625], "texture": "#0"},
				"south": {"uv": [3.5, 7.625, 3.5625, 7.75], "texture": "#0"},
				"west": {"uv": [0.625, 7.125, 0.75, 7.25], "texture": "#0"},
				"up": {"uv": [7.6875, 3.625, 7.625, 3.5], "texture": "#0"},
				"down": {"uv": [3.6875, 7.625, 3.625, 7.75], "texture": "#0"}
			}
		},
		{
			"from": [7.25806, -0.45806, -13.75],
			"to": [8.00806, 0.16694, -12.75],
			"rotation": {"angle": 0, "axis": "y", "origin": [7.8393, 0.06426, -12.5]},
			"faces": {
				"north": {"uv": [7.625, 3.125, 7.75, 3.1875], "texture": "#0"},
				"east": {"uv": [3.25, 7.625, 3.375, 7.6875], "texture": "#0"},
				"south": {"uv": [7.625, 3.25, 7.75, 3.3125], "texture": "#0"},
				"west": {"uv": [3.375, 7.625, 3.5, 7.6875], "texture": "#0"},
				"up": {"uv": [7.25, 0.5, 7.125, 0.375], "texture": "#0"},
				"down": {"uv": [0.625, 7.125, 0.5, 7.25], "texture": "#0"}
			}
		},
		{
			"from": [7.41339, -0.83306, -13.75],
			"to": [8.03839, 0.01694, -12.75],
			"rotation": {"angle": -45, "axis": "z", "origin": [7.78839, -0.45806, -12.5]},
			"faces": {
				"north": {"uv": [7.625, 2.875, 7.6875, 3], "texture": "#0"},
				"east": {"uv": [7.125, 0.25, 7.25, 0.375], "texture": "#0"},
				"south": {"uv": [3, 7.625, 3.0625, 7.75], "texture": "#0"},
				"west": {"uv": [0.375, 7.125, 0.5, 7.25], "texture": "#0"},
				"up": {"uv": [7.6875, 3.125, 7.625, 3], "texture": "#0"},
				"down": {"uv": [3.1875, 7.625, 3.125, 7.75], "texture": "#0"}
			}
		},
		{
			"from": [7.7, -0.9, -13.75],
			"to": [8.325, -0.05, -12.75],
			"rotation": {"angle": 0, "axis": "y", "origin": [8.075, 0.475, -12.5]},
			"faces": {
				"north": {"uv": [7.625, 2.625, 7.6875, 2.75], "texture": "#0"},
				"east": {"uv": [7.125, 0.125, 7.25, 0.25], "texture": "#0"},
				"south": {"uv": [2.75, 7.625, 2.8125, 7.75], "texture": "#0"},
				"west": {"uv": [0.25, 7.125, 0.375, 7.25], "texture": "#0"},
				"up": {"uv": [7.6875, 2.875, 7.625, 2.75], "texture": "#0"},
				"down": {"uv": [2.9375, 7.625, 2.875, 7.75], "texture": "#0"}
			}
		},
		{
			"from": [8.24645, -0.28756, -13.75],
			"to": [9.09645, 0.33744, -12.75],
			"rotation": {"angle": -45, "axis": "z", "origin": [7.97145, 0.33744, -12.5]},
			"faces": {
				"north": {"uv": [7.625, 2.375, 7.75, 2.4375], "texture": "#0"},
				"east": {"uv": [2.5, 7.625, 2.625, 7.6875], "texture": "#0"},
				"south": {"uv": [7.625, 2.5, 7.75, 2.5625], "texture": "#0"},
				"west": {"uv": [2.625, 7.625, 2.75, 7.6875], "texture": "#0"},
				"up": {"uv": [7.125, 6.125, 7, 6], "texture": "#0"},
				"down": {"uv": [0.25, 7.125, 0.125, 7.25], "texture": "#0"}
			}
		},
		{
			"from": [7.7, 0.8, -13.75],
			"to": [8.325, 1.15, -12.75],
			"rotation": {"angle": 0, "axis": "y", "origin": [8.075, 2.175, -12.5]},
			"faces": {
				"north": {"uv": [4.25, 7.75, 4.3125, 7.8125], "texture": "#0"},
				"east": {"uv": [6.5, 7.5, 6.625, 7.5625], "texture": "#0"},
				"south": {"uv": [7.75, 4.25, 7.8125, 4.3125], "texture": "#0"},
				"west": {"uv": [7.5, 6.625, 7.625, 6.6875], "texture": "#0"},
				"up": {"uv": [7.5625, 6.875, 7.5, 6.75], "texture": "#0"},
				"down": {"uv": [6.9375, 7.5, 6.875, 7.625], "texture": "#0"}
			}
		},
		{
			"from": [7.38128, 0.35983, -14],
			"to": [7.88128, 0.60983, 10],
			"rotation": {"angle": -45, "axis": "z", "origin": [7.63128, -0.51517, -13.5]},
			"faces": {
				"north": {"uv": [3.125, 7.75, 3.1875, 7.8125], "texture": "#0"},
				"east": {"uv": [3.75, 3.75, 6.75, 3.8125], "texture": "#0"},
				"south": {"uv": [7.75, 3.125, 7.8125, 3.1875], "texture": "#0"},
				"west": {"uv": [3.75, 3.875, 6.75, 3.9375], "texture": "#0"},
				"up": {"uv": [3.8125, 7, 3.75, 4], "texture": "#0"},
				"down": {"uv": [3.9375, 4, 3.875, 7], "texture": "#0"}
			}
		},
		{
			"from": [7.41161, -0.60983, -14],
			"to": [7.91161, -0.35983, 10],
			"rotation": {"angle": -45, "axis": "z", "origin": [7.66161, -0.48483, -13.5]},
			"faces": {
				"north": {"uv": [3, 7.75, 3.0625, 7.8125], "texture": "#0"},
				"east": {"uv": [3.5, 3.5, 6.5, 3.5625], "texture": "#0"},
				"south": {"uv": [7.75, 3, 7.8125, 3.0625], "texture": "#0"},
				"west": {"uv": [3.5, 3.625, 6.5, 3.6875], "texture": "#0"},
				"up": {"uv": [3.5625, 6.75, 3.5, 3.75], "texture": "#0"},
				"down": {"uv": [3.6875, 3.75, 3.625, 6.75], "texture": "#0"}
			}
		},
		{
			"from": [7.75, 0.20711, -14],
			"to": [8.25, 0.45711, 10],
			"rotation": {"angle": 0, "axis": "y", "origin": [7.72769, 0.12587, -13.5]},
			"faces": {
				"north": {"uv": [2.875, 7.75, 2.9375, 7.8125], "texture": "#0"},
				"east": {"uv": [3.25, 3.25, 6.25, 3.3125], "texture": "#0"},
				"south": {"uv": [7.75, 2.875, 7.8125, 2.9375], "texture": "#0"},
				"west": {"uv": [3.25, 3.375, 6.25, 3.4375], "texture": "#0"},
				"up": {"uv": [3.3125, 6.5, 3.25, 3.5], "texture": "#0"},
				"down": {"uv": [3.4375, 3.5, 3.375, 6.5], "texture": "#0"}
			}
		},
		{
			"from": [7.47769, 0.09431, -14],
			"to": [7.97769, 0.34431, 10],
			"rotation": {"angle": 45, "axis": "z", "origin": [7.72769, 0.12587, -13.5]},
			"faces": {
				"north": {"uv": [2.75, 7.75, 2.8125, 7.8125], "texture": "#0"},
				"east": {"uv": [3, 3, 6, 3.0625], "texture": "#0"},
				"south": {"uv": [7.75, 2.75, 7.8125, 2.8125], "texture": "#0"},
				"west": {"uv": [3, 3.125, 6, 3.1875], "texture": "#0"},
				"up": {"uv": [3.0625, 6.25, 3, 3.25], "texture": "#0"},
				"down": {"uv": [3.1875, 3.25, 3.125, 6.25], "texture": "#0"}
			}
		},
		{
			"from": [7.39645, -0.39645, -14],
			"to": [7.64645, 0.10355, 10],
			"rotation": {"angle": 0, "axis": "y", "origin": [7.72769, 0.12587, -13.5]},
			"faces": {
				"north": {"uv": [2.625, 7.75, 2.6875, 7.8125], "texture": "#0"},
				"east": {"uv": [2.75, 2.75, 5.75, 2.8125], "texture": "#0"},
				"south": {"uv": [7.75, 2.625, 7.8125, 2.6875], "texture": "#0"},
				"west": {"uv": [2.75, 2.875, 5.75, 2.9375], "texture": "#0"},
				"up": {"uv": [2.8125, 6, 2.75, 3], "texture": "#0"},
				"down": {"uv": [2.9375, 3, 2.875, 6], "texture": "#0"}
			}
		},
		{
			"from": [8.35355, -0.39645, -14],
			"to": [8.60355, 0.10355, 10],
			"rotation": {"angle": 0, "axis": "y", "origin": [7.47855, 0.10355, -13.5]},
			"faces": {
				"north": {"uv": [2.5, 7.75, 2.5625, 7.8125], "texture": "#0"},
				"east": {"uv": [2.75, 0, 5.75, 0.0625], "texture": "#0"},
				"south": {"uv": [7.75, 2.5, 7.8125, 2.5625], "texture": "#0"},
				"west": {"uv": [2.75, 0.125, 5.75, 0.1875], "texture": "#0"},
				"up": {"uv": [2.5625, 5.75, 2.5, 2.75], "texture": "#0"},
				"down": {"uv": [2.6875, 2.75, 2.625, 5.75], "texture": "#0"}
			}
		},
		{
			"from": [8.60983, -0.27773, -14],
			"to": [8.85983, 0.22227, 10],
			"rotation": {"angle": -45, "axis": "z", "origin": [7.98483, 0.22227, -13.5]},
			"faces": {
				"north": {"uv": [2.375, 7.75, 2.4375, 7.8125], "texture": "#0"},
				"east": {"uv": [2.5, 2.5, 5.5, 2.5625], "texture": "#0"},
				"south": {"uv": [7.75, 2.375, 7.8125, 2.4375], "texture": "#0"},
				"west": {"uv": [2.5, 2.625, 5.5, 2.6875], "texture": "#0"},
				"up": {"uv": [1.0625, 5.5, 1, 2.5], "texture": "#0"},
				"down": {"uv": [1.1875, 2.5, 1.125, 5.5], "texture": "#0"}
			}
		},
		{
			"from": [7.75, -0.75, -14],
			"to": [8.25, -0.5, 10],
			"rotation": {"angle": 0, "axis": "y", "origin": [8, 0.375, -13.5]},
			"faces": {
				"north": {"uv": [2.25, 7.75, 2.3125, 7.8125], "texture": "#0"},
				"east": {"uv": [2.5, 2.25, 5.5, 2.3125], "texture": "#0"},
				"south": {"uv": [7.75, 2.25, 7.8125, 2.3125], "texture": "#0"},
				"west": {"uv": [2.5, 2.375, 5.5, 2.4375], "texture": "#0"},
				"up": {"uv": [0.8125, 5.5, 0.75, 2.5], "texture": "#0"},
				"down": {"uv": [0.9375, 2.5, 0.875, 5.5], "texture": "#0"}
			}
		},
		{
			"from": [7.75, 1.90711, -16],
			"to": [8.25, 2.15711, 9],
			"rotation": {"angle": -45, "axis": "z", "origin": [8, 1.55355, -1.5]},
			"faces": {
				"north": {"uv": [4.125, 7.75, 4.1875, 7.8125], "texture": "#0"},
				"east": {"uv": [2.5, 1.25, 5.625, 1.3125], "texture": "#0"},
				"south": {"uv": [7.75, 4.125, 7.8125, 4.1875], "texture": "#0"},
				"west": {"uv": [2.5, 1.375, 5.625, 1.4375], "texture": "#0"},
				"up": {"uv": [0.0625, 5.625, 0, 2.5], "texture": "#0"},
				"down": {"uv": [0.1875, 2.5, 0.125, 5.625], "texture": "#0"}
			}
		},
		{
			"from": [7.75, 0.95, -16],
			"to": [8.25, 1.2, 9],
			"rotation": {"angle": -45, "axis": "z", "origin": [8, 1.55355, -1.5]},
			"faces": {
				"north": {"uv": [4, 7.75, 4.0625, 7.8125], "texture": "#0"},
				"east": {"uv": [2.375, 2, 5.5, 2.0625], "texture": "#0"},
				"south": {"uv": [7.75, 4, 7.8125, 4.0625], "texture": "#0"},
				"west": {"uv": [2.375, 2.125, 5.5, 2.1875], "texture": "#0"},
				"up": {"uv": [0.6875, 5.5, 0.625, 2.375], "texture": "#0"},
				"down": {"uv": [2.4375, 2.25, 2.375, 5.375], "texture": "#0"}
			}
		},
		{
			"from": [7.75, 1.90711, -16],
			"to": [8.25, 2.15711, 9],
			"rotation": {"angle": 0, "axis": "y", "origin": [8, 1.55355, -1.5]},
			"faces": {
				"north": {"uv": [3.875, 7.75, 3.9375, 7.8125], "texture": "#0"},
				"east": {"uv": [2.375, 1.75, 5.5, 1.8125], "texture": "#0"},
				"south": {"uv": [7.75, 3.875, 7.8125, 3.9375], "texture": "#0"},
				"west": {"uv": [2.375, 1.875, 5.5, 1.9375], "texture": "#0"},
				"up": {"uv": [0.4375, 5.5, 0.375, 2.375], "texture": "#0"},
				"down": {"uv": [0.5625, 2.375, 0.5, 5.5], "texture": "#0"}
			}
		},
		{
			"from": [7.75, 1.90711, -16],
			"to": [8.25, 2.15711, 9],
			"rotation": {"angle": 45, "axis": "z", "origin": [8, 1.55355, -1.5]},
			"faces": {
				"north": {"uv": [3.75, 7.75, 3.8125, 7.8125], "texture": "#0"},
				"east": {"uv": [2.25, 1.5, 5.375, 1.5625], "texture": "#0"},
				"south": {"uv": [7.75, 3.75, 7.8125, 3.8125], "texture": "#0"},
				"west": {"uv": [2.25, 1.625, 5.375, 1.6875], "texture": "#0"},
				"up": {"uv": [2.3125, 4.875, 2.25, 1.75], "texture": "#0"},
				"down": {"uv": [0.3125, 2.375, 0.25, 5.5], "texture": "#0"}
			}
		},
		{
			"from": [7.39645, 1.30355, -16],
			"to": [7.64645, 1.80355, 9],
			"rotation": {"angle": 0, "axis": "y", "origin": [8, 1.55355, -1.5]},
			"faces": {
				"north": {"uv": [3.625, 7.75, 3.6875, 7.8125], "texture": "#0"},
				"east": {"uv": [1.875, 0.75, 5, 0.8125], "texture": "#0"},
				"south": {"uv": [7.75, 3.625, 7.8125, 3.6875], "texture": "#0"},
				"west": {"uv": [1.875, 0.875, 5, 0.9375], "texture": "#0"},
				"up": {"uv": [1.4375, 5.375, 1.375, 2.25], "texture": "#0"},
				"down": {"uv": [1.5625, 2.25, 1.5, 5.375], "texture": "#0"}
			}
		},
		{
			"from": [8.35355, 1.30355, -16],
			"to": [8.60355, 1.80355, 9],
			"rotation": {"angle": 0, "axis": "y", "origin": [8, 1.55355, -1.5]},
			"faces": {
				"north": {"uv": [3.5, 7.75, 3.5625, 7.8125], "texture": "#0"},
				"east": {"uv": [1.875, 0.5, 5, 0.5625], "texture": "#0"},
				"south": {"uv": [7.75, 3.5, 7.8125, 3.5625], "texture": "#0"},
				"west": {"uv": [1.875, 0.625, 5, 0.6875], "texture": "#0"},
				"up": {"uv": [2.1875, 4.625, 2.125, 1.5], "texture": "#0"},
				"down": {"uv": [1.3125, 2.25, 1.25, 5.375], "texture": "#0"}
			}
		},
		{
			"from": [8.35355, 1.30355, -16],
			"to": [8.60355, 1.80355, 9],
			"rotation": {"angle": -45, "axis": "z", "origin": [8, 1.55355, -1.5]},
			"faces": {
				"north": {"uv": [3.375, 7.75, 3.4375, 7.8125], "texture": "#0"},
				"east": {"uv": [1.875, 0.25, 5, 0.3125], "texture": "#0"},
				"south": {"uv": [7.75, 3.375, 7.8125, 3.4375], "texture": "#0"},
				"west": {"uv": [1.875, 0.375, 5, 0.4375], "texture": "#0"},
				"up": {"uv": [1.9375, 4.625, 1.875, 1.5], "texture": "#0"},
				"down": {"uv": [2.0625, 1.5, 2, 4.625], "texture": "#0"}
			}
		},
		{
			"from": [7.75, 0.95, -16],
			"to": [8.25, 1.2, 9],
			"rotation": {"angle": 0, "axis": "y", "origin": [8, 1.55355, -1.5]},
			"faces": {
				"north": {"uv": [3.25, 7.75, 3.3125, 7.8125], "texture": "#0"},
				"east": {"uv": [1.5, 1, 4.625, 1.0625], "texture": "#0"},
				"south": {"uv": [7.75, 3.25, 7.8125, 3.3125], "texture": "#0"},
				"west": {"uv": [1.5, 1.125, 4.625, 1.1875], "texture": "#0"},
				"up": {"uv": [1.6875, 4.625, 1.625, 1.5], "texture": "#0"},
				"down": {"uv": [1.8125, 1.5, 1.75, 4.625], "texture": "#0"}
			}
		},
		{
			"from": [8.75, 0.92855, 10.25],
			"to": [10.5, 1.05355, 10.5],
			"rotation": {"angle": 0, "axis": "y", "origin": [-4.25, 0.45, 10.5]},
			"faces": {
				"north": {"uv": [3.625, 7.125, 3.875, 7.1875], "texture": "#0"},
				"east": {"uv": [7.875, 0.125, 7.9375, 0.1875], "texture": "#0"},
				"south": {"uv": [4, 7.125, 4.25, 7.1875], "texture": "#0"},
				"west": {"uv": [0.25, 7.875, 0.3125, 7.9375], "texture": "#0"},
				"up": {"uv": [4.625, 7.1875, 4.375, 7.125], "texture": "#0"},
				"down": {"uv": [4.875, 7.125, 4.625, 7.1875], "texture": "#0"}
			}
		},
		{
			"from": [8.75, 0.62678, 10.07322],
			"to": [10.5, 0.87678, 10.19822],
			"rotation": {"angle": 0, "axis": "y", "origin": [-4.25, 0.87678, 10.67678]},
			"faces": {
				"north": {"uv": [7.125, 3.25, 7.375, 3.3125], "texture": "#0"},
				"east": {"uv": [7.875, 0, 7.9375, 0.0625], "texture": "#0"},
				"south": {"uv": [3.375, 7.125, 3.625, 7.1875], "texture": "#0"},
				"west": {"uv": [0.125, 7.875, 0.1875, 7.9375], "texture": "#0"},
				"up": {"uv": [7.375, 3.4375, 7.125, 3.375], "texture": "#0"},
				"down": {"uv": [7.375, 3.5, 7.125, 3.5625], "texture": "#0"}
			}
		},
		{
			"from": [8.75, 0.62678, 10.55178],
			"to": [10.5, 0.87678, 10.67678],
			"rotation": {"angle": 0, "axis": "y", "origin": [-4.25, 0.87678, 10.07322]},
			"faces": {
				"north": {"uv": [2.875, 7.125, 3.125, 7.1875], "texture": "#0"},
				"east": {"uv": [7.75, 7.75, 7.8125, 7.8125], "texture": "#0"},
				"south": {"uv": [7.125, 2.875, 7.375, 2.9375], "texture": "#0"},
				"west": {"uv": [0, 7.875, 0.0625, 7.9375], "texture": "#0"},
				"up": {"uv": [7.375, 3.0625, 7.125, 3], "texture": "#0"},
				"down": {"uv": [7.375, 3.125, 7.125, 3.1875], "texture": "#0"}
			}
		},
		{
			"from": [8.75, 0.45, 10.25],
			"to": [10.5, 0.575, 10.5],
			"rotation": {"angle": 0, "axis": "y", "origin": [-4.25, 1.05355, 10.5]},
			"faces": {
				"north": {"uv": [1.875, 7.125, 2.125, 7.1875], "texture": "#0"},
				"east": {"uv": [7.625, 7.75, 7.6875, 7.8125], "texture": "#0"},
				"south": {"uv": [2.375, 7.125, 2.625, 7.1875], "texture": "#0"},
				"west": {"uv": [7.75, 7.625, 7.8125, 7.6875], "texture": "#0"},
				"up": {"uv": [2.875, 7.1875, 2.625, 7.125], "texture": "#0"},
				"down": {"uv": [7.375, 2.75, 7.125, 2.8125], "texture": "#0"}
			}
		},
		{
			"from": [9.125, 0.36464, 9.98964],
			"to": [10.375, 0.48964, 10.28964],
			"rotation": {"angle": -45, "axis": "x", "origin": [-4.375, 1.0182, 10.23964]},
			"faces": {
				"north": {"uv": [7.375, 4.75, 7.5625, 4.8125], "texture": "#0"},
				"east": {"uv": [7.875, 1.625, 7.9375, 1.6875], "texture": "#0"},
				"south": {"uv": [7.375, 4.875, 7.5625, 4.9375], "texture": "#0"},
				"west": {"uv": [1.75, 7.875, 1.8125, 7.9375], "texture": "#0"},
				"up": {"uv": [5.1875, 7.4375, 5, 7.375], "texture": "#0"},
				"down": {"uv": [7.5625, 5, 7.375, 5.0625], "texture": "#0"}
			}
		},
		{
			"from": [9.125, 1.13462, 10.40178],
			"to": [10.375, 1.25962, 10.70178],
			"rotation": {"angle": -45, "axis": "x", "origin": [-4.375, 0.60607, 10.65178]},
			"faces": {
				"north": {"uv": [7.375, 4.25, 7.5625, 4.3125], "texture": "#0"},
				"east": {"uv": [7.875, 1.5, 7.9375, 1.5625], "texture": "#0"},
				"south": {"uv": [7.375, 4.375, 7.5625, 4.4375], "texture": "#0"},
				"west": {"uv": [1.625, 7.875, 1.6875, 7.9375], "texture": "#0"},
				"up": {"uv": [7.5625, 4.5625, 7.375, 4.5], "texture": "#0"},
				"down": {"uv": [7.5625, 4.625, 7.375, 4.6875], "texture": "#0"}
			}
		},
		{
			"from": [9.125, 0.75355, 9.82145],
			"to": [10.375, 1.05355, 9.94645],
			"rotation": {"angle": -45, "axis": "x", "origin": [-4.375, 1.05355, 10.475]},
			"faces": {
				"north": {"uv": [7.375, 3.875, 7.5625, 3.9375], "texture": "#0"},
				"east": {"uv": [7.875, 1.375, 7.9375, 1.4375], "texture": "#0"},
				"south": {"uv": [7.375, 4, 7.5625, 4.0625], "texture": "#0"},
				"west": {"uv": [1.5, 7.875, 1.5625, 7.9375], "texture": "#0"},
				"up": {"uv": [4.3125, 7.4375, 4.125, 7.375], "texture": "#0"},
				"down": {"uv": [7.5625, 4.125, 7.375, 4.1875], "texture": "#0"}
			}
		},
		{
			"from": [9.125, 0.42929, 10.80355],
			"to": [10.375, 0.72929, 10.92855],
			"rotation": {"angle": -45, "axis": "x", "origin": [-4.375, 0.42929, 10.275]},
			"faces": {
				"north": {"uv": [7.375, 3.5, 7.5625, 3.5625], "texture": "#0"},
				"east": {"uv": [7.875, 1.25, 7.9375, 1.3125], "texture": "#0"},
				"south": {"uv": [3.625, 7.375, 3.8125, 7.4375], "texture": "#0"},
				"west": {"uv": [1.375, 7.875, 1.4375, 7.9375], "texture": "#0"},
				"up": {"uv": [7.5625, 3.6875, 7.375, 3.625], "texture": "#0"},
				"down": {"uv": [7.5625, 3.75, 7.375, 3.8125], "texture": "#0"}
			}
		},
		{
			"from": [9.125, 0.97855, 10.225],
			"to": [10.375, 1.10355, 10.525],
			"rotation": {"angle": 0, "axis": "y", "origin": [-4.375, 0.45, 10.475]},
			"faces": {
				"north": {"uv": [7.375, 3.125, 7.5625, 3.1875], "texture": "#0"},
				"east": {"uv": [7.875, 1.125, 7.9375, 1.1875], "texture": "#0"},
				"south": {"uv": [7.375, 3.25, 7.5625, 3.3125], "texture": "#0"},
				"west": {"uv": [1.25, 7.875, 1.3125, 7.9375], "texture": "#0"},
				"up": {"uv": [3.5625, 7.4375, 3.375, 7.375], "texture": "#0"},
				"down": {"uv": [7.5625, 3.375, 7.375, 3.4375], "texture": "#0"}
			}
		},
		{
			"from": [6.875, -2.76036, 27.73964],
			"to": [9.125, -2.26036, 28.16464],
			"rotation": {"angle": -45, "axis": "x", "origin": [-6.125, -1.9818, 27.98964]},
			"faces": {
				"north": {"uv": [7, 4.5, 7.3125, 4.5625], "texture": "#0"},
				"east": {"uv": [7.875, 2.875, 7.9375, 2.9375], "texture": "#0"},
				"south": {"uv": [7, 4.75, 7.3125, 4.8125], "texture": "#0"},
				"west": {"uv": [3, 7.875, 3.0625, 7.9375], "texture": "#0"},
				"up": {"uv": [7.3125, 4.9375, 7, 4.875], "texture": "#0"},
				"down": {"uv": [7.3125, 5, 7, 5.0625], "texture": "#0"}
			}
		},
		{
			"from": [6.875, -2.37145, 27.44645],
			"to": [9.125, -1.94645, 27.94645],
			"rotation": {"angle": -45, "axis": "x", "origin": [-6.125, -1.94645, 28.225]},
			"faces": {
				"north": {"uv": [7, 4.125, 7.3125, 4.1875], "texture": "#0"},
				"east": {"uv": [7.875, 2.75, 7.9375, 2.8125], "texture": "#0"},
				"south": {"uv": [7, 4.25, 7.3125, 4.3125], "texture": "#0"},
				"west": {"uv": [2.875, 7.875, 2.9375, 7.9375], "texture": "#0"},
				"up": {"uv": [4.6875, 7.0625, 4.375, 7], "texture": "#0"},
				"down": {"uv": [7.3125, 4.375, 7, 4.4375], "texture": "#0"}
			}
		},
		{
			"from": [6.875, -2.53358, 27.63787],
			"to": [9.125, -2.10858, 28.13787],
			"rotation": {"angle": 0, "axis": "y", "origin": [-6.125, -2.10858, 28.41642]},
			"faces": {
				"north": {"uv": [7, 3.625, 7.3125, 3.6875], "texture": "#0"},
				"east": {"uv": [7.875, 2.625, 7.9375, 2.6875], "texture": "#0"},
				"south": {"uv": [7, 3.75, 7.3125, 3.8125], "texture": "#0"},
				"west": {"uv": [2.75, 7.875, 2.8125, 7.9375], "texture": "#0"},
				"up": {"uv": [7.3125, 3.9375, 7, 3.875], "texture": "#0"},
				"down": {"uv": [7.3125, 4, 7, 4.0625], "texture": "#0"}
			}
		},
		{
			"from": [6.875, -2.11538, 28.02678],
			"to": [9.125, -1.61538, 28.45178],
			"rotation": {"angle": -45, "axis": "x", "origin": [-6.125, -2.39393, 28.40178]},
			"faces": {
				"north": {"uv": [7, 2.375, 7.3125, 2.4375], "texture": "#0"},
				"east": {"uv": [7.875, 2.5, 7.9375, 2.5625], "texture": "#0"},
				"south": {"uv": [7, 2.5, 7.3125, 2.5625], "texture": "#0"},
				"west": {"uv": [2.625, 7.875, 2.6875, 7.9375], "texture": "#0"},
				"up": {"uv": [7.3125, 2.6875, 7, 2.625], "texture": "#0"},
				"down": {"uv": [3.8125, 7, 3.5, 7.0625], "texture": "#0"}
			}
		},
		{
			"from": [6.875, -2.74571, 27.975],
			"to": [9.125, -2.24571, 28.4],
			"rotation": {"angle": 0, "axis": "y", "origin": [-6.125, -1.96716, 28.225]},
			"faces": {
				"north": {"uv": [7, 1.875, 7.3125, 1.9375], "texture": "#0"},
				"east": {"uv": [7.875, 2.375, 7.9375, 2.4375], "texture": "#0"},
				"south": {"uv": [7, 2, 7.3125, 2.0625], "texture": "#0"},
				"west": {"uv": [2.5, 7.875, 2.5625, 7.9375], "texture": "#0"},
				"up": {"uv": [7.3125, 2.1875, 7, 2.125], "texture": "#0"},
				"down": {"uv": [7.3125, 2.25, 7, 2.3125], "texture": "#0"}
			}
		},
		{
			"from": [6.875, -2.40858, 28.11213],
			"to": [9.125, -1.98358, 28.61213],
			"rotation": {"angle": 0, "axis": "y", "origin": [-6.125, -2.15858, 27.83358]},
			"faces": {
				"north": {"uv": [7, 0.75, 7.3125, 0.8125], "texture": "#0"},
				"east": {"uv": [7.875, 2.25, 7.9375, 2.3125], "texture": "#0"},
				"south": {"uv": [0.875, 7, 1.1875, 7.0625], "texture": "#0"},
				"west": {"uv": [2.375, 7.875, 2.4375, 7.9375], "texture": "#0"},
				"up": {"uv": [7.3125, 0.9375, 7, 0.875], "texture": "#0"},
				"down": {"uv": [7.3125, 1.75, 7, 1.8125], "texture": "#0"}
			}
		},
		{
			"from": [6.875, -2.57071, 28.30355],
			"to": [9.125, -2.14571, 28.80355],
			"rotation": {"angle": -45, "axis": "x", "origin": [-6.125, -2.57071, 28.025]},
			"faces": {
				"north": {"uv": [6.875, 6.75, 7.1875, 6.8125], "texture": "#0"},
				"east": {"uv": [7.875, 2.125, 7.9375, 2.1875], "texture": "#0"},
				"south": {"uv": [6.875, 6.875, 7.1875, 6.9375], "texture": "#0"},
				"west": {"uv": [2.25, 7.875, 2.3125, 7.9375], "texture": "#0"},
				"up": {"uv": [7.3125, 0.0625, 7, 0], "texture": "#0"},
				"down": {"uv": [0.8125, 7, 0.5, 7.0625], "texture": "#0"}
			}
		},
		{
			"from": [6.875, -2.27145, 27.85],
			"to": [9.125, -1.77145, 28.275],
			"rotation": {"angle": 0, "axis": "y", "origin": [-6.125, -2.55, 28.225]},
			"faces": {
				"north": {"uv": [6.875, 5.75, 7.1875, 5.8125], "texture": "#0"},
				"east": {"uv": [7.875, 2, 7.9375, 2.0625], "texture": "#0"},
				"south": {"uv": [6.875, 5.875, 7.1875, 5.9375], "texture": "#0"},
				"west": {"uv": [2.125, 7.875, 2.1875, 7.9375], "texture": "#0"},
				"up": {"uv": [7.1875, 6.1875, 6.875, 6.125], "texture": "#0"},
				"down": {"uv": [7.1875, 6.625, 6.875, 6.6875], "texture": "#0"}
			}
		},
		{
			"from": [9.125, 0.59142, 10.01287],
			"to": [10.375, 0.89142, 10.13787],
			"rotation": {"angle": 0, "axis": "y", "origin": [-4.375, 0.89142, 10.66642]},
			"faces": {
				"north": {"uv": [2.875, 7.375, 3.0625, 7.4375], "texture": "#0"},
				"east": {"uv": [7.875, 1, 7.9375, 1.0625], "texture": "#0"},
				"south": {"uv": [7.375, 2.875, 7.5625, 2.9375], "texture": "#0"},
				"west": {"uv": [1.125, 7.875, 1.1875, 7.9375], "texture": "#0"},
				"up": {"uv": [7.5625, 3.0625, 7.375, 3], "texture": "#0"},
				"down": {"uv": [3.3125, 7.375, 3.125, 7.4375], "texture": "#0"}
			}
		},
		{
			"from": [9.125, 0.59142, 10.61213],
			"to": [10.375, 0.89142, 10.73713],
			"rotation": {"angle": 0, "axis": "y", "origin": [-4.375, 0.84142, 10.08358]},
			"faces": {
				"north": {"uv": [7.375, 2.5, 7.5625, 2.5625], "texture": "#0"},
				"east": {"uv": [7.875, 0.875, 7.9375, 0.9375], "texture": "#0"},
				"south": {"uv": [2.625, 7.375, 2.8125, 7.4375], "texture": "#0"},
				"west": {"uv": [1, 7.875, 1.0625, 7.9375], "texture": "#0"},
				"up": {"uv": [7.5625, 2.6875, 7.375, 2.625], "texture": "#0"},
				"down": {"uv": [7.5625, 2.75, 7.375, 2.8125], "texture": "#0"}
			}
		},
		{
			"from": [9.125, 0.37929, 10.225],
			"to": [10.375, 0.50429, 10.525],
			"rotation": {"angle": 0, "axis": "y", "origin": [-4.375, 1.03284, 10.475]},
			"faces": {
				"north": {"uv": [2.125, 7.375, 2.3125, 7.4375], "texture": "#0"},
				"east": {"uv": [7.875, 0.75, 7.9375, 0.8125], "texture": "#0"},
				"south": {"uv": [7.375, 2.25, 7.5625, 2.3125], "texture": "#0"},
				"west": {"uv": [0.875, 7.875, 0.9375, 7.9375], "texture": "#0"},
				"up": {"uv": [2.5625, 7.4375, 2.375, 7.375], "texture": "#0"},
				"down": {"uv": [7.5625, 2.375, 7.375, 2.4375], "texture": "#0"}
			}
		},
		{
			"from": [8.75, 0.45, 10],
			"to": [10.5, 0.575, 10.25],
			"rotation": {"angle": -45, "axis": "x", "origin": [-4.25, 1.05355, 10.25]},
			"faces": {
				"north": {"uv": [7.25, 0.125, 7.5, 0.1875], "texture": "#0"},
				"east": {"uv": [7.875, 0.625, 7.9375, 0.6875], "texture": "#0"},
				"south": {"uv": [0.25, 7.25, 0.5, 7.3125], "texture": "#0"},
				"west": {"uv": [0.75, 7.875, 0.8125, 7.9375], "texture": "#0"},
				"up": {"uv": [7.5, 0.3125, 7.25, 0.25], "texture": "#0"},
				"down": {"uv": [7.5, 0.375, 7.25, 0.4375], "texture": "#0"}
			}
		},
		{
			"from": [8.75, 1.10533, 10.42678],
			"to": [10.5, 1.23033, 10.67678],
			"rotation": {"angle": -45, "axis": "x", "origin": [-4.25, 0.62678, 10.67678]},
			"faces": {
				"north": {"uv": [7.125, 6.5, 7.375, 6.5625], "texture": "#0"},
				"east": {"uv": [7.875, 0.5, 7.9375, 0.5625], "texture": "#0"},
				"south": {"uv": [7.125, 7, 7.375, 7.0625], "texture": "#0"},
				"west": {"uv": [0.625, 7.875, 0.6875, 7.9375], "texture": "#0"},
				"up": {"uv": [7.375, 7.1875, 7.125, 7.125], "texture": "#0"},
				"down": {"uv": [0.25, 7.25, 0, 7.3125], "texture": "#0"}
			}
		},
		{
			"from": [8.75, 0.80355, 9.89645],
			"to": [10.5, 1.05355, 10.02145],
			"rotation": {"angle": -45, "axis": "x", "origin": [-4.25, 1.05355, 10.5]},
			"faces": {
				"north": {"uv": [6.125, 7.125, 6.375, 7.1875], "texture": "#0"},
				"east": {"uv": [7.875, 0.375, 7.9375, 0.4375], "texture": "#0"},
				"south": {"uv": [7.125, 6.25, 7.375, 6.3125], "texture": "#0"},
				"west": {"uv": [0.5, 7.875, 0.5625, 7.9375], "texture": "#0"},
				"up": {"uv": [6.625, 7.1875, 6.375, 7.125], "texture": "#0"},
				"down": {"uv": [7.375, 6.375, 7.125, 6.4375], "texture": "#0"}
			}
		},
		{
			"from": [8.75, 0.45, 10.72855],
			"to": [10.5, 0.7, 10.85355],
			"rotation": {"angle": -45, "axis": "x", "origin": [-4.25, 0.45, 10.25]},
			"faces": {
				"north": {"uv": [5.25, 7.125, 5.5, 7.1875], "texture": "#0"},
				"east": {"uv": [7.875, 0.25, 7.9375, 0.3125], "texture": "#0"},
				"south": {"uv": [7.125, 5.25, 7.375, 5.3125], "texture": "#0"},
				"west": {"uv": [0.375, 7.875, 0.4375, 7.9375], "texture": "#0"},
				"up": {"uv": [5.75, 7.1875, 5.5, 7.125], "texture": "#0"},
				"down": {"uv": [7.375, 6, 7.125, 6.0625], "texture": "#0"}
			}
		},
		{
			"from": [7.38839, -0.83306, -16],
			"to": [8.01339, 0.01694, -14],
			"rotation": {"angle": -45, "axis": "z", "origin": [7.76339, -0.45806, -14.5]},
			"faces": {
				"north": {"uv": [7.5, 5.875, 7.5625, 6], "texture": "#0"},
				"east": {"uv": [6.625, 5.75, 6.875, 5.875], "texture": "#0"},
				"south": {"uv": [6, 7.5, 6.0625, 7.625], "texture": "#0"},
				"west": {"uv": [6.625, 5.875, 6.875, 6], "texture": "#0"},
				"up": {"uv": [5.8125, 7.25, 5.75, 7], "texture": "#0"},
				"down": {"uv": [6.8125, 7, 6.75, 7.25], "texture": "#0"}
			}
		},
		{
			"from": [7.21789, -0.10355, -16],
			"to": [7.84289, 0.74645, -14],
			"rotation": {"angle": -45, "axis": "z", "origin": [7.59289, -0.62855, -14.5]},
			"faces": {
				"north": {"uv": [7.5, 6.125, 7.5625, 6.25], "texture": "#0"},
				"east": {"uv": [6, 6.625, 6.25, 6.75], "texture": "#0"},
				"south": {"uv": [6.375, 7.5, 6.4375, 7.625], "texture": "#0"},
				"west": {"uv": [6.25, 6.625, 6.5, 6.75], "texture": "#0"},
				"up": {"uv": [6.9375, 7.25, 6.875, 7], "texture": "#0"},
				"down": {"uv": [7.0625, 7, 7, 7.25], "texture": "#0"}
			}
		},
		{
			"from": [7.99194, -0.45806, -16],
			"to": [8.74194, 0.16694, -14],
			"rotation": {"angle": 0, "axis": "y", "origin": [7.36694, 0.16694, -14.5]},
			"faces": {
				"north": {"uv": [4.875, 7.5, 5, 7.5625], "texture": "#0"},
				"east": {"uv": [7, 5.125, 7.25, 5.1875], "texture": "#0"},
				"south": {"uv": [5, 7.5, 5.125, 7.5625], "texture": "#0"},
				"west": {"uv": [5.25, 7, 5.5, 7.0625], "texture": "#0"},
				"up": {"uv": [6.625, 6, 6.5, 5.75], "texture": "#0"},
				"down": {"uv": [6.625, 6.375, 6.5, 6.625], "texture": "#0"}
			}
		},
		{
			"from": [7.675, -0.24112, -16],
			"to": [8.3, 0.60888, -14],
			"rotation": {"angle": 0, "axis": "y", "origin": [7.65269, 0.02764, -14.5]},
			"faces": {
				"north": {"uv": [7.5, 5.625, 7.5625, 5.75], "texture": "#0"},
				"east": {"uv": [6.625, 5.625, 6.875, 5.75], "texture": "#0"},
				"south": {"uv": [7.5, 5.75, 7.5625, 5.875], "texture": "#0"},
				"west": {"uv": [5.75, 6.625, 6, 6.75], "texture": "#0"},
				"up": {"uv": [3.1875, 7.25, 3.125, 7], "texture": "#0"},
				"down": {"uv": [3.9375, 7, 3.875, 7.25], "texture": "#0"}
			}
		},
		{
			"from": [7.49107, -0.36908, -16],
			"to": [8.11607, 0.48092, -14],
			"rotation": {"angle": 45, "axis": "z", "origin": [7.74107, 0.01248, -14.5]},
			"faces": {
				"north": {"uv": [5.25, 7.5, 5.3125, 7.625], "texture": "#0"},
				"east": {"uv": [6.5, 5.125, 6.75, 5.25], "texture": "#0"},
				"south": {"uv": [5.375, 7.5, 5.4375, 7.625], "texture": "#0"},
				"west": {"uv": [6.625, 5.5, 6.875, 5.625], "texture": "#0"},
				"up": {"uv": [6.6875, 7.125, 6.625, 6.875], "texture": "#0"},
				"down": {"uv": [2.3125, 7, 2.25, 7.25], "texture": "#0"}
			}
		},
		{
			"from": [7.23306, -0.45806, -16],
			"to": [7.98306, 0.16694, -14],
			"rotation": {"angle": 0, "axis": "y", "origin": [7.8143, 0.06426, -14.5]},
			"faces": {
				"north": {"uv": [5.125, 7.5, 5.25, 7.5625], "texture": "#0"},
				"east": {"uv": [7, 5.375, 7.25, 5.4375], "texture": "#0"},
				"south": {"uv": [7.5, 5.125, 7.625, 5.1875], "texture": "#0"},
				"west": {"uv": [5.5, 7, 5.75, 7.0625], "texture": "#0"},
				"up": {"uv": [1.875, 6.875, 1.75, 6.625], "texture": "#0"},
				"down": {"uv": [2.5, 6.625, 2.375, 6.875], "texture": "#0"}
			}
		},
		{
			"from": [8.22145, -0.28756, -16],
			"to": [9.07145, 0.33744, -14],
			"rotation": {"angle": -45, "axis": "z", "origin": [7.94645, 0.33744, -14.5]},
			"faces": {
				"north": {"uv": [4.5, 7.5, 4.625, 7.5625], "texture": "#0"},
				"east": {"uv": [2.5, 7, 2.75, 7.0625], "texture": "#0"},
				"south": {"uv": [4.75, 7.5, 4.875, 7.5625], "texture": "#0"},
				"west": {"uv": [4.75, 7, 5, 7.0625], "texture": "#0"},
				"up": {"uv": [4.875, 6.75, 4.75, 6.5], "texture": "#0"},
				"down": {"uv": [6.625, 5.5, 6.5, 5.75], "texture": "#0"}
			}
		},
		{
			"from": [7.125, -1, 9],
			"to": [8.375, 1.9, 19],
			"rotation": {"angle": 0, "axis": "y", "origin": [0, -0.75, -4]},
			"faces": {
				"north": {"uv": [6, 4, 6.1875, 4.375], "texture": "#0", "tintindex": 0},
				"east": {"uv": [0, 0, 1.25, 0.375], "texture": "#0"},
				"south": {"uv": [6, 4.875, 6.1875, 5.25], "texture": "#0"},
				"west": {"uv": [0, 0.375, 1.25, 0.75], "texture": "#0", "tintindex": 0},
				"up": {"uv": [0.9375, 2.5, 0.75, 1.25], "texture": "#0"},
				"down": {"uv": [1.1875, 1.25, 1, 2.5], "texture": "#0", "tintindex": 0}
			}
		},
		{
			"from": [7.125, -7.75, 17.25],
			"to": [8.875, -2.025, 19.5],
			"rotation": {"angle": -22.5, "axis": "x", "origin": [7.75, -2.0125, 17]},
			"faces": {
				"north": {"uv": [4, 4, 4.25, 4.6875], "texture": "#0", "tintindex": 0},
				"east": {"uv": [1.5, 0.25, 1.8125, 0.9375], "texture": "#0", "tintindex": 0},
				"south": {"uv": [4.25, 4, 4.5, 4.6875], "texture": "#0", "tintindex": 0},
				"west": {"uv": [1.25, 1.5, 1.5625, 2.1875], "texture": "#0", "tintindex": 0},
				"up": {"uv": [5, 6.0625, 4.75, 5.75], "texture": "#0"},
				"down": {"uv": [6, 4.875, 5.75, 5.1875], "texture": "#0", "tintindex": 0}
			}
		},
		{
			"from": [7.125, -7.55866, 16.46194],
			"to": [8.875, -7.08366, 17.21194],
			"rotation": {"angle": -22.5, "axis": "x", "origin": [7.75, -1.82116, 17.46194]},
			"faces": {
				"north": {"uv": [1.375, 7.25, 1.625, 7.3125], "texture": "#0", "tintindex": 0},
				"east": {"uv": [7.625, 5.75, 7.75, 5.8125], "texture": "#0", "tintindex": 0},
				"south": {"uv": [1.625, 7.25, 1.875, 7.3125], "texture": "#0"},
				"west": {"uv": [5.875, 7.625, 6, 7.6875], "texture": "#0", "tintindex": 0},
				"up": {"uv": [7, 2, 6.75, 1.875], "texture": "#0", "tintindex": 0},
				"down": {"uv": [7, 2, 6.75, 2.125], "texture": "#0", "tintindex": 0}
			}
		},
		{
			"from": [7.125, -7.06667, 18.75177],
			"to": [8.875, -6.34167, 19.22677],
			"rotation": {"angle": 22.5, "axis": "x", "origin": [8, -7.14167, 18.98927]},
			"faces": {
				"north": {"uv": [1.875, 7.25, 2.125, 7.3125], "texture": "#0", "tintindex": 0},
				"east": {"uv": [7.875, 1.875, 7.9375, 1.9375], "texture": "#0", "tintindex": 0},
				"south": {"uv": [2.125, 7.25, 2.375, 7.3125], "texture": "#0"},
				"west": {"uv": [2, 7.875, 2.0625, 7.9375], "texture": "#0", "tintindex": 0},
				"up": {"uv": [2.625, 7.3125, 2.375, 7.25], "texture": "#0"},
				"down": {"uv": [2.875, 7.25, 2.625, 7.3125], "texture": "#0"}
			}
		},
		{
			"from": [7.125, -2.025, 17],
			"to": [8.875, -1.05, 19.25],
			"rotation": {"angle": -22.5, "axis": "x", "origin": [7.75, -2.0125, 17.25]},
			"faces": {
				"north": {"uv": [6.75, 0.75, 7, 0.875], "texture": "#0", "tintindex": 0},
				"east": {"uv": [6.5, 3.25, 6.8125, 3.375], "texture": "#0", "tintindex": 0},
				"south": {"uv": [6.75, 0.875, 7, 1], "texture": "#0"},
				"west": {"uv": [6.5, 3.375, 6.8125, 3.5], "texture": "#0", "tintindex": 0},
				"up": {"uv": [2.125, 6.1875, 1.875, 5.875], "texture": "#0"},
				"down": {"uv": [6.25, 0.125, 6, 0.4375], "texture": "#0", "tintindex": 0}
			}
		},
		{
			"from": [7.375, -2.7625, 17.2875],
			"to": [8.625, -1.7625, 17.7625],
			"rotation": {"angle": 22.5, "axis": "x", "origin": [7.75, -1.2625, 17.25]},
			"faces": {
				"north": {"uv": [6.875, 1, 7.0625, 1.125], "texture": "#0", "tintindex": 0},
				"east": {"uv": [7.625, 6.875, 7.6875, 7], "texture": "#0", "tintindex": 0},
				"south": {"uv": [6.875, 1.125, 7.0625, 1.25], "texture": "#0", "tintindex": 0},
				"west": {"uv": [7, 7.625, 7.0625, 7.75], "texture": "#0", "tintindex": 0},
				"up": {"uv": [7.6875, 0.1875, 7.5, 0.125], "texture": "#0"},
				"down": {"uv": [7.6875, 0.25, 7.5, 0.3125], "texture": "#0"}
			}
		},
		{
			"from": [7.78125, -2.2625, 16.2875],
			"to": [8.21875, -1.2625, 16.7625],
			"rotation": {"angle": 22.5, "axis": "x", "origin": [7.75, -1.2625, 17.25]},
			"faces": {
				"north": {"uv": [6.875, 1, 7.0625, 1.125], "texture": "#0", "tintindex": 0},
				"east": {"uv": [7.625, 6.875, 7.6875, 7], "texture": "#0", "tintindex": 0},
				"south": {"uv": [6.875, 1.125, 7.0625, 1.25], "texture": "#0", "tintindex": 0},
				"west": {"uv": [7, 7.625, 7.0625, 7.75], "texture": "#0", "tintindex": 0},
				"up": {"uv": [7.6875, 0.1875, 7.5, 0.125], "texture": "#0"},
				"down": {"uv": [7.6875, 0.25, 7.5, 0.3125], "texture": "#0"}
			}
		},
		{
			"from": [7.78125, -1.85704, 16.13664],
			"to": [8.21875, -1.38204, 16.76164],
			"rotation": {"angle": -45, "axis": "x", "origin": [7.75, -2.34454, 16.76164]},
			"faces": {
				"north": {"uv": [7.6875, 0.25, 7.5, 0.3125], "rotation": 180, "texture": "#0"},
				"east": {"uv": [7.625, 6.875, 7.6875, 7], "rotation": 270, "texture": "#0", "tintindex": 0},
				"south": {"uv": [7.6875, 0.1875, 7.5, 0.125], "texture": "#0"},
				"west": {"uv": [7, 7.625, 7.0625, 7.75], "rotation": 90, "texture": "#0", "tintindex": 0},
				"up": {"uv": [6.875, 1, 7.0625, 1.125], "rotation": 180, "texture": "#0", "tintindex": 0},
				"down": {"uv": [6.875, 1.125, 7.0625, 1.25], "texture": "#0", "tintindex": 0}
			}
		},
		{
			"from": [7.375, -3.24521, 16.1347],
			"to": [8.625, -2.77021, 17.1347],
			"rotation": {"angle": -22.5, "axis": "x", "origin": [8, -3.00771, 16.1347]},
			"faces": {
				"north": {"uv": [7.5, 0.375, 7.6875, 0.4375], "texture": "#0"},
				"east": {"uv": [7.625, 7, 7.75, 7.0625], "texture": "#0", "tintindex": 0},
				"south": {"uv": [7.5, 0.625, 7.6875, 0.6875], "texture": "#0"},
				"west": {"uv": [7.125, 7.625, 7.25, 7.6875], "texture": "#0", "tintindex": 0},
				"up": {"uv": [7.0625, 1.375, 6.875, 1.25], "texture": "#0", "tintindex": 0},
				"down": {"uv": [7.0625, 1.375, 6.875, 1.5], "texture": "#0", "tintindex": 0}
			}
		},
		{
			"from": [7.375, -3.22713, 14.97558],
			"to": [8.625, -2.75213, 16.22558],
			"rotation": {"angle": 0, "axis": "y", "origin": [8, -2.98963, 15.72558]},
			"faces": {
				"north": {"uv": [7.5, 0.75, 7.6875, 0.8125], "texture": "#0"},
				"east": {"uv": [7.5, 0.875, 7.6875, 0.9375], "texture": "#0", "tintindex": 0},
				"south": {"uv": [7.5, 1, 7.6875, 1.0625], "texture": "#0"},
				"west": {"uv": [1.125, 7.5, 1.3125, 7.5625], "texture": "#0", "tintindex": 0},
				"up": {"uv": [4.6875, 6.6875, 4.5, 6.5], "texture": "#0", "tintindex": 0},
				"down": {"uv": [6.6875, 4.75, 6.5, 4.9375], "texture": "#0", "tintindex": 0}
			}
		},
		{
			"from": [7.375, -2.95819, 14.37356],
			"to": [8.625, -2.48319, 15.12356],
			"rotation": {"angle": 22.5, "axis": "x", "origin": [8, -2.72069, 14.37356]},
			"faces": {
				"north": {"uv": [7.5, 1.125, 7.6875, 1.1875], "texture": "#0"},
				"east": {"uv": [7.625, 7.125, 7.75, 7.1875], "texture": "#0", "tintindex": 0},
				"south": {"uv": [7.5, 1.25, 7.6875, 1.3125], "texture": "#0"},
				"west": {"uv": [7.25, 7.625, 7.375, 7.6875], "texture": "#0", "tintindex": 0},
				"up": {"uv": [7.0625, 3.375, 6.875, 3.25], "texture": "#0", "tintindex": 0},
				"down": {"uv": [7.0625, 3.375, 6.875, 3.5], "texture": "#0", "tintindex": 0}
			}
		},
		{
			"from": [7.375, -2.87777, 14.12109],
			"to": [8.625, -1.05277, 14.59609],
			"rotation": {"angle": -22.5, "axis": "x", "origin": [8, -2.50277, 14.35859]},
			"faces": {
				"north": {"uv": [6.25, 6.375, 6.4375, 6.625], "texture": "#0", "tintindex": 0},
				"east": {"uv": [4.75, 7.25, 4.8125, 7.5], "texture": "#0", "tintindex": 0},
				"south": {"uv": [0.25, 6.5, 0.4375, 6.75], "texture": "#0", "tintindex": 0},
				"west": {"uv": [4.875, 7.25, 4.9375, 7.5], "texture": "#0", "tintindex": 0},
				"up": {"uv": [7.6875, 1.4375, 7.5, 1.375], "texture": "#0"},
				"down": {"uv": [7.6875, 1.5, 7.5, 1.5625], "texture": "#0"}
			}
		},
		{
			"from": [7.375, -1.8782, 13.86756],
			"to": [8.625, -0.7532, 14.34256],
			"rotation": {"angle": -45, "axis": "x", "origin": [8, -1.8907, 13.85506]},
			"faces": {
				"north": {"uv": [3.5, 6.875, 3.6875, 7], "texture": "#0", "tintindex": 0},
				"east": {"uv": [7.625, 7.25, 7.6875, 7.375], "texture": "#0", "tintindex": 0},
				"south": {"uv": [6.875, 3.5, 7.0625, 3.625], "texture": "#0"},
				"west": {"uv": [7.375, 7.625, 7.4375, 7.75], "texture": "#0", "tintindex": 0},
				"up": {"uv": [7.6875, 1.6875, 7.5, 1.625], "texture": "#0"},
				"down": {"uv": [7.6875, 1.75, 7.5, 1.8125], "texture": "#0"}
			}
		},
		{
			"from": [7.125, -1.85131, 16.05162],
			"to": [8.875, -1.35131, 17.05162],
			"rotation": {"angle": 22.5, "axis": "x", "origin": [8, -1.23881, 17.62662]},
			"faces": {
				"north": {"uv": [2.875, 7.25, 3.125, 7.3125], "texture": "#0"},
				"east": {"uv": [7.625, 5.875, 7.75, 5.9375], "texture": "#0", "tintindex": 0},
				"south": {"uv": [3.125, 7.25, 3.375, 7.3125], "texture": "#0"},
				"west": {"uv": [6, 7.625, 6.125, 7.6875], "texture": "#0", "tintindex": 0},
				"up": {"uv": [7, 2.25, 6.75, 2.125], "texture": "#0"},
				"down": {"uv": [7, 2.25, 6.75, 2.375], "texture": "#0", "tintindex": 0}
			}
		},
		{
			"from": [7.125, -1.83956, 18.72293],
			"to": [8.875, -1.33956, 21.27293],
			"rotation": {"angle": 22.5, "axis": "x", "origin": [7.75, -3.46456, 21.66043]},
			"faces": {
				"north": {"uv": [0.625, 7.25, 0.875, 7.3125], "texture": "#0"},
				"east": {"uv": [6.875, 5.5, 7.1875, 5.5625], "texture": "#0", "tintindex": 0},
				"south": {"uv": [7.25, 0.625, 7.5, 0.6875], "texture": "#0", "tintindex": 0},
				"west": {"uv": [6.875, 5.625, 7.1875, 5.6875], "texture": "#0", "tintindex": 0},
				"up": {"uv": [6, 5.5625, 5.75, 5.25], "texture": "#0", "tintindex": 0},
				"down": {"uv": [6, 5.625, 5.75, 5.9375], "texture": "#0", "tintindex": 0}
			}
		},
		{
			"from": [7.125, -1.25966, 19.88597],
			"to": [8.875, -0.45966, 21.13597],
			"rotation": {"angle": -45, "axis": "x", "origin": [8, -1.88466, 20.78597]},
			"faces": {
				"north": {"uv": [0.25, 6.75, 0.5, 6.875], "texture": "#0"},
				"east": {"uv": [0.75, 6.875, 0.9375, 7], "texture": "#0", "tintindex": 0},
				"south": {"uv": [0.75, 6.75, 1, 6.875], "texture": "#0"},
				"west": {"uv": [1, 6.875, 1.1875, 7], "texture": "#0", "tintindex": 0},
				"up": {"uv": [4.625, 6.4375, 4.375, 6.25], "texture": "#0"},
				"down": {"uv": [4.875, 6.25, 4.625, 6.4375], "texture": "#0", "tintindex": 0}
			}
		},
		{
			"from": [7.125, -1, 19],
			"to": [8.875, 1.275, 20.525],
			"rotation": {"angle": 0, "axis": "y", "origin": [0, -0.75, -6]},
			"faces": {
				"north": {"uv": [5.25, 5.625, 5.5, 5.9375], "texture": "#0"},
				"east": {"uv": [6, 5.375, 6.1875, 5.6875], "texture": "#0", "tintindex": 0},
				"south": {"uv": [0.25, 5.75, 0.5, 6.0625], "texture": "#0"},
				"west": {"uv": [5.75, 6, 5.9375, 6.3125], "texture": "#0", "tintindex": 0},
				"up": {"uv": [6.5, 3.4375, 6.25, 3.25], "texture": "#0"},
				"down": {"uv": [6.5, 4, 6.25, 4.1875], "texture": "#0"}
			}
		},
		{
			"from": [7.125, -1.5, 20.25],
			"to": [8.875, -1.225, 21.275],
			"rotation": {"angle": 0, "axis": "y", "origin": [0, -0.75, -6]},
			"faces": {
				"north": {"uv": [6.625, 7.25, 6.875, 7.3125], "texture": "#0"},
				"east": {"uv": [0.875, 7.75, 1, 7.8125], "texture": "#0", "tintindex": 0},
				"south": {"uv": [7.25, 6.625, 7.5, 6.6875], "texture": "#0"},
				"west": {"uv": [7.75, 0.875, 7.875, 0.9375], "texture": "#0", "tintindex": 0},
				"up": {"uv": [7, 2.5, 6.75, 2.375], "texture": "#0"},
				"down": {"uv": [7, 2.5, 6.75, 2.625], "texture": "#0", "tintindex": 0}
			}
		},
		{
			"from": [7.125, -1.53664, 20.49275],
			"to": [8.875, 1.06336, 21.01775],
			"rotation": {"angle": -22.5, "axis": "x", "origin": [8, -0.07414, 20.25525]},
			"faces": {
				"north": {"uv": [2.75, 6, 3, 6.3125], "texture": "#0"},
				"east": {"uv": [5.875, 6.875, 5.9375, 7.1875], "texture": "#0", "tintindex": 0},
				"south": {"uv": [6, 2.75, 6.25, 3.0625], "texture": "#0", "tintindex": 0},
				"west": {"uv": [6, 6.875, 6.0625, 7.1875], "texture": "#0", "tintindex": 0},
				"up": {"uv": [1.125, 7.3125, 0.875, 7.25], "texture": "#0"},
				"down": {"uv": [7.5, 1, 7.25, 1.0625], "texture": "#0"}
			}
		},
		{
			"from": [7.125, -1.28664, 19.99275],
			"to": [8.875, -0.13664, 20.51775],
			"rotation": {"angle": -22.5, "axis": "x", "origin": [8, -0.07414, 20.25525]},
			"faces": {
				"north": {"uv": [1, 6.75, 1.25, 6.875], "texture": "#0"},
				"east": {"uv": [7.625, 5.625, 7.6875, 5.75], "texture": "#0", "tintindex": 0},
				"south": {"uv": [6.75, 1.75, 7, 1.875], "texture": "#0"},
				"west": {"uv": [5.75, 7.625, 5.8125, 7.75], "texture": "#0", "tintindex": 0},
				"up": {"uv": [1.375, 7.3125, 1.125, 7.25], "texture": "#0"},
				"down": {"uv": [7.5, 1.125, 7.25, 1.1875], "texture": "#0"}
			}
		},
		{
			"from": [7.125, -0.81939, 18.45908],
			"to": [8.875, 1.45561, 20.10908],
			"rotation": {"angle": 22.5, "axis": "x", "origin": [8, 0.31811, 19.84658]},
			"faces": {
				"north": {"uv": [2.5, 5.75, 2.75, 6.0625], "texture": "#0"},
				"east": {"uv": [6, 5.75, 6.1875, 6.0625], "texture": "#0", "tintindex": 0},
				"south": {"uv": [4.5, 5.75, 4.75, 6.0625], "texture": "#0"},
				"west": {"uv": [0.25, 6.125, 0.4375, 6.4375], "texture": "#0", "tintindex": 0},
				"up": {"uv": [4.375, 6.4375, 4.125, 6.25], "texture": "#0", "tintindex": 0},
				"down": {"uv": [6.5, 4.25, 6.25, 4.4375], "texture": "#0"}
			}
		},
		{
			"from": [8.375, -1, 9],
			"to": [8.875, 0.4, 19],
			"rotation": {"angle": 0, "axis": "y", "origin": [0, -0.75, -4]},
			"faces": {
				"north": {"uv": [1.625, 7.375, 1.6875, 7.5625], "texture": "#0", "tintindex": 0},
				"east": {"uv": [1.25, 1.25, 2.5, 1.4375], "texture": "#0", "tintindex": 0},
				"south": {"uv": [1.75, 7.375, 1.8125, 7.5625], "texture": "#0"},
				"west": {"uv": [1.5, 0, 2.75, 0.1875], "texture": "#0"},
				"up": {"uv": [5.0625, 6.875, 5, 5.625], "texture": "#0", "tintindex": 0},
				"down": {"uv": [5.1875, 5.625, 5.125, 6.875], "texture": "#0", "tintindex": 0}
			}
		},
		{
			"from": [8.375, 0.4, 15],
			"to": [8.875, 1.9, 19],
			"rotation": {"angle": 0, "axis": "y", "origin": [0, -0.75, -4]},
			"faces": {
				"north": {"uv": [7.375, 1.75, 7.4375, 1.9375], "texture": "#0", "tintindex": 0},
				"east": {"uv": [0.25, 5.5, 0.75, 5.6875], "texture": "#0", "tintindex": 0},
				"south": {"uv": [1.875, 7.375, 1.9375, 7.5625], "texture": "#0"},
				"west": {"uv": [5.5, 0.25, 6, 0.4375], "texture": "#0"},
				"up": {"uv": [4.0625, 7.125, 4, 6.625], "texture": "#0"},
				"down": {"uv": [6.6875, 6.375, 6.625, 6.875], "texture": "#0"}
			}
		},
		{
			"from": [8.375, 1.15, 12.5],
			"to": [8.875, 1.9, 15],
			"rotation": {"angle": 0, "axis": "y", "origin": [0, -0.75, -4]},
			"faces": {
				"north": {"uv": [7.625, 5.375, 7.6875, 5.5], "texture": "#0", "tintindex": 0},
				"east": {"uv": [6.5, 1, 6.8125, 1.125], "texture": "#0", "tintindex": 0},
				"south": {"uv": [5.5, 7.625, 5.5625, 7.75], "texture": "#0"},
				"west": {"uv": [6.5, 1.125, 6.8125, 1.25], "texture": "#0"},
				"up": {"uv": [6.9375, 4.1875, 6.875, 3.875], "texture": "#0"},
				"down": {"uv": [4.3125, 6.875, 4.25, 7.1875], "texture": "#0", "tintindex": 0}
			}
		},
		{
			"from": [8.375, 1.4, 10],
			"to": [8.875, 1.9, 12.5],
			"rotation": {"angle": 0, "axis": "y", "origin": [0, -0.75, -4]},
			"faces": {
				"north": {"uv": [7.5, 7.75, 7.5625, 7.8125], "texture": "#0"},
				"east": {"uv": [4.375, 6.875, 4.6875, 6.9375], "texture": "#0", "tintindex": 0},
				"south": {"uv": [7.75, 7.5, 7.8125, 7.5625], "texture": "#0"},
				"west": {"uv": [6.875, 4.625, 7.1875, 4.6875], "texture": "#0"},
				"up": {"uv": [5.0625, 7.1875, 5, 6.875], "texture": "#0"},
				"down": {"uv": [5.1875, 6.875, 5.125, 7.1875], "texture": "#0", "tintindex": 0}
			}
		},
		{
			"from": [8.375, 0.4, 10],
			"to": [8.625, 1.4, 15],
			"rotation": {"angle": 0, "axis": "y", "origin": [0, -0.75, -4]},
			"faces": {
				"north": {"uv": [7.625, 5.5, 7.6875, 5.625], "texture": "#0"},
				"east": {"uv": [5.625, 4.375, 6.25, 4.5], "texture": "#0", "tintindex": 0},
				"south": {"uv": [5.625, 7.625, 5.6875, 7.75], "texture": "#0"},
				"west": {"uv": [5.625, 4.5, 6.25, 4.625], "texture": "#0"},
				"up": {"uv": [3.4375, 7.125, 3.375, 6.5], "texture": "#0"},
				"down": {"uv": [4.1875, 6.5, 4.125, 7.125], "texture": "#0"}
			}
		},
		{
			"from": [8.375, 0.4, 9],
			"to": [8.875, 1.9, 10],
			"rotation": {"angle": 0, "axis": "y", "origin": [0, -0.75, -4]},
			"faces": {
				"north": {"uv": [2, 7.375, 2.0625, 7.5625], "texture": "#0", "tintindex": 0},
				"east": {"uv": [0.125, 6.875, 0.25, 7.0625], "texture": "#0", "tintindex": 0},
				"south": {"uv": [7.375, 2, 7.4375, 2.1875], "texture": "#0", "tintindex": 0},
				"west": {"uv": [0.25, 6.875, 0.375, 7.0625], "texture": "#0"},
				"up": {"uv": [7.6875, 5.375, 7.625, 5.25], "texture": "#0"},
				"down": {"uv": [5.4375, 7.625, 5.375, 7.75], "texture": "#0"}
			}
		},
		{
			"from": [7.125, -1.275, 9],
			"to": [8.875, -1, 9.5],
			"rotation": {"angle": 0, "axis": "y", "origin": [0, -0.75, 0]},
			"faces": {
				"north": {"uv": [7.125, 1.25, 7.375, 1.3125], "texture": "#0", "tintindex": 0},
				"east": {"uv": [6, 7.75, 6.0625, 7.8125], "texture": "#0", "tintindex": 0},
				"south": {"uv": [1.375, 7.125, 1.625, 7.1875], "texture": "#0", "tintindex": 0},
				"west": {"uv": [7.75, 6, 7.8125, 6.0625], "texture": "#0", "tintindex": 0},
				"up": {"uv": [7.375, 1.4375, 7.125, 1.375], "texture": "#0"},
				"down": {"uv": [7.375, 1.5, 7.125, 1.5625], "texture": "#0", "tintindex": 0}
			}
		},
		{
			"from": [7.125, -1.275, 12.5],
			"to": [8.875, -1, 20.775],
			"rotation": {"angle": 0, "axis": "y", "origin": [0, -0.75, -4]},
			"faces": {
				"north": {"uv": [1.625, 7.125, 1.875, 7.1875], "texture": "#0", "tintindex": 0},
				"east": {"uv": [6, 3.125, 7.0625, 3.1875], "texture": "#0", "tintindex": 0},
				"south": {"uv": [7.125, 1.625, 7.375, 1.6875], "texture": "#0"},
				"west": {"uv": [6, 5.25, 7.0625, 5.3125], "texture": "#0", "tintindex": 0},
				"up": {"uv": [0.5, 2.3125, 0.25, 1.25], "texture": "#0"},
				"down": {"uv": [0.75, 1.25, 0.5, 2.3125], "texture": "#0", "tintindex": 0}
			}
		},
		{
			"from": [7.125, -1.275, 9.5],
			"to": [7.375, -1, 12.5],
			"rotation": {"angle": 0, "axis": "y", "origin": [0, -0.75, -4]},
			"faces": {
				"north": {"uv": [6.125, 7.75, 6.1875, 7.8125], "texture": "#0"},
				"east": {"uv": [5.875, 6.75, 6.25, 6.8125], "texture": "#0", "tintindex": 0},
				"south": {"uv": [7.75, 6.125, 7.8125, 6.1875], "texture": "#0"},
				"west": {"uv": [6.75, 6.25, 7.125, 6.3125], "texture": "#0", "tintindex": 0},
				"up": {"uv": [6.3125, 7.125, 6.25, 6.75], "texture": "#0"},
				"down": {"uv": [6.4375, 6.75, 6.375, 7.125], "texture": "#0", "tintindex": 0}
			}
		},
		{
			"from": [8.625, -1.275, 9.5],
			"to": [8.875, -1, 12.5],
			"rotation": {"angle": 0, "axis": "y", "origin": [0, -0.75, -4]},
			"faces": {
				"north": {"uv": [6.25, 7.75, 6.3125, 7.8125], "texture": "#0"},
				"east": {"uv": [6.75, 6.375, 7.125, 6.4375], "texture": "#0", "tintindex": 0},
				"south": {"uv": [7.75, 6.25, 7.8125, 6.3125], "texture": "#0"},
				"west": {"uv": [6.75, 6.5, 7.125, 6.5625], "texture": "#0", "tintindex": 0},
				"up": {"uv": [6.8125, 7, 6.75, 6.625], "texture": "#0"},
				"down": {"uv": [0.0625, 6.875, 0, 7.25], "texture": "#0", "tintindex": 0}
			}
		},
		{
			"from": [7.125, -0.75, -1],
			"to": [8.875, 1.15, 9],
			"rotation": {"angle": 0, "axis": "y", "origin": [0, -0.75, -4]},
			"faces": {
				"north": {"uv": [5.75, 2.75, 6, 3], "texture": "#0", "tintindex": 0},
				"east": {"uv": [0, 0.75, 1.25, 1], "texture": "#0", "tintindex": 0},
				"south": {"uv": [5.25, 6, 5.5, 6.25], "texture": "#0"},
				"west": {"uv": [0, 1, 1.25, 1.25], "texture": "#0", "tintindex": 0},
				"up": {"uv": [0.25, 2.5, 0, 1.25], "texture": "#0"},
				"down": {"uv": [1.5, 0, 1.25, 1.25], "texture": "#0"}
			}
		},
		{
			"from": [8.375, 1.15, -1],
			"to": [8.875, 1.4, 9],
			"rotation": {"angle": 0, "axis": "y", "origin": [0, -0.75, -4]},
			"faces": {
				"north": {"uv": [5.375, 7.75, 5.4375, 7.8125], "texture": "#0", "tintindex": 0},
				"east": {"uv": [5.5, 0.75, 6.75, 0.8125], "texture": "#0", "tintindex": 0},
				"south": {"uv": [7.75, 5.375, 7.8125, 5.4375], "texture": "#0"},
				"west": {"uv": [5.5, 0.875, 6.75, 0.9375], "texture": "#0"},
				"up": {"uv": [1.8125, 6.625, 1.75, 5.375], "texture": "#0"},
				"down": {"uv": [2.4375, 5.375, 2.375, 6.625], "texture": "#0"}
			}
		},
		{
			"from": [7.125, 1.15, -1],
			"to": [7.625, 1.4, 9],
			"rotation": {"angle": 0, "axis": "y", "origin": [0, -0.75, -4]},
			"faces": {
				"north": {"uv": [5.5, 7.75, 5.5625, 7.8125], "texture": "#0", "tintindex": 0},
				"east": {"uv": [5.5, 1.75, 6.75, 1.8125], "texture": "#0"},
				"south": {"uv": [7.75, 5.5, 7.8125, 5.5625], "texture": "#0"},
				"west": {"uv": [5.5, 1.875, 6.75, 1.9375], "texture": "#0", "tintindex": 0},
				"up": {"uv": [0.8125, 6.75, 0.75, 5.5], "texture": "#0"},
				"down": {"uv": [0.9375, 5.5, 0.875, 6.75], "texture": "#0"}
			}
		},
		{
			"from": [7.65533, 1.78033, 9],
			"to": [8.34033, 2.43033, 19],
			"rotation": {"angle": 0, "axis": "y", "origin": [7.99928, 1.93309, 14]},
			"faces": {
				"north": {"uv": [7.875, 1.75, 7.9375, 1.8125], "texture": "#0", "tintindex": 0},
				"east": {"uv": [5.625, 4.625, 6.875, 4.6875], "texture": "#0"},
				"south": {"uv": [1.875, 7.875, 1.9375, 7.9375], "texture": "#0", "tintindex": 0},
				"west": {"uv": [5.75, 0, 7, 0.0625], "texture": "#0"},
				"up": {"uv": [0.5625, 7, 0.5, 5.75], "texture": "#0", "tintindex": 0},
				"down": {"uv": [0.6875, 5.75, 0.625, 7], "texture": "#0"}
			}
		},
		{
			"from": [7.50786, -1.2114, -1],
			"to": [8.25786, -0.3114, 9],
			"rotation": {"angle": 45, "axis": "z", "origin": [7.99928, -0.23358, 3]},
			"faces": {
				"north": {"uv": [7.125, 1.125, 7.25, 1.25], "texture": "#0", "tintindex": 0},
				"east": {"uv": [4.625, 1, 5.875, 1.125], "texture": "#0"},
				"south": {"uv": [1.25, 7.125, 1.375, 7.25], "texture": "#0"},
				"west": {"uv": [4.625, 1.125, 5.875, 1.25], "texture": "#0"},
				"up": {"uv": [2.25, 5.875, 2.125, 4.625], "texture": "#0"},
				"down": {"uv": [4.125, 4.75, 4, 6], "texture": "#0", "tintindex": 0}
			}
		},
		{
			"from": [8.00931, 0.93075, -1],
			"to": [8.25931, 1.33075, 9],
			"rotation": {"angle": 45, "axis": "z", "origin": [8.00072, 1.90858, 3]},
			"faces": {
				"north": {"uv": [5.875, 7.75, 5.9375, 7.8125], "texture": "#0", "tintindex": 0},
				"east": {"uv": [5.625, 1.25, 6.875, 1.3125], "texture": "#0", "tintindex": 0},
				"south": {"uv": [7.75, 5.875, 7.8125, 5.9375], "texture": "#0"},
				"west": {"uv": [5.625, 1.375, 6.875, 1.4375], "texture": "#0"},
				"up": {"uv": [0.1875, 6.875, 0.125, 5.625], "texture": "#0"},
				"down": {"uv": [5.6875, 4.875, 5.625, 6.125], "texture": "#0"}
			}
		},
		{
			"from": [7.02043, -0.72397, -1],
			"to": [7.92043, 0.02603, 9],
			"rotation": {"angle": 45, "axis": "z", "origin": [7.99928, -0.23358, 3]},
			"faces": {
				"north": {"uv": [7.625, 4.625, 7.75, 4.6875], "texture": "#0", "tintindex": 0},
				"east": {"uv": [5.5, 2.25, 6.75, 2.3125], "texture": "#0"},
				"south": {"uv": [4.75, 7.625, 4.875, 7.6875], "texture": "#0"},
				"west": {"uv": [5.5, 2.375, 6.75, 2.4375], "texture": "#0", "tintindex": 0},
				"up": {"uv": [2, 5.875, 1.875, 4.625], "texture": "#0"},
				"down": {"uv": [2.125, 4.625, 2, 5.875], "texture": "#0"}
			}
		},
		{
			"from": [8.77187, 1.19332, -1],
			"to": [9.17187, 1.44332, 9],
			"rotation": {"angle": 45, "axis": "z", "origin": [8.00072, -0.56629, 7]},
			"faces": {
				"north": {"uv": [5.75, 7.75, 5.8125, 7.8125], "texture": "#0", "tintindex": 0},
				"east": {"uv": [5.5, 2.5, 6.75, 2.5625], "texture": "#0"},
				"south": {"uv": [7.75, 5.75, 7.8125, 5.8125], "texture": "#0"},
				"west": {"uv": [5.5, 2.625, 6.75, 2.6875], "texture": "#0"},
				"up": {"uv": [5.5625, 6.125, 5.5, 4.875], "texture": "#0", "tintindex": 0},
				"down": {"uv": [0.0625, 5.625, 0, 6.875], "texture": "#0"}
			}
		},
		{
			"from": [7.65822, -1.27249, -1],
			"to": [8.34322, -0.62249, 9],
			"rotation": {"angle": 0, "axis": "y", "origin": [7.99928, -0.23358, 3]},
			"faces": {
				"north": {"uv": [5.625, 7.75, 5.6875, 7.8125], "texture": "#0", "tintindex": 0},
				"east": {"uv": [5.5, 2, 6.75, 2.0625], "texture": "#0"},
				"south": {"uv": [7.75, 5.625, 7.8125, 5.6875], "texture": "#0"},
				"west": {"uv": [5.5, 2.125, 6.75, 2.1875], "texture": "#0"},
				"up": {"uv": [1.0625, 6.75, 1, 5.5], "texture": "#0"},
				"down": {"uv": [1.1875, 5.5, 1.125, 6.75], "texture": "#0", "tintindex": 0}
			}
		},
		{
			"from": [7.35767, 1.6279, 9],
			"to": [8.10767, 2.5279, 19],
			"rotation": {"angle": 45, "axis": "z", "origin": [7.99928, 1.93309, 14]},
			"faces": {
				"north": {"uv": [0.5, 7.25, 0.625, 7.375], "texture": "#0", "tintindex": 0},
				"east": {"uv": [4.75, 4.125, 6, 4.25], "texture": "#0"},
				"south": {"uv": [7.25, 0.5, 7.375, 0.625], "texture": "#0", "tintindex": 0},
				"west": {"uv": [4.75, 4.25, 6, 4.375], "texture": "#0"},
				"up": {"uv": [4.375, 6.125, 4.25, 4.875], "texture": "#0", "tintindex": 0},
				"down": {"uv": [4.5, 4.875, 4.375, 6.125], "texture": "#0"}
			}
		},
		{
			"from": [7.35665, 1.71225, 9],
			"to": [7.68165, 2.11225, 16],
			"rotation": {"angle": -45, "axis": "z", "origin": [7.99928, 2.30809, 14]},
			"faces": {
				"north": {"uv": [7.875, 3.875, 7.9375, 3.9375], "texture": "#0", "tintindex": 0},
				"east": {"uv": [6.25, 0.375, 7.125, 0.4375], "texture": "#0", "tintindex": 0},
				"south": {"uv": [4, 7.875, 4.0625, 7.9375], "texture": "#0", "tintindex": 0},
				"west": {"uv": [6.25, 0.5, 7.125, 0.5625], "texture": "#0", "tintindex": 0},
				"up": {"uv": [2.6875, 7, 2.625, 6.125], "texture": "#0", "tintindex": 0},
				"down": {"uv": [5.5625, 6.125, 5.5, 7], "texture": "#0", "tintindex": 0}
			}
		},
		{
			"from": [7.4064, 2.39902, 9],
			"to": [8.5914, 2.62402, 16],
			"rotation": {"angle": 0, "axis": "y", "origin": [7.99745, 2.22126, 14]},
			"faces": {
				"north": {"uv": [7.625, 7.375, 7.75, 7.4375], "texture": "#0", "tintindex": 0},
				"east": {"uv": [6.25, 0.125, 7.125, 0.1875], "texture": "#0", "tintindex": 0},
				"south": {"uv": [7.5, 7.625, 7.625, 7.6875], "texture": "#0", "tintindex": 0},
				"west": {"uv": [6.25, 0.25, 7.125, 0.3125], "texture": "#0", "tintindex": 0},
				"up": {"uv": [1.625, 6.25, 1.5, 5.375], "texture": "#0", "tintindex": 0},
				"down": {"uv": [1.75, 5.375, 1.625, 6.25], "texture": "#0", "tintindex": 0}
			}
		},
		{
			"from": [8.19409, 2.62469, 9],
			"to": [8.59409, 2.94969, 16],
			"rotation": {"angle": -45, "axis": "z", "origin": [7.99928, 2.30809, 14]},
			"faces": {
				"north": {"uv": [7.875, 3.75, 7.9375, 3.8125], "texture": "#0", "tintindex": 0},
				"east": {"uv": [4.125, 6.125, 5, 6.1875], "texture": "#0", "tintindex": 0},
				"south": {"uv": [3.875, 7.875, 3.9375, 7.9375], "texture": "#0", "tintindex": 0},
				"west": {"uv": [6, 6.125, 6.875, 6.1875], "texture": "#0", "tintindex": 0},
				"up": {"uv": [2.3125, 7, 2.25, 6.125], "texture": "#0", "tintindex": 0},
				"down": {"uv": [2.5625, 6.125, 2.5, 7], "texture": "#0", "tintindex": 0}
			}
		},
		{
			"from": [7.8919, 1.62892, 9],
			"to": [8.6419, 2.52892, 19],
			"rotation": {"angle": -45, "axis": "z", "origin": [7.99928, 1.93309, 14]},
			"faces": {
				"north": {"uv": [4.875, 7.125, 5, 7.25], "texture": "#0", "tintindex": 0},
				"east": {"uv": [4.75, 4, 6, 4.125], "texture": "#0"},
				"south": {"uv": [6.625, 7.125, 6.75, 7.25], "texture": "#0", "tintindex": 0},
				"west": {"uv": [4.125, 4.75, 5.375, 4.875], "texture": "#0"},
				"up": {"uv": [2.375, 6.125, 2.25, 4.875], "texture": "#0", "tintindex": 0},
				"down": {"uv": [4.25, 4.875, 4.125, 6.125], "texture": "#0"}
			}
		},
		{
			"from": [7.625, -0.625, 20.25],
			"to": [8.375, 0.125, 24.75],
			"rotation": {"angle": 22.5, "axis": "x", "origin": [8, -0.25, 21.5]},
			"faces": {
				"north": {"uv": [3.375, 7.25, 3.5, 7.375], "texture": "#0"},
				"east": {"uv": [5.875, 1, 6.4375, 1.125], "texture": "#0", "tintindex": 0},
				"south": {"uv": [3.5, 7.25, 3.625, 7.375], "texture": "#0"},
				"west": {"uv": [5.875, 1.125, 6.4375, 1.25], "texture": "#0", "tintindex": 0},
				"up": {"uv": [2.25, 6.4375, 2.125, 5.875], "texture": "#0", "tintindex": 0},
				"down": {"uv": [4.125, 6, 4, 6.5625], "texture": "#0", "tintindex": 0}
			}
		},
		{
			"from": [7.5, -0.75, 24.75],
			"to": [8.5, 0.25, 31.75],
			"rotation": {"angle": 22.5, "axis": "x", "origin": [8, -0.25, 21.5]},
			"faces": {
				"north": {"uv": [3.625, 7.25, 3.75, 7.375], "texture": "#0", "tintindex": 0},
				"east": {"uv": [4.75, 4.375, 5.625, 4.5], "texture": "#0", "tintindex": 0},
				"south": {"uv": [3.75, 7.25, 3.875, 7.375], "texture": "#0"},
				"west": {"uv": [4.75, 4.5, 5.625, 4.625], "texture": "#0", "tintindex": 0},
				"up": {"uv": [1.375, 6.25, 1.25, 5.375], "texture": "#0", "tintindex": 0},
				"down": {"uv": [1.5, 5.375, 1.375, 6.25], "texture": "#0", "tintindex": 0}
			}
		},
		{
			"from": [7.25, -2.75, 31.75],
			"to": [8.75, 3.25, 32],
			"rotation": {"angle": 22.5, "axis": "x", "origin": [8, -0.25, 21.5]},
			"faces": {
				"north": {"uv": [5, 0.25, 5.1875, 1], "texture": "#0"},
				"east": {"uv": [3.125, 6.25, 3.1875, 7], "texture": "#0"},
				"south": {"uv": [5, 4.875, 5.1875, 5.625], "texture": "#0"},
				"west": {"uv": [4.875, 6.25, 4.9375, 7], "texture": "#0"},
				"up": {"uv": [7.5625, 5.3125, 7.375, 5.25], "texture": "#0"},
				"down": {"uv": [7.5625, 5.375, 7.375, 5.4375], "texture": "#0"}
			}
		},
		{
			"from": [7.375, -2.5, 30],
			"to": [8.625, 3, 31.75],
			"rotation": {"angle": 22.5, "axis": "x", "origin": [8, -0.25, 21.5]},
			"faces": {
				"north": {"uv": [5.25, 0.25, 5.4375, 0.9375], "texture": "#0"},
				"east": {"uv": [4.5, 4, 4.75, 4.6875], "texture": "#0"},
				"south": {"uv": [5.25, 4.875, 5.4375, 5.5625], "texture": "#0"},
				"west": {"uv": [1.625, 4.625, 1.875, 5.3125], "texture": "#0"},
				"up": {"uv": [6.4375, 5, 6.25, 4.75], "texture": "#0"},
				"down": {"uv": [6.4375, 5, 6.25, 5.25], "texture": "#0"}
			}
		},
		{
			"from": [7.125, 0.9644, 23.91982],
			"to": [7.375, 1.4644, 25.39482],
			"rotation": {"angle": 22.5, "axis": "x", "origin": [6.75, -1.0356, 21.14482]},
			"faces": {
				"north": {"uv": [7.875, 3.125, 7.9375, 3.1875], "texture": "#0"},
				"east": {"uv": [7.375, 5.5, 7.5625, 5.5625], "texture": "#0"},
				"south": {"uv": [3.25, 7.875, 3.3125, 7.9375], "texture": "#0"},
				"west": {"uv": [7.375, 6, 7.5625, 6.0625], "texture": "#0"},
				"up": {"uv": [6.1875, 7.5625, 6.125, 7.375], "texture": "#0"},
				"down": {"uv": [6.3125, 7.375, 6.25, 7.5625], "texture": "#0"}
			}
		},
		{
			"from": [7.125, 0.9644, 25.39482],
			"to": [7.375, 1.9644, 26.39482],
			"rotation": {"angle": 22.5, "axis": "x", "origin": [6.75, -1.0356, 21.14482]},
			"faces": {
				"north": {"uv": [7.625, 6.125, 7.6875, 6.25], "texture": "#0"},
				"east": {"uv": [4.125, 7.25, 4.25, 7.375], "texture": "#0"},
				"south": {"uv": [6.25, 7.625, 6.3125, 7.75], "texture": "#0"},
				"west": {"uv": [4.25, 7.25, 4.375, 7.375], "texture": "#0"},
				"up": {"uv": [7.6875, 6.375, 7.625, 6.25], "texture": "#0"},
				"down": {"uv": [6.4375, 7.625, 6.375, 7.75], "texture": "#0"}
			}
		},
		{
			"from": [7.125, 0.9644, 26.39482],
			"to": [7.375, 2.4644, 27.89482],
			"rotation": {"angle": 22.5, "axis": "x", "origin": [6.75, -1.0356, 21.14482]},
			"faces": {
				"north": {"uv": [5.625, 7.375, 5.6875, 7.5625], "texture": "#0"},
				"east": {"uv": [6.5, 3.5, 6.6875, 3.6875], "texture": "#0"},
				"south": {"uv": [5.75, 7.375, 5.8125, 7.5625], "texture": "#0"},
				"west": {"uv": [6.5, 4, 6.6875, 4.1875], "texture": "#0"},
				"up": {"uv": [7.4375, 5.9375, 7.375, 5.75], "texture": "#0"},
				"down": {"uv": [5.9375, 7.375, 5.875, 7.5625], "texture": "#0"}
			}
		},
		{
			"from": [7.125, 0.9644, 27.89482],
			"to": [7.375, 2.9644, 29.39482],
			"rotation": {"angle": 22.5, "axis": "x", "origin": [6.75, -1.0356, 21.14482]},
			"faces": {
				"north": {"uv": [3.875, 7.25, 3.9375, 7.5], "texture": "#0"},
				"east": {"uv": [6.25, 5.5, 6.4375, 5.75], "texture": "#0"},
				"south": {"uv": [4, 7.25, 4.0625, 7.5], "texture": "#0"},
				"west": {"uv": [6.25, 5.75, 6.4375, 6], "texture": "#0"},
				"up": {"uv": [4.6875, 7.5625, 4.625, 7.375], "texture": "#0"},
				"down": {"uv": [5.5625, 7.375, 5.5, 7.5625], "texture": "#0"}
			}
		},
		{
			"from": [7.125, -1.76625, 24.54323],
			"to": [7.375, -1.36625, 30.36823],
			"rotation": {"angle": 22.5, "axis": "x", "origin": [6.75, 0.23375, 27.51823]},
			"faces": {
				"north": {"uv": [7.875, 3, 7.9375, 3.0625], "texture": "#0"},
				"east": {"uv": [6.25, 4.5, 7, 4.5625], "texture": "#0"},
				"south": {"uv": [3.125, 7.875, 3.1875, 7.9375], "texture": "#0"},
				"west": {"uv": [6.25, 5.375, 7, 5.4375], "texture": "#0"},
				"up": {"uv": [5.3125, 7, 5.25, 6.25], "texture": "#0"},
				"down": {"uv": [5.4375, 6.25, 5.375, 7], "texture": "#0"}
			}
		},
		{
			"from": [8.625, 0.9644, 23.91982],
			"to": [8.875, 1.4644, 25.39482],
			"rotation": {"angle": 22.5, "axis": "x", "origin": [8.25, -1.0356, 21.14482]},
			"faces": {
				"north": {"uv": [7.875, 3.625, 7.9375, 3.6875], "texture": "#0"},
				"east": {"uv": [7.375, 6.5, 7.5625, 6.5625], "texture": "#0"},
				"south": {"uv": [3.75, 7.875, 3.8125, 7.9375], "texture": "#0"},
				"west": {"uv": [7.25, 7.375, 7.4375, 7.4375], "texture": "#0"},
				"up": {"uv": [0.0625, 7.6875, 0, 7.5], "texture": "#0"},
				"down": {"uv": [0.1875, 7.5, 0.125, 7.6875], "texture": "#0"}
			}
		},
		{
			"from": [8.625, 0.9644, 25.39482],
			"to": [8.875, 1.9644, 26.39482],
			"rotation": {"angle": 22.5, "axis": "x", "origin": [8.25, -1.0356, 21.14482]},
			"faces": {
				"north": {"uv": [7.625, 6.5, 7.6875, 6.625], "texture": "#0"},
				"east": {"uv": [4.625, 7.25, 4.75, 7.375], "texture": "#0"},
				"south": {"uv": [6.625, 7.625, 6.6875, 7.75], "texture": "#0"},
				"west": {"uv": [7.25, 4.625, 7.375, 4.75], "texture": "#0"},
				"up": {"uv": [7.6875, 6.75, 7.625, 6.625], "texture": "#0"},
				"down": {"uv": [6.8125, 7.625, 6.75, 7.75], "texture": "#0"}
			}
		},
		{
			"from": [8.625, 0.9644, 27.89482],
			"to": [8.875, 2.9644, 29.39482],
			"rotation": {"angle": 22.5, "axis": "x", "origin": [8.25, -1.0356, 21.14482]},
			"faces": {
				"north": {"uv": [4.375, 7.25, 4.4375, 7.5], "texture": "#0"},
				"east": {"uv": [5.75, 6.375, 5.9375, 6.625], "texture": "#0"},
				"south": {"uv": [4.5, 7.25, 4.5625, 7.5], "texture": "#0"},
				"west": {"uv": [6, 6.375, 6.1875, 6.625], "texture": "#0"},
				"up": {"uv": [7.4375, 7.1875, 7.375, 7], "texture": "#0"},
				"down": {"uv": [7.1875, 7.375, 7.125, 7.5625], "texture": "#0"}
			}
		},
		{
			"from": [8.625, -0.49125, 24.64323],
			"to": [8.875, 0.48375, 30.29323],
			"rotation": {"angle": 0, "axis": "y", "origin": [8.25, 0.23375, 27.51823]},
			"faces": {
				"north": {"uv": [7.625, 6.375, 7.6875, 6.5], "texture": "#0"},
				"east": {"uv": [5.5, 0.5, 6.1875, 0.625], "texture": "#0"},
				"south": {"uv": [6.5, 7.625, 6.5625, 7.75], "texture": "#0"},
				"west": {"uv": [5.5, 0.625, 6.1875, 0.75], "texture": "#0"},
				"up": {"uv": [2.1875, 7.1875, 2.125, 6.5], "texture": "#0"},
				"down": {"uv": [3.3125, 6.5, 3.25, 7.1875], "texture": "#0"}
			}
		},
		{
			"from": [8.625, 0.9644, 26.39482],
			"to": [8.875, 2.4644, 27.89482],
			"rotation": {"angle": 22.5, "axis": "x", "origin": [8.25, -1.0356, 21.14482]},
			"faces": {
				"north": {"uv": [6.625, 7.375, 6.6875, 7.5625], "texture": "#0"},
				"east": {"uv": [4.25, 6.5, 4.4375, 6.6875], "texture": "#0"},
				"south": {"uv": [6.75, 7.375, 6.8125, 7.5625], "texture": "#0"},
				"west": {"uv": [6.5, 4.25, 6.6875, 4.4375], "texture": "#0"},
				"up": {"uv": [7.4375, 6.9375, 7.375, 6.75], "texture": "#0"},
				"down": {"uv": [7.0625, 7.375, 7, 7.5625], "texture": "#0"}
			}
		},
		{
			"from": [8.625, -1.76625, 24.56823],
			"to": [8.875, -1.36625, 30.36823],
			"rotation": {"angle": 22.5, "axis": "x", "origin": [8.25, 0.23375, 27.51823]},
			"faces": {
				"north": {"uv": [7.875, 3.5, 7.9375, 3.5625], "texture": "#0"},
				"east": {"uv": [6, 6.25, 6.75, 6.3125], "texture": "#0"},
				"south": {"uv": [3.625, 7.875, 3.6875, 7.9375], "texture": "#0"},
				"west": {"uv": [6.25, 6, 7, 6.0625], "texture": "#0"},
				"up": {"uv": [2.8125, 7.125, 2.75, 6.375], "texture": "#0"},
				"down": {"uv": [2.9375, 6.375, 2.875, 7.125], "texture": "#0"}
			}
		},
		{
			"from": [8.625, -0.49125, 23.89323],
			"to": [8.875, 0.48375, 30.29323],
			"rotation": {"angle": 0, "axis": "y", "origin": [8.25, 0.23375, 27.51823]},
			"faces": {
				"north": {"uv": [7.625, 6, 7.6875, 6.125], "texture": "#0"},
				"east": {"uv": [4.75, 4.625, 5.5625, 4.75], "texture": "#0"},
				"south": {"uv": [6.125, 7.625, 6.1875, 7.75], "texture": "#0"},
				"west": {"uv": [5.375, 1.5, 6.1875, 1.625], "texture": "#0"},
				"up": {"uv": [5.6875, 6.9375, 5.625, 6.125], "texture": "#0"},
				"down": {"uv": [1.3125, 6.25, 1.25, 7.0625], "texture": "#0"}
			}
		},
		{
			"from": [7.125, -0.49125, 23.89323],
			"to": [7.375, 0.48375, 30.29323],
			"rotation": {"angle": 0, "axis": "y", "origin": [8.25, 0.23375, 27.51823]},
			"faces": {
				"north": {"uv": [7.625, 6.75, 7.6875, 6.875], "texture": "#0"},
				"east": {"uv": [5.375, 1.625, 6.1875, 1.75], "texture": "#0"},
				"south": {"uv": [6.875, 7.625, 6.9375, 7.75], "texture": "#0"},
				"west": {"uv": [5.375, 4.75, 6.1875, 4.875], "texture": "#0"},
				"up": {"uv": [2.0625, 7.0625, 2, 6.25], "texture": "#0"},
				"down": {"uv": [3.0625, 6.25, 3, 7.0625], "texture": "#0"}
			}
		},
		{
			"from": [7.375, 0.48375, 23.89323],
			"to": [8.625, 0.73375, 30.29323],
			"rotation": {"angle": 0, "axis": "y", "origin": [6.75, -0.01625, 27.51823]},
			"faces": {
				"north": {"uv": [7.375, 6.25, 7.5625, 6.3125], "texture": "#0"},
				"east": {"uv": [6.25, 0.625, 7.0625, 0.6875], "texture": "#0"},
				"south": {"uv": [7.375, 6.375, 7.5625, 6.4375], "texture": "#0"},
				"west": {"uv": [6.25, 1.5, 7.0625, 1.5625], "texture": "#0"},
				"up": {"uv": [4.6875, 5.6875, 4.5, 4.875], "texture": "#0"},
				"down": {"uv": [4.9375, 4.875, 4.75, 5.6875], "texture": "#0"}
			}
		},
		{
			"from": [7.03033, 0.7123, 23.89323],
			"to": [7.38033, 0.9623, 30.29323],
			"rotation": {"angle": 45, "axis": "z", "origin": [7.65533, 0.8373, 27.35573]},
			"faces": {
				"north": {"uv": [7.875, 3.25, 7.9375, 3.3125], "texture": "#0"},
				"east": {"uv": [6.25, 1.625, 7.0625, 1.6875], "texture": "#0"},
				"south": {"uv": [3.375, 7.875, 3.4375, 7.9375], "texture": "#0"},
				"west": {"uv": [6.25, 2.75, 7.0625, 2.8125], "texture": "#0"},
				"up": {"uv": [1.4375, 7.0625, 1.375, 6.25], "texture": "#0"},
				"down": {"uv": [1.5625, 6.25, 1.5, 7.0625], "texture": "#0"}
			}
		},
		{
			"from": [8.53536, 0.34661, 23.89323],
			"to": [8.78536, 0.69661, 30.29323],
			"rotation": {"angle": 45, "axis": "z", "origin": [8.66036, 0.52161, 27.35573]},
			"faces": {
				"north": {"uv": [7.875, 3.375, 7.9375, 3.4375], "texture": "#0"},
				"east": {"uv": [6.25, 2.875, 7.0625, 2.9375], "texture": "#0"},
				"south": {"uv": [3.5, 7.875, 3.5625, 7.9375], "texture": "#0"},
				"west": {"uv": [6.25, 3, 7.0625, 3.0625], "texture": "#0"},
				"up": {"uv": [1.6875, 7.0625, 1.625, 6.25], "texture": "#0"},
				"down": {"uv": [1.9375, 6.25, 1.875, 7.0625], "texture": "#0"}
			}
		},
		{
			"from": [7.5, 2, 17.25],
			"to": [7.75, 3.25, 18],
			"rotation": {"angle": 0, "axis": "y", "origin": [0.125, -0.75, 0]},
			"faces": {
				"north": {"uv": [7.5, 1.875, 7.5625, 2.0625], "texture": "#0"},
				"east": {"uv": [0.375, 6.875, 0.5, 7.0625], "texture": "#0"},
				"south": {"uv": [2.125, 7.5, 2.1875, 7.6875], "texture": "#0"},
				"west": {"uv": [1.75, 6.875, 1.875, 7.0625], "texture": "#0"},
				"up": {"uv": [7.6875, 7.625, 7.625, 7.5], "texture": "#0"},
				"down": {"uv": [7.6875, 7.625, 7.625, 7.75], "texture": "#0"}
			}
		},
		{
			"from": [8.25, 2.47907, 17.76772],
			"to": [8.5, 3.15407, 18.26772],
			"rotation": {"angle": -22.5, "axis": "x", "origin": [8, 2.52907, 17.89272]},
			"faces": {
				"north": {"uv": [7.875, 6, 7.9375, 6.0625], "texture": "#0"},
				"east": {"uv": [6.125, 7.875, 6.1875, 7.9375], "texture": "#0"},
				"south": {"uv": [7.875, 6.125, 7.9375, 6.1875], "texture": "#0"},
				"west": {"uv": [6.25, 7.875, 6.3125, 7.9375], "texture": "#0"},
				"up": {"uv": [7.9375, 6.3125, 7.875, 6.25], "texture": "#0"},
				"down": {"uv": [6.4375, 7.875, 6.375, 7.9375], "texture": "#0"}
			}
		},
		{
			"from": [7.5, 2.47907, 17.76772],
			"to": [7.75, 3.15407, 18.26772],
			"rotation": {"angle": -22.5, "axis": "x", "origin": [8, 2.52907, 17.89272]},
			"faces": {
				"north": {"uv": [7.875, 5.625, 7.9375, 5.6875], "texture": "#0"},
				"east": {"uv": [5.75, 7.875, 5.8125, 7.9375], "texture": "#0"},
				"south": {"uv": [7.875, 5.75, 7.9375, 5.8125], "texture": "#0"},
				"west": {"uv": [5.875, 7.875, 5.9375, 7.9375], "texture": "#0"},
				"up": {"uv": [7.9375, 5.9375, 7.875, 5.875], "texture": "#0"},
				"down": {"uv": [6.0625, 7.875, 6, 7.9375], "texture": "#0"}
			}
		},
		{
			"from": [8.25, 2.55623, 16.97276],
			"to": [8.5, 3.10623, 17.19776],
			"rotation": {"angle": 22.5, "axis": "x", "origin": [7.875, 2.48123, 17.47276]},
			"faces": {
				"north": {"uv": [7.875, 4.5, 7.9375, 4.5625], "texture": "#0"},
				"east": {"uv": [4.625, 7.875, 4.6875, 7.9375], "texture": "#0"},
				"south": {"uv": [7.875, 4.625, 7.9375, 4.6875], "texture": "#0"},
				"west": {"uv": [4.75, 7.875, 4.8125, 7.9375], "texture": "#0"},
				"up": {"uv": [7.9375, 4.8125, 7.875, 4.75], "texture": "#0"},
				"down": {"uv": [4.9375, 7.875, 4.875, 7.9375], "texture": "#0"}
			}
		},
		{
			"from": [7.5, 2.55623, 16.97276],
			"to": [7.75, 3.10623, 17.19776],
			"rotation": {"angle": 22.5, "axis": "x", "origin": [8.125, 2.48123, 17.47276]},
			"faces": {
				"north": {"uv": [7.875, 4.125, 7.9375, 4.1875], "texture": "#0"},
				"east": {"uv": [4.25, 7.875, 4.3125, 7.9375], "texture": "#0"},
				"south": {"uv": [7.875, 4.25, 7.9375, 4.3125], "texture": "#0"},
				"west": {"uv": [4.375, 7.875, 4.4375, 7.9375], "texture": "#0"},
				"up": {"uv": [7.9375, 4.4375, 7.875, 4.375], "texture": "#0"},
				"down": {"uv": [4.5625, 7.875, 4.5, 7.9375], "texture": "#0"}
			}
		},
		{
			"from": [8.25, 2.55288, 17.1362],
			"to": [8.5, 2.97788, 17.2612],
			"rotation": {"angle": 45, "axis": "x", "origin": [7.875, 2.95288, 17.2487]},
			"faces": {
				"north": {"uv": [7.875, 5.25, 7.9375, 5.3125], "texture": "#0"},
				"east": {"uv": [5.375, 7.875, 5.4375, 7.9375], "texture": "#0"},
				"south": {"uv": [7.875, 5.375, 7.9375, 5.4375], "texture": "#0"},
				"west": {"uv": [5.5, 7.875, 5.5625, 7.9375], "texture": "#0"},
				"up": {"uv": [7.9375, 5.5625, 7.875, 5.5], "texture": "#0"},
				"down": {"uv": [5.6875, 7.875, 5.625, 7.9375], "texture": "#0"}
			}
		},
		{
			"from": [7.5, 2.55288, 17.1362],
			"to": [7.75, 2.97788, 17.2612],
			"rotation": {"angle": 45, "axis": "x", "origin": [8.125, 2.95288, 17.2487]},
			"faces": {
				"north": {"uv": [7.875, 4.875, 7.9375, 4.9375], "texture": "#0"},
				"east": {"uv": [5, 7.875, 5.0625, 7.9375], "texture": "#0"},
				"south": {"uv": [7.875, 5, 7.9375, 5.0625], "texture": "#0"},
				"west": {"uv": [5.125, 7.875, 5.1875, 7.9375], "texture": "#0"},
				"up": {"uv": [7.9375, 5.1875, 7.875, 5.125], "texture": "#0"},
				"down": {"uv": [5.3125, 7.875, 5.25, 7.9375], "texture": "#0"}
			}
		},
		{
			"from": [8.25, 2, 16.25],
			"to": [8.5, 2.75, 17.25],
			"rotation": {"angle": 0, "axis": "y", "origin": [-0.125, -0.75, 0]},
			"faces": {
				"north": {"uv": [0.375, 7.75, 0.4375, 7.875], "texture": "#0"},
				"east": {"uv": [7.25, 5.5, 7.375, 5.625], "texture": "#0"},
				"south": {"uv": [7.75, 0.375, 7.8125, 0.5], "texture": "#0"},
				"west": {"uv": [5.625, 7.25, 5.75, 7.375], "texture": "#0"},
				"up": {"uv": [0.5625, 7.875, 0.5, 7.75], "texture": "#0"},
				"down": {"uv": [7.8125, 0.5, 7.75, 0.625], "texture": "#0"}
			}
		},
		{
			"from": [7.5, 2, 16.25],
			"to": [7.75, 2.75, 17.25],
			"rotation": {"angle": 0, "axis": "y", "origin": [0.125, -0.75, 0]},
			"faces": {
				"north": {"uv": [0.125, 7.75, 0.1875, 7.875], "texture": "#0"},
				"east": {"uv": [7.25, 5.375, 7.375, 5.5], "texture": "#0"},
				"south": {"uv": [7.75, 0.125, 7.8125, 0.25], "texture": "#0"},
				"west": {"uv": [5.5, 7.25, 5.625, 7.375], "texture": "#0"},
				"up": {"uv": [0.3125, 7.875, 0.25, 7.75], "texture": "#0"},
				"down": {"uv": [7.8125, 0.25, 7.75, 0.375], "texture": "#0"}
			}
		},
		{
			"from": [8.25, 2, 17.25],
			"to": [8.5, 3.25, 18],
			"rotation": {"angle": 0, "axis": "y", "origin": [-0.125, -0.75, 0]},
			"faces": {
				"north": {"uv": [2.25, 7.5, 2.3125, 7.6875], "texture": "#0"},
				"east": {"uv": [2.375, 6.875, 2.5, 7.0625], "texture": "#0"},
				"south": {"uv": [2.375, 7.5, 2.4375, 7.6875], "texture": "#0"},
				"west": {"uv": [6.875, 3.625, 7, 3.8125], "texture": "#0"},
				"up": {"uv": [0.0625, 7.875, 0, 7.75], "texture": "#0"},
				"down": {"uv": [7.8125, 0, 7.75, 0.125], "texture": "#0"}
			}
		},
		{
			"from": [7.75, 2, 16.25],
			"to": [8.25, 2.625, 18],
			"rotation": {"angle": 0, "axis": "y", "origin": [0, -0.75, 0]},
			"faces": {
				"north": {"uv": [7.875, 4, 7.9375, 4.0625], "texture": "#0"},
				"east": {"uv": [5, 7.25, 5.25, 7.3125], "texture": "#0"},
				"south": {"uv": [4.125, 7.875, 4.1875, 7.9375], "texture": "#0"},
				"west": {"uv": [7.25, 5.125, 7.5, 5.1875], "texture": "#0"},
				"up": {"uv": [5.3125, 7.5, 5.25, 7.25], "texture": "#0"},
				"down": {"uv": [5.4375, 7.25, 5.375, 7.5], "texture": "#0"}
			}
		},
		{
			"from": [7.52275, 2.22636, 16.25],
			"to": [7.77275, 2.32636, 18.2],
			"rotation": {"angle": -45, "axis": "z", "origin": [8.14775, 2.26386, 17.125]},
			"faces": {
				"north": {"uv": [7.875, 6.5, 7.9375, 6.5625], "texture": "#0"},
				"east": {"uv": [7.25, 5.625, 7.5, 5.6875], "texture": "#0"},
				"south": {"uv": [6.625, 7.875, 6.6875, 7.9375], "texture": "#0"},
				"west": {"uv": [5.75, 7.25, 6, 7.3125], "texture": "#0"},
				"up": {"uv": [7.3125, 6, 7.25, 5.75], "texture": "#0"},
				"down": {"uv": [6.0625, 7.25, 6, 7.5], "texture": "#0"}
			}
		},
		{
			"from": [7.93986, 3.00126, 16.25],
			"to": [8.03986, 3.25126, 18.2],
			"rotation": {"angle": -45, "axis": "z", "origin": [7.48986, 2.62626, 17.225]},
			"faces": {
				"north": {"uv": [7.875, 6.625, 7.9375, 6.6875], "texture": "#0"},
				"east": {"uv": [6.125, 7.25, 6.375, 7.3125], "texture": "#0"},
				"south": {"uv": [6.75, 7.875, 6.8125, 7.9375], "texture": "#0"},
				"west": {"uv": [7.25, 6.125, 7.5, 6.1875], "texture": "#0"},
				"up": {"uv": [6.4375, 7.5, 6.375, 7.25], "texture": "#0"},
				"down": {"uv": [6.5625, 7.25, 6.5, 7.5], "texture": "#0"}
			}
		},
		{
			"from": [7.5, 2.00138, 17.98331],
			"to": [8.5, 2.62638, 18.25831],
			"rotation": {"angle": 0, "axis": "y", "origin": [0, -0.74862, -0.01669]},
			"faces": {
				"north": {"uv": [0.625, 7.75, 0.75, 7.8125], "texture": "#0"},
				"east": {"uv": [7.875, 6.375, 7.9375, 6.4375], "texture": "#0"},
				"south": {"uv": [7.75, 0.625, 7.875, 0.6875], "texture": "#0"},
				"west": {"uv": [6.5, 7.875, 6.5625, 7.9375], "texture": "#0"},
				"up": {"uv": [0.875, 7.8125, 0.75, 7.75], "texture": "#0"},
				"down": {"uv": [7.875, 0.75, 7.75, 0.8125], "texture": "#0"}
			}
		}
	],
	"display": {
		"thirdperson_righthand": {
			"translation": [0, 5, -4.5],
			"scale": [0.6, 0.6, 0.6]
		},
		"thirdperson_lefthand": {
			"translation": [0, 5, -4.5],
			"scale": [0.6, 0.6, 0.6]
		},
		"firstperson_righthand": {
			"translation": [-5.5, 8, 2],
			"scale": [0.45, 0.45, 0.45]
		},
		"firstperson_lefthand": {
			"translation": [-5.5, 8, 2],
			"scale": [0.45, 0.45, 0.45]
		},
		"ground": {
			"translation": [0, 7, 0],
			"scale": [0.7, 0.7, 0.7]
		},
		"gui": {
			"rotation": [30, -135, 0],
			"translation": [0, 2.25, 0],
			"scale": [0.46, 0.46, 0.46]
		},
		"fixed": {
			"rotation": [0, 90, 0],
			"translation": [1, 6.5, -1.25],
			"scale": [0.9, 0.9, 0.9]
		}
	}
}