{
	"credit": "Made with Blockbench by Joel McCassidy",
	"ambientocclusion": false,
	"texture_size": [64, 32],
	"textures": {
		"1": "additionalguns:item/m1911"
	},
	"elements": [
		{
			"name": "Shape10",
			"from": [7.21157, 1.0299, 16.52751],
			"to": [7.73657, 1.6299, 17.12751],
			"rotation": {"angle": -45, "axis": "x", "origin": [7.91157, 1.0299, 11.10251]},
			"faces": {
				"north": {"uv": [4.425, 8.75, 5.3, 8.4], "rotation": 90, "texture": "#1"},
				"east": {"uv": [4.425, 8.75, 5.3, 8.4], "rotation": 90, "texture": "#1"},
				"south": {"uv": [4.425, 8.75, 5.3, 8.4], "rotation": 90, "texture": "#1"},
				"west": {"uv": [4.425, 8.75, 5.3, 8.4], "rotation": 90, "texture": "#1"},
				"up": {"uv": [4.425, 8.75, 5.3, 8.4], "rotation": 90, "texture": "#1"},
				"down": {"uv": [4.425, 8.75, 5.3, 8.4], "rotation": 90, "texture": "#1"}
			}
		},
		{
			"name": "Shape3",
			"from": [12.1275, 6.1049, 11.82807],
			"to": [12.4525, 6.4299, 14.15307],
			"rotation": {"angle": 45, "axis": "z", "origin": [7.91157, 1.0299, 11.10251]},
			"faces": {
				"north": {"uv": [4.425, 8.75, 5.3, 8.4], "rotation": 90, "texture": "#1"},
				"east": {"uv": [4.425, 8.75, 5.3, 8.4], "rotation": 90, "texture": "#1"},
				"south": {"uv": [4.425, 8.75, 5.3, 8.4], "rotation": 90, "texture": "#1"},
				"west": {"uv": [4.425, 8.75, 5.3, 8.4], "rotation": 90, "texture": "#1"},
				"up": {"uv": [4.425, 8.75, 5.3, 8.4], "rotation": 90, "texture": "#1"},
				"down": {"uv": [4.425, 8.75, 5.3, 8.4], "rotation": 90, "texture": "#1"}
			}
		},
		{
			"name": "Shape11",
			"from": [7.1775, 4.77934, 18.51215],
			"to": [7.8025, 5.67934, 19.26215],
			"rotation": {"angle": -22.5, "axis": "x", "origin": [7.91157, 1.0299, 11.10251]},
			"faces": {
				"north": {"uv": [4.425, 8.75, 5.3, 8.4], "rotation": 90, "texture": "#1"},
				"east": {"uv": [4.425, 8.75, 5.3, 8.4], "rotation": 90, "texture": "#1"},
				"south": {"uv": [4.425, 8.75, 5.3, 8.4], "rotation": 90, "texture": "#1"},
				"west": {"uv": [4.425, 8.75, 5.3, 8.4], "rotation": 90, "texture": "#1"},
				"up": {"uv": [4.425, 8.75, 5.3, 8.4], "rotation": 90, "texture": "#1"},
				"down": {"uv": [4.425, 8.75, 5.3, 8.4], "rotation": 90, "texture": "#1"}
			}
		},
		{
			"name": "Shape11",
			"from": [7.1775, 5.30434, 18.08715],
			"to": [7.8025, 5.67934, 18.83715],
			"rotation": {"angle": -22.5, "axis": "x", "origin": [7.91157, 1.0299, 11.10251]},
			"faces": {
				"north": {"uv": [4.425, 8.75, 5.3, 8.4], "rotation": 90, "texture": "#1"},
				"east": {"uv": [4.425, 8.75, 5.3, 8.4], "rotation": 90, "texture": "#1"},
				"south": {"uv": [4.425, 8.75, 5.3, 8.4], "rotation": 90, "texture": "#1"},
				"west": {"uv": [4.425, 8.75, 5.3, 8.4], "rotation": 90, "texture": "#1"},
				"up": {"uv": [4.425, 8.75, 5.3, 8.4], "rotation": 90, "texture": "#1"},
				"down": {"uv": [4.425, 8.75, 5.3, 8.4], "rotation": 90, "texture": "#1"}
			}
		},
		{
			"name": "Shape13",
			"from": [7.0025, 7.7049, 13.61215],
			"to": [7.5525, 7.9799, 14.16215],
			"rotation": {"angle": 0, "axis": "y", "origin": [7.91157, 3.8299, 8.95251]},
			"faces": {
				"north": {"uv": [4.425, 8.75, 5.3, 8.4], "rotation": 90, "texture": "#1"},
				"east": {"uv": [4.425, 8.75, 5.3, 8.4], "rotation": 90, "texture": "#1"},
				"south": {"uv": [4.425, 8.75, 5.3, 8.4], "rotation": 90, "texture": "#1"},
				"west": {"uv": [4.425, 8.75, 5.3, 8.4], "rotation": 90, "texture": "#1"},
				"up": {"uv": [4.425, 8.75, 5.3, 8.4], "rotation": 90, "texture": "#1"},
				"down": {"uv": [4.425, 8.75, 5.3, 8.4], "rotation": 90, "texture": "#1"}
			}
		},
		{
			"name": "Shape11",
			"from": [7.73657, 5.5299, 13.32751],
			"to": [8.23657, 6.5799, 14.40251],
			"rotation": {"angle": 0, "axis": "y", "origin": [7.93657, 1.0299, 10.95251]},
			"faces": {
				"north": {"uv": [4.425, 8.75, 5.3, 8.4], "rotation": 90, "texture": "#1"},
				"east": {"uv": [4.425, 8.75, 5.3, 8.4], "rotation": 90, "texture": "#1"},
				"south": {"uv": [4.425, 8.75, 5.3, 8.4], "rotation": 90, "texture": "#1"},
				"west": {"uv": [4.425, 8.75, 5.3, 8.4], "rotation": 90, "texture": "#1"},
				"up": {"uv": [4.425, 8.75, 5.3, 8.4], "rotation": 90, "texture": "#1"},
				"down": {"uv": [4.425, 8.75, 5.3, 8.4], "rotation": 90, "texture": "#1"}
			}
		},
		{
			"name": "Shape11",
			"from": [7.73657, 5.36417, 13.41933],
			"to": [8.23657, 6.51417, 13.56933],
			"rotation": {"angle": -22.5, "axis": "x", "origin": [7.98657, 5.88917, 13.03183]},
			"faces": {
				"north": {"uv": [4.425, 8.75, 5.3, 8.4], "rotation": 90, "texture": "#1"},
				"east": {"uv": [4.425, 8.75, 5.3, 8.4], "rotation": 90, "texture": "#1"},
				"south": {"uv": [4.425, 8.75, 5.3, 8.4], "rotation": 90, "texture": "#1"},
				"west": {"uv": [4.425, 8.75, 5.3, 8.4], "rotation": 90, "texture": "#1"},
				"up": {"uv": [4.425, 8.75, 5.3, 8.4], "rotation": 90, "texture": "#1"},
				"down": {"uv": [4.425, 8.75, 5.3, 8.4], "rotation": 90, "texture": "#1"}
			}
		},
		{
			"name": "Shape11",
			"from": [7.73657, 5.69563, 13.41933],
			"to": [8.23657, 6.84563, 13.56933],
			"rotation": {"angle": 22.5, "axis": "x", "origin": [7.98657, 6.22063, 13.03183]},
			"faces": {
				"north": {"uv": [4.425, 8.75, 5.3, 8.4], "rotation": 90, "texture": "#1"},
				"east": {"uv": [4.425, 8.75, 5.3, 8.4], "rotation": 90, "texture": "#1"},
				"south": {"uv": [4.425, 8.75, 5.3, 8.4], "rotation": 90, "texture": "#1"},
				"west": {"uv": [4.425, 8.75, 5.3, 8.4], "rotation": 90, "texture": "#1"},
				"up": {"uv": [4.425, 8.75, 5.3, 8.4], "rotation": 90, "texture": "#1"},
				"down": {"uv": [4.425, 8.75, 5.3, 8.4], "rotation": 90, "texture": "#1"}
			}
		},
		{
			"name": "Shape1",
			"from": [7.3025, 7.18954, 7.25307],
			"to": [8.6825, 7.76454, 17.25307],
			"rotation": {"angle": 0, "axis": "y", "origin": [7.91157, 1.0299, 11.10251]},
			"faces": {
				"north": {"uv": [5, 7, 4.5, 8], "texture": "#1", "tintindex": 0},
				"east": {"uv": [4.5, 7, 4, 8], "texture": "#1", "tintindex": 0},
				"south": {"uv": [1, 7, 0.5, 8], "texture": "#1", "tintindex": 0},
				"west": {"uv": [4.5, 7, 4, 8], "texture": "#1", "tintindex": 0},
				"up": {"uv": [3.5, 4, 1, 5], "rotation": 90, "texture": "#1", "tintindex": 0},
				"down": {"uv": [4, 5, 1.5, 4], "rotation": 270, "texture": "#1", "tintindex": 0}
			}
		},
		{
			"name": "Shape2",
			"from": [7.3075, 1.69434, 15.31646],
			"to": [8.67578, 8.08434, 18.30646],
			"rotation": {"angle": -22.5, "axis": "x", "origin": [8.31009, 4.6765, 16.80623]},
			"faces": {
				"north": {"uv": [0.75, 5.5, 0.25, 8.5], "texture": "#1", "tintindex": 0},
				"east": {"uv": [0.75, 5.5, 0, 8.5], "texture": "#1", "tintindex": 0},
				"south": {"uv": [0.5, 5.5, 0, 8.5], "texture": "#1", "tintindex": 0},
				"west": {"uv": [0.75, 5.5, 0, 8.5], "texture": "#1", "tintindex": 0},
				"up": {"uv": [10.25, 8.5, 9.5, 9.5], "rotation": 90, "texture": "#1", "tintindex": 0},
				"down": {"uv": [1, 9, 0.25, 8.5], "rotation": 270, "texture": "#1", "tintindex": 0}
			}
		},
		{
			"name": "Shape2",
			"from": [7.3825, 1.76934, 15.06646],
			"to": [8.5975, 8.40934, 15.48146],
			"rotation": {"angle": -22.5, "axis": "x", "origin": [8.31009, 4.6765, 16.80623]},
			"faces": {
				"north": {"uv": [0.75, 5.5, 0.25, 8.5], "texture": "#1", "tintindex": 0},
				"east": {"uv": [0.75, 5.5, 0, 8.5], "texture": "#1", "tintindex": 0},
				"south": {"uv": [0.5, 5.5, 0, 8.5], "texture": "#1", "tintindex": 0},
				"west": {"uv": [0.75, 5.5, 0, 8.5], "texture": "#1", "tintindex": 0},
				"up": {"uv": [10.25, 8.5, 9.5, 9.5], "rotation": 90, "texture": "#1", "tintindex": 0},
				"down": {"uv": [1, 9, 0.25, 8.5], "rotation": 270, "texture": "#1", "tintindex": 0}
			}
		},
		{
			"name": "Shape2",
			"from": [7.3825, 1.76934, 17.99146],
			"to": [8.5975, 6.03434, 18.40646],
			"rotation": {"angle": -22.5, "axis": "x", "origin": [8.31009, 4.6765, 16.80623]},
			"faces": {
				"north": {"uv": [0.75, 5.5, 0.25, 8.5], "texture": "#1", "tintindex": 0},
				"east": {"uv": [0.75, 5.5, 0, 8.5], "texture": "#1", "tintindex": 0},
				"south": {"uv": [0.5, 5.5, 0, 8.5], "texture": "#1", "tintindex": 0},
				"west": {"uv": [0.75, 5.5, 0, 8.5], "texture": "#1", "tintindex": 0},
				"up": {"uv": [10.25, 8.5, 9.5, 9.5], "rotation": 90, "texture": "#1", "tintindex": 0},
				"down": {"uv": [1, 9, 0.25, 8.5], "rotation": 270, "texture": "#1", "tintindex": 0}
			}
		},
		{
			"name": "Shape3",
			"from": [7.53193, 5.53241, 11.86901],
			"to": [8.43193, 7.53241, 12.34401],
			"rotation": {"angle": 0, "axis": "y", "origin": [7.98193, 6.33241, 11.89401]},
			"faces": {
				"north": {"uv": [4.25, 6.5, 5, 7], "rotation": 270, "texture": "#1", "tintindex": 0},
				"east": {"uv": [4.25, 7, 4.5, 7.5], "rotation": 270, "texture": "#1", "tintindex": 0},
				"south": {"uv": [3.5, 9, 4.25, 8.5], "rotation": 270, "texture": "#1", "tintindex": 0},
				"west": {"uv": [4.25, 5, 4.5, 5.5], "rotation": 90, "texture": "#1", "tintindex": 0},
				"up": {"uv": [4.25, 7.5, 4.5, 7], "texture": "#1", "tintindex": 0},
				"down": {"uv": [4.25, 7.5, 4.5, 7], "rotation": 180, "texture": "#1", "tintindex": 0}
			}
		},
		{
			"name": "Shape3",
			"from": [7.53193, 5.37934, 12.23856],
			"to": [8.43193, 5.57934, 14.48856],
			"rotation": {"angle": 0, "axis": "x", "origin": [7.98193, 4.82934, 12.43856]},
			"faces": {
				"north": {"uv": [4.25, 7.5, 4.5, 7], "texture": "#1", "tintindex": 0},
				"east": {"uv": [4.25, 7, 4.5, 7.5], "rotation": 180, "texture": "#1", "tintindex": 0},
				"south": {"uv": [4.25, 7.5, 4.5, 7], "texture": "#1", "tintindex": 0},
				"west": {"uv": [4.25, 5, 4.5, 5.5], "rotation": 180, "texture": "#1", "tintindex": 0},
				"up": {"uv": [4.25, 6.5, 5, 7], "rotation": 90, "texture": "#1", "tintindex": 0},
				"down": {"uv": [4.25, 7, 4.5, 7.5], "rotation": 180, "texture": "#1", "tintindex": 0}
			}
		},
		{
			"name": "Shape3",
			"from": [7.53193, 5.40434, 13.71356],
			"to": [8.43193, 7.45434, 15.18856],
			"rotation": {"angle": 0, "axis": "x", "origin": [7.98193, 6.32934, 13.91356]},
			"faces": {
				"north": {"uv": [4.25, 7, 4.5, 7.5], "texture": "#1", "tintindex": 0},
				"east": {"uv": [4.25, 7, 4.5, 7.5], "rotation": 90, "texture": "#1", "tintindex": 0},
				"south": {"uv": [4.25, 6.5, 5, 7], "rotation": 90, "texture": "#1", "tintindex": 0},
				"west": {"uv": [4.25, 5, 4.5, 5.5], "rotation": 270, "texture": "#1", "tintindex": 0},
				"up": {"uv": [4.25, 7.5, 4.5, 7], "rotation": 180, "texture": "#1", "tintindex": 0},
				"down": {"uv": [4.25, 7.5, 4.5, 7], "texture": "#1", "tintindex": 0}
			}
		},
		{
			"name": "Shape3",
			"from": [7.53193, 6.57934, 7.88856],
			"to": [8.43193, 7.45434, 15.18856],
			"rotation": {"angle": 0, "axis": "y", "origin": [7.98193, 6.32934, 13.91356]},
			"faces": {
				"north": {"uv": [4.25, 7, 4.5, 7.5], "texture": "#1", "tintindex": 0},
				"east": {"uv": [4.25, 7, 4.5, 7.5], "rotation": 90, "texture": "#1", "tintindex": 0},
				"south": {"uv": [4.25, 6.5, 5, 7], "rotation": 90, "texture": "#1", "tintindex": 0},
				"west": {"uv": [4.25, 5, 4.5, 5.5], "rotation": 270, "texture": "#1", "tintindex": 0},
				"up": {"uv": [4.25, 7.5, 4.5, 7], "rotation": 180, "texture": "#1", "tintindex": 0},
				"down": {"uv": [4.25, 7.5, 4.5, 7], "texture": "#1", "tintindex": 0}
			}
		},
		{
			"name": "Shape3",
			"from": [7.53193, 5.59732, 11.74268],
			"to": [8.43193, 5.99732, 12.14268],
			"rotation": {"angle": 22.5, "axis": "x", "origin": [7.98193, 5.24732, 11.64268]},
			"faces": {
				"north": {"uv": [4.25, 7.5, 4.5, 7], "texture": "#1", "tintindex": 0},
				"east": {"uv": [4.25, 7, 4.5, 7.5], "rotation": 180, "texture": "#1", "tintindex": 0},
				"south": {"uv": [4.25, 7.5, 4.5, 7], "texture": "#1", "tintindex": 0},
				"west": {"uv": [4.25, 5, 4.5, 5.5], "rotation": 180, "texture": "#1", "tintindex": 0},
				"up": {"uv": [4.25, 6.5, 5, 7], "rotation": 90, "texture": "#1", "tintindex": 0},
				"down": {"uv": [4.25, 7, 4.5, 7.5], "rotation": 180, "texture": "#1", "tintindex": 0}
			}
		},
		{
			"name": "Shape3",
			"from": [7.53193, 5.34806, 12.14174],
			"to": [8.43193, 6.04806, 12.36674],
			"rotation": {"angle": -45, "axis": "x", "origin": [7.98193, 5.69806, 12.16674]},
			"faces": {
				"north": {"uv": [4.25, 7, 4.5, 7.5], "texture": "#1", "tintindex": 0},
				"east": {"uv": [4.25, 7, 4.5, 7.5], "rotation": 90, "texture": "#1", "tintindex": 0},
				"south": {"uv": [4.25, 6.5, 5, 7], "rotation": 90, "texture": "#1", "tintindex": 0},
				"west": {"uv": [4.25, 5, 4.5, 5.5], "rotation": 270, "texture": "#1", "tintindex": 0},
				"up": {"uv": [4.25, 7.5, 4.5, 7], "rotation": 180, "texture": "#1", "tintindex": 0},
				"down": {"uv": [4.25, 7.5, 4.5, 7], "texture": "#1", "tintindex": 0}
			}
		},
		{
			"name": "Shape3",
			"from": [11.8825, 4.8799, 7.25307],
			"to": [12.7825, 5.7799, 15.15307],
			"rotation": {"angle": 45, "axis": "z", "origin": [7.89157, 1.0299, 11.10251]},
			"faces": {
				"north": {"uv": [4.5, 7, 4.25, 7.5], "texture": "#1", "tintindex": 0},
				"east": {"uv": [4.25, 7, 4.5, 7.5], "texture": "#1", "tintindex": 0},
				"south": {"uv": [4.5, 7, 4.25, 7.5], "texture": "#1", "tintindex": 0},
				"west": {"uv": [4.25, 5, 4.5, 5.5], "texture": "#1", "tintindex": 0},
				"up": {"uv": [4.25, 8.5, 3.5, 9], "rotation": 90, "texture": "#1", "tintindex": 0},
				"down": {"uv": [5, 7, 4.25, 6.5], "rotation": 270, "texture": "#1", "tintindex": 0}
			}
		},
		{
			"name": "Shape11",
			"from": [7.3025, 9.38954, 11.15307],
			"to": [8.7025, 10.66454, 11.92807],
			"rotation": {"angle": 45, "axis": "x", "origin": [7.91157, 1.0299, 11.10251]},
			"faces": {
				"north": {"uv": [1, 7.5, 0.5, 8.5], "texture": "#1", "tintindex": 0},
				"east": {"uv": [0.25, 5.5, 0, 6.5], "texture": "#1", "tintindex": 0},
				"south": {"uv": [0.5, 5.5, 0, 6.5], "texture": "#1", "tintindex": 0},
				"west": {"uv": [0.25, 5.5, 0, 6.5], "texture": "#1", "tintindex": 0},
				"up": {"uv": [0.5, 6.5, 0.25, 7.5], "rotation": 90, "texture": "#1", "tintindex": 0},
				"down": {"uv": [0.25, 7.5, 0, 6.5], "rotation": 270, "texture": "#1", "tintindex": 0}
			}
		},
		{
			"name": "Shape11",
			"from": [7.4775, 9.73954, 15.87807],
			"to": [8.5525, 10.13954, 16.57807],
			"rotation": {"angle": 22.5, "axis": "x", "origin": [7.91157, 1.0299, 11.10251]},
			"faces": {
				"north": {"uv": [0.5, 5.5, 0, 6.5], "texture": "#1", "tintindex": 0},
				"east": {"uv": [0.25, 5.5, 0, 6.5], "texture": "#1", "tintindex": 0},
				"south": {"uv": [0.5, 5.5, 0, 6.5], "texture": "#1", "tintindex": 0},
				"west": {"uv": [0.5, 5.5, 0.25, 6.5], "texture": "#1", "tintindex": 0},
				"up": {"uv": [0.5, 6.5, 0.25, 7.5], "rotation": 90, "texture": "#1", "tintindex": 0},
				"down": {"uv": [0.75, 7.5, 0.5, 6.5], "rotation": 270, "texture": "#1", "tintindex": 0}
			}
		},
		{
			"name": "Shape11",
			"from": [7.4025, 9.61454, 15.22807],
			"to": [8.6275, 10.23954, 16.22807],
			"rotation": {"angle": 22.5, "axis": "x", "origin": [7.91157, 1.0299, 11.10251]},
			"faces": {
				"north": {"uv": [0.5, 5.5, 0, 6.5], "texture": "#1", "tintindex": 0},
				"east": {"uv": [0.25, 5.5, 0, 6.5], "texture": "#1", "tintindex": 0},
				"south": {"uv": [0.5, 5.5, 0, 6.5], "texture": "#1", "tintindex": 0},
				"west": {"uv": [0.5, 5.5, 0.25, 6.5], "texture": "#1", "tintindex": 0},
				"up": {"uv": [0.5, 6.5, 0.25, 7.5], "rotation": 90, "texture": "#1", "tintindex": 0},
				"down": {"uv": [0.75, 7.5, 0.5, 6.5], "rotation": 270, "texture": "#1", "tintindex": 0}
			}
		},
		{
			"name": "Shape11",
			"from": [7.51157, -2.50534, 18.93444],
			"to": [8.51157, -2.10534, 19.23444],
			"rotation": {"angle": -45, "axis": "x", "origin": [7.91157, 0.99466, 11.03444]},
			"faces": {
				"north": {"uv": [0.5, 5.5, 0, 6.5], "texture": "#1", "tintindex": 0},
				"east": {"uv": [0.75, 5.5, 0.5, 6.5], "texture": "#1", "tintindex": 0},
				"south": {"uv": [0.5, 5.5, 0, 6.5], "texture": "#1", "tintindex": 0},
				"west": {"uv": [0.25, 5.5, 0, 6.5], "texture": "#1", "tintindex": 0},
				"up": {"uv": [0.75, 6.5, 0.5, 7.5], "rotation": 270, "texture": "#1", "tintindex": 0},
				"down": {"uv": [1, 7.5, 0.75, 6.5], "rotation": 90, "texture": "#1", "tintindex": 0}
			}
		},
		{
			"name": "Shape11",
			"from": [7.51157, 5.5299, 17.50251],
			"to": [8.51157, 6.4299, 18.20251],
			"rotation": {"angle": 22.5, "axis": "x", "origin": [7.91157, 1.0299, 11.10251]},
			"faces": {
				"north": {"uv": [0.5, 5.5, 0, 6.5], "texture": "#1", "tintindex": 0},
				"east": {"uv": [0.75, 5.5, 0.5, 6.5], "texture": "#1", "tintindex": 0},
				"south": {"uv": [0.5, 5.5, 0, 6.5], "texture": "#1", "tintindex": 0},
				"west": {"uv": [0.25, 5.5, 0, 6.5], "texture": "#1", "tintindex": 0},
				"up": {"uv": [0.75, 6.5, 0.5, 7.5], "rotation": 270, "texture": "#1", "tintindex": 0},
				"down": {"uv": [1, 7.5, 0.75, 6.5], "rotation": 90, "texture": "#1", "tintindex": 0}
			}
		},
		{
			"name": "Shape11",
			"from": [7.51157, -0.19543, 18.7468],
			"to": [8.51157, 0.90457, 19.9468],
			"rotation": {"angle": -22.5, "axis": "x", "origin": [7.91157, 1.00457, 11.0468]},
			"faces": {
				"north": {"uv": [0.5, 5.5, 0, 6.5], "texture": "#1", "tintindex": 0},
				"east": {"uv": [0.75, 5.5, 0.5, 6.5], "texture": "#1", "tintindex": 0},
				"south": {"uv": [0.5, 5.5, 0, 6.5], "texture": "#1", "tintindex": 0},
				"west": {"uv": [0.25, 5.5, 0, 6.5], "texture": "#1", "tintindex": 0},
				"up": {"uv": [0.75, 6.5, 0.5, 7.5], "rotation": 270, "texture": "#1", "tintindex": 0},
				"down": {"uv": [1, 7.5, 0.75, 6.5], "rotation": 90, "texture": "#1", "tintindex": 0}
			}
		},
		{
			"name": "Shape11",
			"from": [7.51157, -1.0701, 15.40251],
			"to": [8.51157, -0.7701, 19.30251],
			"rotation": {"angle": -22.5, "axis": "x", "origin": [7.91157, 1.0299, 11.10251]},
			"faces": {
				"north": {"uv": [0.5, 7.5, 0.75, 6.5], "rotation": 270, "texture": "#1", "tintindex": 0},
				"east": {"uv": [0.75, 5.5, 0.5, 6.5], "rotation": 90, "texture": "#1", "tintindex": 0},
				"south": {"uv": [0.75, 6.5, 1, 7.5], "rotation": 270, "texture": "#1", "tintindex": 0},
				"west": {"uv": [0.25, 5.5, 0, 6.5], "rotation": 270, "texture": "#1", "tintindex": 0},
				"up": {"uv": [0, 6.5, 0.5, 5.5], "rotation": 180, "texture": "#1", "tintindex": 0},
				"down": {"uv": [0, 6.5, 0.5, 5.5], "texture": "#1", "tintindex": 0}
			}
		},
		{
			"name": "Shape11",
			"from": [7.51157, -0.7701, 15.80251],
			"to": [8.51157, 5.9799, 16.80251],
			"rotation": {"angle": -22.5, "axis": "x", "origin": [7.91157, 1.0299, 11.10251]},
			"faces": {
				"north": {"uv": [0.5, 5.5, 0, 6.5], "texture": "#1", "tintindex": 0},
				"east": {"uv": [0.75, 5.5, 0.5, 6.5], "texture": "#1", "tintindex": 0},
				"south": {"uv": [0.5, 5.5, 0, 6.5], "texture": "#1", "tintindex": 0},
				"west": {"uv": [0.25, 5.5, 0, 6.5], "texture": "#1", "tintindex": 0},
				"up": {"uv": [0.75, 6.5, 0.5, 7.5], "rotation": 270, "texture": "#1", "tintindex": 0},
				"down": {"uv": [1, 7.5, 0.75, 6.5], "rotation": 90, "texture": "#1", "tintindex": 0}
			}
		},
		{
			"name": "Shape11",
			"from": [7.51157, 0.9299, 18.80251],
			"to": [8.51157, 3.9299, 19.80251],
			"rotation": {"angle": -22.5, "axis": "x", "origin": [7.91157, 1.0299, 11.10251]},
			"faces": {
				"north": {"uv": [0.5, 5.5, 0, 6.5], "texture": "#1", "tintindex": 0},
				"east": {"uv": [0.75, 5.5, 0.5, 6.5], "texture": "#1", "tintindex": 0},
				"south": {"uv": [0.5, 5.5, 0, 6.5], "texture": "#1", "tintindex": 0},
				"west": {"uv": [0.25, 5.5, 0, 6.5], "texture": "#1", "tintindex": 0},
				"up": {"uv": [0.75, 6.5, 0.5, 7.5], "rotation": 270, "texture": "#1", "tintindex": 0},
				"down": {"uv": [1, 7.5, 0.75, 6.5], "rotation": 90, "texture": "#1", "tintindex": 0}
			}
		},
		{
			"name": "Shape11",
			"from": [7.41157, 5.2549, 14.55251],
			"to": [7.51157, 6.2799, 16.55251],
			"rotation": {"angle": 0, "axis": "y", "origin": [7.91157, 1.0299, 11.10251]},
			"faces": {
				"north": {"uv": [4.875, 4.5, 4.375, 5.5], "texture": "#1"},
				"east": {"uv": [4.65, 4.75, 4.4, 5.75], "texture": "#1"},
				"south": {"uv": [12.475, 7.25, 11.975, 8.25], "texture": "#1"},
				"west": {"uv": [4.5, 6, 4.25, 7], "texture": "#1"},
				"up": {"uv": [12.725, 6.25, 12.475, 7.25], "rotation": 90, "texture": "#1"},
				"down": {"uv": [12.975, 7.25, 12.725, 6.25], "rotation": 270, "texture": "#1"}
			}
		},
		{
			"name": "Shape11",
			"from": [7.3025, 7.17934, 17.23715],
			"to": [8.7025, 7.95434, 18.51215],
			"rotation": {"angle": 0, "axis": "z", "origin": [7.91157, 1.0299, 11.10251]},
			"faces": {
				"north": {"uv": [0, 6.5, 0.25, 7.5], "rotation": 270, "texture": "#1", "tintindex": 0},
				"east": {"uv": [0.25, 5.5, 0, 6.5], "rotation": 270, "texture": "#1", "tintindex": 0},
				"south": {"uv": [0.25, 7.5, 0.5, 6.5], "rotation": 270, "texture": "#1", "tintindex": 0},
				"west": {"uv": [0.25, 5.5, 0, 6.5], "rotation": 90, "texture": "#1", "tintindex": 0},
				"up": {"uv": [0.5, 8.5, 1, 7.5], "texture": "#1", "tintindex": 0},
				"down": {"uv": [0, 6.5, 0.5, 5.5], "rotation": 180, "texture": "#1", "tintindex": 0}
			}
		},
		{
			"name": "Shape3",
			"from": [12.2925, 5.2799, 4.25307],
			"to": [13.1925, 6.1799, 7.25307],
			"rotation": {"angle": 45, "axis": "z", "origin": [7.90157, 1.0299, 11.10251]},
			"faces": {
				"north": {"uv": [4.5, 7, 4.25, 7.5], "texture": "#1", "tintindex": 0},
				"east": {"uv": [4.25, 7, 4.5, 7.5], "texture": "#1", "tintindex": 0},
				"south": {"uv": [4.5, 7, 4.25, 7.5], "texture": "#1", "tintindex": 0},
				"west": {"uv": [4.25, 5, 4.5, 5.5], "texture": "#1", "tintindex": 0},
				"up": {"uv": [4.25, 8.5, 3.5, 9], "rotation": 90, "texture": "#1", "tintindex": 0},
				"down": {"uv": [5, 7, 4.25, 6.5], "rotation": 270, "texture": "#1", "tintindex": 0}
			}
		},
		{
			"name": "Shape10",
			"from": [1.5025, 6.6299, 11.97807],
			"to": [2.3025, 7.6299, 14.25307],
			"rotation": {"angle": -45, "axis": "z", "origin": [7.91157, 1.0299, 11.10251]},
			"faces": {
				"north": {"uv": [4, 10.6, 4.4, 10.5], "texture": "#1"},
				"east": {"uv": [4, 10.6, 4.4, 10.5], "texture": "#1"},
				"south": {"uv": [4, 10.6, 4.4, 10.5], "texture": "#1"},
				"west": {"uv": [4, 10.6, 4.4, 10.5], "texture": "#1"},
				"up": {"uv": [4, 10.6, 4.4, 10.5], "texture": "#1"},
				"down": {"uv": [4, 10.6, 4.4, 10.5], "texture": "#1"}
			}
		},
		{
			"name": "Shape10",
			"from": [7.51157, 8.76397, 12.00307],
			"to": [8.61157, 9.66397, 14.25307],
			"rotation": {"angle": 0, "axis": "y", "origin": [7.91157, 1.0299, 11.10251]},
			"faces": {
				"north": {"uv": [4, 10.6, 4.4, 10.5], "texture": "#1"},
				"east": {"uv": [4, 10.6, 4.4, 10.5], "texture": "#1"},
				"south": {"uv": [4, 10.6, 4.4, 10.5], "texture": "#1"},
				"west": {"uv": [4, 10.6, 4.4, 10.5], "texture": "#1"},
				"up": {"uv": [4, 10.6, 4.4, 10.5], "texture": "#1"},
				"down": {"uv": [4, 10.6, 4.4, 10.5], "texture": "#1"}
			}
		},
		{
			"name": "Shape10",
			"from": [13.5025, 6.5299, 4.10251],
			"to": [14.3025, 7.3299, 5.60251],
			"rotation": {"angle": 45, "axis": "z", "origin": [7.91157, 1.0299, 11.10251]},
			"faces": {
				"north": {"uv": [15.775, 15.55, 14.95, 14.8], "texture": "#1"},
				"east": {"uv": [4.35, 7.1, 4.5, 5.3], "rotation": 90, "texture": "#1", "tintindex": 0},
				"south": {"uv": [4.35, 7.1, 4.5, 5.3], "rotation": 90, "texture": "#1", "tintindex": 0},
				"west": {"uv": [2.8, 0.6, 2.3, 1.1], "texture": "#1", "tintindex": 0},
				"up": {"uv": [4.35, 7.1, 4.5, 5.3], "rotation": 90, "texture": "#1", "tintindex": 0},
				"down": {"uv": [4.35, 7.1, 4.5, 5.3], "rotation": 90, "texture": "#1", "tintindex": 0}
			}
		},
		{
			"name": "Shape10",
			"from": [13.59877, 6.56822, 4.17751],
			"to": [14.52377, 7.49322, 5.67751],
			"rotation": {"angle": 45, "axis": "z", "origin": [7.90784, 1.01822, 11.10251]},
			"faces": {
				"north": {"uv": [4.35, 7.1, 4.5, 5.3], "rotation": 90, "texture": "#1", "tintindex": 0},
				"east": {"uv": [4.35, 7.1, 4.5, 5.3], "rotation": 90, "texture": "#1", "tintindex": 0},
				"south": {"uv": [4.35, 7.1, 4.5, 5.3], "rotation": 90, "texture": "#1", "tintindex": 0},
				"west": {"uv": [4.35, 7.1, 4.5, 5.3], "rotation": 90, "texture": "#1", "tintindex": 0},
				"up": {"uv": [4.35, 7.1, 4.5, 5.3], "rotation": 90, "texture": "#1", "tintindex": 0},
				"down": {"uv": [4.35, 7.1, 4.5, 5.3], "rotation": 90, "texture": "#1", "tintindex": 0}
			}
		},
		{
			"name": "Shape10",
			"from": [12.4775, 5.4549, 4.17751],
			"to": [13.3525, 6.3549, 5.67751],
			"rotation": {"angle": 45, "axis": "z", "origin": [7.91157, 1.0299, 11.10251]},
			"faces": {
				"north": {"uv": [4.35, 7.1, 4.5, 5.3], "rotation": 90, "texture": "#1", "tintindex": 0},
				"east": {"uv": [4.35, 7.1, 4.5, 5.3], "rotation": 90, "texture": "#1", "tintindex": 0},
				"south": {"uv": [4.35, 7.1, 4.5, 5.3], "rotation": 90, "texture": "#1", "tintindex": 0},
				"west": {"uv": [4.35, 7.1, 4.5, 5.3], "rotation": 90, "texture": "#1", "tintindex": 0},
				"up": {"uv": [4.35, 7.1, 4.5, 5.3], "rotation": 90, "texture": "#1", "tintindex": 0},
				"down": {"uv": [4.35, 7.1, 4.5, 5.3], "rotation": 90, "texture": "#1", "tintindex": 0}
			}
		},
		{
			"name": "Shape10",
			"from": [7.35157, 7.99583, 4.17751],
			"to": [8.66157, 9.62083, 5.67751],
			"rotation": {"angle": 0, "axis": "x", "origin": [7.91157, 1.0299, 11.10251]},
			"faces": {
				"north": {"uv": [4.35, 7.1, 4.5, 5.3], "rotation": 90, "texture": "#1", "tintindex": 0},
				"east": {"uv": [4.35, 7.1, 4.5, 5.3], "rotation": 90, "texture": "#1", "tintindex": 0},
				"south": {"uv": [4.35, 7.1, 4.5, 5.3], "rotation": 90, "texture": "#1", "tintindex": 0},
				"west": {"uv": [4.35, 7.1, 4.5, 5.3], "rotation": 90, "texture": "#1", "tintindex": 0},
				"up": {"uv": [4.35, 7.1, 4.5, 5.3], "rotation": 90, "texture": "#1", "tintindex": 0},
				"down": {"uv": [4.35, 7.1, 4.5, 5.3], "rotation": 90, "texture": "#1", "tintindex": 0}
			}
		},
		{
			"name": "Shape10",
			"from": [9.78157, 5.0599, 14.02751],
			"to": [10.58157, 5.8599, 17.25251],
			"rotation": {"angle": 45, "axis": "z", "origin": [3.81157, 4.8299, 11.30251]},
			"faces": {
				"north": {"uv": [1.35, 4.2, 0.8, 4.5], "texture": "#1", "tintindex": 0},
				"east": {"uv": [4.25, 4.2, 3.75, 4.7], "texture": "#1", "tintindex": 0},
				"south": {"uv": [6.775, 4.55, 6.475, 4.85], "texture": "#1", "tintindex": 0},
				"west": {"uv": [3.5, 4.2, 3, 4.7], "texture": "#1", "tintindex": 0},
				"up": {"uv": [2.2, 4.1, 1.7, 4.6], "rotation": 90, "texture": "#1", "tintindex": 0},
				"down": {"uv": [0.7, 4.6, 0.2, 4.1], "rotation": 270, "texture": "#1", "tintindex": 0}
			}
		},
		{
			"name": "Shape10",
			"from": [9.78157, 5.0599, 11.90251],
			"to": [10.38157, 5.8599, 14.02751],
			"rotation": {"angle": 45, "axis": "z", "origin": [3.81157, 4.8299, 8.07751]},
			"faces": {
				"north": {"uv": [1.35, 4.2, 0.8, 4.5], "texture": "#1", "tintindex": 0},
				"east": {"uv": [4.25, 4.2, 3.75, 4.7], "texture": "#1", "tintindex": 0},
				"south": {"uv": [0.6, 5.4, 0.35, 5.9], "texture": "#1", "tintindex": 0},
				"west": {"uv": [3.5, 4.2, 3, 4.7], "texture": "#1", "tintindex": 0},
				"up": {"uv": [2.2, 4.1, 1.7, 4.6], "rotation": 90, "texture": "#1", "tintindex": 0},
				"down": {"uv": [0.7, 4.6, 0.2, 4.1], "rotation": 270, "texture": "#1", "tintindex": 0}
			}
		},
		{
			"name": "Shape10",
			"from": [9.95822, 4.88447, 4.25251],
			"to": [10.75822, 5.68447, 12.00251],
			"rotation": {"angle": 45, "axis": "z", "origin": [3.80822, 4.83447, 11.30251]},
			"faces": {
				"north": {"uv": [0.75, 4.4, 0.3, 4.9], "texture": "#1", "tintindex": 0},
				"east": {"uv": [5.65, 7.45, 10.95, 4], "texture": "#1", "tintindex": 0},
				"south": {"uv": [2.3, 4.2, 2.05, 4.7], "texture": "#1", "tintindex": 0},
				"west": {"uv": [4.8, 4.4, 4.3, 4.9], "texture": "#1", "tintindex": 0},
				"up": {"uv": [3.7, 4.1, 3.2, 4.6], "rotation": 90, "texture": "#1", "tintindex": 0},
				"down": {"uv": [1.6, 4.8, 1.1, 4.3], "rotation": 270, "texture": "#1", "tintindex": 0}
			}
		},
		{
			"name": "Shape10",
			"from": [11.29034, 13.26489, 4.25251],
			"to": [12.09034, 14.06489, 12.00251],
			"rotation": {"angle": 45, "axis": "z", "origin": [14.46534, 7.11489, 11.30251]},
			"faces": {
				"north": {"uv": [0.75, 4.4, 0.3, 4.9], "rotation": 90, "texture": "#1", "tintindex": 0},
				"east": {"uv": [1.6, 4.8, 1.1, 4.3], "rotation": 180, "texture": "#1", "tintindex": 0},
				"south": {"uv": [2.3, 4.2, 2.05, 4.7], "rotation": 270, "texture": "#1", "tintindex": 0},
				"west": {"uv": [3.7, 4.1, 3.2, 4.6], "texture": "#1", "tintindex": 0},
				"up": {"uv": [5.65, 4, 10.95, 7.45], "rotation": 270, "texture": "#1", "tintindex": 0},
				"down": {"uv": [4.8, 4.4, 4.3, 4.9], "rotation": 270, "texture": "#1", "tintindex": 0}
			}
		},
		{
			"name": "Shape10",
			"from": [9.96157, 4.8799, 14.02751],
			"to": [10.76157, 5.6799, 17.25251],
			"rotation": {"angle": 45, "axis": "z", "origin": [3.81157, 4.8299, 11.30251]},
			"faces": {
				"north": {"uv": [3.05, 5, 1.5, 4.3], "texture": "#1", "tintindex": 0},
				"east": {"uv": [4.25, 5, 4.35, 6.3], "texture": "#1", "tintindex": 0},
				"south": {"uv": [5, 5, 4.75, 5.5], "texture": "#1", "tintindex": 0},
				"west": {"uv": [4.6, 4.6, 4.1, 5.1], "texture": "#1", "tintindex": 0},
				"up": {"uv": [3.6, 4.1, 3.1, 4.6], "rotation": 90, "texture": "#1", "tintindex": 0},
				"down": {"uv": [2.1, 4.6, 1.6, 4.1], "rotation": 270, "texture": "#1", "tintindex": 0}
			}
		},
		{
			"name": "Shape10",
			"from": [7.87157, 10.1299, 4.25251],
			"to": [8.12157, 10.3499, 12.00251],
			"rotation": {"angle": 0, "axis": "y", "origin": [3.81157, 4.8299, 11.30251]},
			"faces": {
				"north": {"uv": [6.725, 5.6, 6.625, 4.6], "texture": "#1", "tintindex": 0},
				"east": {"uv": [4.75, 5.4, 4.25, 5.9], "texture": "#1", "tintindex": 0},
				"south": {"uv": [2.1, 4.4, 1.85, 4.9], "texture": "#1", "tintindex": 0},
				"west": {"uv": [4.7, 4.4, 4.2, 4.9], "texture": "#1", "tintindex": 0},
				"up": {"uv": [10.775, 9.87, 8.4, 9.63], "rotation": 90, "texture": "#1", "tintindex": 0},
				"down": {"uv": [1, 4.8, 0.5, 4.3], "rotation": 270, "texture": "#1", "tintindex": 0}
			}
		},
		{
			"name": "Shape10",
			"from": [7.87036, 10.12533, 14.02751],
			"to": [8.12427, 10.34533, 17.25251],
			"rotation": {"angle": 0, "axis": "y", "origin": [3.81036, 4.82533, 11.30251]},
			"faces": {
				"north": {"uv": [4.25, 5, 4.35, 6.3], "texture": "#1", "tintindex": 0},
				"east": {"uv": [4.25, 5, 4.35, 6.3], "texture": "#1", "tintindex": 0},
				"south": {"uv": [4.25, 5, 4.35, 6.3], "texture": "#1", "tintindex": 0},
				"west": {"uv": [4.25, 5, 4.35, 6.3], "texture": "#1", "tintindex": 0},
				"up": {"uv": [4.25, 5, 4.35, 6.3], "texture": "#1", "tintindex": 0},
				"down": {"uv": [4.25, 5, 4.35, 6.3], "texture": "#1", "tintindex": 0}
			}
		},
		{
			"name": "Shape10",
			"from": [12.46157, 5.4299, 4.10251],
			"to": [13.06157, 6.0299, 5.60251],
			"rotation": {"angle": 45, "axis": "z", "origin": [7.91157, 1.0299, 11.10251]},
			"faces": {
				"north": {"uv": [3.8, 8.7, 5.125, 8.55], "texture": "#1"},
				"east": {"uv": [3.8, 8.7, 5.125, 8.55], "texture": "#1"},
				"south": {"uv": [3.8, 8.7, 5.125, 8.55], "texture": "#1"},
				"west": {"uv": [3.8, 8.7, 5.125, 8.55], "texture": "#1"},
				"up": {"uv": [3.8, 8.7, 5.125, 8.55], "texture": "#1"},
				"down": {"uv": [3.8, 8.7, 5.125, 8.55], "texture": "#1"}
			}
		},
		{
			"name": "Shape8",
			"from": [7.30588, 8.78421, 4.25251],
			"to": [8.68635, 9.78421, 12.00251],
			"rotation": {"angle": 0, "axis": "y", "origin": [7.91495, 1.03421, 11.10195]},
			"faces": {
				"north": {"uv": [4.75, 5, 4.25, 5.5], "texture": "#1", "tintindex": 0},
				"east": {"uv": [5.65, 4.05, 10.95, 7.65], "texture": "#1", "tintindex": 0},
				"south": {"uv": [0.5, 5, 0, 5.5], "texture": "#1", "tintindex": 0},
				"west": {"uv": [10.95, 4.05, 5.65, 7.65], "texture": "#1", "tintindex": 0},
				"up": {"uv": [3.25, 4, 1.25, 5], "rotation": 90, "texture": "#1", "tintindex": 0},
				"down": {"uv": [4.25, 5, 2.25, 4], "rotation": 270, "texture": "#1", "tintindex": 0}
			}
		},
		{
			"name": "Shape10",
			"from": [9.33671, 4.74887, 17.50251],
			"to": [10.26171, 5.67387, 17.62751],
			"rotation": {"angle": 45, "axis": "z", "origin": [3.81671, 5.14387, 11.27751]},
			"faces": {
				"north": {"uv": [1.35, 4.2, 0.8, 4.5], "texture": "#1", "tintindex": 0},
				"east": {"uv": [4.25, 4.2, 3.75, 4.7], "texture": "#1", "tintindex": 0},
				"south": {"uv": [10.4, 6.4, 10.15, 6.9], "texture": "#1", "tintindex": 0},
				"west": {"uv": [3.5, 4.2, 3, 4.7], "texture": "#1", "tintindex": 0},
				"up": {"uv": [2.2, 4.1, 1.7, 4.6], "rotation": 90, "texture": "#1", "tintindex": 0},
				"down": {"uv": [0.7, 4.6, 0.2, 4.1], "rotation": 270, "texture": "#1", "tintindex": 0}
			}
		},
		{
			"name": "Shape10",
			"from": [7.34518, 7.77186, 17.37751],
			"to": [8.65299, 9.52186, 17.50251],
			"rotation": {"angle": 0, "axis": "y", "origin": [7.80768, 9.05936, 17.44001]},
			"faces": {
				"north": {"uv": [1.35, 4.2, 0.8, 4.5], "rotation": 90, "texture": "#1", "tintindex": 0},
				"east": {"uv": [0.7, 4.6, 0.2, 4.1], "rotation": 180, "texture": "#1", "tintindex": 0},
				"south": {"uv": [10.4, 6.4, 10.15, 6.9], "rotation": 270, "texture": "#1", "tintindex": 0},
				"west": {"uv": [2.2, 4.1, 1.7, 4.6], "texture": "#1", "tintindex": 0},
				"up": {"uv": [4.25, 4.2, 3.75, 4.7], "rotation": 270, "texture": "#1", "tintindex": 0},
				"down": {"uv": [3.5, 4.2, 3, 4.7], "rotation": 270, "texture": "#1", "tintindex": 0}
			}
		},
		{
			"name": "Shape10",
			"from": [9.33671, 4.84887, 17.37751],
			"to": [10.26171, 5.77387, 17.50251],
			"rotation": {"angle": 45, "axis": "z", "origin": [3.81671, 5.24387, 11.15251]},
			"faces": {
				"north": {"uv": [1.35, 4.2, 0.8, 4.5], "texture": "#1", "tintindex": 0},
				"east": {"uv": [4.25, 4.2, 3.75, 4.7], "texture": "#1", "tintindex": 0},
				"south": {"uv": [10.4, 6.4, 10.15, 6.9], "texture": "#1", "tintindex": 0},
				"west": {"uv": [3.5, 4.2, 3, 4.7], "texture": "#1", "tintindex": 0},
				"up": {"uv": [2.2, 4.1, 1.7, 4.6], "rotation": 90, "texture": "#1", "tintindex": 0},
				"down": {"uv": [0.7, 4.6, 0.2, 4.1], "rotation": 270, "texture": "#1", "tintindex": 0}
			}
		},
		{
			"name": "Shape10",
			"from": [7.34518, 7.77186, 17.25251],
			"to": [8.65299, 9.62186, 17.37751],
			"rotation": {"angle": 0, "axis": "y", "origin": [7.80768, 9.15936, 17.31501]},
			"faces": {
				"north": {"uv": [1.35, 4.2, 0.8, 4.5], "rotation": 90, "texture": "#1", "tintindex": 0},
				"east": {"uv": [0.7, 4.6, 0.2, 4.1], "rotation": 180, "texture": "#1", "tintindex": 0},
				"south": {"uv": [10.4, 6.4, 10.15, 6.9], "rotation": 270, "texture": "#1", "tintindex": 0},
				"west": {"uv": [2.2, 4.1, 1.7, 4.6], "texture": "#1", "tintindex": 0},
				"up": {"uv": [4.25, 4.2, 3.75, 4.7], "rotation": 270, "texture": "#1", "tintindex": 0},
				"down": {"uv": [3.5, 4.2, 3, 4.7], "rotation": 270, "texture": "#1", "tintindex": 0}
			}
		},
		{
			"name": "Shape10",
			"from": [9.33671, 4.94887, 17.25251],
			"to": [10.26171, 5.87387, 17.37751],
			"rotation": {"angle": 45, "axis": "z", "origin": [3.81671, 5.34387, 11.02751]},
			"faces": {
				"north": {"uv": [1.35, 4.2, 0.8, 4.5], "texture": "#1", "tintindex": 0},
				"east": {"uv": [4.25, 4.2, 3.75, 4.7], "texture": "#1", "tintindex": 0},
				"south": {"uv": [10.4, 6.4, 10.15, 6.9], "texture": "#1", "tintindex": 0},
				"west": {"uv": [3.5, 4.2, 3, 4.7], "texture": "#1", "tintindex": 0},
				"up": {"uv": [2.2, 4.1, 1.7, 4.6], "rotation": 90, "texture": "#1", "tintindex": 0},
				"down": {"uv": [0.7, 4.6, 0.2, 4.1], "rotation": 270, "texture": "#1", "tintindex": 0}
			}
		},
		{
			"name": "Shape10",
			"from": [7.34518, 7.77186, 17.50251],
			"to": [8.65299, 9.42186, 17.62751],
			"rotation": {"angle": 0, "axis": "z", "origin": [7.80768, 8.95936, 17.56501]},
			"faces": {
				"north": {"uv": [1.35, 4.2, 0.8, 4.5], "rotation": 90, "texture": "#1", "tintindex": 0},
				"east": {"uv": [0.7, 4.6, 0.2, 4.1], "rotation": 180, "texture": "#1", "tintindex": 0},
				"south": {"uv": [10.4, 6.4, 10.15, 6.9], "rotation": 270, "texture": "#1", "tintindex": 0},
				"west": {"uv": [2.2, 4.1, 1.7, 4.6], "texture": "#1", "tintindex": 0},
				"up": {"uv": [4.25, 4.2, 3.75, 4.7], "rotation": 270, "texture": "#1", "tintindex": 0},
				"down": {"uv": [3.5, 4.2, 3, 4.7], "rotation": 270, "texture": "#1", "tintindex": 0}
			}
		},
		{
			"name": "Shape9",
			"from": [7.30585, 7.75921, 4.25251],
			"to": [8.68635, 8.78421, 17.25251],
			"rotation": {"angle": 0, "axis": "y", "origin": [7.91155, 1.03421, 11.10195]},
			"faces": {
				"north": {"uv": [4.5, 7.5, 4, 8], "texture": "#1", "tintindex": 0},
				"east": {"uv": [5.1, 4.15, 13.9, 7.9], "texture": "#1", "tintindex": 0},
				"south": {"uv": [4.25, 5.5, 4.75, 6], "texture": "#1", "tintindex": 0},
				"west": {"uv": [13.9, 4.15, 5.1, 7.9], "texture": "#1", "tintindex": 0},
				"up": {"uv": [5, 4.5, 4.25, 5.5], "rotation": 90, "texture": "#1", "tintindex": 0},
				"down": {"uv": [4.75, 7.5, 4, 6.5], "rotation": 270, "texture": "#1", "tintindex": 0}
			}
		},
		{
			"name": "Shape17",
			"from": [7.30468, 8.76637, 12.00251],
			"to": [8.30468, 9.77965, 17.25251],
			"rotation": {"angle": 0, "axis": "y", "origin": [7.91375, 1.03173, 11.10191]},
			"faces": {
				"north": {"uv": [5, 5, 4.5, 5.5], "texture": "#1", "tintindex": 0},
				"east": {"uv": [8.5, 5, 8, 5.5], "texture": "#1", "tintindex": 0},
				"south": {"uv": [7, 5, 6.5, 5.5], "texture": "#1", "tintindex": 0},
				"west": {"uv": [4.5, 5, 4, 5.5], "texture": "#1", "tintindex": 0},
				"up": {"uv": [4.5, 4, 4, 5], "rotation": 90, "texture": "#1", "tintindex": 0},
				"down": {"uv": [8, 5, 7.5, 4], "rotation": 270, "texture": "#1", "tintindex": 0}
			}
		},
		{
			"name": "Shape17",
			"from": [7.9717, 8.75465, 14.02751],
			"to": [8.69061, 9.77965, 17.24251],
			"rotation": {"angle": 0, "axis": "y", "origin": [7.93077, 1.02001, 10.90191]},
			"faces": {
				"north": {"uv": [5, 5, 4.5, 5.5], "texture": "#1", "tintindex": 0},
				"east": {"uv": [8.5, 5, 8, 5.5], "texture": "#1", "tintindex": 0},
				"south": {"uv": [7, 5, 6.5, 5.5], "texture": "#1", "tintindex": 0},
				"west": {"uv": [4.5, 5, 4, 5.5], "texture": "#1", "tintindex": 0},
				"up": {"uv": [4.5, 4, 4, 5], "rotation": 90, "texture": "#1", "tintindex": 0},
				"down": {"uv": [8, 5, 7.5, 4], "rotation": 270, "texture": "#1", "tintindex": 0}
			}
		},
		{
			"name": "Shape13",
			"from": [7.7525, 0.5299, 17.66215],
			"to": [8.2525, 1.1299, 18.93715],
			"rotation": {"angle": -45, "axis": "x", "origin": [7.86157, 4.0549, 8.90251]},
			"faces": {
				"north": {"uv": [5.56, 11.32, 4.4, 11.58], "rotation": 90, "texture": "#1"},
				"east": {"uv": [5.56, 11.32, 4.4, 11.58], "rotation": 90, "texture": "#1"},
				"south": {"uv": [5.56, 11.32, 4.4, 11.58], "rotation": 90, "texture": "#1"},
				"west": {"uv": [5.56, 11.32, 4.4, 11.58], "rotation": 90, "texture": "#1"},
				"up": {"uv": [5.56, 11.32, 4.4, 11.58], "rotation": 90, "texture": "#1"},
				"down": {"uv": [5.56, 11.32, 4.4, 11.58], "rotation": 90, "texture": "#1"}
			}
		},
		{
			"name": "Shape13",
			"from": [7.7525, 0.37657, 18.92019],
			"to": [8.2525, 1.15157, 19.34519],
			"rotation": {"angle": -45, "axis": "x", "origin": [7.86157, 4.08621, 8.92019]},
			"faces": {
				"north": {"uv": [5.56, 11.32, 4.4, 11.58], "rotation": 90, "texture": "#1"},
				"east": {"uv": [5.56, 11.32, 4.4, 11.58], "rotation": 90, "texture": "#1"},
				"south": {"uv": [5.56, 11.32, 4.4, 11.58], "rotation": 90, "texture": "#1"},
				"west": {"uv": [5.56, 11.32, 4.4, 11.58], "rotation": 90, "texture": "#1"},
				"up": {"uv": [5.56, 11.32, 4.4, 11.58], "rotation": 90, "texture": "#1"},
				"down": {"uv": [5.56, 11.32, 4.4, 11.58], "rotation": 90, "texture": "#1"}
			}
		},
		{
			"name": "Shape13",
			"from": [7.7525, 8.4949, 18.18715],
			"to": [8.2525, 8.7299, 18.78715],
			"rotation": {"angle": 0, "axis": "z", "origin": [7.86157, 4.0549, 8.90251]},
			"faces": {
				"north": {"uv": [5.56, 11.32, 4.4, 11.58], "rotation": 90, "texture": "#1"},
				"east": {"uv": [5.56, 11.32, 4.4, 11.58], "rotation": 90, "texture": "#1"},
				"south": {"uv": [5.56, 11.32, 4.4, 11.58], "rotation": 90, "texture": "#1"},
				"west": {"uv": [5.56, 11.32, 4.4, 11.58], "rotation": 90, "texture": "#1"},
				"up": {"uv": [5.56, 11.32, 4.4, 11.58], "rotation": 90, "texture": "#1"},
				"down": {"uv": [5.56, 11.32, 4.4, 11.58], "rotation": 90, "texture": "#1"}
			}
		},
		{
			"name": "Shape13",
			"from": [7.7275, 8.3299, 18.81215],
			"to": [8.2775, 8.6049, 19.36215],
			"rotation": {"angle": 0, "axis": "z", "origin": [7.86157, 4.0549, 8.90251]},
			"faces": {
				"north": {"uv": [5.56, 11.32, 4.4, 11.58], "rotation": 90, "texture": "#1"},
				"east": {"uv": [5.56, 11.32, 4.4, 11.58], "rotation": 90, "texture": "#1"},
				"south": {"uv": [5.56, 11.32, 4.4, 11.58], "rotation": 90, "texture": "#1"},
				"west": {"uv": [5.56, 11.32, 4.4, 11.58], "rotation": 90, "texture": "#1"},
				"up": {"uv": [5.56, 11.32, 4.4, 11.58], "rotation": 90, "texture": "#1"},
				"down": {"uv": [5.56, 11.32, 4.4, 11.58], "rotation": 90, "texture": "#1"}
			}
		},
		{
			"name": "Shape13",
			"from": [7.7525, 4.25097, 19.73194],
			"to": [8.2525, 4.65097, 19.98194],
			"rotation": {"angle": -22.5, "axis": "x", "origin": [7.86157, 4.06061, 8.93194]},
			"faces": {
				"north": {"uv": [5.56, 11.32, 4.4, 11.58], "rotation": 90, "texture": "#1"},
				"east": {"uv": [5.56, 11.32, 4.4, 11.58], "rotation": 90, "texture": "#1"},
				"south": {"uv": [5.56, 11.32, 4.4, 11.58], "rotation": 90, "texture": "#1"},
				"west": {"uv": [5.56, 11.32, 4.4, 11.58], "rotation": 90, "texture": "#1"},
				"up": {"uv": [5.56, 11.32, 4.4, 11.58], "rotation": 90, "texture": "#1"},
				"down": {"uv": [5.56, 11.32, 4.4, 11.58], "rotation": 90, "texture": "#1"}
			}
		},
		{
			"name": "Shape13",
			"from": [7.7275, 8.48408, 18.43992],
			"to": [8.2775, 8.75908, 18.98992],
			"rotation": {"angle": 45, "axis": "x", "origin": [8.0025, 8.62158, 18.71492]},
			"faces": {
				"north": {"uv": [5.56, 11.32, 4.4, 11.58], "rotation": 90, "texture": "#1"},
				"east": {"uv": [5.56, 11.32, 4.4, 11.58], "rotation": 90, "texture": "#1"},
				"south": {"uv": [5.56, 11.32, 4.4, 11.58], "rotation": 90, "texture": "#1"},
				"west": {"uv": [5.56, 11.32, 4.4, 11.58], "rotation": 90, "texture": "#1"},
				"up": {"uv": [5.56, 11.32, 4.4, 11.58], "rotation": 90, "texture": "#1"},
				"down": {"uv": [5.56, 11.32, 4.4, 11.58], "rotation": 90, "texture": "#1"}
			}
		},
		{
			"name": "Shape16",
			"from": [7.2025, 1.93934, 15.81146],
			"to": [8.1025, 6.93934, 17.81146],
			"rotation": {"angle": -22.5, "axis": "x", "origin": [7.61009, 4.92772, 16.80745]},
			"faces": {
				"north": {"uv": [4.5, 10, 4.25, 13], "texture": "#1"},
				"east": {"uv": [5, 12, 4.5, 9], "texture": "#1"},
				"south": {"uv": [4.75, 10, 4.5, 13], "texture": "#1"},
				"west": {"uv": [5.25, 10, 3.75, 13], "texture": "#1"},
				"up": {"uv": [3.25, 11, 2.75, 11.5], "rotation": 90, "texture": "#1"},
				"down": {"uv": [2.75, 11.5, 2.25, 11], "rotation": 270, "texture": "#1"}
			}
		},
		{
			"name": "Shape15",
			"from": [8.5025, 1.93934, 15.81146],
			"to": [8.8025, 6.93934, 17.81146],
			"shade": false,
			"rotation": {"angle": -22.5, "axis": "x", "origin": [9.01009, 4.92527, 16.80501]},
			"faces": {
				"north": {"uv": [4.75, 10, 4.5, 13], "texture": "#1"},
				"east": {"uv": [5.25, 10, 2.75, 13], "texture": "#1"},
				"south": {"uv": [6, 10, 3.75, 13], "texture": "#1"},
				"west": {"uv": [4.5, 10, 4, 13], "texture": "#1"},
				"up": {"uv": [3.5, 11, 3, 11.5], "rotation": 90, "texture": "#1"},
				"down": {"uv": [4, 11.5, 3.5, 11], "rotation": 270, "texture": "#1"}
			}
		},
		{
			"from": [8.10657, 10.0549, 16.70251],
			"to": [8.40657, 10.5549, 16.90251],
			"rotation": {"angle": 0, "axis": "y", "origin": [8.36157, 9.0299, 10.60251]},
			"faces": {
				"north": {"uv": [5.45, 10.35, 5.125, 10.45], "rotation": 90, "texture": "#1"},
				"east": {"uv": [5.45, 10.35, 5.125, 10.45], "rotation": 90, "texture": "#1"},
				"south": {"uv": [5.45, 10.35, 5.125, 10.45], "rotation": 90, "texture": "#1"},
				"west": {"uv": [5.45, 10.35, 5.125, 10.45], "rotation": 90, "texture": "#1"},
				"up": {"uv": [5.45, 10.35, 5.125, 10.45], "rotation": 90, "texture": "#1"},
				"down": {"uv": [5.45, 10.35, 5.125, 10.45], "rotation": 90, "texture": "#1"}
			}
		},
		{
			"from": [7.60657, 10.0549, 16.70251],
			"to": [7.90657, 10.5549, 16.90251],
			"rotation": {"angle": 0, "axis": "y", "origin": [8.36157, 9.0299, 10.60251]},
			"faces": {
				"north": {"uv": [5.45, 10.35, 5.125, 10.45], "rotation": 90, "texture": "#1"},
				"east": {"uv": [5.45, 10.35, 5.125, 10.45], "rotation": 90, "texture": "#1"},
				"south": {"uv": [5.45, 10.35, 5.125, 10.45], "rotation": 90, "texture": "#1"},
				"west": {"uv": [5.45, 10.35, 5.125, 10.45], "rotation": 90, "texture": "#1"},
				"up": {"uv": [5.45, 10.35, 5.125, 10.45], "rotation": 90, "texture": "#1"},
				"down": {"uv": [5.45, 10.35, 5.125, 10.45], "rotation": 90, "texture": "#1"}
			}
		},
		{
			"from": [7.90657, 9.9549, 16.70251],
			"to": [8.20657, 10.4549, 16.90251],
			"rotation": {"angle": 0, "axis": "y", "origin": [8.36157, 9.0299, 10.60251]},
			"faces": {
				"north": {"uv": [5.45, 10.35, 5.125, 10.45], "rotation": 90, "texture": "#1"},
				"east": {"uv": [5.45, 10.35, 5.125, 10.45], "rotation": 90, "texture": "#1"},
				"south": {"uv": [5.45, 10.35, 5.125, 10.45], "rotation": 90, "texture": "#1"},
				"west": {"uv": [5.45, 10.35, 5.125, 10.45], "rotation": 90, "texture": "#1"},
				"up": {"uv": [5.45, 10.35, 5.125, 10.45], "rotation": 90, "texture": "#1"},
				"down": {"uv": [5.45, 10.35, 5.125, 10.45], "rotation": 90, "texture": "#1"}
			}
		},
		{
			"from": [7.89657, 10.2299, 4.60251],
			"to": [8.09657, 10.5299, 4.90251],
			"rotation": {"angle": 0, "axis": "y", "origin": [8.36157, 9.0299, 10.60251]},
			"faces": {
				"north": {"uv": [5.45, 10.35, 5.125, 10.45], "rotation": 90, "texture": "#1"},
				"east": {"uv": [5.45, 10.35, 5.125, 10.45], "rotation": 90, "texture": "#1"},
				"south": {"uv": [5.45, 10.35, 5.125, 10.45], "rotation": 90, "texture": "#1"},
				"west": {"uv": [5.45, 10.35, 5.125, 10.45], "rotation": 90, "texture": "#1"},
				"up": {"uv": [5.45, 10.35, 5.125, 10.45], "rotation": 90, "texture": "#1"},
				"down": {"uv": [5.45, 10.35, 5.125, 10.45], "rotation": 90, "texture": "#1"}
			}
		}
	],
	"display": {
		"thirdperson_righthand": {
			"translation": [0, 1, -3.75],
			"scale": [0.85, 0.75, 0.65]
		},
		"thirdperson_lefthand": {
			"translation": [0, 1, -3.75],
			"scale": [0.85, 0.75, 0.65]
		},
		"firstperson_righthand": {
			"translation": [-4.5, 4.5, -1.75],
			"scale": [0.75, 0.75, 0.6]
		},
		"firstperson_lefthand": {
			"translation": [-4.5, 4.5, -1.75],
			"scale": [0.75, 0.75, 0.6]
		},
		"ground": {
			"translation": [0.25, 3.5, -3.5],
			"scale": [1.15, 1, 0.85]
		},
		"gui": {
			"rotation": [30, -140, 0],
			"translation": [2.5, -1.5, 0],
			"scale": [1.4, 1.1, 1]
		},
		"head": {
			"translation": [0.5, 0, 0],
			"scale": [0.7, 0.63, 1]
		},
		"fixed": {
			"rotation": [0, 90, 0],
			"translation": [-4, 1.25, -1.75],
			"scale": [1.15, 1.15, 1]
		}
	},
	"groups": [
		{
			"name": "root",
			"origin": [0.44657, 3.0299, -0.39749],
			"color": 0,
			"children": [
				{
					"name": "Safety, Trigger, Slide & Mag release",
					"origin": [0.44657, 26.0299, -0.39749],
					"color": 0,
					"children": [0, 1, 2, 3, 4, 5, 6, 7]
				},
				{
					"name": "Frame",
					"origin": [0.44657, 25.0299, -0.39749],
					"color": 0,
					"children": [8, 9, 10, 11, 12, 13, 14, 15, 16, 17, 18, 19, 20, 21, 22, 23, 24, 25, 26, 27, 28, 29]
				},
				{
					"name": "Slide & Hammer",
					"origin": [-0.05343, 27.0299, 0.10251],
					"color": 0,
					"children": [
						30,
						31,
						32,
						33,
						34,
						35,
						36,
						37,
						38,
						39,
						40,
						41,
						42,
						43,
						44,
						45,
						46,
						47,
						48,
						49,
						50,
						51,
						52,
						53,
						54,
						{
							"name": "Hammer",
							"origin": [8.0375, 10.39658, 14.76492],
							"color": 0,
							"children": [55, 56, 57, 58, 59, 60]
						}
					]
				},
				{
					"name": "Grips",
					"origin": [0.44657, 25.0299, -0.59749],
					"color": 0,
					"children": [61, 62]
				},
				{
					"name": "Iron Sights",
					"origin": [3.44657, 26.5299, -0.39749],
					"color": 0,
					"children": [63, 64, 65, 66]
				}
			]
		}
	]
}
