{
	"credit": "Made with Blockbench by VIKTORWOOD",
	"texture_size": [64, 64],
	"textures": {
		"0": "additionalguns:item/m4a1s",
		"particle": "additionalguns:item/m4a1s"
	},
	"elements": [
		{
			"from": [7.5, 2.3, -4.8],
			"to": [7.75, 2.9, 22.4],
			"rotation": {"angle": 0, "axis": "y", "origin": [0, -1, 16]},
			"faces": {
				"north": {"uv": [10.25, 7, 10, 7.25], "texture": "#0"},
				"east": {"uv": [6.75, 0, 0, 0.25], "texture": "#0"},
				"west": {"uv": [6.75, 0.25, 0, 0.5], "texture": "#0"}
			}
		},
		{
			"from": [7.42929, 2.87071, -4.801],
			"to": [7.62929, 3.15271, 22.399],
			"rotation": {"angle": -45, "axis": "z", "origin": [7.5, 2.8, 15]},
			"faces": {
				"north": {"uv": [10.25, 7.25, 10, 7.5], "texture": "#0"},
				"east": {"uv": [6.75, 0.5, 0, 0.75], "texture": "#0"},
				"south": {"uv": [7.5, 10, 7.25, 10.25], "texture": "#0"},
				"west": {"uv": [6.75, 0.75, 0, 1], "texture": "#0"},
				"up": {"uv": [0.25, 1, 0, 7.75], "texture": "#0"},
				"down": {"uv": [0.5, 7.75, 0.25, 1], "texture": "#0"}
			}
		},
		{
			"from": [7.7, 2.85, -4.8],
			"to": [8.3, 3.1, 22.4],
			"rotation": {"angle": 0, "axis": "y", "origin": [0, -1, 16]},
			"faces": {
				"north": {"uv": [7.75, 10, 7.5, 10.25], "texture": "#0"},
				"east": {"uv": [7.25, 1, 0.5, 1.25], "texture": "#0"},
				"west": {"uv": [7.25, 1.25, 0.5, 1.5], "texture": "#0"},
				"up": {"uv": [0.75, 1.5, 0.5, 8.25], "texture": "#0"},
				"down": {"uv": [1, 8.25, 0.75, 1.5], "texture": "#0"}
			}
		},
		{
			"from": [8.37071, 2.87071, -4.801],
			"to": [8.57071, 3.15271, 22.399],
			"rotation": {"angle": 45, "axis": "z", "origin": [8.5, 2.8, 15]},
			"faces": {
				"north": {"uv": [8, 10, 7.75, 10.25], "texture": "#0"},
				"east": {"uv": [7.75, 1.5, 1, 1.75], "texture": "#0"},
				"south": {"uv": [10.25, 7.5, 10, 7.75], "texture": "#0"},
				"west": {"uv": [7.75, 1.75, 1, 2], "texture": "#0"},
				"up": {"uv": [1.25, 2, 1, 8.75], "texture": "#0"},
				"down": {"uv": [1.5, 8.75, 1.25, 2], "texture": "#0"}
			}
		},
		{
			"from": [8.25, 2.3, -4.8],
			"to": [8.5, 2.9, 22.4],
			"rotation": {"angle": 0, "axis": "y", "origin": [0, -1, 16]},
			"faces": {
				"north": {"uv": [10.25, 7.75, 10, 8], "texture": "#0"},
				"east": {"uv": [8.25, 2, 1.5, 2.25], "texture": "#0"},
				"west": {"uv": [8.25, 2.25, 1.5, 2.5], "texture": "#0"}
			}
		},
		{
			"from": [8.22929, 1.98871, -4.801],
			"to": [8.42929, 2.27071, 22.399],
			"rotation": {"angle": -45, "axis": "z", "origin": [8.5, 2.2, 15]},
			"faces": {
				"north": {"uv": [10.25, 8, 10, 8.25], "texture": "#0"},
				"east": {"uv": [8.25, 2.5, 1.5, 2.75], "texture": "#0"},
				"south": {"uv": [8.25, 10, 8, 10.25], "texture": "#0"},
				"west": {"uv": [8.25, 2.75, 1.5, 3], "texture": "#0"},
				"up": {"uv": [1.75, 3, 1.5, 9.75], "texture": "#0"},
				"down": {"uv": [2, 9.75, 1.75, 3], "texture": "#0"}
			}
		},
		{
			"from": [7.7, 2.1, -4.8],
			"to": [8.3, 2.35, 22.4],
			"rotation": {"angle": 0, "axis": "y", "origin": [0, -1, 16]},
			"faces": {
				"north": {"uv": [8.5, 10, 8.25, 10.25], "texture": "#0"},
				"east": {"uv": [8.75, 3, 2, 3.25], "texture": "#0"},
				"west": {"uv": [8.75, 3.25, 2, 3.5], "texture": "#0"},
				"up": {"uv": [2.25, 3.5, 2, 10.25], "texture": "#0"},
				"down": {"uv": [2.5, 10.25, 2.25, 3.5], "texture": "#0"}
			}
		},
		{
			"from": [7.57071, 1.98871, -4.801],
			"to": [7.77071, 2.27071, 22.399],
			"rotation": {"angle": 45, "axis": "z", "origin": [7.5, 2.2, 15]},
			"faces": {
				"north": {"uv": [8.75, 10, 8.5, 10.25], "texture": "#0"},
				"east": {"uv": [9.25, 3.5, 2.5, 3.75], "texture": "#0"},
				"south": {"uv": [10.25, 8.25, 10, 8.5], "texture": "#0"},
				"west": {"uv": [9.25, 3.75, 2.5, 4], "texture": "#0"},
				"up": {"uv": [2.75, 4, 2.5, 10.75], "texture": "#0"},
				"down": {"uv": [3, 10.75, 2.75, 4], "texture": "#0"}
			}
		},
		{
			"from": [6.67238, 3.30966, 3.6316],
			"to": [7.13763, 3.96567, 9.37445],
			"rotation": {"angle": -45, "axis": "z", "origin": [6.83687, 3.14517, 24.98386]},
			"faces": {
				"north": {"uv": [9, 10, 8.75, 10.25], "texture": "#0"},
				"east": {"uv": [9.25, 7.5, 7.75, 7.75], "texture": "#0"},
				"south": {"uv": [10.25, 8.5, 10, 8.75], "texture": "#0"},
				"west": {"uv": [9.25, 7.75, 7.75, 8], "texture": "#0"},
				"up": {"uv": [3.5, 8, 3.25, 9.5], "texture": "#0"},
				"down": {"uv": [3.75, 9.5, 3.5, 8], "texture": "#0"}
			}
		},
		{
			"from": [7.30212, 3.26148, 3.63393],
			"to": [8.69788, 3.84305, 9.37677],
			"rotation": {"angle": 0, "axis": "y", "origin": [-10.61012, -5.69464, 27.31012]},
			"faces": {
				"north": {"uv": [10, 9.25, 9.5, 9.5], "texture": "#0"},
				"east": {"uv": [9.5, 6.5, 8, 6.75], "texture": "#0"},
				"south": {"uv": [10, 8.75, 9.5, 9], "texture": "#0"},
				"west": {"uv": [9.5, 6.75, 8, 7], "texture": "#0"},
				"up": {"uv": [4.5, 5, 4, 6.5], "texture": "#0"}
			}
		},
		{
			"from": [8.86237, 3.30966, 3.6316],
			"to": [9.32762, 3.96567, 9.37445],
			"rotation": {"angle": 45, "axis": "z", "origin": [9.16313, 3.14517, 24.98386]},
			"faces": {
				"north": {"uv": [9.25, 10, 9, 10.25], "texture": "#0"},
				"east": {"uv": [9.25, 8, 7.75, 8.25], "texture": "#0"},
				"south": {"uv": [10.25, 8.75, 10, 9], "texture": "#0"},
				"west": {"uv": [9.75, 0, 8.25, 0.25], "texture": "#0"},
				"up": {"uv": [0.75, 8.25, 0.5, 9.75], "texture": "#0"},
				"down": {"uv": [1, 9.75, 0.75, 8.25], "texture": "#0"}
			}
		},
		{
			"from": [7.58157, 1.98204, 3.63393],
			"to": [9.16313, 3.3778, 9.37677],
			"rotation": {"angle": 0, "axis": "y", "origin": [-10.61012, -5.69464, 27.31012]},
			"faces": {
				"north": {"uv": [8.75, 7, 8.25, 7.5], "texture": "#0"},
				"east": {"uv": [6, 5, 4.5, 5.5], "texture": "#0"},
				"south": {"uv": [8.75, 4.5, 8.25, 5], "texture": "#0"},
				"up": {"uv": [5, 5.5, 4.5, 7], "texture": "#0"},
				"down": {"uv": [5.5, 7, 5, 5.5], "texture": "#0"}
			}
		},
		{
			"from": [8.53339, 1.25789, 3.6316],
			"to": [8.99864, 1.9139, 9.37445],
			"rotation": {"angle": -45, "axis": "z", "origin": [9.16313, 1.74941, 24.98386]},
			"faces": {
				"north": {"uv": [9.5, 10, 9.25, 10.25], "texture": "#0"},
				"east": {"uv": [9.75, 0.25, 8.25, 0.5], "texture": "#0"},
				"south": {"uv": [10.25, 9, 10, 9.25], "texture": "#0"},
				"west": {"uv": [9.75, 2, 8.25, 2.25], "texture": "#0"},
				"up": {"uv": [3.25, 8.25, 3, 9.75], "texture": "#0"},
				"down": {"uv": [4.25, 9.75, 4, 8.25], "texture": "#0"}
			}
		},
		{
			"from": [7.30212, 1.51678, 3.63393],
			"to": [8.69788, 2.09835, 9.37677],
			"rotation": {"angle": 0, "axis": "y", "origin": [-10.61012, -5.69464, 27.31012]},
			"faces": {
				"north": {"uv": [0.5, 9.75, 0, 10], "texture": "#0"},
				"east": {"uv": [9.75, 2.25, 8.25, 2.5], "texture": "#0"},
				"south": {"uv": [10, 9.5, 9.5, 9.75], "texture": "#0"},
				"west": {"uv": [9.75, 2.5, 8.25, 2.75], "texture": "#0"},
				"down": {"uv": [6, 7, 5.5, 5.5], "texture": "#0"}
			}
		},
		{
			"from": [7.00136, 1.25789, 3.6316],
			"to": [7.46661, 1.9139, 9.37445],
			"rotation": {"angle": 45, "axis": "z", "origin": [6.83687, 1.74941, 24.98386]},
			"faces": {
				"north": {"uv": [9.75, 10, 9.5, 10.25], "texture": "#0"},
				"east": {"uv": [9.75, 2.75, 8.25, 3], "texture": "#0"},
				"south": {"uv": [10.25, 9.25, 10, 9.5], "texture": "#0"},
				"west": {"uv": [5.75, 8.25, 4.25, 8.5], "texture": "#0"},
				"up": {"uv": [6, 8.25, 5.75, 9.75], "texture": "#0"},
				"down": {"uv": [7.5, 9.75, 7.25, 8.25], "texture": "#0"}
			}
		},
		{
			"from": [6.83687, 1.98204, 3.63393],
			"to": [8.41843, 3.3778, 9.37677],
			"rotation": {"angle": 0, "axis": "y", "origin": [-10.61012, -5.69464, 27.31012]},
			"faces": {
				"north": {"uv": [4.75, 8.5, 4.25, 9], "texture": "#0"},
				"south": {"uv": [8.5, 8.25, 8, 8.75], "texture": "#0"},
				"west": {"uv": [6.75, 4, 5.25, 4.5], "texture": "#0"},
				"up": {"uv": [6.5, 4.5, 6, 6], "texture": "#0"},
				"down": {"uv": [6.5, 7.5, 6, 6], "texture": "#0"}
			}
		},
		{
			"from": [7.76568, 2.16994, 18.035],
			"to": [8.65135, 2.95157, 24.95099],
			"rotation": {"angle": 0, "axis": "y", "origin": [-2.42167, -2.129, 33.87367]},
			"faces": {
				"north": {"uv": [8.5, 6.25, 8.25, 6.5], "texture": "#0"},
				"east": {"uv": [8.25, 4.5, 6.5, 4.75], "texture": "#0"}
			}
		},
		{
			"from": [8.48293, 2.91341, 18.0337],
			"to": [8.74347, 3.28077, 24.94969],
			"rotation": {"angle": 45, "axis": "z", "origin": [8.65135, 2.82129, 32.57096]},
			"faces": {
				"north": {"uv": [10, 10, 9.75, 10.25], "texture": "#0"},
				"east": {"uv": [9.25, 0.5, 7.5, 0.75], "texture": "#0"},
				"south": {"uv": [10.25, 9.5, 10, 9.75], "texture": "#0"},
				"up": {"uv": [4, 7.25, 3.75, 9], "texture": "#0"},
				"down": {"uv": [6.25, 9.25, 6, 7.5], "texture": "#0"}
			}
		},
		{
			"from": [7.60919, 2.88643, 18.035],
			"to": [8.39081, 3.21211, 24.95099],
			"rotation": {"angle": 0, "axis": "y", "origin": [-2.42167, -2.129, 33.87367]},
			"faces": {
				"north": {"uv": [10, 5.75, 9.75, 6], "texture": "#0"},
				"east": {"uv": [9.5, 0.75, 7.75, 1], "texture": "#0"},
				"west": {"uv": [9.5, 1, 7.75, 1.25], "texture": "#0"},
				"up": {"uv": [4.25, 6.5, 4, 8.25], "texture": "#0"}
			}
		},
		{
			"from": [7.25653, 2.91341, 18.0337],
			"to": [7.51707, 3.28077, 24.94969],
			"rotation": {"angle": -45, "axis": "z", "origin": [7.34865, 2.82129, 32.57096]},
			"faces": {
				"north": {"uv": [10.25, 10, 10, 10.25], "texture": "#0"},
				"south": {"uv": [10.25, 9.75, 10, 10], "texture": "#0"},
				"west": {"uv": [9.5, 1.25, 7.75, 1.5], "texture": "#0"},
				"up": {"uv": [6.5, 7.5, 6.25, 9.25], "texture": "#0"},
				"down": {"uv": [0.25, 9.5, 0, 7.75], "texture": "#0"}
			}
		},
		{
			"from": [7.34865, 2.16994, 18.035],
			"to": [8.23432, 2.95157, 24.95099],
			"rotation": {"angle": 0, "axis": "y", "origin": [-2.42167, -2.129, 33.87367]},
			"faces": {
				"north": {"uv": [9.5, 0.5, 9.25, 0.75], "texture": "#0"},
				"west": {"uv": [8.25, 4.75, 6.5, 5], "texture": "#0"}
			}
		},
		{
			"from": [7.44076, 1.76442, 18.0337],
			"to": [7.7013, 2.13178, 24.94969],
			"rotation": {"angle": 45, "axis": "z", "origin": [7.34865, 2.03967, 32.57096]},
			"faces": {
				"north": {"uv": [10.5, 0, 10.25, 0.25], "texture": "#0"},
				"east": {"uv": [9.5, 1.5, 7.75, 1.75], "texture": "#0"},
				"south": {"uv": [0.25, 10.25, 0, 10.5], "texture": "#0"},
				"west": {"uv": [9.5, 1.75, 7.75, 2], "texture": "#0"},
				"up": {"uv": [0.5, 7.75, 0.25, 9.5], "texture": "#0"},
				"down": {"uv": [6.75, 9.5, 6.5, 7.75], "texture": "#0"}
			}
		},
		{
			"from": [7.60919, 1.9094, 18.035],
			"to": [8.39081, 2.23508, 24.95099],
			"rotation": {"angle": 0, "axis": "y", "origin": [-2.42167, -2.129, 33.87367]},
			"faces": {
				"north": {"uv": [6.5, 9.75, 6.25, 10], "texture": "#0"},
				"east": {"uv": [9.5, 4, 7.75, 4.25], "texture": "#0"},
				"west": {"uv": [9.5, 4.25, 7.75, 4.5], "texture": "#0"},
				"down": {"uv": [4.5, 8.25, 4.25, 6.5], "texture": "#0"}
			}
		},
		{
			"from": [8.2987, 1.76442, 18.0337],
			"to": [8.55924, 2.13178, 24.94969],
			"rotation": {"angle": -45, "axis": "z", "origin": [8.65135, 2.03967, 32.57096]},
			"faces": {
				"north": {"uv": [10.5, 0.25, 10.25, 0.5], "texture": "#0"},
				"east": {"uv": [9.5, 5, 7.75, 5.25], "texture": "#0"},
				"south": {"uv": [0.5, 10.25, 0.25, 10.5], "texture": "#0"},
				"west": {"uv": [9.5, 5.25, 7.75, 5.5], "texture": "#0"},
				"up": {"uv": [7, 7.75, 6.75, 9.5], "texture": "#0"},
				"down": {"uv": [7.25, 9.5, 7, 7.75], "texture": "#0"}
			}
		},
		{
			"from": [7.3, 2, 9],
			"to": [8.7, 3.4, 17.4],
			"rotation": {"angle": 0, "axis": "y", "origin": [7.5, 2, 10]},
			"faces": {
				"north": {"uv": [5.75, 8.5, 5.25, 9], "texture": "#0", "tintindex": 0},
				"east": {"uv": [5.25, 4, 3, 4.5], "texture": "#0", "tintindex": 0},
				"south": {"uv": [5.25, 8.5, 4.75, 9], "texture": "#0", "tintindex": 0},
				"west": {"uv": [5.25, 4.5, 3, 5], "texture": "#0", "tintindex": 0},
				"up": {"uv": [3.5, 5, 3, 7.25], "texture": "#0", "tintindex": 0},
				"down": {"uv": [4, 7.25, 3.5, 5], "texture": "#0", "tintindex": 0}
			}
		},
		{
			"from": [7.1, -0.3, 24.9],
			"to": [8.9, 3.4, 25.2],
			"rotation": {"angle": 0, "axis": "y", "origin": [7.5, 2, 17.6]},
			"faces": {
				"north": {"uv": [7, 6, 6.5, 7], "texture": "#0"},
				"east": {"uv": [1.5, 8.75, 1.25, 9.75], "texture": "#0"},
				"south": {"uv": [7, 5, 6.5, 6], "texture": "#0"},
				"west": {"uv": [9, 5.5, 8.75, 6.5], "texture": "#0"},
				"up": {"uv": [9.75, 8, 9.25, 8.25], "texture": "#0"},
				"down": {"uv": [9.75, 9.25, 9.25, 9], "texture": "#0"}
			}
		},
		{
			"from": [7.9, 7.1, 25.2],
			"to": [8.1, 7.3, 28.5],
			"rotation": {"angle": 45, "axis": "x", "origin": [7.5, 7.6, 17.9]},
			"faces": {
				"east": {"uv": [9.75, 3, 8.75, 3.25], "texture": "#0"},
				"west": {"uv": [9.75, 3.25, 8.75, 3.5], "texture": "#0"},
				"down": {"uv": [8.25, 9.75, 8, 8.75], "texture": "#0"}
			}
		},
		{
			"from": [7.9, 8.24889, 24.65822],
			"to": [8.1, 9.04889, 26.05822],
			"rotation": {"angle": 45, "axis": "x", "origin": [7.5, 8.74889, 15.45822]},
			"faces": {
				"north": {"uv": [10, 7, 9.75, 7.25], "texture": "#0"},
				"east": {"uv": [7.25, 0.75, 6.75, 1], "texture": "#0"},
				"west": {"uv": [9.25, 8.5, 8.75, 8.75], "texture": "#0"}
			}
		},
		{
			"from": [7.6, 8.14889, 24.65822],
			"to": [8.4, 8.24889, 26.10822],
			"rotation": {"angle": 45, "axis": "x", "origin": [7.5, 8.74889, 15.45822]},
			"faces": {
				"north": {"uv": [10, 7.25, 9.75, 7.5], "texture": "#0", "tintindex": 0},
				"east": {"uv": [10.25, 3, 9.75, 3.25], "texture": "#0", "tintindex": 0},
				"south": {"uv": [7.5, 9.75, 7.25, 10], "texture": "#0", "tintindex": 0},
				"west": {"uv": [3.75, 9.75, 3.25, 10], "texture": "#0", "tintindex": 0},
				"up": {"uv": [4.5, 9, 4.25, 9.5], "texture": "#0", "tintindex": 0},
				"down": {"uv": [4.75, 9.5, 4.5, 9], "texture": "#0", "tintindex": 0}
			}
		},
		{
			"from": [7.9, 7.375, 25.2],
			"to": [8.1, 7.575, 28.5],
			"rotation": {"angle": 45, "axis": "x", "origin": [7.5, 7.875, 17.9]},
			"faces": {
				"east": {"uv": [9.75, 4.5, 8.75, 4.75], "texture": "#0"},
				"west": {"uv": [9.75, 4.75, 8.75, 5], "texture": "#0"}
			}
		},
		{
			"from": [7.9, 7.9, 25.2],
			"to": [8.1, 8.1, 28.5],
			"rotation": {"angle": 45, "axis": "x", "origin": [7.5, 8.4, 17.9]},
			"faces": {
				"east": {"uv": [9.75, 7, 8.75, 7.25], "texture": "#0"},
				"west": {"uv": [9.75, 7.25, 8.75, 7.5], "texture": "#0"}
			}
		},
		{
			"from": [7.9, 0.9, 23.9],
			"to": [8.1, 2.1, 24.9],
			"rotation": {"angle": 0, "axis": "y", "origin": [7.5, 2.4, 14.2]},
			"faces": {
				"east": {"uv": [9.5, 9.25, 9.25, 9.5], "texture": "#0"},
				"west": {"uv": [0.25, 9.5, 0, 9.75], "texture": "#0"}
			}
		},
		{
			"from": [7.9, 0.9, 22.6],
			"to": [8.1, 2.1, 23.9],
			"rotation": {"angle": 0, "axis": "y", "origin": [7.5, 2.4, 13.2]},
			"faces": {
				"east": {"uv": [5.25, 9, 4.75, 9.25], "texture": "#0"},
				"west": {"uv": [5.75, 9, 5.25, 9.25], "texture": "#0"},
				"down": {"uv": [4, 10.25, 3.75, 9.75], "texture": "#0"}
			}
		},
		{
			"from": [7.6, 0.8, 22.55],
			"to": [8.4, 0.9, 23.825],
			"rotation": {"angle": 0, "axis": "y", "origin": [7.5, 2.4, 13.2]},
			"faces": {
				"north": {"uv": [8.25, 9.75, 8, 10], "texture": "#0", "tintindex": 0},
				"east": {"uv": [10.25, 3.25, 9.75, 3.5], "texture": "#0", "tintindex": 0},
				"south": {"uv": [7.75, 9.75, 7.5, 10], "texture": "#0", "tintindex": 0},
				"west": {"uv": [10.25, 4.5, 9.75, 4.75], "texture": "#0", "tintindex": 0},
				"up": {"uv": [9.25, 5.5, 9, 6], "texture": "#0", "tintindex": 0},
				"down": {"uv": [9.25, 6.5, 9, 6], "texture": "#0", "tintindex": 0}
			}
		},
		{
			"from": [7.9, 7.625, 25.2],
			"to": [8.1, 7.825, 28.5],
			"rotation": {"angle": 45, "axis": "x", "origin": [7.5, 8.125, 17.9]},
			"faces": {
				"east": {"uv": [9.25, 8.75, 8.25, 9], "texture": "#0"},
				"west": {"uv": [9.75, 8.25, 8.75, 8.5], "texture": "#0"}
			}
		},
		{
			"from": [7.3, -0.7, 10.1],
			"to": [8.7, 2, 12.8],
			"rotation": {"angle": 0, "axis": "y", "origin": [7.5, 0.6, 10]},
			"faces": {
				"north": {"uv": [3.75, 7.25, 3.25, 8], "texture": "#0", "tintindex": 0},
				"east": {"uv": [7.5, 0, 6.75, 0.75], "texture": "#0", "tintindex": 0},
				"south": {"uv": [7.75, 0.75, 7.25, 1.5], "texture": "#0", "tintindex": 0},
				"west": {"uv": [7.75, 5, 7, 5.75], "texture": "#0", "tintindex": 0},
				"down": {"uv": [7.75, 7.75, 7.25, 7], "texture": "#0", "tintindex": 0}
			}
		},
		{
			"from": [7.4, -2, 10.2],
			"to": [8.6, -0.7, 12.6],
			"rotation": {"angle": 0, "axis": "y", "origin": [7.5, -2.1, 10]},
			"faces": {
				"north": {"uv": [8, 9, 7.75, 9.5], "texture": "#0"},
				"east": {"uv": [6, 4.5, 5.25, 5], "texture": "#0"},
				"south": {"uv": [7.75, 9, 7.5, 9.5], "texture": "#0"},
				"west": {"uv": [8.25, 0, 7.5, 0.5], "texture": "#0"}
			}
		},
		{
			"from": [7.4, -3.19845, 9.86216],
			"to": [8.6, -0.89845, 12.26216],
			"rotation": {"angle": 22.5, "axis": "x", "origin": [7.5, -2.29845, 9.66216]},
			"faces": {
				"north": {"uv": [7.75, 8.25, 7.5, 9], "texture": "#0"},
				"east": {"uv": [7.75, 5.75, 7, 6.5], "texture": "#0"},
				"south": {"uv": [8.5, 5.5, 8.25, 6.25], "texture": "#0"},
				"west": {"uv": [7.25, 7, 6.5, 7.75], "texture": "#0"},
				"down": {"uv": [8, 9, 7.75, 8.25], "texture": "#0"}
			}
		},
		{
			"from": [7.4, 0.5, 12.8],
			"to": [8.6, 2, 16.6],
			"rotation": {"angle": 0, "axis": "y", "origin": [7.5, 0.6, 12.7]},
			"faces": {
				"east": {"uv": [7.75, 4, 6.75, 4.5], "texture": "#0", "tintindex": 0},
				"south": {"uv": [8.5, 9, 8.25, 9.5], "texture": "#0", "tintindex": 0},
				"west": {"uv": [8, 6.5, 7, 7], "texture": "#0", "tintindex": 0},
				"down": {"uv": [3.25, 8.25, 3, 7.25], "texture": "#0", "tintindex": 0}
			}
		},
		{
			"from": [7.4, 1, 16.6],
			"to": [8.6, 2, 17.4],
			"rotation": {"angle": 0, "axis": "y", "origin": [7.5, 0.6, 13.5]},
			"faces": {
				"east": {"uv": [9.75, 0.5, 9.5, 0.75], "texture": "#0", "tintindex": 0},
				"south": {"uv": [0.5, 9.5, 0.25, 9.75], "texture": "#0", "tintindex": 0},
				"west": {"uv": [9.75, 0.75, 9.5, 1], "texture": "#0", "tintindex": 0},
				"down": {"uv": [9.75, 1.25, 9.5, 1], "texture": "#0", "tintindex": 0}
			}
		},
		{
			"from": [7.4, -0.6, 14.8],
			"to": [8.6, 0.5, 15.6],
			"rotation": {"angle": 0, "axis": "y", "origin": [7.5, -1, 11.7]},
			"faces": {
				"north": {"uv": [9.75, 1.5, 9.5, 1.75], "texture": "#0", "tintindex": 0},
				"east": {"uv": [9.75, 1.25, 9.5, 1.5], "texture": "#0", "tintindex": 0},
				"west": {"uv": [9.75, 1.75, 9.5, 2], "texture": "#0", "tintindex": 0},
				"down": {"uv": [3.5, 9.75, 3.25, 9.5], "texture": "#0", "tintindex": 0}
			}
		},
		{
			"from": [7.4, -3.2, 16],
			"to": [8.6, -2.475, 17.925],
			"rotation": {"angle": 0, "axis": "y", "origin": [7.5, -4, 11.7]},
			"faces": {
				"north": {"uv": [10, 8.25, 9.75, 8.5], "texture": "#0"},
				"east": {"uv": [4, 9.5, 3.5, 9.75], "texture": "#0"},
				"south": {"uv": [10, 8, 9.75, 8.25], "texture": "#0"},
				"west": {"uv": [10, 3.5, 9.5, 3.75], "texture": "#0"},
				"up": {"uv": [8.75, 5.5, 8.5, 6], "texture": "#0"},
				"down": {"uv": [8.75, 6.5, 8.5, 6], "texture": "#0"}
			}
		},
		{
			"from": [7.5, -4.4, 15.4],
			"to": [8.5, 0.3, 17.1],
			"rotation": {"angle": -22.5, "axis": "x", "origin": [7.5, -1.4, 12.7]},
			"faces": {
				"north": {"uv": [6, 7, 5.75, 8.25], "texture": "#0"},
				"east": {"uv": [5, 7, 4.5, 8.25], "texture": "#0"},
				"south": {"uv": [5.75, 7, 5.5, 8.25], "texture": "#0"},
				"west": {"uv": [5.5, 7, 5, 8.25], "texture": "#0"}
			}
		},
		{
			"from": [7.4, -0.6, 12.8],
			"to": [8.6, -0.4, 14.8],
			"rotation": {"angle": 0, "axis": "y", "origin": [7.5, -0.6, 12.7]},
			"faces": {
				"east": {"uv": [10, 3.75, 9.5, 4], "texture": "#0"},
				"west": {"uv": [10, 4, 9.5, 4.25], "texture": "#0"},
				"up": {"uv": [8.75, 8.25, 8.5, 8.75], "texture": "#0"},
				"down": {"uv": [1.25, 9.25, 1, 8.75], "texture": "#0"}
			}
		},
		{
			"from": [7.7, -0.15784, 14.06716],
			"to": [8.3, 0.54216, 14.36716],
			"rotation": {"angle": 0, "axis": "y", "origin": [7.5, 0.31716, 10.41716]},
			"faces": {
				"north": {"uv": [10.5, 5.5, 10.25, 5.75], "texture": "#0"},
				"east": {"uv": [5.75, 10.25, 5.5, 10.5], "texture": "#0"},
				"south": {"uv": [10.5, 5.25, 10.25, 5.5], "texture": "#0"},
				"west": {"uv": [6, 10.25, 5.75, 10.5], "texture": "#0"},
				"down": {"uv": [10.5, 6, 10.25, 5.75], "texture": "#0"}
			}
		},
		{
			"from": [7.52, 2.75, -1.075],
			"to": [7.7, 6.325, -0.7],
			"rotation": {"angle": 0, "axis": "y", "origin": [0, 1.425, 12.2]},
			"faces": {
				"north": {"uv": [9.5, 5.5, 9.25, 6], "texture": "#0"},
				"east": {"uv": [5.75, 9.25, 5.5, 9.75], "texture": "#0"},
				"south": {"uv": [5.5, 9.25, 5.25, 9.75], "texture": "#0"},
				"west": {"uv": [6.25, 9.25, 6, 9.75], "texture": "#0"},
				"up": {"uv": [1, 10.25, 0.75, 10.5], "texture": "#0"},
				"down": {"uv": [10.5, 1, 10.25, 0.75], "texture": "#0"}
			}
		},
		{
			"from": [8.3, 2.75, -1.075],
			"to": [8.48, 6.325, -0.7],
			"rotation": {"angle": 0, "axis": "y", "origin": [0.8, 1.425, 12.2]},
			"faces": {
				"north": {"uv": [9.5, 7.5, 9.25, 8], "texture": "#0"},
				"east": {"uv": [6.5, 9.25, 6.25, 9.75], "texture": "#0"},
				"south": {"uv": [9.5, 6, 9.25, 6.5], "texture": "#0"},
				"west": {"uv": [9.5, 8.5, 9.25, 9], "texture": "#0"},
				"up": {"uv": [1.25, 10.25, 1, 10.5], "texture": "#0"},
				"down": {"uv": [10.5, 1.25, 10.25, 1], "texture": "#0"}
			}
		},
		{
			"from": [7.7, 2.75, -1.075],
			"to": [8.3, 5.825, -0.7],
			"rotation": {"angle": 0, "axis": "y", "origin": [0.8, 1.425, 12.2]},
			"faces": {
				"north": {"uv": [10, 0.5, 9.75, 1], "texture": "#0"},
				"east": {"uv": [0, 0, 0, 0], "texture": "#0"},
				"south": {"uv": [0.75, 9.75, 0.5, 10.25], "texture": "#0"},
				"west": {"uv": [0, 0, 0, 0], "texture": "#0"},
				"up": {"uv": [1.5, 10.25, 1.25, 10.5], "texture": "#0"},
				"down": {"uv": [0, 0, 0, 0], "texture": "#0"}
			}
		},
		{
			"from": [7.95, 5.80637, -0.98137],
			"to": [8.05, 6.03137, -0.88137],
			"rotation": {"angle": 0, "axis": "y", "origin": [0.6, 3.03137, 12.29363]},
			"faces": {
				"north": {"uv": [10.5, 1.5, 10.25, 1.75], "texture": "#0"},
				"east": {"uv": [1.75, 10.25, 1.5, 10.5], "texture": "#0"},
				"south": {"uv": [10.5, 1.25, 10.25, 1.5], "texture": "#0"},
				"west": {"uv": [2, 10.25, 1.75, 10.5], "texture": "#0"},
				"up": {"uv": [10.5, 1.75, 10.25, 2], "texture": "#0"},
				"down": {"uv": [0, 0, 0, 0], "texture": "#0"}
			}
		},
		{
			"from": [7.52, 1.93924, 0.51972],
			"to": [7.7, 6.83924, 1.01972],
			"rotation": {"angle": -45, "axis": "x", "origin": [8, 4.50174, 0.76972]},
			"faces": {
				"north": {"uv": [10, 1, 9.75, 1.5], "texture": "#0"},
				"east": {"uv": [1.25, 9.75, 1, 10.25], "texture": "#0"},
				"south": {"uv": [1, 9.75, 0.75, 10.25], "texture": "#0"},
				"west": {"uv": [1.5, 9.75, 1.25, 10.25], "texture": "#0"},
				"up": {"uv": [0, 0, 0, 0], "texture": "#0"},
				"down": {"uv": [0, 0, 0, 0], "texture": "#0"}
			}
		},
		{
			"from": [8.3, 1.93924, 0.51972],
			"to": [8.48, 6.83924, 1.01972],
			"rotation": {"angle": -45, "axis": "x", "origin": [8, 4.50174, 0.76972]},
			"faces": {
				"north": {"uv": [2, 9.75, 1.75, 10.25], "texture": "#0"},
				"east": {"uv": [10, 1.5, 9.75, 2], "texture": "#0"},
				"south": {"uv": [1.75, 9.75, 1.5, 10.25], "texture": "#0"},
				"west": {"uv": [10, 2, 9.75, 2.5], "texture": "#0"},
				"up": {"uv": [0, 0, 0, 0], "texture": "#0"},
				"down": {"uv": [0, 0, 0, 0], "texture": "#0"}
			}
		},
		{
			"from": [7.7, 13.45404, 0.38932],
			"to": [8.3, 17.32904, 0.53932],
			"rotation": {"angle": -45, "axis": "x", "origin": [0.6, 10.07904, 13.78932]},
			"faces": {
				"north": {"uv": [3.25, 9.75, 3, 10.25], "texture": "#0"},
				"east": {"uv": [0, 0, 0, 0], "texture": "#0"},
				"south": {"uv": [10, 2.5, 9.75, 3], "texture": "#0"},
				"west": {"uv": [0, 0, 0, 0], "texture": "#0"},
				"up": {"uv": [5.25, 10.25, 5, 10.5], "texture": "#0"},
				"down": {"uv": [0, 0, 0, 0], "texture": "#0"}
			}
		},
		{
			"from": [7.7, 2.375, -1.065],
			"to": [8.3, 3.3, 1.825],
			"rotation": {"angle": 0, "axis": "y", "origin": [0.8, 1.425, 12.2]},
			"faces": {
				"north": {"uv": [0.75, 9.75, 0.5, 10.25], "texture": "#0"},
				"east": {"uv": [0.75, 9.75, 0.5, 10.25], "texture": "#0"},
				"south": {"uv": [0.75, 9.75, 0.5, 10.25], "texture": "#0"},
				"west": {"uv": [0.75, 9.75, 0.5, 10.25], "texture": "#0"},
				"up": {"uv": [0.75, 9.75, 0.5, 10.25], "texture": "#0"},
				"down": {"uv": [0.75, 9.75, 0.5, 10.25], "texture": "#0"}
			}
		},
		{
			"from": [7.7, 5.03758, -0.12199],
			"to": [8.3, 5.33758, -0.03199],
			"rotation": {"angle": -22.5, "axis": "x", "origin": [8, 5.18758, 0.39801]},
			"faces": {
				"north": {"uv": [0.75, 9.75, 0.5, 10.25], "texture": "#0"},
				"east": {"uv": [0.75, 9.75, 0.5, 10.25], "texture": "#0"},
				"south": {"uv": [0.75, 9.75, 0.5, 10.25], "texture": "#0"},
				"west": {"uv": [0.75, 9.75, 0.5, 10.25], "texture": "#0"},
				"up": {"uv": [0.75, 9.75, 0.5, 10.25], "texture": "#0"},
				"down": {"uv": [0.75, 9.75, 0.5, 10.25], "texture": "#0"}
			}
		},
		{
			"from": [7.7, 4.85, -1.065],
			"to": [8.3, 5.15, -0.025],
			"rotation": {"angle": 0, "axis": "y", "origin": [0.8, 3.275, 12.2]},
			"faces": {
				"north": {"uv": [0.75, 9.75, 0.5, 10.25], "texture": "#0"},
				"east": {"uv": [0.75, 9.75, 0.5, 10.25], "texture": "#0"},
				"south": {"uv": [0.75, 9.75, 0.5, 10.25], "texture": "#0"},
				"west": {"uv": [0.75, 9.75, 0.5, 10.25], "texture": "#0"},
				"up": {"uv": [0.75, 9.75, 0.5, 10.25], "texture": "#0"},
				"down": {"uv": [0.75, 9.75, 0.5, 10.25], "texture": "#0"}
			}
		},
		{
			"from": [8.4, 0.6, 17.25],
			"to": [8.6, 3.5, 17.925],
			"rotation": {"angle": -22.5, "axis": "x", "origin": [7.5, 0.6, 10.925]},
			"faces": {
				"north": {"uv": [4.75, 9.5, 4.5, 10], "texture": "#0", "tintindex": 0},
				"east": {"uv": [8.25, 5.5, 7.75, 6], "texture": "#0", "tintindex": 0},
				"south": {"uv": [4.5, 9.5, 4.25, 10], "texture": "#0", "tintindex": 0},
				"west": {"uv": [8.25, 6, 7.75, 6.5], "texture": "#0"},
				"up": {"uv": [4.25, 9.75, 4, 10.25], "texture": "#0", "tintindex": 0},
				"down": {"uv": [0, 0, 0, 0], "texture": "#0"}
			}
		},
		{
			"from": [7.4, 0.6, 17.25],
			"to": [7.6, 3.5, 17.925],
			"rotation": {"angle": -22.5, "axis": "x", "origin": [6.5, 0.6, 10.925]},
			"faces": {
				"north": {"uv": [9.75, 5.5, 9.5, 6], "texture": "#0", "tintindex": 0},
				"east": {"uv": [8.25, 7, 7.75, 7.5], "texture": "#0"},
				"south": {"uv": [9.75, 5, 9.5, 5.5], "texture": "#0", "tintindex": 0},
				"west": {"uv": [7.75, 7.75, 7.25, 8.25], "texture": "#0", "tintindex": 0},
				"up": {"uv": [5, 9.75, 4.75, 10.25], "texture": "#0", "tintindex": 0},
				"down": {"uv": [0, 0, 0, 0], "texture": "#0"}
			}
		},
		{
			"from": [8.4, 5.15803, 14.68237],
			"to": [8.6, 5.95803, 16.28237],
			"rotation": {"angle": 0, "axis": "y", "origin": [7.5, 5.35803, 14.00737]},
			"faces": {
				"north": {"uv": [10.25, 4.75, 9.75, 5], "texture": "#0", "tintindex": 0},
				"east": {"uv": [10.25, 4.75, 9.75, 5], "texture": "#0", "tintindex": 0},
				"south": {"uv": [10.25, 4.75, 9.75, 5], "texture": "#0", "tintindex": 0},
				"west": {"uv": [5.5, 9.75, 5, 10], "texture": "#0"},
				"up": {"uv": [10, 5, 9.75, 5.5], "texture": "#0", "tintindex": 0},
				"down": {"uv": [5.75, 10.25, 5.5, 9.75], "texture": "#0", "tintindex": 0}
			}
		},
		{
			"from": [7.4, 5.15803, 14.68237],
			"to": [7.6, 5.95803, 16.28237],
			"rotation": {"angle": 0, "axis": "y", "origin": [6.5, 5.35803, 14.00737]},
			"faces": {
				"north": {"uv": [9.25, 9.5, 9, 10], "texture": "#0", "tintindex": 0},
				"east": {"uv": [9, 9.5, 8.5, 9.75], "texture": "#0"},
				"south": {"uv": [10.25, 4.75, 9.75, 5], "texture": "#0", "tintindex": 0},
				"west": {"uv": [10, 8.5, 9.5, 8.75], "texture": "#0", "tintindex": 0},
				"up": {"uv": [9.25, 9.5, 9, 10], "texture": "#0", "tintindex": 0},
				"down": {"uv": [9.5, 10, 9.25, 9.5], "texture": "#0", "tintindex": 0}
			}
		},
		{
			"from": [8.4, 5.15803, 10.63237],
			"to": [8.6, 5.45803, 14.70737],
			"rotation": {"angle": 0, "axis": "y", "origin": [7.5, 5.35803, 14.18237]},
			"faces": {
				"north": {"uv": [0, 0, 0, 0], "texture": "#0"},
				"east": {"uv": [10.25, 4.75, 9.75, 5], "texture": "#0", "tintindex": 0},
				"south": {"uv": [0, 0, 0, 0], "texture": "#0"},
				"west": {"uv": [5.5, 9.75, 5, 10], "texture": "#0"},
				"up": {"uv": [10, 5, 9.75, 5.5], "texture": "#0", "tintindex": 0},
				"down": {"uv": [5.75, 10.25, 5.5, 9.75], "texture": "#0", "tintindex": 0}
			}
		},
		{
			"from": [7.4, 5.15803, 10.63237],
			"to": [7.6, 5.45803, 14.70737],
			"rotation": {"angle": 0, "axis": "y", "origin": [6.5, 5.35803, 14.18237]},
			"faces": {
				"north": {"uv": [0, 0, 0, 0], "texture": "#0"},
				"east": {"uv": [9, 9.5, 8.5, 9.75], "texture": "#0"},
				"south": {"uv": [0, 0, 0, 0], "texture": "#0"},
				"west": {"uv": [10, 8.5, 9.5, 8.75], "texture": "#0", "tintindex": 0},
				"up": {"uv": [9.25, 9.5, 9, 10], "texture": "#0", "tintindex": 0},
				"down": {"uv": [9.5, 10, 9.25, 9.5], "texture": "#0", "tintindex": 0}
			}
		},
		{
			"from": [8.4, 4.47735, 9.80091],
			"to": [8.6, 4.92735, 10.10091],
			"rotation": {"angle": 22.5, "axis": "x", "origin": [8, 4.70235, 9.95091]},
			"faces": {
				"north": {"uv": [10, 5, 9.75, 5.5], "rotation": 180, "texture": "#0", "tintindex": 0},
				"east": {"uv": [10.25, 4.75, 9.75, 5], "rotation": 90, "texture": "#0", "tintindex": 0},
				"south": {"uv": [5.75, 10.25, 5.5, 9.75], "texture": "#0", "tintindex": 0},
				"west": {"uv": [5.5, 9.75, 5, 10], "rotation": 270, "texture": "#0"},
				"up": {"uv": [0, 0, 0, 0], "texture": "#0"},
				"down": {"uv": [0, 0, 0, 0], "rotation": 180, "texture": "#0"}
			}
		},
		{
			"from": [7.4, 6.60071, 9.93519],
			"to": [7.6, 6.90071, 10.38519],
			"rotation": {"angle": -22.5, "axis": "x", "origin": [6.5, 6.80071, 14.13519]},
			"faces": {
				"north": {"uv": [0, 0, 0, 0], "texture": "#0"},
				"east": {"uv": [9, 9.5, 8.5, 9.75], "texture": "#0"},
				"south": {"uv": [0, 0, 0, 0], "texture": "#0"},
				"west": {"uv": [10, 8.5, 9.5, 8.75], "texture": "#0", "tintindex": 0},
				"up": {"uv": [9.25, 9.5, 9, 10], "texture": "#0", "tintindex": 0},
				"down": {"uv": [9.5, 10, 9.25, 9.5], "texture": "#0", "tintindex": 0}
			}
		},
		{
			"from": [8.4, 6.60071, 9.93519],
			"to": [8.6, 6.90071, 10.38519],
			"rotation": {"angle": -22.5, "axis": "x", "origin": [7.5, 6.80071, 14.13519]},
			"faces": {
				"north": {"uv": [0, 0, 0, 0], "texture": "#0"},
				"east": {"uv": [10.25, 4.75, 9.75, 5], "texture": "#0", "tintindex": 0},
				"south": {"uv": [0, 0, 0, 0], "texture": "#0"},
				"west": {"uv": [5.5, 9.75, 5, 10], "texture": "#0"},
				"up": {"uv": [10, 5, 9.75, 5.5], "texture": "#0", "tintindex": 0},
				"down": {"uv": [5.75, 10.25, 5.5, 9.75], "texture": "#0", "tintindex": 0}
			}
		},
		{
			"from": [7.4, 4.47735, 9.80091],
			"to": [7.6, 4.92735, 10.10091],
			"rotation": {"angle": 22.5, "axis": "x", "origin": [8, 4.70235, 9.95091]},
			"faces": {
				"north": {"uv": [9.25, 9.5, 9, 10], "rotation": 180, "texture": "#0", "tintindex": 0},
				"east": {"uv": [9, 9.5, 8.5, 9.75], "rotation": 90, "texture": "#0"},
				"south": {"uv": [9.5, 10, 9.25, 9.5], "texture": "#0", "tintindex": 0},
				"west": {"uv": [10, 8.5, 9.5, 8.75], "rotation": 270, "texture": "#0", "tintindex": 0},
				"up": {"uv": [0, 0, 0, 0], "texture": "#0"},
				"down": {"uv": [0, 0, 0, 0], "rotation": 180, "texture": "#0"}
			}
		},
		{
			"from": [8.4, 4.87066, 9.9386],
			"to": [8.6, 5.17066, 10.3886],
			"rotation": {"angle": -45, "axis": "x", "origin": [8, 5.02066, 10.1636]},
			"faces": {
				"north": {"uv": [0, 0, 0, 0], "texture": "#0"},
				"east": {"uv": [10.25, 4.75, 9.75, 5], "texture": "#0", "tintindex": 0},
				"south": {"uv": [0, 0, 0, 0], "texture": "#0"},
				"west": {"uv": [5.5, 9.75, 5, 10], "texture": "#0"},
				"up": {"uv": [10, 5, 9.75, 5.5], "texture": "#0", "tintindex": 0},
				"down": {"uv": [5.75, 10.25, 5.5, 9.75], "texture": "#0", "tintindex": 0}
			}
		},
		{
			"from": [7.4, 4.87066, 9.9386],
			"to": [7.6, 5.17066, 10.3886],
			"rotation": {"angle": -45, "axis": "x", "origin": [8, 5.02066, 10.1636]},
			"faces": {
				"north": {"uv": [0, 0, 0, 0], "texture": "#0"},
				"east": {"uv": [9, 9.5, 8.5, 9.75], "texture": "#0"},
				"south": {"uv": [0, 0, 0, 0], "texture": "#0"},
				"west": {"uv": [10, 8.5, 9.5, 8.75], "texture": "#0", "tintindex": 0},
				"up": {"uv": [9.25, 9.5, 9, 10], "texture": "#0", "tintindex": 0},
				"down": {"uv": [9.5, 10, 9.25, 9.5], "texture": "#0", "tintindex": 0}
			}
		},
		{
			"from": [8.4, 4.10188, 9.72622],
			"to": [8.6, 4.55188, 10.02622],
			"rotation": {"angle": 0, "axis": "y", "origin": [8, 4.70188, 9.87622]},
			"faces": {
				"north": {"uv": [10, 5, 9.75, 5.5], "rotation": 180, "texture": "#0", "tintindex": 0},
				"east": {"uv": [10.25, 4.75, 9.75, 5], "rotation": 90, "texture": "#0", "tintindex": 0},
				"south": {"uv": [5.75, 10.25, 5.5, 9.75], "texture": "#0", "tintindex": 0},
				"west": {"uv": [5.5, 9.75, 5, 10], "rotation": 270, "texture": "#0"},
				"up": {"uv": [0, 0, 0, 0], "texture": "#0"},
				"down": {"uv": [0, 0, 0, 0], "rotation": 180, "texture": "#0"}
			}
		},
		{
			"from": [7.575, 4.10188, 9.72622],
			"to": [8.425, 4.55188, 10.02622],
			"rotation": {"angle": 0, "axis": "y", "origin": [8.2, 4.70188, 10.55122]},
			"faces": {
				"north": {"uv": [9.25, 9.5, 9, 10], "rotation": 180, "texture": "#0", "tintindex": 0},
				"east": {"uv": [9.25, 9.5, 9, 10], "rotation": 180, "texture": "#0", "tintindex": 0},
				"south": {"uv": [9.25, 9.5, 9, 10], "rotation": 180, "texture": "#0", "tintindex": 0},
				"west": {"uv": [9.25, 9.5, 9, 10], "rotation": 180, "texture": "#0", "tintindex": 0},
				"up": {"uv": [9.25, 9.5, 9, 10], "rotation": 180, "texture": "#0", "tintindex": 0},
				"down": {"uv": [9.25, 9.5, 9, 10], "rotation": 180, "texture": "#0", "tintindex": 0}
			}
		},
		{
			"from": [8.4, 3.72641, 9.80091],
			"to": [8.6, 4.17641, 10.10091],
			"rotation": {"angle": -22.5, "axis": "x", "origin": [8, 3.95141, 9.95091]},
			"faces": {
				"north": {"uv": [10, 5.5, 9.75, 5], "rotation": 180, "texture": "#0", "tintindex": 0},
				"east": {"uv": [9.75, 4.75, 10.25, 5], "rotation": 90, "texture": "#0", "tintindex": 0},
				"south": {"uv": [5.75, 9.75, 5.5, 10.25], "texture": "#0", "tintindex": 0},
				"west": {"uv": [5, 9.75, 5.5, 10], "rotation": 270, "texture": "#0"},
				"up": {"uv": [0, 0, 0, 0], "rotation": 180, "texture": "#0"},
				"down": {"uv": [0, 0, 0, 0], "texture": "#0"}
			}
		},
		{
			"from": [7.4, 1.75306, 9.93519],
			"to": [7.6, 2.05306, 10.38519],
			"rotation": {"angle": 22.5, "axis": "x", "origin": [6.5, 1.85306, 14.13519]},
			"faces": {
				"north": {"uv": [0, 0, 0, 0], "texture": "#0"},
				"east": {"uv": [9, 9.75, 8.5, 9.5], "texture": "#0"},
				"south": {"uv": [0, 0, 0, 0], "texture": "#0"},
				"west": {"uv": [10, 8.75, 9.5, 8.5], "texture": "#0", "tintindex": 0},
				"up": {"uv": [9.5, 9.5, 9.25, 10], "texture": "#0", "tintindex": 0},
				"down": {"uv": [9.25, 10, 9, 9.5], "texture": "#0", "tintindex": 0}
			}
		},
		{
			"from": [8.4, 1.75306, 9.93519],
			"to": [8.6, 2.05306, 10.38519],
			"rotation": {"angle": 22.5, "axis": "x", "origin": [7.5, 1.85306, 14.13519]},
			"faces": {
				"north": {"uv": [0, 0, 0, 0], "texture": "#0"},
				"east": {"uv": [10.25, 5, 9.75, 4.75], "texture": "#0", "tintindex": 0},
				"south": {"uv": [0, 0, 0, 0], "texture": "#0"},
				"west": {"uv": [5.5, 10, 5, 9.75], "texture": "#0"},
				"up": {"uv": [5.75, 9.75, 5.5, 10.25], "texture": "#0", "tintindex": 0},
				"down": {"uv": [10, 5.5, 9.75, 5], "texture": "#0", "tintindex": 0}
			}
		},
		{
			"from": [7.4, 3.72641, 9.80091],
			"to": [7.6, 4.17641, 10.10091],
			"rotation": {"angle": -22.5, "axis": "x", "origin": [8, 3.95141, 9.95091]},
			"faces": {
				"north": {"uv": [9.25, 10, 9, 9.5], "rotation": 180, "texture": "#0", "tintindex": 0},
				"east": {"uv": [8.5, 9.5, 9, 9.75], "rotation": 90, "texture": "#0"},
				"south": {"uv": [9.5, 9.5, 9.25, 10], "texture": "#0", "tintindex": 0},
				"west": {"uv": [9.5, 8.5, 10, 8.75], "rotation": 270, "texture": "#0", "tintindex": 0},
				"up": {"uv": [0, 0, 0, 0], "rotation": 180, "texture": "#0"},
				"down": {"uv": [0, 0, 0, 0], "texture": "#0"}
			}
		},
		{
			"from": [8.4, 3.4831, 9.9386],
			"to": [8.6, 3.7831, 10.3886],
			"rotation": {"angle": 45, "axis": "x", "origin": [8, 3.6331, 10.1636]},
			"faces": {
				"north": {"uv": [0, 0, 0, 0], "texture": "#0"},
				"east": {"uv": [10.25, 5, 9.75, 4.75], "texture": "#0", "tintindex": 0},
				"south": {"uv": [0, 0, 0, 0], "texture": "#0"},
				"west": {"uv": [5.5, 10, 5, 9.75], "texture": "#0"},
				"up": {"uv": [5.75, 9.75, 5.5, 10.25], "texture": "#0", "tintindex": 0},
				"down": {"uv": [10, 5.5, 9.75, 5], "texture": "#0", "tintindex": 0}
			}
		},
		{
			"from": [7.4, 3.4831, 9.9386],
			"to": [7.6, 3.7831, 10.3886],
			"rotation": {"angle": 45, "axis": "x", "origin": [8, 3.6331, 10.1636]},
			"faces": {
				"north": {"uv": [0, 0, 0, 0], "texture": "#0"},
				"east": {"uv": [9, 9.75, 8.5, 9.5], "texture": "#0"},
				"south": {"uv": [0, 0, 0, 0], "texture": "#0"},
				"west": {"uv": [10, 8.75, 9.5, 8.5], "texture": "#0", "tintindex": 0},
				"up": {"uv": [9.5, 9.5, 9.25, 10], "texture": "#0", "tintindex": 0},
				"down": {"uv": [9.25, 10, 9, 9.5], "texture": "#0", "tintindex": 0}
			}
		},
		{
			"from": [8.4, 4.90351, 14.08914],
			"to": [8.6, 5.20351, 15.43914],
			"rotation": {"angle": -22.5, "axis": "x", "origin": [7.5, 3.67851, 13.16414]},
			"faces": {
				"north": {"uv": [0, 0, 0, 0], "texture": "#0"},
				"east": {"uv": [10.25, 4.75, 9.75, 5], "texture": "#0", "tintindex": 0},
				"south": {"uv": [0, 0, 0, 0], "texture": "#0"},
				"west": {"uv": [5.5, 9.75, 5, 10], "texture": "#0"},
				"up": {"uv": [10, 5, 9.75, 5.5], "texture": "#0", "tintindex": 0},
				"down": {"uv": [5.75, 10.25, 5.5, 9.75], "texture": "#0", "tintindex": 0}
			}
		},
		{
			"from": [7.4, 4.90351, 14.08914],
			"to": [7.6, 5.20351, 15.43914],
			"rotation": {"angle": -22.5, "axis": "x", "origin": [6.875, 3.67851, 13.16414]},
			"faces": {
				"north": {"uv": [0, 0, 0, 0], "texture": "#0"},
				"east": {"uv": [5, 9.75, 5.5, 10], "texture": "#0"},
				"south": {"uv": [0, 0, 0, 0], "texture": "#0"},
				"west": {"uv": [9.75, 4.75, 10.25, 5], "texture": "#0", "tintindex": 0},
				"up": {"uv": [9.75, 5, 10, 5.5], "texture": "#0", "tintindex": 0},
				"down": {"uv": [5.5, 10.25, 5.75, 9.75], "texture": "#0", "tintindex": 0}
			}
		},
		{
			"from": [7.4, 3.02073, 9.90737],
			"to": [8, 3.49573, 16.70737],
			"rotation": {"angle": 0, "axis": "y", "origin": [8, 2.47073, 8.93237]},
			"faces": {
				"north": {"uv": [0, 0, 0, 0], "texture": "#0"},
				"east": {"uv": [9, 9.75, 8.5, 9.5], "texture": "#0"},
				"south": {"uv": [0, 0, 0, 0], "texture": "#0"},
				"west": {"uv": [10, 8.75, 9.5, 8.5], "texture": "#0", "tintindex": 0},
				"up": {"uv": [9.5, 9.5, 9.25, 10], "texture": "#0", "tintindex": 0},
				"down": {"uv": [9.25, 10, 9, 9.5], "texture": "#0", "tintindex": 0}
			}
		},
		{
			"from": [8, 3.02073, 9.90737],
			"to": [8.6, 3.49573, 16.70737],
			"rotation": {"angle": 0, "axis": "y", "origin": [8, 2.47073, 8.93237]},
			"faces": {
				"north": {"uv": [0, 0, 0, 0], "texture": "#0"},
				"east": {"uv": [10.25, 5, 9.75, 4.75], "texture": "#0", "tintindex": 0},
				"south": {"uv": [0, 0, 0, 0], "texture": "#0"},
				"west": {"uv": [5.5, 10, 5, 9.75], "texture": "#0"},
				"up": {"uv": [5.75, 9.75, 5.5, 10.25], "texture": "#0", "tintindex": 0},
				"down": {"uv": [10, 5.5, 9.75, 5], "texture": "#0", "tintindex": 0}
			}
		},
		{
			"from": [7.95, 3.3981, 9.9036],
			"to": [8.6, 3.8581, 10.1136],
			"rotation": {"angle": 0, "axis": "y", "origin": [8.5, 3.6331, 10.1636]},
			"faces": {
				"north": {"uv": [10, 5.5, 9.75, 5], "rotation": 180, "texture": "#0", "tintindex": 0},
				"east": {"uv": [10.25, 5, 9.75, 4.75], "rotation": 270, "texture": "#0", "tintindex": 0},
				"south": {"uv": [5.75, 9.75, 5.5, 10.25], "texture": "#0", "tintindex": 0},
				"west": {"uv": [5.5, 10, 5, 9.75], "rotation": 90, "texture": "#0"},
				"up": {"uv": [0, 0, 0, 0], "rotation": 180, "texture": "#0"},
				"down": {"uv": [0, 0, 0, 0], "texture": "#0"}
			}
		},
		{
			"from": [7.4, 3.3981, 9.9036],
			"to": [8.35, 3.8581, 10.1136],
			"rotation": {"angle": 0, "axis": "y", "origin": [7.5, 3.6331, 10.1636]},
			"faces": {
				"north": {"uv": [9.75, 5.5, 10, 5], "rotation": 180, "texture": "#0", "tintindex": 0},
				"east": {"uv": [5.5, 9.75, 5, 10], "rotation": 90, "texture": "#0"},
				"south": {"uv": [5.5, 9.75, 5.75, 10.25], "texture": "#0", "tintindex": 0},
				"west": {"uv": [10.25, 4.75, 9.75, 5], "rotation": 270, "texture": "#0", "tintindex": 0},
				"up": {"uv": [0, 0, 0, 0], "rotation": 180, "texture": "#0"},
				"down": {"uv": [0, 0, 0, 0], "texture": "#0"}
			}
		},
		{
			"from": [7.4, 5.05977, 15.11712],
			"to": [7.6, 5.53477, 16.39212],
			"rotation": {"angle": 22.5, "axis": "x", "origin": [7.5, 5.29727, 15.75462]},
			"faces": {
				"north": {"uv": [0, 0, 0, 0], "texture": "#0"},
				"east": {"uv": [5, 9.75, 5.5, 10], "texture": "#0"},
				"south": {"uv": [0, 0, 0, 0], "texture": "#0"},
				"west": {"uv": [9.75, 4.75, 10.25, 5], "texture": "#0", "tintindex": 0},
				"up": {"uv": [9.75, 5, 10, 5.5], "texture": "#0", "tintindex": 0},
				"down": {"uv": [5.5, 10.25, 5.75, 9.75], "texture": "#0", "tintindex": 0}
			}
		},
		{
			"from": [8.4, 5.05977, 15.11712],
			"to": [8.6, 5.53477, 16.39212],
			"rotation": {"angle": 22.5, "axis": "x", "origin": [8.5, 5.29727, 15.75462]},
			"faces": {
				"north": {"uv": [0, 0, 0, 0], "texture": "#0"},
				"east": {"uv": [9.75, 4.75, 10.25, 5], "texture": "#0", "tintindex": 0},
				"south": {"uv": [0, 0, 0, 0], "texture": "#0"},
				"west": {"uv": [5, 9.75, 5.5, 10], "texture": "#0"},
				"up": {"uv": [9.75, 5, 10, 5.5], "texture": "#0", "tintindex": 0},
				"down": {"uv": [5.5, 10.25, 5.75, 9.75], "texture": "#0", "tintindex": 0}
			}
		},
		{
			"from": [7.4, 4.10188, 9.72622],
			"to": [7.6, 4.55188, 10.02622],
			"rotation": {"angle": 0, "axis": "y", "origin": [8, 4.70188, 9.87622]},
			"faces": {
				"north": {"uv": [9.25, 9.5, 9, 10], "rotation": 180, "texture": "#0", "tintindex": 0},
				"east": {"uv": [9, 9.5, 8.5, 9.75], "rotation": 90, "texture": "#0"},
				"south": {"uv": [9.5, 10, 9.25, 9.5], "texture": "#0", "tintindex": 0},
				"west": {"uv": [10, 8.5, 9.5, 8.75], "rotation": 270, "texture": "#0", "tintindex": 0},
				"up": {"uv": [0, 0, 0, 0], "texture": "#0"},
				"down": {"uv": [0, 0, 0, 0], "rotation": 180, "texture": "#0"}
			}
		},
		{
			"from": [7.575, 4.47735, 9.80091],
			"to": [8.425, 4.92735, 10.10091],
			"rotation": {"angle": 22.5, "axis": "x", "origin": [8, 4.70235, 9.95091]},
			"faces": {
				"north": {"uv": [9.25, 9.5, 9, 10], "rotation": 180, "texture": "#0", "tintindex": 0},
				"east": {"uv": [9.25, 9.5, 9, 10], "rotation": 180, "texture": "#0", "tintindex": 0},
				"south": {"uv": [9.25, 9.5, 9, 10], "rotation": 180, "texture": "#0", "tintindex": 0},
				"west": {"uv": [9.25, 9.5, 9, 10], "rotation": 180, "texture": "#0", "tintindex": 0},
				"up": {"uv": [9.25, 9.5, 9, 10], "rotation": 180, "texture": "#0", "tintindex": 0},
				"down": {"uv": [9.25, 9.5, 9, 10], "rotation": 180, "texture": "#0", "tintindex": 0}
			}
		},
		{
			"from": [7.575, 4.79566, 10.0136],
			"to": [8.425, 5.24566, 10.3136],
			"rotation": {"angle": 45, "axis": "x", "origin": [8, 5.02066, 10.1636]},
			"faces": {
				"north": {"uv": [9.25, 9.5, 9, 10], "rotation": 180, "texture": "#0", "tintindex": 0},
				"east": {"uv": [9.25, 9.5, 9, 10], "rotation": 180, "texture": "#0", "tintindex": 0},
				"south": {"uv": [9.25, 9.5, 9, 10], "rotation": 180, "texture": "#0", "tintindex": 0},
				"west": {"uv": [9.25, 9.5, 9, 10], "rotation": 180, "texture": "#0", "tintindex": 0},
				"up": {"uv": [9.25, 9.5, 9, 10], "rotation": 180, "texture": "#0", "tintindex": 0},
				"down": {"uv": [9.25, 9.5, 9, 10], "rotation": 180, "texture": "#0", "tintindex": 0}
			}
		},
		{
			"from": [7.575, 4.58586, 10.35586],
			"to": [8.425, 4.88586, 10.80586],
			"rotation": {"angle": -22.5, "axis": "x", "origin": [8, 4.73586, 9.28086]},
			"faces": {
				"north": {"uv": [9.25, 9.5, 9, 10], "texture": "#0", "tintindex": 0},
				"east": {"uv": [9.25, 9.5, 9, 10], "rotation": 90, "texture": "#0", "tintindex": 0},
				"south": {"uv": [9.25, 9.5, 9, 10], "rotation": 180, "texture": "#0", "tintindex": 0},
				"west": {"uv": [9.25, 9.5, 9, 10], "rotation": 270, "texture": "#0", "tintindex": 0},
				"up": {"uv": [9.25, 9.5, 9, 10], "texture": "#0", "tintindex": 0},
				"down": {"uv": [9.25, 9.5, 9, 10], "rotation": 180, "texture": "#0", "tintindex": 0}
			}
		},
		{
			"from": [7.575, 5.15803, 10.63237],
			"to": [8.425, 5.45803, 11.08237],
			"rotation": {"angle": 0, "axis": "y", "origin": [8, 5.30803, 10.85737]},
			"faces": {
				"north": {"uv": [9.25, 9.5, 9, 10], "texture": "#0", "tintindex": 0},
				"east": {"uv": [9.25, 9.5, 9, 10], "rotation": 90, "texture": "#0", "tintindex": 0},
				"south": {"uv": [9.25, 9.5, 9, 10], "rotation": 180, "texture": "#0", "tintindex": 0},
				"west": {"uv": [9.25, 9.5, 9, 10], "rotation": 270, "texture": "#0", "tintindex": 0},
				"up": {"uv": [9.25, 9.5, 9, 10], "texture": "#0", "tintindex": 0},
				"down": {"uv": [9.25, 9.5, 9, 10], "rotation": 180, "texture": "#0", "tintindex": 0}
			}
		},
		{
			"from": [8.4, 4.65351, 14.68914],
			"to": [8.6, 5.20351, 15.43914],
			"rotation": {"angle": -22.5, "axis": "x", "origin": [7.5, 3.67851, 13.16414]},
			"faces": {
				"north": {"uv": [0, 0, 0, 0], "texture": "#0"},
				"east": {"uv": [10.25, 4.75, 9.75, 5], "texture": "#0", "tintindex": 0},
				"south": {"uv": [0, 0, 0, 0], "texture": "#0"},
				"west": {"uv": [5.5, 9.75, 5, 10], "texture": "#0"},
				"up": {"uv": [10, 5, 9.75, 5.5], "texture": "#0", "tintindex": 0},
				"down": {"uv": [5.75, 10.25, 5.5, 9.75], "texture": "#0", "tintindex": 0}
			}
		},
		{
			"from": [7.4, 4.65351, 14.68914],
			"to": [7.6, 5.20351, 15.43914],
			"rotation": {"angle": -22.5, "axis": "x", "origin": [8.5, 3.67851, 13.16414]},
			"faces": {
				"north": {"uv": [0, 0, 0, 0], "texture": "#0"},
				"east": {"uv": [5, 9.75, 5.5, 10], "texture": "#0"},
				"south": {"uv": [0, 0, 0, 0], "texture": "#0"},
				"west": {"uv": [9.75, 4.75, 10.25, 5], "texture": "#0", "tintindex": 0},
				"up": {"uv": [9.75, 5, 10, 5.5], "texture": "#0", "tintindex": 0},
				"down": {"uv": [5.5, 10.25, 5.75, 9.75], "texture": "#0", "tintindex": 0}
			}
		},
		{
			"from": [7.575, 5.15803, 11.08237],
			"to": [8.425, 5.45803, 16.40237],
			"rotation": {"angle": 0, "axis": "y", "origin": [8, 5.30803, 10.73237]},
			"faces": {
				"north": {"uv": [9.25, 9.5, 9, 10], "texture": "#0", "tintindex": 0},
				"east": {"uv": [9.25, 9.5, 9, 10], "rotation": 90, "texture": "#0", "tintindex": 0},
				"south": {"uv": [9.25, 9.5, 9, 10], "rotation": 180, "texture": "#0", "tintindex": 0},
				"west": {"uv": [9.25, 9.5, 9, 10], "rotation": 270, "texture": "#0", "tintindex": 0},
				"up": {"uv": [9.25, 9.5, 9, 10], "texture": "#0", "tintindex": 0},
				"down": {"uv": [9.25, 9.5, 9, 10], "rotation": 180, "texture": "#0", "tintindex": 0}
			}
		},
		{
			"from": [8.4, 2.50085, 15.30853],
			"to": [8.6, 2.97585, 16.20853],
			"rotation": {"angle": -45, "axis": "x", "origin": [8.5, 3.88835, 15.17103]},
			"faces": {
				"north": {"uv": [0, 0, 0, 0], "texture": "#0"},
				"east": {"uv": [9.75, 4.75, 10.25, 5], "texture": "#0", "tintindex": 0},
				"south": {"uv": [0, 0, 0, 0], "texture": "#0"},
				"west": {"uv": [5, 9.75, 5.5, 10], "texture": "#0"},
				"up": {"uv": [9.75, 5, 10, 5.5], "texture": "#0", "tintindex": 0},
				"down": {"uv": [5.5, 10.25, 5.75, 9.75], "texture": "#0", "tintindex": 0}
			}
		},
		{
			"from": [7.4, 2.50085, 15.30853],
			"to": [7.6, 2.97585, 16.20853],
			"rotation": {"angle": -45, "axis": "x", "origin": [7.5, 3.88835, 15.17103]},
			"faces": {
				"north": {"uv": [0, 0, 0, 0], "texture": "#0"},
				"east": {"uv": [5.5, 9.75, 5, 10], "texture": "#0"},
				"south": {"uv": [0, 0, 0, 0], "texture": "#0"},
				"west": {"uv": [10.25, 4.75, 9.75, 5], "texture": "#0", "tintindex": 0},
				"up": {"uv": [10, 5, 9.75, 5.5], "texture": "#0", "tintindex": 0},
				"down": {"uv": [5.75, 10.25, 5.5, 9.75], "texture": "#0", "tintindex": 0}
			}
		},
		{
			"from": [7.575, 3.72641, 9.80091],
			"to": [8.425, 4.17641, 10.10091],
			"rotation": {"angle": -22.5, "axis": "x", "origin": [8, 3.95141, 9.95091]},
			"faces": {
				"north": {"uv": [9.25, 9.5, 9, 10], "rotation": 180, "texture": "#0", "tintindex": 0},
				"east": {"uv": [9.25, 9.5, 9, 10], "rotation": 180, "texture": "#0", "tintindex": 0},
				"south": {"uv": [9.25, 9.5, 9, 10], "rotation": 180, "texture": "#0", "tintindex": 0},
				"west": {"uv": [9.25, 9.5, 9, 10], "rotation": 180, "texture": "#0", "tintindex": 0},
				"up": {"uv": [9.25, 9.5, 9, 10], "rotation": 180, "texture": "#0", "tintindex": 0},
				"down": {"uv": [9.25, 9.5, 9, 10], "rotation": 180, "texture": "#0", "tintindex": 0}
			}
		},
		{
			"from": [7.575, 3.4081, 10.0136],
			"to": [8.425, 3.8581, 10.3136],
			"rotation": {"angle": -45, "axis": "x", "origin": [8, 3.6331, 10.1636]},
			"faces": {
				"north": {"uv": [9.25, 9.5, 9, 10], "rotation": 180, "texture": "#0", "tintindex": 0},
				"east": {"uv": [9.25, 9.5, 9, 10], "rotation": 180, "texture": "#0", "tintindex": 0},
				"south": {"uv": [9.25, 9.5, 9, 10], "rotation": 180, "texture": "#0", "tintindex": 0},
				"west": {"uv": [9.25, 9.5, 9, 10], "rotation": 180, "texture": "#0", "tintindex": 0},
				"up": {"uv": [9.25, 9.5, 9, 10], "rotation": 180, "texture": "#0", "tintindex": 0},
				"down": {"uv": [9.25, 9.5, 9, 10], "rotation": 180, "texture": "#0", "tintindex": 0}
			}
		},
		{
			"from": [7.575, 3.27042, 10.2569],
			"to": [8.425, 3.57042, 10.7069],
			"rotation": {"angle": 22.5, "axis": "x", "origin": [8, 3.42042, 10.4819]},
			"faces": {
				"north": {"uv": [9.25, 9.5, 9, 10], "texture": "#0", "tintindex": 0},
				"east": {"uv": [9.25, 9.5, 9, 10], "rotation": 270, "texture": "#0", "tintindex": 0},
				"south": {"uv": [9.25, 9.5, 9, 10], "rotation": 180, "texture": "#0", "tintindex": 0},
				"west": {"uv": [9.25, 9.5, 9, 10], "rotation": 90, "texture": "#0", "tintindex": 0},
				"up": {"uv": [9.25, 9.5, 9, 10], "rotation": 180, "texture": "#0", "tintindex": 0},
				"down": {"uv": [9.25, 9.5, 9, 10], "texture": "#0", "tintindex": 0}
			}
		},
		{
			"from": [7.6, 1.043, 17.40759],
			"to": [8.4, 3.618, 17.70759],
			"rotation": {"angle": -22.5, "axis": "x", "origin": [8.025, 1.268, 12.43259]},
			"faces": {
				"north": {"uv": [9.25, 9.5, 9, 10], "rotation": 180, "texture": "#0", "tintindex": 0},
				"east": {"uv": [9.25, 9.5, 9, 10], "rotation": 180, "texture": "#0", "tintindex": 0},
				"south": {"uv": [9.25, 9.5, 9, 10], "rotation": 180, "texture": "#0", "tintindex": 0},
				"west": {"uv": [9.25, 9.5, 9, 10], "rotation": 180, "texture": "#0", "tintindex": 0},
				"up": {"uv": [9.25, 9.5, 9, 10], "rotation": 180, "texture": "#0", "tintindex": 0},
				"down": {"uv": [9.25, 9.5, 9, 10], "rotation": 180, "texture": "#0", "tintindex": 0}
			}
		},
		{
			"from": [7.75, 5.30637, 15.09363],
			"to": [8.25, 5.50637, 15.59363],
			"rotation": {"angle": 0, "axis": "y", "origin": [0.6, 3.33137, 28.56863]},
			"faces": {
				"north": {"uv": [10.5, 2, 10.25, 2.25], "texture": "#0"},
				"east": {"uv": [2.15, 10.375, 2.125, 10.4], "texture": "#0"},
				"south": {"uv": [2.25, 10.25, 2, 10.5], "texture": "#0"},
				"west": {"uv": [2.15, 10.375, 2.125, 10.4], "texture": "#0"},
				"up": {"uv": [2.5, 10.25, 2.25, 10.5], "texture": "#0"},
				"down": {"uv": [10.5, 2.5, 10.25, 2.25], "texture": "#0"}
			}
		},
		{
			"from": [8.15, 5.70637, 15.19363],
			"to": [8.25, 6.00637, 15.49363],
			"rotation": {"angle": 0, "axis": "y", "origin": [0.8, 2.83137, 28.56863]},
			"faces": {
				"north": {"uv": [5, 10.25, 4.75, 10.5], "texture": "#0"},
				"east": {"uv": [10.5, 4.5, 10.25, 4.75], "texture": "#0"},
				"south": {"uv": [4.75, 10.25, 4.5, 10.5], "texture": "#0"},
				"west": {"uv": [10.5, 4.75, 10.25, 5], "texture": "#0"},
				"up": {"uv": [0, 0, 0, 0], "texture": "#0"},
				"down": {"uv": [0, 0, 0, 0], "texture": "#0"}
			}
		},
		{
			"from": [7.85, 6.00637, 15.19363],
			"to": [8.15, 6.10637, 15.49363],
			"rotation": {"angle": 0, "axis": "y", "origin": [0.6, 3.13137, 28.56863]},
			"faces": {
				"north": {"uv": [10.5, 2, 10.25, 2.25], "texture": "#0"},
				"east": {"uv": [0, 0, 0, 0], "texture": "#0"},
				"south": {"uv": [2.25, 10.25, 2, 10.5], "texture": "#0"},
				"west": {"uv": [0, 0, 0, 0], "texture": "#0"},
				"up": {"uv": [2.5, 10.25, 2.25, 10.5], "texture": "#0"},
				"down": {"uv": [10.5, 2.5, 10.25, 2.25], "texture": "#0"}
			}
		},
		{
			"from": [7.85, 5.60637, 15.19363],
			"to": [8.15, 5.70637, 15.49363],
			"rotation": {"angle": 0, "axis": "y", "origin": [0.6, 3.03137, 28.56863]},
			"faces": {
				"north": {"uv": [10.5, 2, 10.25, 2.25], "texture": "#0"},
				"east": {"uv": [0, 0, 0, 0], "texture": "#0"},
				"south": {"uv": [2.25, 10.25, 2, 10.5], "texture": "#0"},
				"west": {"uv": [0, 0, 0, 0], "texture": "#0"},
				"up": {"uv": [2.5, 10.25, 2.25, 10.5], "texture": "#0"},
				"down": {"uv": [10.5, 2.5, 10.25, 2.25], "texture": "#0"}
			}
		},
		{
			"from": [7.85, 5.20637, 15.29363],
			"to": [7.95, 5.60637, 15.39363],
			"rotation": {"angle": 0, "axis": "y", "origin": [0.6, 3.03137, 28.56863]},
			"faces": {
				"north": {"uv": [10.5, 2, 10.25, 2.25], "texture": "#0"},
				"east": {"uv": [2.125, 10.375, 2.125, 10.375], "texture": "#0"},
				"south": {"uv": [2.25, 10.25, 2, 10.5], "texture": "#0"},
				"west": {"uv": [2.125, 10.375, 2.125, 10.375], "texture": "#0"},
				"up": {"uv": [2.5, 10.25, 2.25, 10.5], "texture": "#0"},
				"down": {"uv": [10.5, 2.5, 10.25, 2.25], "texture": "#0"}
			}
		},
		{
			"from": [8.05, 5.20637, 15.29363],
			"to": [8.15, 5.60637, 15.39363],
			"rotation": {"angle": 0, "axis": "y", "origin": [0.6, 3.03137, 28.56863]},
			"faces": {
				"north": {"uv": [10.5, 2, 10.25, 2.25], "texture": "#0"},
				"east": {"uv": [2.15, 10.25, 2.125, 10.275], "texture": "#0"},
				"south": {"uv": [2.25, 10.25, 2, 10.5], "texture": "#0"},
				"west": {"uv": [2.15, 10.25, 2.125, 10.275], "texture": "#0"},
				"up": {"uv": [2.5, 10.25, 2.25, 10.5], "texture": "#0"},
				"down": {"uv": [10.5, 2.5, 10.25, 2.25], "texture": "#0"}
			}
		},
		{
			"from": [12.38999, 1.48907, 15.19363],
			"to": [12.46499, 1.63907, 15.49363],
			"rotation": {"angle": 45, "axis": "z", "origin": [4.91499, -1.33593, 28.56863]},
			"faces": {
				"north": {"uv": [3.25, 10.25, 3, 10.5], "texture": "#0"},
				"east": {"uv": [10.5, 2.75, 10.25, 3], "texture": "#0"},
				"south": {"uv": [10.5, 2.5, 10.25, 2.75], "texture": "#0"},
				"west": {"uv": [10.5, 3, 10.25, 3.25], "texture": "#0"},
				"up": {"uv": [0, 0, 0, 0], "texture": "#0"},
				"down": {"uv": [3.5, 10.5, 3.25, 10.25], "texture": "#0"}
			}
		},
		{
			"from": [3.53501, 1.48907, 15.19363],
			"to": [3.61001, 1.63907, 15.49363],
			"rotation": {"angle": -45, "axis": "z", "origin": [11.08501, -1.33593, 28.56863]},
			"faces": {
				"north": {"uv": [10.5, 3.5, 10.25, 3.75], "texture": "#0"},
				"east": {"uv": [3.75, 10.25, 3.5, 10.5], "texture": "#0"},
				"south": {"uv": [10.5, 3.25, 10.25, 3.5], "texture": "#0"},
				"west": {"uv": [4, 10.25, 3.75, 10.5], "texture": "#0"},
				"up": {"uv": [0, 0, 0, 0], "texture": "#0"},
				"down": {"uv": [10.5, 4, 10.25, 3.75], "texture": "#0"}
			}
		},
		{
			"from": [12.38999, 10.06093, 15.19363],
			"to": [12.46499, 10.21093, 15.49363],
			"rotation": {"angle": -45, "axis": "z", "origin": [4.91499, 13.03593, 28.56863]},
			"faces": {
				"north": {"uv": [10.25, 3.75, 10.5, 3.5], "texture": "#0"},
				"east": {"uv": [3.75, 10.5, 4, 10.25], "texture": "#0"},
				"south": {"uv": [10.25, 3.5, 10.5, 3.25], "texture": "#0"},
				"west": {"uv": [3.5, 10.5, 3.75, 10.25], "texture": "#0"},
				"up": {"uv": [10.25, 3.75, 10.5, 4], "texture": "#0"},
				"down": {"uv": [0, 0, 0, 0], "texture": "#0"}
			}
		},
		{
			"from": [3.53501, 10.06093, 15.19363],
			"to": [3.61001, 10.21093, 15.49363],
			"rotation": {"angle": 45, "axis": "z", "origin": [11.08501, 13.03593, 28.56863]},
			"faces": {
				"north": {"uv": [3, 10.5, 3.25, 10.25], "texture": "#0"},
				"east": {"uv": [10.25, 3.25, 10.5, 3], "texture": "#0"},
				"south": {"uv": [10.25, 2.75, 10.5, 2.5], "texture": "#0"},
				"west": {"uv": [10.25, 3, 10.5, 2.75], "texture": "#0"},
				"up": {"uv": [3.25, 10.25, 3.5, 10.5], "texture": "#0"},
				"down": {"uv": [0, 0, 0, 0], "texture": "#0"}
			}
		},
		{
			"from": [7.75, 5.70637, 15.19363],
			"to": [7.85, 6.00637, 15.49363],
			"rotation": {"angle": 0, "axis": "y", "origin": [0.4, 2.83137, 28.56863]},
			"faces": {
				"north": {"uv": [4.5, 10.25, 4.25, 10.5], "texture": "#0"},
				"east": {"uv": [10.5, 4, 10.25, 4.25], "texture": "#0"},
				"south": {"uv": [4.25, 10.25, 4, 10.5], "texture": "#0"},
				"west": {"uv": [10.5, 4.25, 10.25, 4.5], "texture": "#0"},
				"up": {"uv": [0, 0, 0, 0], "texture": "#0"},
				"down": {"uv": [0, 0, 0, 0], "texture": "#0"}
			}
		}
	],
	"display": {
		"thirdperson_righthand": {
			"translation": [0, 6, -7],
			"scale": [0.9, 0.9, 0.9]
		},
		"thirdperson_lefthand": {
			"translation": [0, 6, -7],
			"scale": [0.9, 0.9, 0.9]
		},
		"firstperson_righthand": {
			"translation": [-4, 9.5, -0.5],
			"scale": [0.8, 0.8, 0.8]
		},
		"firstperson_lefthand": {
			"translation": [-4, 9.5, -0.5],
			"scale": [0.8, 0.8, 0.8]
		},
		"ground": {
			"translation": [0, 5.75, 0],
			"scale": [0.8, 0.8, 0.8]
		},
		"gui": {
			"rotation": [30, 225, 0],
			"translation": [1.25, 3.75, 0],
			"scale": [0.71, 0.71, 0.71]
		},
		"fixed": {
			"rotation": [0, 90, 0],
			"translation": [-2, 9, -1.25],
			"scale": [1.5, 1.5, 1.5]
		}
	},
	"groups": [
		0,
		1,
		2,
		3,
		4,
		5,
		6,
		7,
		8,
		9,
		10,
		11,
		12,
		13,
		14,
		15,
		16,
		17,
		18,
		19,
		20,
		21,
		22,
		23,
		24,
		25,
		26,
		27,
		28,
		29,
		30,
		31,
		32,
		33,
		34,
		35,
		36,
		37,
		38,
		39,
		40,
		41,
		42,
		43,
		44,
		{
			"name": "group",
			"origin": [0.8, 1.425, 13.6],
			"color": 0,
			"children": [45, 46, 47, 48, 49, 50, 51, 52, 53, 54]
		},
		{
			"name": "group",
			"origin": [7.99, 5.775, 16.0625],
			"color": 0,
			"children": [55, 56, 57, 58, 59, 60, 61, 62, 63, 64, 65, 66, 67, 68, 69, 70, 71, 72, 73, 74, 75, 76, 77, 78, 79, 80, 81, 82, 83, 84, 85, 86, 87, 88, 89, 90, 91, 92, 93, 94, 95, 96]
		},
		{
			"name": "group",
			"origin": [0.4, 2.78137, 29.16863],
			"color": 0,
			"children": [97, 98, 99, 100, 101, 102, 103, 104, 105, 106, 107]
		}
	]
}