{
	"credit": "Made with Blockbench by VIKTORWOOD",
	"texture_size": [64, 64],
	"textures": {
		"0": "additionalguns:item/m4a4",
		"particle": "additionalguns:item/m4a4"
	},
	"elements": [
		{
			"from": [7.5, 2.3, -0.8],
			"to": [7.75, 2.9, 22.4],
			"rotation": {"angle": 0, "axis": "y", "origin": [0, -1, 16]},
			"faces": {
				"north": {"uv": [10.25, 7, 10, 7.25], "texture": "#0"},
				"east": {"uv": [6.75, 0, 0, 0.25], "texture": "#0"},
				"west": {"uv": [6.75, 0.25, 0, 0.5], "texture": "#0"}
			}
		},
		{
			"from": [7.42929, 2.87071, -0.801],
			"to": [7.62929, 3.15271, 22.399],
			"rotation": {"angle": -45, "axis": "z", "origin": [7.5, 2.8, 15]},
			"faces": {
				"north": {"uv": [10.25, 7.25, 10, 7.5], "texture": "#0"},
				"east": {"uv": [6.75, 0.5, 0, 0.75], "texture": "#0"},
				"south": {"uv": [7.5, 10, 7.25, 10.25], "texture": "#0"},
				"west": {"uv": [6.75, 0.75, 0, 1], "texture": "#0"},
				"up": {"uv": [0.25, 1, 0, 7.75], "texture": "#0"},
				"down": {"uv": [0.5, 7.75, 0.25, 1], "texture": "#0"}
			}
		},
		{
			"from": [7.7, 2.85, -0.8],
			"to": [8.3, 3.1, 22.4],
			"rotation": {"angle": 0, "axis": "y", "origin": [0, -1, 16]},
			"faces": {
				"north": {"uv": [7.75, 10, 7.5, 10.25], "texture": "#0"},
				"east": {"uv": [7.25, 1, 0.5, 1.25], "texture": "#0"},
				"west": {"uv": [7.25, 1.25, 0.5, 1.5], "texture": "#0"},
				"up": {"uv": [0.75, 1.5, 0.5, 8.25], "texture": "#0"},
				"down": {"uv": [1, 8.25, 0.75, 1.5], "texture": "#0"}
			}
		},
		{
			"from": [8.37071, 2.87071, -0.801],
			"to": [8.57071, 3.15271, 22.399],
			"rotation": {"angle": 45, "axis": "z", "origin": [8.5, 2.8, 15]},
			"faces": {
				"north": {"uv": [8, 10, 7.75, 10.25], "texture": "#0"},
				"east": {"uv": [7.75, 1.5, 1, 1.75], "texture": "#0"},
				"south": {"uv": [10.25, 7.5, 10, 7.75], "texture": "#0"},
				"west": {"uv": [7.75, 1.75, 1, 2], "texture": "#0"},
				"up": {"uv": [1.25, 2, 1, 8.75], "texture": "#0"},
				"down": {"uv": [1.5, 8.75, 1.25, 2], "texture": "#0"}
			}
		},
		{
			"from": [8.25, 2.3, -0.8],
			"to": [8.5, 2.9, 22.4],
			"rotation": {"angle": 0, "axis": "y", "origin": [0, -1, 16]},
			"faces": {
				"north": {"uv": [10.25, 7.75, 10, 8], "texture": "#0"},
				"east": {"uv": [8.25, 2, 1.5, 2.25], "texture": "#0"},
				"west": {"uv": [8.25, 2.25, 1.5, 2.5], "texture": "#0"}
			}
		},
		{
			"from": [8.22929, 1.98871, -0.801],
			"to": [8.42929, 2.27071, 22.399],
			"rotation": {"angle": -45, "axis": "z", "origin": [8.5, 2.2, 15]},
			"faces": {
				"north": {"uv": [10.25, 8, 10, 8.25], "texture": "#0"},
				"east": {"uv": [8.25, 2.5, 1.5, 2.75], "texture": "#0"},
				"south": {"uv": [8.25, 10, 8, 10.25], "texture": "#0"},
				"west": {"uv": [8.25, 2.75, 1.5, 3], "texture": "#0"},
				"up": {"uv": [1.75, 3, 1.5, 9.75], "texture": "#0"},
				"down": {"uv": [2, 9.75, 1.75, 3], "texture": "#0"}
			}
		},
		{
			"from": [7.7, 2.1, -0.8],
			"to": [8.3, 2.35, 22.4],
			"rotation": {"angle": 0, "axis": "y", "origin": [0, -1, 16]},
			"faces": {
				"north": {"uv": [8.5, 10, 8.25, 10.25], "texture": "#0"},
				"east": {"uv": [8.75, 3, 2, 3.25], "texture": "#0"},
				"west": {"uv": [8.75, 3.25, 2, 3.5], "texture": "#0"},
				"up": {"uv": [2.25, 3.5, 2, 10.25], "texture": "#0"},
				"down": {"uv": [2.5, 10.25, 2.25, 3.5], "texture": "#0"}
			}
		},
		{
			"from": [7.57071, 1.98871, -0.801],
			"to": [7.77071, 2.27071, 22.399],
			"rotation": {"angle": 45, "axis": "z", "origin": [7.5, 2.2, 15]},
			"faces": {
				"north": {"uv": [8.75, 10, 8.5, 10.25], "texture": "#0"},
				"east": {"uv": [9.25, 3.5, 2.5, 3.75], "texture": "#0"},
				"south": {"uv": [10.25, 8.25, 10, 8.5], "texture": "#0"},
				"west": {"uv": [9.25, 3.75, 2.5, 4], "texture": "#0"},
				"up": {"uv": [2.75, 4, 2.5, 10.75], "texture": "#0"},
				"down": {"uv": [3, 10.75, 2.75, 4], "texture": "#0"}
			}
		},
		{
			"from": [6.77238, 3.30966, 3.6316],
			"to": [7.13763, 3.96567, 9.37445],
			"rotation": {"angle": -45, "axis": "z", "origin": [6.83687, 3.14517, 24.98386]},
			"faces": {
				"north": {"uv": [9, 10, 8.75, 10.25], "texture": "#0"},
				"east": {"uv": [9.25, 7.5, 7.75, 7.75], "texture": "#0"},
				"south": {"uv": [10.25, 8.5, 10, 8.75], "texture": "#0"},
				"west": {"uv": [9.25, 7.75, 7.75, 8], "texture": "#0"},
				"up": {"uv": [3.5, 8, 3.25, 9.5], "texture": "#0"},
				"down": {"uv": [3.75, 9.5, 3.5, 8], "texture": "#0"}
			}
		},
		{
			"from": [7.30212, 3.26148, 3.63393],
			"to": [8.69788, 3.84305, 9.37677],
			"rotation": {"angle": 0, "axis": "y", "origin": [-10.61012, -5.69464, 27.31012]},
			"faces": {
				"north": {"uv": [10, 9.25, 9.5, 9.5], "texture": "#0"},
				"east": {"uv": [9.5, 6.5, 8, 6.75], "texture": "#0"},
				"south": {"uv": [10, 8.75, 9.5, 9], "texture": "#0"},
				"west": {"uv": [9.5, 6.75, 8, 7], "texture": "#0"},
				"up": {"uv": [4.5, 5, 4, 6.5], "texture": "#0"}
			}
		},
		{
			"from": [8.86237, 3.30966, 3.6316],
			"to": [9.22762, 3.96567, 9.37445],
			"rotation": {"angle": 45, "axis": "z", "origin": [9.16313, 3.14517, 24.98386]},
			"faces": {
				"north": {"uv": [9.25, 10, 9, 10.25], "texture": "#0"},
				"east": {"uv": [9.25, 8, 7.75, 8.25], "texture": "#0"},
				"south": {"uv": [10.25, 8.75, 10, 9], "texture": "#0"},
				"west": {"uv": [9.75, 0, 8.25, 0.25], "texture": "#0"},
				"up": {"uv": [0.75, 8.25, 0.5, 9.75], "texture": "#0"},
				"down": {"uv": [1, 9.75, 0.75, 8.25], "texture": "#0"}
			}
		},
		{
			"from": [7.58157, 1.98204, 3.63393],
			"to": [9.16313, 3.3778, 9.37677],
			"rotation": {"angle": 0, "axis": "y", "origin": [-10.61012, -5.69464, 27.31012]},
			"faces": {
				"north": {"uv": [8.75, 7, 8.25, 7.5], "texture": "#0"},
				"east": {"uv": [6, 5, 4.5, 5.5], "texture": "#0"},
				"south": {"uv": [8.75, 4.5, 8.25, 5], "texture": "#0"},
				"up": {"uv": [5, 5.5, 4.5, 7], "texture": "#0"},
				"down": {"uv": [5.5, 7, 5, 5.5], "texture": "#0"}
			}
		},
		{
			"from": [8.53339, 1.25789, 3.6316],
			"to": [8.89864, 1.9139, 9.37445],
			"rotation": {"angle": -45, "axis": "z", "origin": [9.16313, 1.74941, 24.98386]},
			"faces": {
				"north": {"uv": [9.5, 10, 9.25, 10.25], "texture": "#0"},
				"east": {"uv": [9.75, 0.25, 8.25, 0.5], "texture": "#0"},
				"south": {"uv": [10.25, 9, 10, 9.25], "texture": "#0"},
				"west": {"uv": [9.75, 2, 8.25, 2.25], "texture": "#0"},
				"up": {"uv": [3.25, 8.25, 3, 9.75], "texture": "#0"},
				"down": {"uv": [4.25, 9.75, 4, 8.25], "texture": "#0"}
			}
		},
		{
			"from": [7.30212, 1.51678, 3.63393],
			"to": [8.69788, 2.09835, 9.37677],
			"rotation": {"angle": 0, "axis": "y", "origin": [-10.61012, -5.69464, 27.31012]},
			"faces": {
				"north": {"uv": [0.5, 9.75, 0, 10], "texture": "#0"},
				"east": {"uv": [9.75, 2.25, 8.25, 2.5], "texture": "#0"},
				"south": {"uv": [10, 9.5, 9.5, 9.75], "texture": "#0"},
				"west": {"uv": [9.75, 2.5, 8.25, 2.75], "texture": "#0"},
				"down": {"uv": [6, 7, 5.5, 5.5], "texture": "#0"}
			}
		},
		{
			"from": [7.10136, 1.25789, 3.6316],
			"to": [7.46661, 1.9139, 9.37445],
			"rotation": {"angle": 45, "axis": "z", "origin": [6.83687, 1.74941, 24.98386]},
			"faces": {
				"north": {"uv": [9.75, 10, 9.5, 10.25], "texture": "#0"},
				"east": {"uv": [9.75, 2.75, 8.25, 3], "texture": "#0"},
				"south": {"uv": [10.25, 9.25, 10, 9.5], "texture": "#0"},
				"west": {"uv": [5.75, 8.25, 4.25, 8.5], "texture": "#0"},
				"up": {"uv": [6, 8.25, 5.75, 9.75], "texture": "#0"},
				"down": {"uv": [7.5, 9.75, 7.25, 8.25], "texture": "#0"}
			}
		},
		{
			"from": [6.83687, 1.98204, 3.63393],
			"to": [8.41843, 3.3778, 9.37677],
			"rotation": {"angle": 0, "axis": "y", "origin": [-10.61012, -5.69464, 27.31012]},
			"faces": {
				"north": {"uv": [4.75, 8.5, 4.25, 9], "texture": "#0"},
				"south": {"uv": [8.5, 8.25, 8, 8.75], "texture": "#0"},
				"west": {"uv": [6.75, 4, 5.25, 4.5], "texture": "#0"},
				"up": {"uv": [6.5, 4.5, 6, 6], "texture": "#0"},
				"down": {"uv": [6.5, 7.5, 6, 6], "texture": "#0"}
			}
		},
		{
			"from": [7.76568, 2.16994, 18.035],
			"to": [8.65135, 2.95157, 24.95099],
			"rotation": {"angle": 0, "axis": "y", "origin": [-2.42167, -2.129, 33.87367]},
			"faces": {
				"north": {"uv": [8.5, 6.25, 8.25, 6.5], "texture": "#0"},
				"east": {"uv": [8.25, 4.5, 6.5, 4.75], "texture": "#0"}
			}
		},
		{
			"from": [8.48293, 2.91341, 18.0337],
			"to": [8.74347, 3.28077, 24.94969],
			"rotation": {"angle": 45, "axis": "z", "origin": [8.65135, 2.82129, 32.57096]},
			"faces": {
				"north": {"uv": [10, 10, 9.75, 10.25], "texture": "#0"},
				"east": {"uv": [9.25, 0.5, 7.5, 0.75], "texture": "#0"},
				"south": {"uv": [10.25, 9.5, 10, 9.75], "texture": "#0"},
				"up": {"uv": [4, 7.25, 3.75, 9], "texture": "#0"},
				"down": {"uv": [6.25, 9.25, 6, 7.5], "texture": "#0"}
			}
		},
		{
			"from": [7.60919, 2.88643, 18.035],
			"to": [8.39081, 3.21211, 24.95099],
			"rotation": {"angle": 0, "axis": "y", "origin": [-2.42167, -2.129, 33.87367]},
			"faces": {
				"north": {"uv": [10, 5.75, 9.75, 6], "texture": "#0"},
				"east": {"uv": [9.5, 0.75, 7.75, 1], "texture": "#0"},
				"west": {"uv": [9.5, 1, 7.75, 1.25], "texture": "#0"},
				"up": {"uv": [4.25, 6.5, 4, 8.25], "texture": "#0"}
			}
		},
		{
			"from": [7.25653, 2.91341, 18.0337],
			"to": [7.51707, 3.28077, 24.94969],
			"rotation": {"angle": -45, "axis": "z", "origin": [7.34865, 2.82129, 32.57096]},
			"faces": {
				"north": {"uv": [10.25, 10, 10, 10.25], "texture": "#0"},
				"south": {"uv": [10.25, 9.75, 10, 10], "texture": "#0"},
				"west": {"uv": [9.5, 1.25, 7.75, 1.5], "texture": "#0"},
				"up": {"uv": [6.5, 7.5, 6.25, 9.25], "texture": "#0"},
				"down": {"uv": [0.25, 9.5, 0, 7.75], "texture": "#0"}
			}
		},
		{
			"from": [7.34865, 2.16994, 18.035],
			"to": [8.23432, 2.95157, 24.95099],
			"rotation": {"angle": 0, "axis": "y", "origin": [-2.42167, -2.129, 33.87367]},
			"faces": {
				"north": {"uv": [9.5, 0.5, 9.25, 0.75], "texture": "#0"},
				"west": {"uv": [8.25, 4.75, 6.5, 5], "texture": "#0"}
			}
		},
		{
			"from": [7.44076, 1.76442, 18.0337],
			"to": [7.7013, 2.13178, 24.94969],
			"rotation": {"angle": 45, "axis": "z", "origin": [7.34865, 2.03967, 32.57096]},
			"faces": {
				"north": {"uv": [10.5, 0, 10.25, 0.25], "texture": "#0"},
				"east": {"uv": [9.5, 1.5, 7.75, 1.75], "texture": "#0"},
				"south": {"uv": [0.25, 10.25, 0, 10.5], "texture": "#0"},
				"west": {"uv": [9.5, 1.75, 7.75, 2], "texture": "#0"},
				"up": {"uv": [0.5, 7.75, 0.25, 9.5], "texture": "#0"},
				"down": {"uv": [6.75, 9.5, 6.5, 7.75], "texture": "#0"}
			}
		},
		{
			"from": [7.60919, 1.9094, 18.035],
			"to": [8.39081, 2.23508, 24.95099],
			"rotation": {"angle": 0, "axis": "y", "origin": [-2.42167, -2.129, 33.87367]},
			"faces": {
				"north": {"uv": [6.5, 9.75, 6.25, 10], "texture": "#0"},
				"east": {"uv": [9.5, 4, 7.75, 4.25], "texture": "#0"},
				"west": {"uv": [9.5, 4.25, 7.75, 4.5], "texture": "#0"},
				"down": {"uv": [4.5, 8.25, 4.25, 6.5], "texture": "#0"}
			}
		},
		{
			"from": [8.2987, 1.76442, 18.0337],
			"to": [8.55924, 2.13178, 24.94969],
			"rotation": {"angle": -45, "axis": "z", "origin": [8.65135, 2.03967, 32.57096]},
			"faces": {
				"north": {"uv": [10.5, 0.25, 10.25, 0.5], "texture": "#0"},
				"east": {"uv": [9.5, 5, 7.75, 5.25], "texture": "#0"},
				"south": {"uv": [0.5, 10.25, 0.25, 10.5], "texture": "#0"},
				"west": {"uv": [9.5, 5.25, 7.75, 5.5], "texture": "#0"},
				"up": {"uv": [7, 7.75, 6.75, 9.5], "texture": "#0"},
				"down": {"uv": [7.25, 9.5, 7, 7.75], "texture": "#0"}
			}
		},
		{
			"from": [7.5, 2.9, 1.8],
			"to": [8.5, 3.4, 3.3],
			"rotation": {"angle": 0, "axis": "y", "origin": [0, -1, 16.2]},
			"faces": {
				"north": {"uv": [10, 6.5, 9.75, 6.75], "texture": "#0"},
				"east": {"uv": [10.25, 0, 9.75, 0.25], "texture": "#0"},
				"south": {"uv": [10, 6.25, 9.75, 6.5], "texture": "#0"},
				"west": {"uv": [10.25, 0.25, 9.75, 0.5], "texture": "#0"},
				"up": {"uv": [4, 9, 3.75, 9.5], "texture": "#0"}
			}
		},
		{
			"from": [7.5, 3.4, 2.8],
			"to": [8.5, 3.9, 3.3],
			"rotation": {"angle": 0, "axis": "y", "origin": [0, -0.5, 16.2]},
			"faces": {
				"north": {"uv": [10, 6.75, 9.75, 7], "texture": "#0"},
				"east": {"uv": [0.75, 10.25, 0.5, 10.5], "texture": "#0"},
				"south": {"uv": [7, 9.75, 6.75, 10], "texture": "#0"},
				"west": {"uv": [10.5, 0.5, 10.25, 0.75], "texture": "#0"},
				"up": {"uv": [7.25, 9.75, 7, 10], "texture": "#0"}
			}
		},
		{
			"from": [7.5, 3.4, 1.8],
			"to": [7.7, 5.025, 2.175],
			"rotation": {"angle": 0, "axis": "y", "origin": [0, 0.125, 15.075]},
			"faces": {
				"north": {"uv": [9.5, 5.5, 9.25, 6], "texture": "#0"},
				"east": {"uv": [5.75, 9.25, 5.5, 9.75], "texture": "#0"},
				"south": {"uv": [5.5, 9.25, 5.25, 9.75], "texture": "#0"},
				"west": {"uv": [6.25, 9.25, 6, 9.75], "texture": "#0"},
				"up": {"uv": [1, 10.25, 0.75, 10.5], "texture": "#0"},
				"down": {"uv": [10.5, 1, 10.25, 0.75], "texture": "#0"}
			}
		},
		{
			"from": [8.3, 3.4, 1.8],
			"to": [8.5, 5.025, 2.175],
			"rotation": {"angle": 0, "axis": "y", "origin": [0.8, 0.125, 15.075]},
			"faces": {
				"north": {"uv": [9.5, 7.5, 9.25, 8], "texture": "#0"},
				"east": {"uv": [6.5, 9.25, 6.25, 9.75], "texture": "#0"},
				"south": {"uv": [9.5, 6, 9.25, 6.5], "texture": "#0"},
				"west": {"uv": [9.5, 8.5, 9.25, 9], "texture": "#0"},
				"up": {"uv": [1.25, 10.25, 1, 10.5], "texture": "#0"},
				"down": {"uv": [10.5, 1.25, 10.25, 1], "texture": "#0"}
			}
		},
		{
			"from": [7.7, 3.4, 1.8],
			"to": [8.3, 4.525, 2.175],
			"rotation": {"angle": 0, "axis": "y", "origin": [0.8, 0.125, 15.075]},
			"faces": {
				"north": {"uv": [10, 0.5, 9.75, 1], "texture": "#0"},
				"south": {"uv": [0.75, 9.75, 0.5, 10.25], "texture": "#0"},
				"up": {"uv": [1.5, 10.25, 1.25, 10.5], "texture": "#0"}
			}
		},
		{
			"from": [7.95, 4.50637, 1.89363],
			"to": [8.05, 4.73137, 1.99363],
			"rotation": {"angle": 0, "axis": "y", "origin": [0.6, 1.73137, 15.16863]},
			"faces": {
				"north": {"uv": [10.5, 1.5, 10.25, 1.75], "texture": "#0"},
				"east": {"uv": [1.75, 10.25, 1.5, 10.5], "texture": "#0"},
				"south": {"uv": [10.5, 1.25, 10.25, 1.5], "texture": "#0"},
				"west": {"uv": [2, 10.25, 1.75, 10.5], "texture": "#0"},
				"up": {"uv": [10.5, 1.75, 10.25, 2], "texture": "#0"}
			}
		},
		{
			"from": [7.85, 4.80637, 15.79363],
			"to": [8.15, 4.90637, 16.09363],
			"rotation": {"angle": 0, "axis": "y", "origin": [0.6, 1.93137, 29.16863]},
			"faces": {
				"north": {"uv": [10.5, 2, 10.25, 2.25], "texture": "#0"},
				"south": {"uv": [2.25, 10.25, 2, 10.5], "texture": "#0"},
				"up": {"uv": [2.5, 10.25, 2.25, 10.5], "texture": "#0"},
				"down": {"uv": [10.5, 2.5, 10.25, 2.25], "texture": "#0"}
			}
		},
		{
			"from": [7.85, 4.40637, 15.79363],
			"to": [8.15, 4.50637, 16.09363],
			"rotation": {"angle": 0, "axis": "y", "origin": [0.6, 1.83137, 29.16863]},
			"faces": {
				"north": {"uv": [10.5, 2, 10.25, 2.25], "texture": "#0"},
				"south": {"uv": [2.25, 10.25, 2, 10.5], "texture": "#0"},
				"up": {"uv": [2.5, 10.25, 2.25, 10.5], "texture": "#0"},
				"down": {"uv": [10.5, 2.5, 10.25, 2.25], "texture": "#0"}
			}
		},
		{
			"from": [7.85, 4.00637, 15.89363],
			"to": [7.95, 4.40637, 15.99363],
			"rotation": {"angle": 0, "axis": "y", "origin": [0.6, 1.83137, 29.16863]},
			"faces": {
				"north": {"uv": [10.5, 2, 10.25, 2.25], "texture": "#0"},
				"east": {"uv": [2.125, 10.375, 2.125, 10.375], "texture": "#0"},
				"south": {"uv": [2.25, 10.25, 2, 10.5], "texture": "#0"},
				"west": {"uv": [2.125, 10.375, 2.125, 10.375], "texture": "#0"},
				"up": {"uv": [2.5, 10.25, 2.25, 10.5], "texture": "#0"},
				"down": {"uv": [10.5, 2.5, 10.25, 2.25], "texture": "#0"}
			}
		},
		{
			"from": [7.75, 3.80637, 15.69363],
			"to": [8.25, 4.00637, 16.19363],
			"rotation": {"angle": 0, "axis": "y", "origin": [0.6, 1.83137, 29.16863]},
			"faces": {
				"north": {"uv": [10.5, 2, 10.25, 2.25], "texture": "#0"},
				"east": {"uv": [2.15, 10.375, 2.125, 10.4], "texture": "#0"},
				"south": {"uv": [2.25, 10.25, 2, 10.5], "texture": "#0"},
				"west": {"uv": [2.15, 10.375, 2.125, 10.4], "texture": "#0"},
				"up": {"uv": [2.5, 10.25, 2.25, 10.5], "texture": "#0"},
				"down": {"uv": [10.5, 2.5, 10.25, 2.25], "texture": "#0"}
			}
		},
		{
			"from": [8.05, 4.00637, 15.89363],
			"to": [8.15, 4.40637, 15.99363],
			"rotation": {"angle": 0, "axis": "y", "origin": [0.6, 1.83137, 29.16863]},
			"faces": {
				"north": {"uv": [10.5, 2, 10.25, 2.25], "texture": "#0"},
				"east": {"uv": [2.15, 10.25, 2.125, 10.275], "texture": "#0"},
				"south": {"uv": [2.25, 10.25, 2, 10.5], "texture": "#0"},
				"west": {"uv": [2.15, 10.25, 2.125, 10.275], "texture": "#0"},
				"up": {"uv": [2.5, 10.25, 2.25, 10.5], "texture": "#0"},
				"down": {"uv": [10.5, 2.5, 10.25, 2.25], "texture": "#0"}
			}
		},
		{
			"from": [12.38999, 0.28907, 15.79363],
			"to": [12.46499, 0.43907, 16.09363],
			"rotation": {"angle": 45, "axis": "z", "origin": [4.91499, -2.53593, 29.16863]},
			"faces": {
				"north": {"uv": [3.25, 10.25, 3, 10.5], "texture": "#0"},
				"east": {"uv": [10.5, 2.75, 10.25, 3], "texture": "#0"},
				"south": {"uv": [10.5, 2.5, 10.25, 2.75], "texture": "#0"},
				"west": {"uv": [10.5, 3, 10.25, 3.25], "texture": "#0"},
				"down": {"uv": [3.5, 10.5, 3.25, 10.25], "texture": "#0"}
			}
		},
		{
			"from": [3.53501, 0.28907, 15.79363],
			"to": [3.61001, 0.43907, 16.09363],
			"rotation": {"angle": -45, "axis": "z", "origin": [11.08501, -2.53593, 29.16863]},
			"faces": {
				"north": {"uv": [10.5, 3.5, 10.25, 3.75], "texture": "#0"},
				"east": {"uv": [3.75, 10.25, 3.5, 10.5], "texture": "#0"},
				"south": {"uv": [10.5, 3.25, 10.25, 3.5], "texture": "#0"},
				"west": {"uv": [4, 10.25, 3.75, 10.5], "texture": "#0"},
				"down": {"uv": [10.5, 4, 10.25, 3.75], "texture": "#0"}
			}
		},
		{
			"from": [12.38999, 8.86093, 15.79363],
			"to": [12.46499, 9.01093, 16.09363],
			"rotation": {"angle": -45, "axis": "z", "origin": [4.91499, 11.83593, 29.16863]},
			"faces": {
				"north": {"uv": [10.25, 3.75, 10.5, 3.5], "texture": "#0"},
				"east": {"uv": [3.75, 10.5, 4, 10.25], "texture": "#0"},
				"south": {"uv": [10.25, 3.5, 10.5, 3.25], "texture": "#0"},
				"west": {"uv": [3.5, 10.5, 3.75, 10.25], "texture": "#0"},
				"up": {"uv": [10.25, 3.75, 10.5, 4], "texture": "#0"}
			}
		},
		{
			"from": [3.53501, 8.86093, 15.79363],
			"to": [3.61001, 9.01093, 16.09363],
			"rotation": {"angle": 45, "axis": "z", "origin": [11.08501, 11.83593, 29.16863]},
			"faces": {
				"north": {"uv": [3, 10.5, 3.25, 10.25], "texture": "#0"},
				"east": {"uv": [10.25, 3.25, 10.5, 3], "texture": "#0"},
				"south": {"uv": [10.25, 2.75, 10.5, 2.5], "texture": "#0"},
				"west": {"uv": [10.25, 3, 10.5, 2.75], "texture": "#0"},
				"up": {"uv": [3.25, 10.25, 3.5, 10.5], "texture": "#0"}
			}
		},
		{
			"from": [7.75, 4.50637, 15.79363],
			"to": [7.85, 4.80637, 16.09363],
			"rotation": {"angle": 0, "axis": "y", "origin": [0.4, 1.63137, 29.16863]},
			"faces": {
				"north": {"uv": [4.5, 10.25, 4.25, 10.5], "texture": "#0"},
				"east": {"uv": [10.5, 4, 10.25, 4.25], "texture": "#0"},
				"south": {"uv": [4.25, 10.25, 4, 10.5], "texture": "#0"},
				"west": {"uv": [10.5, 4.25, 10.25, 4.5], "texture": "#0"}
			}
		},
		{
			"from": [8.15, 4.50637, 15.79363],
			"to": [8.25, 4.80637, 16.09363],
			"rotation": {"angle": 0, "axis": "y", "origin": [0.8, 1.63137, 29.16863]},
			"faces": {
				"north": {"uv": [5, 10.25, 4.75, 10.5], "texture": "#0"},
				"east": {"uv": [10.5, 4.5, 10.25, 4.75], "texture": "#0"},
				"south": {"uv": [4.75, 10.25, 4.5, 10.5], "texture": "#0"},
				"west": {"uv": [10.5, 4.75, 10.25, 5], "texture": "#0"}
			}
		},
		{
			"from": [7.5, 14.77904, 3.26432],
			"to": [7.7, 16.37904, 3.76432],
			"rotation": {"angle": -45, "axis": "x", "origin": [0, 8.77904, 16.66432]},
			"faces": {
				"north": {"uv": [10, 1, 9.75, 1.5], "texture": "#0"},
				"east": {"uv": [1.25, 9.75, 1, 10.25], "texture": "#0"},
				"south": {"uv": [1, 9.75, 0.75, 10.25], "texture": "#0"},
				"west": {"uv": [1.5, 9.75, 1.25, 10.25], "texture": "#0"}
			}
		},
		{
			"from": [8.3, 14.77904, 3.26432],
			"to": [8.5, 16.37904, 3.76432],
			"rotation": {"angle": -45, "axis": "x", "origin": [0.8, 8.77904, 16.66432]},
			"faces": {
				"north": {"uv": [2, 9.75, 1.75, 10.25], "texture": "#0"},
				"east": {"uv": [10, 1.5, 9.75, 2], "texture": "#0"},
				"south": {"uv": [1.75, 9.75, 1.5, 10.25], "texture": "#0"},
				"west": {"uv": [10, 2, 9.75, 2.5], "texture": "#0"}
			}
		},
		{
			"from": [7.7, 14.77904, 3.26432],
			"to": [8.3, 16.02904, 3.41432],
			"rotation": {"angle": -45, "axis": "x", "origin": [0.6, 8.77904, 16.66432]},
			"faces": {
				"north": {"uv": [3.25, 9.75, 3, 10.25], "texture": "#0"},
				"south": {"uv": [10, 2.5, 9.75, 3], "texture": "#0"},
				"up": {"uv": [5.25, 10.25, 5, 10.5], "texture": "#0"}
			}
		},
		{
			"from": [7.3, 2, 9],
			"to": [8.7, 3.4, 17.4],
			"rotation": {"angle": 0, "axis": "y", "origin": [7.5, 2, 10]},
			"faces": {
				"north": {"uv": [5.75, 8.5, 5.25, 9], "texture": "#0", "tintindex": 0},
				"east": {"uv": [5.25, 4, 3, 4.5], "texture": "#0", "tintindex": 0},
				"south": {"uv": [5.25, 8.5, 4.75, 9], "texture": "#0", "tintindex": 0},
				"west": {"uv": [5.25, 4.5, 3, 5], "texture": "#0", "tintindex": 0},
				"up": {"uv": [3.5, 5, 3, 7.25], "texture": "#0", "tintindex": 0},
				"down": {"uv": [4, 7.25, 3.5, 5], "texture": "#0", "tintindex": 0}
			}
		},
		{
			"from": [7.1, -0.3, 24.9],
			"to": [8.9, 3.4, 25.2],
			"rotation": {"angle": 0, "axis": "y", "origin": [7.5, 2, 17.6]},
			"faces": {
				"north": {"uv": [7, 6, 6.5, 7], "texture": "#0"},
				"east": {"uv": [1.5, 8.75, 1.25, 9.75], "texture": "#0"},
				"south": {"uv": [7, 5, 6.5, 6], "texture": "#0"},
				"west": {"uv": [9, 5.5, 8.75, 6.5], "texture": "#0"},
				"up": {"uv": [9.75, 8, 9.25, 8.25], "texture": "#0"},
				"down": {"uv": [9.75, 9.25, 9.25, 9], "texture": "#0"}
			}
		},
		{
			"from": [7.9, 7.1, 25.2],
			"to": [8.1, 7.3, 28.5],
			"rotation": {"angle": 45, "axis": "x", "origin": [7.5, 7.6, 17.9]},
			"faces": {
				"east": {"uv": [9.75, 3, 8.75, 3.25], "texture": "#0"},
				"west": {"uv": [9.75, 3.25, 8.75, 3.5], "texture": "#0"},
				"down": {"uv": [8.25, 9.75, 8, 8.75], "texture": "#0"}
			}
		},
		{
			"from": [7.9, 8.24889, 24.65822],
			"to": [8.1, 9.04889, 26.05822],
			"rotation": {"angle": 45, "axis": "x", "origin": [7.5, 8.74889, 15.45822]},
			"faces": {
				"north": {"uv": [10, 7, 9.75, 7.25], "texture": "#0"},
				"east": {"uv": [7.25, 0.75, 6.75, 1], "texture": "#0"},
				"west": {"uv": [9.25, 8.5, 8.75, 8.75], "texture": "#0"}
			}
		},
		{
			"from": [7.6, 8.14889, 24.65822],
			"to": [8.4, 8.24889, 26.10822],
			"rotation": {"angle": 45, "axis": "x", "origin": [7.5, 8.74889, 15.45822]},
			"faces": {
				"north": {"uv": [10, 7.25, 9.75, 7.5], "texture": "#0", "tintindex": 0},
				"east": {"uv": [10.25, 3, 9.75, 3.25], "texture": "#0", "tintindex": 0},
				"south": {"uv": [7.5, 9.75, 7.25, 10], "texture": "#0", "tintindex": 0},
				"west": {"uv": [3.75, 9.75, 3.25, 10], "texture": "#0", "tintindex": 0},
				"up": {"uv": [4.5, 9, 4.25, 9.5], "texture": "#0", "tintindex": 0},
				"down": {"uv": [4.75, 9.5, 4.5, 9], "texture": "#0", "tintindex": 0}
			}
		},
		{
			"from": [7.9, 7.375, 25.2],
			"to": [8.1, 7.575, 28.5],
			"rotation": {"angle": 45, "axis": "x", "origin": [7.5, 7.875, 17.9]},
			"faces": {
				"east": {"uv": [9.75, 4.5, 8.75, 4.75], "texture": "#0"},
				"west": {"uv": [9.75, 4.75, 8.75, 5], "texture": "#0"}
			}
		},
		{
			"from": [7.9, 7.9, 25.2],
			"to": [8.1, 8.1, 28.5],
			"rotation": {"angle": 45, "axis": "x", "origin": [7.5, 8.4, 17.9]},
			"faces": {
				"east": {"uv": [9.75, 7, 8.75, 7.25], "texture": "#0"},
				"west": {"uv": [9.75, 7.25, 8.75, 7.5], "texture": "#0"}
			}
		},
		{
			"from": [7.9, 0.9, 23.9],
			"to": [8.1, 2.1, 24.9],
			"rotation": {"angle": 0, "axis": "y", "origin": [7.5, 2.4, 14.2]},
			"faces": {
				"east": {"uv": [9.5, 9.25, 9.25, 9.5], "texture": "#0"},
				"west": {"uv": [0.25, 9.5, 0, 9.75], "texture": "#0"}
			}
		},
		{
			"from": [7.9, 0.9, 22.6],
			"to": [8.1, 2.1, 23.9],
			"rotation": {"angle": 0, "axis": "y", "origin": [7.5, 2.4, 13.2]},
			"faces": {
				"east": {"uv": [5.25, 9, 4.75, 9.25], "texture": "#0"},
				"west": {"uv": [5.75, 9, 5.25, 9.25], "texture": "#0"},
				"down": {"uv": [4, 10.25, 3.75, 9.75], "texture": "#0"}
			}
		},
		{
			"from": [7.6, 0.8, 22.55],
			"to": [8.4, 0.9, 23.825],
			"rotation": {"angle": 0, "axis": "y", "origin": [7.5, 2.4, 13.2]},
			"faces": {
				"north": {"uv": [8.25, 9.75, 8, 10], "texture": "#0", "tintindex": 0},
				"east": {"uv": [10.25, 3.25, 9.75, 3.5], "texture": "#0", "tintindex": 0},
				"south": {"uv": [7.75, 9.75, 7.5, 10], "texture": "#0", "tintindex": 0},
				"west": {"uv": [10.25, 4.5, 9.75, 4.75], "texture": "#0", "tintindex": 0},
				"up": {"uv": [9.25, 5.5, 9, 6], "texture": "#0", "tintindex": 0},
				"down": {"uv": [9.25, 6.5, 9, 6], "texture": "#0", "tintindex": 0}
			}
		},
		{
			"from": [7.9, 7.625, 25.2],
			"to": [8.1, 7.825, 28.5],
			"rotation": {"angle": 45, "axis": "x", "origin": [7.5, 8.125, 17.9]},
			"faces": {
				"east": {"uv": [9.25, 8.75, 8.25, 9], "texture": "#0"},
				"west": {"uv": [9.75, 8.25, 8.75, 8.5], "texture": "#0"}
			}
		},
		{
			"from": [7.3, -0.7, 10.1],
			"to": [8.7, 2, 12.8],
			"rotation": {"angle": 0, "axis": "y", "origin": [7.5, 0.6, 10]},
			"faces": {
				"north": {"uv": [3.75, 7.25, 3.25, 8], "texture": "#0", "tintindex": 0},
				"east": {"uv": [7.5, 0, 6.75, 0.75], "texture": "#0", "tintindex": 0},
				"south": {"uv": [7.75, 0.75, 7.25, 1.5], "texture": "#0", "tintindex": 0},
				"west": {"uv": [7.75, 5, 7, 5.75], "texture": "#0", "tintindex": 0},
				"down": {"uv": [7.75, 7.75, 7.25, 7], "texture": "#0", "tintindex": 0}
			}
		},
		{
			"from": [7.4, -2, 10.2],
			"to": [8.6, -0.7, 12.6],
			"rotation": {"angle": 0, "axis": "y", "origin": [7.5, -2.1, 10]},
			"faces": {
				"north": {"uv": [8, 9, 7.75, 9.5], "texture": "#0"},
				"east": {"uv": [6, 4.5, 5.25, 5], "texture": "#0"},
				"south": {"uv": [7.75, 9, 7.5, 9.5], "texture": "#0"},
				"west": {"uv": [8.25, 0, 7.5, 0.5], "texture": "#0"}
			}
		},
		{
			"from": [7.4, -3.19845, 9.86216],
			"to": [8.6, -0.89845, 12.26216],
			"rotation": {"angle": 22.5, "axis": "x", "origin": [7.5, -2.29845, 9.66216]},
			"faces": {
				"north": {"uv": [7.75, 8.25, 7.5, 9], "texture": "#0"},
				"east": {"uv": [7.75, 5.75, 7, 6.5], "texture": "#0"},
				"south": {"uv": [8.5, 5.5, 8.25, 6.25], "texture": "#0"},
				"west": {"uv": [7.25, 7, 6.5, 7.75], "texture": "#0"},
				"down": {"uv": [8, 9, 7.75, 8.25], "texture": "#0"}
			}
		},
		{
			"from": [7.4, 0.5, 12.8],
			"to": [8.6, 2, 16.6],
			"rotation": {"angle": 0, "axis": "y", "origin": [7.5, 0.6, 12.7]},
			"faces": {
				"east": {"uv": [7.75, 4, 6.75, 4.5], "texture": "#0", "tintindex": 0},
				"south": {"uv": [8.5, 9, 8.25, 9.5], "texture": "#0", "tintindex": 0},
				"west": {"uv": [8, 6.5, 7, 7], "texture": "#0", "tintindex": 0},
				"down": {"uv": [3.25, 8.25, 3, 7.25], "texture": "#0", "tintindex": 0}
			}
		},
		{
			"from": [7.4, 1, 16.6],
			"to": [8.6, 2, 17.4],
			"rotation": {"angle": 0, "axis": "y", "origin": [7.5, 0.6, 13.5]},
			"faces": {
				"east": {"uv": [9.75, 0.5, 9.5, 0.75], "texture": "#0", "tintindex": 0},
				"south": {"uv": [0.5, 9.5, 0.25, 9.75], "texture": "#0", "tintindex": 0},
				"west": {"uv": [9.75, 0.75, 9.5, 1], "texture": "#0", "tintindex": 0},
				"down": {"uv": [9.75, 1.25, 9.5, 1], "texture": "#0", "tintindex": 0}
			}
		},
		{
			"from": [7.4, -0.6, 14.8],
			"to": [8.6, 0.5, 15.6],
			"rotation": {"angle": 0, "axis": "y", "origin": [7.5, -1, 11.7]},
			"faces": {
				"north": {"uv": [9.75, 1.5, 9.5, 1.75], "texture": "#0", "tintindex": 0},
				"east": {"uv": [9.75, 1.25, 9.5, 1.5], "texture": "#0", "tintindex": 0},
				"west": {"uv": [9.75, 1.75, 9.5, 2], "texture": "#0", "tintindex": 0},
				"down": {"uv": [3.5, 9.75, 3.25, 9.5], "texture": "#0", "tintindex": 0}
			}
		},
		{
			"from": [7.4, -3.2, 16],
			"to": [8.6, -2.475, 17.925],
			"rotation": {"angle": 0, "axis": "y", "origin": [7.5, -4, 11.7]},
			"faces": {
				"north": {"uv": [10, 8.25, 9.75, 8.5], "texture": "#0"},
				"east": {"uv": [4, 9.5, 3.5, 9.75], "texture": "#0"},
				"south": {"uv": [10, 8, 9.75, 8.25], "texture": "#0"},
				"west": {"uv": [10, 3.5, 9.5, 3.75], "texture": "#0"},
				"up": {"uv": [8.75, 5.5, 8.5, 6], "texture": "#0"},
				"down": {"uv": [8.75, 6.5, 8.5, 6], "texture": "#0"}
			}
		},
		{
			"from": [7.5, -4.4, 15.4],
			"to": [8.5, 0.3, 17.1],
			"rotation": {"angle": -22.5, "axis": "x", "origin": [7.5, -1.4, 12.7]},
			"faces": {
				"north": {"uv": [6, 7, 5.75, 8.25], "texture": "#0"},
				"east": {"uv": [5, 7, 4.5, 8.25], "texture": "#0"},
				"south": {"uv": [5.75, 7, 5.5, 8.25], "texture": "#0"},
				"west": {"uv": [5.5, 7, 5, 8.25], "texture": "#0"}
			}
		},
		{
			"from": [7.4, -0.6, 12.8],
			"to": [8.6, -0.4, 14.8],
			"rotation": {"angle": 0, "axis": "y", "origin": [7.5, -0.6, 12.7]},
			"faces": {
				"east": {"uv": [10, 3.75, 9.5, 4], "texture": "#0"},
				"west": {"uv": [10, 4, 9.5, 4.25], "texture": "#0"},
				"up": {"uv": [8.75, 8.25, 8.5, 8.75], "texture": "#0"},
				"down": {"uv": [1.25, 9.25, 1, 8.75], "texture": "#0"}
			}
		},
		{
			"from": [7.6, 3.32877, 9.35558],
			"to": [8.4, 3.82877, 17.05558],
			"rotation": {"angle": 0, "axis": "y", "origin": [7.3, 4.72877, 13.45558]},
			"faces": {
				"north": {"uv": [4.75, 10, 4.5, 10.25], "texture": "#0", "tintindex": 0},
				"east": {"uv": [10.25, 5.5, 9.75, 5.75], "texture": "#0", "tintindex": 0},
				"south": {"uv": [10.25, 4.25, 10, 4.5], "texture": "#0", "tintindex": 0},
				"west": {"uv": [6.25, 9.75, 5.75, 10], "texture": "#0", "tintindex": 0},
				"up": {"uv": [16, 7, 15.75, 9], "texture": "#0", "tintindex": 0},
				"down": {"uv": [5.25, 9.75, 5, 9.25], "texture": "#0", "tintindex": 0}
			}
		},
		{
			"from": [7.7, -0.15784, 14.06716],
			"to": [8.3, 0.54216, 14.36716],
			"rotation": {"angle": 0, "axis": "y", "origin": [7.5, 0.31716, 10.41716]},
			"faces": {
				"north": {"uv": [10.5, 5.5, 10.25, 5.75], "texture": "#0"},
				"east": {"uv": [5.75, 10.25, 5.5, 10.5], "texture": "#0"},
				"south": {"uv": [10.5, 5.25, 10.25, 5.5], "texture": "#0"},
				"west": {"uv": [6, 10.25, 5.75, 10.5], "texture": "#0"},
				"down": {"uv": [10.5, 6, 10.25, 5.75], "texture": "#0"}
			}
		}
	],
	"display": {
		"thirdperson_righthand": {
			"translation": [0, 6, -6.75],
			"scale": [0.9, 0.9, 0.9]
		},
		"thirdperson_lefthand": {
			"translation": [0, 6, -6.75],
			"scale": [0.9, 0.9, 0.9]
		},
		"firstperson_righthand": {
			"translation": [-3.25, 9.25, -1],
			"scale": [0.8, 0.8, 0.8]
		},
		"firstperson_lefthand": {
			"translation": [-3.25, 9.25, -1],
			"scale": [0.8, 0.8, 0.8]
		},
		"ground": {
			"translation": [0, 5.25, 0],
			"scale": [0.8, 0.8, 0.8]
		},
		"gui": {
			"rotation": [30, 225, 0],
			"translation": [2.5, 3, 0],
			"scale": [0.82, 0.82, 0.82]
		},
		"fixed": {
			"rotation": [0, 90, 0],
			"translation": [-3.75, 8.5, -2],
			"scale": [1.5, 1.5, 1.5]
		}
	}
}