{
	"credit": "Made with Blockbench by VIKTORWOOD",
	"texture_size": [32, 32],
	"textures": {
		"0": "additionalguns:item/mac10",
		"2": "additionalguns:item/universal7",
		"particle": "additionalguns:item/mac10"
	},
	"elements": [
		{
			"from": [8.37071, 4.87071, 7.199],
			"to": [8.57071, 5.15271, 10.399],
			"rotation": {"angle": 45, "axis": "z", "origin": [8.5, 4.8, 23]},
			"faces": {
				"north": {"uv": [1, 11, 1.5, 11.5], "texture": "#0"},
				"east": {"uv": [7.5, 2, 9, 2.5], "texture": "#0"},
				"south": {"uv": [11, 1, 11.5, 1.5], "texture": "#0"},
				"west": {"uv": [7.5, 2.5, 9, 3], "texture": "#0"},
				"up": {"uv": [8, 6.5, 7.5, 5], "texture": "#0"},
				"down": {"uv": [8, 6.5, 7.5, 8], "texture": "#0"}
			}
		},
		{
			"from": [8.25, 4.3, 7.2],
			"to": [8.5, 4.9, 10.4],
			"rotation": {"angle": 0, "axis": "y", "origin": [0, 1, 24]},
			"faces": {
				"north": {"uv": [1.5, 11, 2, 11.5], "texture": "#0"},
				"east": {"uv": [7.5, 3, 9, 3.5], "texture": "#0"},
				"south": {"uv": [11, 1.5, 11.5, 2], "texture": "#0"},
				"west": {"uv": [7.5, 3.5, 9, 4], "texture": "#0"},
				"up": {"uv": [0.5, 9.5, 0, 8], "texture": "#0"},
				"down": {"uv": [8.5, 0, 8, 1.5], "texture": "#0"}
			}
		},
		{
			"from": [8.22929, 3.98871, 7.199],
			"to": [8.42929, 4.27071, 10.399],
			"rotation": {"angle": -45, "axis": "z", "origin": [8.5, 4.2, 23]},
			"faces": {
				"north": {"uv": [2, 11, 2.5, 11.5], "texture": "#0"},
				"east": {"uv": [0.5, 8, 2, 8.5], "texture": "#0"},
				"south": {"uv": [11, 2, 11.5, 2.5], "texture": "#0"},
				"west": {"uv": [8, 1.5, 9.5, 2], "texture": "#0"},
				"up": {"uv": [2.5, 9.5, 2, 8], "texture": "#0"},
				"down": {"uv": [3, 8, 2.5, 9.5], "texture": "#0"}
			}
		},
		{
			"from": [7.7, 4.1, 7.2],
			"to": [8.3, 4.35, 10.4],
			"rotation": {"angle": 0, "axis": "y", "origin": [0, 1, 24]},
			"faces": {
				"north": {"uv": [2.5, 11, 3, 11.5], "texture": "#0"},
				"east": {"uv": [3, 8, 4.5, 8.5], "texture": "#0"},
				"south": {"uv": [11, 2.5, 11.5, 3], "texture": "#0"},
				"west": {"uv": [8, 4, 9.5, 4.5], "texture": "#0"},
				"up": {"uv": [5, 9.5, 4.5, 8], "texture": "#0"},
				"down": {"uv": [8.5, 4.5, 8, 6], "texture": "#0"}
			}
		},
		{
			"from": [7.57071, 3.98871, 7.199],
			"to": [7.77071, 4.27071, 10.399],
			"rotation": {"angle": 45, "axis": "z", "origin": [7.5, 4.2, 23]},
			"faces": {
				"north": {"uv": [3, 11, 3.5, 11.5], "texture": "#0"},
				"east": {"uv": [5, 8, 6.5, 8.5], "texture": "#0"},
				"south": {"uv": [11, 3, 11.5, 3.5], "texture": "#0"},
				"west": {"uv": [8, 6, 9.5, 6.5], "texture": "#0"},
				"up": {"uv": [8.5, 8, 8, 6.5], "texture": "#0"},
				"down": {"uv": [7.5, 8, 7, 9.5], "texture": "#0"}
			}
		},
		{
			"from": [7.5, 4.3, 7.2],
			"to": [7.75, 4.9, 10.4],
			"rotation": {"angle": 0, "axis": "y", "origin": [0, 1, 24]},
			"faces": {
				"north": {"uv": [3.5, 11, 4, 11.5], "texture": "#0"},
				"east": {"uv": [7.5, 8, 9, 8.5], "texture": "#0"},
				"south": {"uv": [11, 3.5, 11.5, 4], "texture": "#0"},
				"west": {"uv": [8.5, 0, 10, 0.5], "texture": "#0"},
				"up": {"uv": [1, 10, 0.5, 8.5], "texture": "#0"},
				"down": {"uv": [1.5, 8.5, 1, 10], "texture": "#0"}
			}
		},
		{
			"from": [7.42929, 4.87071, 7.199],
			"to": [7.62929, 5.15271, 10.399],
			"rotation": {"angle": -45, "axis": "z", "origin": [7.5, 4.8, 23]},
			"faces": {
				"north": {"uv": [4, 11, 4.5, 11.5], "texture": "#0"},
				"east": {"uv": [8.5, 0.5, 10, 1], "texture": "#0"},
				"south": {"uv": [11, 4, 11.5, 4.5], "texture": "#0"},
				"west": {"uv": [8.5, 1, 10, 1.5], "texture": "#0"},
				"up": {"uv": [2, 10, 1.5, 8.5], "texture": "#0"},
				"down": {"uv": [3.5, 8.5, 3, 10], "texture": "#0"}
			}
		},
		{
			"from": [7.7, 4.85, 7.2],
			"to": [8.3, 5.1, 10.4],
			"rotation": {"angle": 0, "axis": "y", "origin": [0, 1, 24]},
			"faces": {
				"north": {"uv": [4.5, 11, 5, 11.5], "texture": "#0"},
				"east": {"uv": [8.5, 4.5, 10, 5], "texture": "#0"},
				"south": {"uv": [11, 4.5, 11.5, 5], "texture": "#0"},
				"west": {"uv": [5, 8.5, 6.5, 9], "texture": "#0"},
				"up": {"uv": [4, 10, 3.5, 8.5], "texture": "#0"},
				"down": {"uv": [4.5, 8.5, 4, 10], "texture": "#0"}
			}
		},
		{
			"from": [7.1, 3.4, 8.9],
			"to": [8.9, 5.8, 18.2],
			"rotation": {"angle": 0, "axis": "y", "origin": [7.5, 1, 6]},
			"faces": {
				"north": {"uv": [5, 2.5, 6, 4], "texture": "#0", "tintindex": 0},
				"east": {"uv": [0, 0, 5, 1.5], "texture": "#0", "tintindex": 0},
				"south": {"uv": [5, 4, 6, 5.5], "texture": "#0", "tintindex": 0},
				"west": {"uv": [0, 1.5, 5, 3], "texture": "#0", "tintindex": 0},
				"up": {"uv": [1, 8, 0, 3], "texture": "#0", "tintindex": 0},
				"down": {"uv": [2, 3, 1, 8], "texture": "#0", "tintindex": 0}
			}
		},
		{
			"from": [7.5, 1.8, 12],
			"to": [8.5, 2.1, 13.8],
			"rotation": {"angle": 0, "axis": "y", "origin": [7.6, 1, 6]},
			"faces": {
				"north": {"uv": [10, 1, 10.5, 1.5], "texture": "#0", "tintindex": 0},
				"east": {"uv": [9.5, 3, 10.5, 3.5], "texture": "#0", "tintindex": 0},
				"south": {"uv": [7.5, 10, 8, 10.5], "texture": "#0", "tintindex": 0},
				"west": {"uv": [9.5, 3.5, 10.5, 4], "texture": "#0", "tintindex": 0},
				"up": {"uv": [7.5, 6, 7, 5], "texture": "#0", "tintindex": 0},
				"down": {"uv": [6.5, 7, 6, 8], "texture": "#0", "tintindex": 0}
			}
		},
		{
			"from": [7.625, 5.725, 9.00391],
			"to": [8.375, 6.15, 9.8],
			"rotation": {"angle": 0, "axis": "y", "origin": [7.6, 1.15, 6]},
			"faces": {
				"north": {"uv": [10, 7.5, 10.5, 8], "texture": "#0"},
				"east": {"uv": [10, 8, 10.5, 8.5], "texture": "#0"},
				"south": {"uv": [8.5, 10, 9, 10.5], "texture": "#0"},
				"west": {"uv": [10, 8.5, 10.5, 9], "texture": "#0"},
				"up": {"uv": [0.5, 10, 0, 9.5], "texture": "#0"},
				"down": {"uv": [10, 4, 9.5, 4.5], "texture": "#0"}
			}
		},
		{
			"from": [7.675, 5.775, 11.75328],
			"to": [8.325, 6.2, 12.2],
			"rotation": {"angle": 0, "axis": "y", "origin": [8, 5.9875, 11.89219]},
			"faces": {
				"north": {"uv": [10, 7.5, 10.5, 8], "texture": "#0"},
				"east": {"uv": [10, 8, 10.5, 8.5], "texture": "#0"},
				"south": {"uv": [8.5, 10, 9, 10.5], "texture": "#0"},
				"west": {"uv": [10, 8.5, 10.5, 9], "texture": "#0"},
				"up": {"uv": [0.5, 10, 0, 9.5], "texture": "#0"},
				"down": {"uv": [10, 4, 9.5, 4.5], "texture": "#0"}
			}
		},
		{
			"from": [8.275, 6.03569, 9.09218],
			"to": [8.375, 6.31069, 9.79218],
			"rotation": {"angle": 22.5, "axis": "x", "origin": [8.325, 6.21069, 9.39218]},
			"faces": {
				"north": {"uv": [6, 11, 6.5, 11.5], "texture": "#0"},
				"east": {"uv": [10.5, 0, 11, 0.5], "texture": "#0"},
				"south": {"uv": [11, 6, 11.5, 6.5], "texture": "#0"},
				"west": {"uv": [10.5, 0.5, 11, 1], "texture": "#0"},
				"up": {"uv": [11, 1.5, 10.5, 1], "texture": "#0"},
				"down": {"uv": [11, 1.5, 10.5, 2], "texture": "#0"}
			}
		},
		{
			"from": [8.275, 6.11788, 9.00328],
			"to": [8.375, 6.41788, 9.15328],
			"rotation": {"angle": 0, "axis": "x", "origin": [8.325, 6.51788, 9.10328]},
			"faces": {
				"north": {"uv": [11, 1.5, 10.5, 2], "rotation": 180, "texture": "#0"},
				"east": {"uv": [10.5, 0, 11, 0.5], "rotation": 270, "texture": "#0"},
				"south": {"uv": [11, 1.5, 10.5, 1], "texture": "#0"},
				"west": {"uv": [10.5, 0.5, 11, 1], "rotation": 90, "texture": "#0"},
				"up": {"uv": [6, 11, 6.5, 11.5], "rotation": 180, "texture": "#0"},
				"down": {"uv": [11, 6, 11.5, 6.5], "texture": "#0"}
			}
		},
		{
			"from": [8.1, 6.2, 12.05],
			"to": [8.325, 6.5, 12.2],
			"rotation": {"angle": 0, "axis": "y", "origin": [8.275, 6.6, 12.15]},
			"faces": {
				"north": {"uv": [11, 1.5, 10.5, 2], "rotation": 180, "texture": "#0"},
				"east": {"uv": [10.5, 0, 11, 0.5], "rotation": 270, "texture": "#0"},
				"south": {"uv": [11, 1.5, 10.5, 1], "texture": "#0"},
				"west": {"uv": [10.5, 0.5, 11, 1], "rotation": 90, "texture": "#0"},
				"up": {"uv": [6, 11, 6.5, 11.5], "rotation": 180, "texture": "#0"},
				"down": {"uv": [11, 6, 11.5, 6.5], "texture": "#0"}
			}
		},
		{
			"from": [8.1, 6.2059, 11.72525],
			"to": [8.325, 6.4159, 12.14697],
			"rotation": {"angle": -45, "axis": "x", "origin": [8.275, 6.3409, 11.99697]},
			"faces": {
				"north": {"uv": [11, 6, 11.5, 6.5], "rotation": 180, "texture": "#0"},
				"east": {"uv": [10.5, 0, 11, 0.5], "rotation": 180, "texture": "#0"},
				"south": {"uv": [6, 11, 6.5, 11.5], "rotation": 180, "texture": "#0"},
				"west": {"uv": [10.5, 0.5, 11, 1], "rotation": 180, "texture": "#0"},
				"up": {"uv": [11, 1.5, 10.5, 2], "texture": "#0"},
				"down": {"uv": [11, 1.5, 10.5, 1], "texture": "#0"}
			}
		},
		{
			"from": [7.675, 6.2, 12.05],
			"to": [7.9, 6.5, 12.2],
			"rotation": {"angle": 0, "axis": "y", "origin": [7.725, 6.6, 12.15]},
			"faces": {
				"north": {"uv": [11, 1.5, 10.5, 2], "rotation": 180, "texture": "#0"},
				"east": {"uv": [10.5, 0, 11, 0.5], "rotation": 270, "texture": "#0"},
				"south": {"uv": [11, 1.5, 10.5, 1], "texture": "#0"},
				"west": {"uv": [10.5, 0.5, 11, 1], "rotation": 90, "texture": "#0"},
				"up": {"uv": [6, 11, 6.5, 11.5], "rotation": 180, "texture": "#0"},
				"down": {"uv": [11, 6, 11.5, 6.5], "texture": "#0"}
			}
		},
		{
			"from": [7.675, 6.2059, 11.72525],
			"to": [7.9, 6.4159, 12.14697],
			"rotation": {"angle": -45, "axis": "x", "origin": [7.725, 6.3409, 11.99697]},
			"faces": {
				"north": {"uv": [11, 6, 11.5, 6.5], "rotation": 180, "texture": "#0"},
				"east": {"uv": [10.5, 0, 11, 0.5], "rotation": 180, "texture": "#0"},
				"south": {"uv": [6, 11, 6.5, 11.5], "rotation": 180, "texture": "#0"},
				"west": {"uv": [10.5, 0.5, 11, 1], "rotation": 180, "texture": "#0"},
				"up": {"uv": [11, 1.5, 10.5, 2], "texture": "#0"},
				"down": {"uv": [11, 1.5, 10.5, 1], "texture": "#0"}
			}
		},
		{
			"from": [7.625, 6.03569, 9.09218],
			"to": [7.725, 6.31069, 9.79218],
			"rotation": {"angle": 22.5, "axis": "x", "origin": [7.675, 6.21069, 9.39218]},
			"faces": {
				"north": {"uv": [6, 11, 6.5, 11.5], "texture": "#0"},
				"east": {"uv": [10.5, 0, 11, 0.5], "texture": "#0"},
				"south": {"uv": [11, 6, 11.5, 6.5], "texture": "#0"},
				"west": {"uv": [10.5, 0.5, 11, 1], "texture": "#0"},
				"up": {"uv": [11, 1.5, 10.5, 1], "texture": "#0"},
				"down": {"uv": [11, 1.5, 10.5, 2], "texture": "#0"}
			}
		},
		{
			"from": [7.625, 6.11788, 9.00328],
			"to": [7.725, 6.41788, 9.15328],
			"rotation": {"angle": 0, "axis": "y", "origin": [7.675, 6.51788, 9.10328]},
			"faces": {
				"north": {"uv": [11, 1.5, 10.5, 2], "rotation": 180, "texture": "#0"},
				"east": {"uv": [10.5, 0, 11, 0.5], "rotation": 270, "texture": "#0"},
				"south": {"uv": [11, 1.5, 10.5, 1], "texture": "#0"},
				"west": {"uv": [10.5, 0.5, 11, 1], "rotation": 90, "texture": "#0"},
				"up": {"uv": [6, 11, 6.5, 11.5], "rotation": 180, "texture": "#0"},
				"down": {"uv": [11, 6, 11.5, 6.5], "texture": "#0"}
			}
		},
		{
			"from": [7.5, 3.69778, 11.53423],
			"to": [8.5, 3.99778, 12.05923],
			"rotation": {"angle": 22.5, "axis": "x", "origin": [7.6, 2.89778, 7.25923]},
			"faces": {
				"north": {"uv": [10.5, 2, 11, 2.5], "texture": "#0", "tintindex": 0},
				"east": {"uv": [6.5, 11, 7, 11.5], "texture": "#0", "tintindex": 0},
				"south": {"uv": [10.5, 2.5, 11, 3], "texture": "#0", "tintindex": 0},
				"west": {"uv": [11, 6.5, 11.5, 7], "texture": "#0", "tintindex": 0},
				"up": {"uv": [11, 3.5, 10.5, 3], "texture": "#0", "tintindex": 0},
				"down": {"uv": [11, 3.5, 10.5, 4], "texture": "#0", "tintindex": 0}
			}
		},
		{
			"from": [7.5, 2.00091, 11.51496],
			"to": [8.5, 3.40091, 11.81496],
			"rotation": {"angle": 0, "axis": "y", "origin": [7.6, 1.00091, 6.01496]},
			"faces": {
				"north": {"uv": [8, 8.5, 8.5, 9.5], "texture": "#0", "tintindex": 0},
				"east": {"uv": [1, 10, 1.5, 11], "texture": "#0", "tintindex": 0},
				"south": {"uv": [8.5, 8.5, 9, 9.5], "texture": "#0", "tintindex": 0},
				"west": {"uv": [1.5, 10, 2, 11], "texture": "#0", "tintindex": 0},
				"up": {"uv": [11, 4.5, 10.5, 4], "texture": "#0", "tintindex": 0},
				"down": {"uv": [5, 10.5, 4.5, 11], "texture": "#0", "tintindex": 0}
			}
		},
		{
			"from": [7.8, 2.825, 13.1],
			"to": [8.2, 3.5, 13.3],
			"rotation": {"angle": 0, "axis": "y", "origin": [7.9, 1, 5.9]},
			"faces": {
				"north": {"uv": [8, 11, 8.5, 11.5], "texture": "#0"},
				"east": {"uv": [11, 8, 11.5, 8.5], "texture": "#0"},
				"south": {"uv": [8.5, 11, 9, 11.5], "texture": "#0"},
				"west": {"uv": [11, 8.5, 11.5, 9], "texture": "#0"},
				"up": {"uv": [9.5, 11.5, 9, 11], "texture": "#0"},
				"down": {"uv": [11.5, 9, 11, 9.5], "texture": "#0"}
			}
		},
		{
			"from": [7.95, 5.775, 9.275],
			"to": [8.05, 6.45, 9.425],
			"rotation": {"angle": 0, "axis": "y", "origin": [7.9, 1.15, 6]},
			"faces": {
				"north": {"uv": [9.5, 11, 10, 11.5], "texture": "#0"},
				"east": {"uv": [11, 9.5, 11.5, 10], "texture": "#0"},
				"south": {"uv": [10, 11, 10.5, 11.5], "texture": "#0"},
				"west": {"uv": [11, 10, 11.5, 10.5], "texture": "#0"},
				"up": {"uv": [11, 11.5, 10.5, 11], "texture": "#0"},
				"down": {"uv": [11.5, 10.5, 11, 11], "texture": "#0"}
			}
		},
		{
			"from": [7.8, 5.26455, 12.74485],
			"to": [8.2, 5.83955, 12.94485],
			"rotation": {"angle": 22.5, "axis": "x", "origin": [7.9, 3.43955, 5.54485]},
			"faces": {
				"north": {"uv": [11.5, 4, 12, 4.5], "texture": "#0"},
				"east": {"uv": [4.5, 11.5, 5, 12], "texture": "#0"},
				"south": {"uv": [11.5, 4.5, 12, 5], "texture": "#0"},
				"west": {"uv": [5, 11.5, 5.5, 12], "texture": "#0"},
				"up": {"uv": [12, 5.5, 11.5, 5], "texture": "#0"},
				"down": {"uv": [6, 11.5, 5.5, 12], "texture": "#0"}
			}
		},
		{
			"from": [7.3, -5, 13.9],
			"to": [8.7, 0.2, 15.4],
			"rotation": {"angle": 0, "axis": "y", "origin": [7.5, 1, 6]},
			"faces": {
				"north": {"uv": [2, 3, 3, 5.5], "texture": "#0"},
				"east": {"uv": [3, 3, 4, 5.5], "texture": "#0"},
				"south": {"uv": [4, 3, 5, 5.5], "texture": "#0"},
				"west": {"uv": [5, 0, 6, 2.5], "texture": "#0"},
				"up": {"uv": [7.5, 2, 6.5, 1], "texture": "#0"},
				"down": {"uv": [7.5, 2, 6.5, 3], "texture": "#0"}
			}
		},
		{
			"from": [7.2, 0.2, 13.8],
			"to": [8.8, 3.4, 15.5],
			"rotation": {"angle": 0, "axis": "y", "origin": [7.5, 1, 6]},
			"faces": {
				"north": {"uv": [2, 5.5, 3, 7], "texture": "#0", "tintindex": 0},
				"east": {"uv": [3, 5.5, 4, 7], "texture": "#0", "tintindex": 0},
				"south": {"uv": [4, 5.5, 5, 7], "texture": "#0", "tintindex": 0},
				"west": {"uv": [5, 5.5, 6, 7], "texture": "#0", "tintindex": 0},
				"up": {"uv": [7.5, 4, 6.5, 3], "texture": "#0", "tintindex": 0},
				"down": {"uv": [3, 7, 2, 8], "texture": "#0", "tintindex": 0}
			}
		},
		{
			"from": [7.25, 0.2, 15.5],
			"to": [8.75, 0.85, 16.5],
			"rotation": {"angle": 0, "axis": "y", "origin": [7.5, 1, 6]},
			"faces": {
				"north": {"uv": [3, 7, 4, 8], "texture": "#0"},
				"east": {"uv": [9, 3, 9.5, 4], "texture": "#0"},
				"south": {"uv": [4, 7, 5, 8], "texture": "#0"},
				"west": {"uv": [6, 9, 6.5, 10], "texture": "#0"},
				"up": {"uv": [10, 7, 9, 6.5], "texture": "#0"},
				"down": {"uv": [10, 7, 9, 7.5], "texture": "#0"}
			}
		},
		{
			"from": [7.25, -3.07683, 16.75849],
			"to": [8.75, -1.02683, 17.75849],
			"rotation": {"angle": -22.5, "axis": "x", "origin": [7.5, -4.27683, 7.25849]},
			"faces": {
				"north": {"uv": [7, 4, 8, 5], "texture": "#0"},
				"east": {"uv": [6.5, 9, 7, 10], "texture": "#0"},
				"south": {"uv": [5, 7, 6, 8], "texture": "#0"},
				"west": {"uv": [9, 7.5, 9.5, 8.5], "texture": "#0"},
				"up": {"uv": [10, 9, 9, 8.5], "texture": "#0"},
				"down": {"uv": [10, 9, 9, 9.5], "texture": "#0"}
			}
		},
		{
			"from": [7.25, 11.5345, 12.98672],
			"to": [8.75, 13.5345, 13.98672],
			"rotation": {"angle": 45, "axis": "x", "origin": [7.5, 5.0345, 3.48672]},
			"faces": {
				"north": {"uv": [6, 6, 7, 7], "texture": "#0"},
				"east": {"uv": [7.5, 0, 8, 1], "texture": "#0"},
				"south": {"uv": [6.5, 0, 7.5, 1], "texture": "#0"},
				"west": {"uv": [7.5, 1, 8, 2], "texture": "#0"},
				"up": {"uv": [10.5, 2, 9.5, 1.5], "texture": "#0"},
				"down": {"uv": [3, 9.5, 2, 10], "texture": "#0"}
			}
		},
		{
			"from": [7.99796, 5.59205, 17.95],
			"to": [8.74796, 6.16705, 18.2],
			"rotation": {"angle": 45, "axis": "z", "origin": [8.57296, 5.87955, 18.1125]},
			"faces": {
				"north": {"uv": [5, 2.5, 6, 4], "rotation": 90, "texture": "#2", "tintindex": 0},
				"east": {"uv": [0, 3, 1, 7.5], "rotation": 270, "texture": "#2", "tintindex": 0},
				"south": {"uv": [5, 4, 6, 5.5], "rotation": 270, "texture": "#2", "tintindex": 0},
				"west": {"uv": [0.25, 8, 1.25, 3], "rotation": 270, "texture": "#2", "tintindex": 0},
				"up": {"uv": [0, 0, 5, 1.5], "rotation": 270, "texture": "#2", "tintindex": 0},
				"down": {"uv": [0, 1.5, 5, 3], "rotation": 270, "texture": "#2", "tintindex": 0}
			}
		},
		{
			"from": [7.55167, 5.57993, 17.95],
			"to": [7.92667, 6.32993, 18.2],
			"rotation": {"angle": 22.5, "axis": "z", "origin": [7.83917, 6.15493, 18.1125]},
			"faces": {
				"north": {"uv": [5, 2.5, 6, 4], "texture": "#2", "tintindex": 0},
				"east": {"uv": [0, 0, 1, 1], "texture": "#2", "tintindex": 0},
				"south": {"uv": [5, 4, 6, 5.5], "texture": "#2", "tintindex": 0},
				"west": {"uv": [1.25, 1.5, 0.5, 3], "texture": "#2", "tintindex": 0},
				"up": {"uv": [1, 8, 0, 3], "texture": "#2", "tintindex": 0},
				"down": {"uv": [2, 3, 1, 8], "texture": "#2", "tintindex": 0}
			}
		},
		{
			"from": [8.06572, 5.54166, 17.95],
			"to": [8.44072, 6.29166, 18.2],
			"rotation": {"angle": -22.5, "axis": "z", "origin": [8.25322, 6.11666, 18.1125]},
			"faces": {
				"north": {"uv": [5, 2.5, 6, 4], "texture": "#2", "tintindex": 0},
				"east": {"uv": [0, 0, 1, 1], "texture": "#2", "tintindex": 0},
				"south": {"uv": [5, 4, 6, 5.5], "texture": "#2", "tintindex": 0},
				"west": {"uv": [1.25, 1.5, 0.5, 3], "texture": "#2", "tintindex": 0},
				"up": {"uv": [1, 8, 0, 3], "texture": "#2", "tintindex": 0},
				"down": {"uv": [2, 3, 1, 8], "texture": "#2", "tintindex": 0}
			}
		},
		{
			"from": [7.85304, 5.57509, 17.95],
			"to": [8.14913, 6.35009, 18.2],
			"rotation": {"angle": 0, "axis": "z", "origin": [8.04054, 6.17509, 18.1125]},
			"faces": {
				"north": {"uv": [5, 2.5, 6, 4], "texture": "#2", "tintindex": 0},
				"east": {"uv": [0, 0, 1, 1], "texture": "#2", "tintindex": 0},
				"south": {"uv": [5, 4, 6, 5.5], "texture": "#2", "tintindex": 0},
				"west": {"uv": [1.25, 1.5, 0.5, 3], "texture": "#2", "tintindex": 0},
				"up": {"uv": [1, 8, 0, 3], "texture": "#2", "tintindex": 0},
				"down": {"uv": [2, 3, 1, 8], "texture": "#2", "tintindex": 0}
			}
		},
		{
			"from": [7.13954, 5.30455, 17.95],
			"to": [7.71454, 6.05455, 18.2],
			"rotation": {"angle": 45, "axis": "z", "origin": [7.42704, 5.87955, 18.1125]},
			"faces": {
				"north": {"uv": [5, 2.5, 6, 4], "texture": "#2", "tintindex": 0},
				"east": {"uv": [0, 0, 1, 1], "texture": "#2", "tintindex": 0},
				"south": {"uv": [5, 4, 6, 5.5], "texture": "#2", "tintindex": 0},
				"west": {"uv": [1.25, 1.5, 0.5, 3], "texture": "#2", "tintindex": 0},
				"up": {"uv": [1, 8, 0, 3], "texture": "#2", "tintindex": 0},
				"down": {"uv": [2, 3, 1, 8], "texture": "#2", "tintindex": 0}
			}
		},
		{
			"from": [7.2, 5.8, 13.6],
			"to": [7.5, 6.1, 16.6],
			"rotation": {"angle": 0, "axis": "y", "origin": [7.6, 1, 5.9]},
			"faces": {
				"north": {"uv": [5, 11, 5.5, 11.5], "texture": "#0"},
				"east": {"uv": [8.5, 5, 10, 5.5], "texture": "#0"},
				"south": {"uv": [11, 5, 11.5, 5.5], "texture": "#0"},
				"west": {"uv": [8.5, 5.5, 10, 6], "texture": "#0"},
				"up": {"uv": [9, 8, 8.5, 6.5], "texture": "#0"},
				"down": {"uv": [8, 8.5, 7.5, 10], "texture": "#0"}
			}
		},
		{
			"from": [7.2, 6.23638, 17.59385],
			"to": [7.5, 6.53638, 18.69385],
			"rotation": {"angle": 0, "axis": "y", "origin": [7.6, 0.43638, 9.89385]},
			"faces": {
				"north": {"uv": [11.5, 5.5, 12, 6], "texture": "#0"},
				"east": {"uv": [10.5, 7.5, 11, 8], "texture": "#0"},
				"south": {"uv": [6, 11.5, 6.5, 12], "texture": "#0"},
				"west": {"uv": [8, 10.5, 8.5, 11], "texture": "#0"},
				"up": {"uv": [11, 8.5, 10.5, 8], "texture": "#0"},
				"down": {"uv": [9, 10.5, 8.5, 11], "texture": "#0"}
			}
		},
		{
			"from": [7.2, 4.13638, 18.39385],
			"to": [7.5, 6.23638, 18.69385],
			"rotation": {"angle": 0, "axis": "y", "origin": [7.6, 0.43638, 9.89385]},
			"faces": {
				"north": {"uv": [4.5, 9.5, 5, 10.5], "texture": "#0"},
				"east": {"uv": [7, 9.5, 7.5, 10.5], "texture": "#0"},
				"south": {"uv": [9.5, 7.5, 10, 8.5], "texture": "#0"},
				"west": {"uv": [8, 9.5, 8.5, 10.5], "texture": "#0"},
				"up": {"uv": [12, 6.5, 11.5, 6], "texture": "#0"},
				"down": {"uv": [7, 11.5, 6.5, 12], "texture": "#0"}
			}
		},
		{
			"from": [7.1, 2.83638, 18.19385],
			"to": [8.9, 4.13638, 18.69385],
			"rotation": {"angle": 0, "axis": "y", "origin": [7.5, 0.43638, 9.89385]},
			"faces": {
				"north": {"uv": [6, 4, 7, 5], "texture": "#0"},
				"east": {"uv": [2, 10, 2.5, 11], "texture": "#0"},
				"south": {"uv": [6, 5, 7, 6], "texture": "#0"},
				"west": {"uv": [2.5, 10, 3, 11], "texture": "#0"},
				"up": {"uv": [10.5, 6.5, 9.5, 6], "texture": "#0"},
				"down": {"uv": [9.5, 9.5, 8.5, 10], "texture": "#0"}
			}
		},
		{
			"from": [7.1, 2.83638, 18.69385],
			"to": [7.3, 4.13638, 19.19385],
			"rotation": {"angle": 0, "axis": "y", "origin": [7.5, 0.43638, 9.89385]},
			"faces": {
				"north": {"uv": [3, 10, 3.5, 11], "texture": "#0"},
				"east": {"uv": [3.5, 10, 4, 11], "texture": "#0"},
				"south": {"uv": [4, 10, 4.5, 11], "texture": "#0"},
				"west": {"uv": [10, 4, 10.5, 5], "texture": "#0"},
				"up": {"uv": [12, 7, 11.5, 6.5], "texture": "#0"},
				"down": {"uv": [7.5, 11.5, 7, 12], "texture": "#0"}
			}
		},
		{
			"from": [8.7, 2.83638, 18.69385],
			"to": [8.9, 4.13638, 19.19385],
			"rotation": {"angle": 0, "axis": "y", "origin": [7.5, 0.43638, 9.89385]},
			"faces": {
				"north": {"uv": [10, 5, 10.5, 6], "texture": "#0"},
				"east": {"uv": [6, 10, 6.5, 11], "texture": "#0"},
				"south": {"uv": [6.5, 10, 7, 11], "texture": "#0"},
				"west": {"uv": [10, 6.5, 10.5, 7.5], "texture": "#0"},
				"up": {"uv": [12, 7.5, 11.5, 7], "texture": "#0"},
				"down": {"uv": [8, 11.5, 7.5, 12], "texture": "#0"}
			}
		},
		{
			"from": [7.2, 1.68798, 19.32749],
			"to": [7.5, 1.98798, 20.52749],
			"rotation": {"angle": -22.5, "axis": "x", "origin": [7.6, -3.11202, 7.62749]},
			"faces": {
				"north": {"uv": [11.5, 7.5, 12, 8], "texture": "#0"},
				"east": {"uv": [10.5, 8.5, 11, 9], "texture": "#0"},
				"south": {"uv": [8, 11.5, 8.5, 12], "texture": "#0"},
				"west": {"uv": [9, 10.5, 9.5, 11], "texture": "#0"},
				"up": {"uv": [11, 9.5, 10.5, 9], "texture": "#0"},
				"down": {"uv": [10, 10.5, 9.5, 11], "texture": "#0"}
			}
		},
		{
			"from": [8.5, 4.13638, 18.39385],
			"to": [8.8, 6.23638, 18.69385],
			"rotation": {"angle": 0, "axis": "y", "origin": [8.9, 0.43638, 9.89385]},
			"faces": {
				"north": {"uv": [9.5, 9.5, 10, 10.5], "texture": "#0"},
				"east": {"uv": [0, 10, 0.5, 11], "texture": "#0"},
				"south": {"uv": [10, 0, 10.5, 1], "texture": "#0"},
				"west": {"uv": [0.5, 10, 1, 11], "texture": "#0"},
				"up": {"uv": [12, 8.5, 11.5, 8], "texture": "#0"},
				"down": {"uv": [9, 11.5, 8.5, 12], "texture": "#0"}
			}
		},
		{
			"from": [8.5, 6.23638, 17.59385],
			"to": [8.8, 6.53638, 18.69385],
			"rotation": {"angle": 0, "axis": "y", "origin": [8.9, 0.43638, 9.89385]},
			"faces": {
				"north": {"uv": [11.5, 8.5, 12, 9], "texture": "#0"},
				"east": {"uv": [10.5, 9.5, 11, 10], "texture": "#0"},
				"south": {"uv": [9, 11.5, 9.5, 12], "texture": "#0"},
				"west": {"uv": [10, 10.5, 10.5, 11], "texture": "#0"},
				"up": {"uv": [11, 10.5, 10.5, 10], "texture": "#0"},
				"down": {"uv": [11, 10.5, 10.5, 11], "texture": "#0"}
			}
		},
		{
			"from": [8.5, 1.68798, 19.32749],
			"to": [8.8, 1.98798, 20.52749],
			"rotation": {"angle": -22.5, "axis": "x", "origin": [8.9, -3.11202, 7.62749]},
			"faces": {
				"north": {"uv": [11.5, 9, 12, 9.5], "texture": "#0"},
				"east": {"uv": [0, 11, 0.5, 11.5], "texture": "#0"},
				"south": {"uv": [9.5, 11.5, 10, 12], "texture": "#0"},
				"west": {"uv": [11, 0, 11.5, 0.5], "texture": "#0"},
				"up": {"uv": [1, 11.5, 0.5, 11], "texture": "#0"},
				"down": {"uv": [11.5, 0.5, 11, 1], "texture": "#0"}
			}
		},
		{
			"from": [8.5, 5.8, 13.6],
			"to": [8.8, 6.1, 16.6],
			"rotation": {"angle": 0, "axis": "y", "origin": [8.9, 1, 5.9]},
			"faces": {
				"north": {"uv": [11.5, 9.5, 12, 10], "texture": "#0"},
				"east": {"uv": [9, 2, 10.5, 2.5], "texture": "#0"},
				"south": {"uv": [10, 11.5, 10.5, 12], "texture": "#0"},
				"west": {"uv": [9, 2.5, 10.5, 3], "texture": "#0"},
				"up": {"uv": [5.5, 10.5, 5, 9], "texture": "#0"},
				"down": {"uv": [6, 9, 5.5, 10.5], "texture": "#0"}
			}
		},
		{
			"from": [7.025, 3.38638, 18.81885],
			"to": [8.975, 3.58638, 19.01885],
			"rotation": {"angle": 45, "axis": "x", "origin": [8, 3.48638, 18.94385]},
			"faces": {
				"north": {"uv": [10, 5, 10.5, 6], "texture": "#0"},
				"east": {"uv": [6, 10, 6.5, 11], "texture": "#0"},
				"south": {"uv": [6.5, 10, 7, 11], "texture": "#0"},
				"west": {"uv": [10, 6.5, 10.5, 7.5], "texture": "#0"},
				"up": {"uv": [12, 7.5, 11.5, 7], "texture": "#0"},
				"down": {"uv": [8, 11.5, 7.5, 12], "texture": "#0"}
			}
		},
		{
			"from": [7.5, 5.8, 13.6],
			"to": [8.525, 6.1, 13.9],
			"rotation": {"angle": 0, "axis": "y", "origin": [9, 5.95, 13.75]},
			"faces": {
				"north": {"uv": [8.5, 5, 10, 5.5], "texture": "#0"},
				"east": {"uv": [11, 5, 11.5, 5.5], "texture": "#0"},
				"south": {"uv": [8.5, 5.5, 10, 6], "texture": "#0"},
				"west": {"uv": [5, 11, 5.5, 11.5], "texture": "#0"},
				"up": {"uv": [9, 8, 8.5, 6.5], "rotation": 270, "texture": "#0"},
				"down": {"uv": [8, 8.5, 7.5, 10], "rotation": 90, "texture": "#0"}
			}
		}
	],
	"display": {
		"thirdperson_righthand": {
			"translation": [0, 4.75, -5.25]
		},
		"thirdperson_lefthand": {
			"translation": [0, 4.75, -5.25]
		},
		"firstperson_righthand": {
			"translation": [-4.75, 7.5, -3.5],
			"scale": [0.8, 0.8, 0.8]
		},
		"firstperson_lefthand": {
			"translation": [-4.75, 7.5, -3.5],
			"scale": [0.8, 0.8, 0.8]
		},
		"ground": {
			"translation": [0, 7.75, -6]
		},
		"gui": {
			"rotation": [30, -135, 0],
			"translation": [3.75, 3.75, 0]
		},
		"head": {
			"scale": [0.75, 0.75, 0.75]
		},
		"fixed": {
			"rotation": [0, 90, 0],
			"translation": [-6.5, 8.25, -1.75],
			"scale": [1.25, 1.25, 1.25]
		}
	},
	"groups": [
		0,
		1,
		2,
		3,
		4,
		5,
		6,
		7,
		8,
		9,
		10,
		11,
		12,
		13,
		14,
		15,
		16,
		17,
		18,
		19,
		20,
		21,
		22,
		23,
		24,
		25,
		26,
		27,
		28,
		29,
		{
			"name": "group",
			"origin": [7.42704, 5.87955, 18.1125],
			"color": 0,
			"children": [30, 31, 32, 33, 34]
		},
		{
			"name": "group",
			"origin": [8, 3.48638, 19.04385],
			"color": 0,
			"children": [35, 36, 37, 38, 39, 40, 41, 42, 43, 44, 45, 46, 47]
		}
	]
}
