{
	"credit": "Made with Blockbench by CasualNoLifer and WitherFlint343",
	"textures": {
		"2": "additionalguns:item/universal3",
		"4": "additionalguns:item/universal2",
		"5": "additionalguns:item/universal1",
		"6": "additionalguns:item/aos_decal_black",
		"7": "additionalguns:item/gunmetal_bright5",
		"particle": "additionalguns:item/universal3"
	},
	"elements": [
		{
			"from": [7.58407, 9.37044, 1.98507],
			"to": [7.90679, 9.48737, 9.07274],
			"rotation": {"angle": -45, "axis": "z", "origin": [7.74543, 9.4289, 5.2679]},
			"faces": {
				"north": {"uv": [2.25, 6.75, 2.5, 7], "texture": "#4"},
				"east": {"uv": [4.5, 4, 8.5, 4.25], "texture": "#4"},
				"south": {"uv": [6.75, 2.5, 7, 2.75], "texture": "#4"},
				"west": {"uv": [4.5, 4.25, 8.5, 4.5], "texture": "#4"},
				"up": {"uv": [4.75, 8.5, 4.5, 4.5], "texture": "#4"},
				"down": {"uv": [5, 4.5, 4.75, 8.5], "texture": "#4"}
			}
		},
		{
			"from": [7.80427, 9.94142, 1.98507],
			"to": [8.12699, 10.05835, 9.07274],
			"rotation": {"angle": -45, "axis": "z", "origin": [7.96563, 9.6491, 5.2679]},
			"faces": {
				"north": {"uv": [2.25, 6.75, 2.5, 7], "texture": "#4"},
				"east": {"uv": [4.5, 4, 8.5, 4.25], "texture": "#4"},
				"south": {"uv": [6.75, 2.5, 7, 2.75], "texture": "#4"},
				"west": {"uv": [4.5, 4.25, 8.5, 4.5], "texture": "#4"},
				"up": {"uv": [4.75, 8.5, 4.5, 4.5], "texture": "#4"},
				"down": {"uv": [5, 4.5, 4.75, 8.5], "texture": "#4"}
			}
		},
		{
			"from": [8.15521, 9.26754, 1.98507],
			"to": [8.27213, 9.59026, 9.07274],
			"rotation": {"angle": -45, "axis": "z", "origin": [8.21367, 9.4289, 5.2679]},
			"faces": {
				"north": {"uv": [2.25, 6.75, 2.5, 7], "rotation": 270, "texture": "#4"},
				"east": {"uv": [4.75, 8.5, 4.5, 4.5], "rotation": 90, "texture": "#4"},
				"south": {"uv": [6.75, 2.5, 7, 2.75], "rotation": 90, "texture": "#4"},
				"west": {"uv": [5, 4.5, 4.75, 8.5], "rotation": 90, "texture": "#4"},
				"up": {"uv": [4.5, 4.25, 8.5, 4.5], "rotation": 90, "texture": "#4"},
				"down": {"uv": [4.5, 4, 8.5, 4.25], "rotation": 90, "texture": "#4"}
			}
		},
		{
			"from": [7.68697, 9.73578, 1.98507],
			"to": [7.8039, 10.0585, 9.07274],
			"rotation": {"angle": -45, "axis": "z", "origin": [7.74543, 9.89714, 5.2679]},
			"faces": {
				"north": {"uv": [2.25, 6.75, 2.5, 7], "rotation": 270, "texture": "#4"},
				"east": {"uv": [4.75, 8.5, 4.5, 4.5], "rotation": 90, "texture": "#4"},
				"south": {"uv": [6.75, 2.5, 7, 2.75], "rotation": 90, "texture": "#4"},
				"west": {"uv": [5, 4.5, 4.75, 8.5], "rotation": 90, "texture": "#4"},
				"up": {"uv": [4.5, 4.25, 8.5, 4.5], "rotation": 90, "texture": "#4"},
				"down": {"uv": [4.5, 4, 8.5, 4.25], "rotation": 90, "texture": "#4"}
			}
		},
		{
			"from": [7.58999, 9.50166, 1.98507],
			"to": [7.70692, 9.82438, 9.07274],
			"rotation": {"angle": 0, "axis": "z", "origin": [7.64846, 9.66302, 5.2679]},
			"faces": {
				"north": {"uv": [2.25, 6.75, 2.5, 7], "rotation": 270, "texture": "#4"},
				"east": {"uv": [4.75, 8.5, 4.5, 4.5], "rotation": 90, "texture": "#4"},
				"south": {"uv": [6.75, 2.5, 7, 2.75], "rotation": 90, "texture": "#4"},
				"west": {"uv": [5, 4.5, 4.75, 8.5], "rotation": 90, "texture": "#4"},
				"up": {"uv": [4.5, 4.25, 8.5, 4.5], "rotation": 90, "texture": "#4"},
				"down": {"uv": [4.5, 4, 8.5, 4.25], "rotation": 90, "texture": "#4"}
			}
		},
		{
			"from": [8.25218, 9.50166, 1.98507],
			"to": [8.36911, 9.82438, 9.07274],
			"rotation": {"angle": 0, "axis": "y", "origin": [7.95986, 9.66302, 5.2679]},
			"faces": {
				"north": {"uv": [2.25, 6.75, 2.5, 7], "rotation": 270, "texture": "#4"},
				"east": {"uv": [4.75, 8.5, 4.5, 4.5], "rotation": 90, "texture": "#4"},
				"south": {"uv": [6.75, 2.5, 7, 2.75], "rotation": 90, "texture": "#4"},
				"west": {"uv": [5, 4.5, 4.75, 8.5], "rotation": 90, "texture": "#4"},
				"up": {"uv": [4.5, 4.25, 8.5, 4.5], "rotation": 90, "texture": "#4"},
				"down": {"uv": [4.5, 4, 8.5, 4.25], "rotation": 90, "texture": "#4"}
			}
		},
		{
			"from": [7.81819, 9.27346, 1.98507],
			"to": [8.14091, 9.39039, 9.07274],
			"rotation": {"angle": 0, "axis": "y", "origin": [7.97955, 9.33193, 8.06716]},
			"faces": {
				"north": {"uv": [2.25, 6.75, 2.5, 7], "texture": "#4"},
				"east": {"uv": [4.5, 4, 8.5, 4.25], "texture": "#4"},
				"south": {"uv": [6.75, 2.5, 7, 2.75], "texture": "#4"},
				"west": {"uv": [4.5, 4.25, 8.5, 4.5], "texture": "#4"},
				"up": {"uv": [4.75, 8.5, 4.5, 4.5], "texture": "#4"},
				"down": {"uv": [5, 4.5, 4.75, 8.5], "texture": "#4"}
			}
		},
		{
			"from": [7.81819, 9.93565, 1.98507],
			"to": [8.14091, 10.05258, 9.07274],
			"rotation": {"angle": 0, "axis": "y", "origin": [7.97955, 9.99412, 8.06716]},
			"faces": {
				"north": {"uv": [2.25, 6.75, 2.5, 7], "texture": "#4"},
				"east": {"uv": [4.5, 4, 8.5, 4.25], "texture": "#4"},
				"south": {"uv": [6.75, 2.5, 7, 2.75], "texture": "#4"},
				"west": {"uv": [4.5, 4.25, 8.5, 4.5], "texture": "#4"},
				"up": {"uv": [4.75, 8.5, 4.5, 4.5], "texture": "#4"},
				"down": {"uv": [5, 4.5, 4.75, 8.5], "texture": "#4"}
			}
		},
		{
			"from": [7.40326, 8.88718, 8.32485],
			"to": [8.54749, 10.2757, 8.71322],
			"rotation": {"angle": 0, "axis": "y", "origin": [7.97955, 9.05422, 7.65669]},
			"faces": {
				"north": {"uv": [3.25, 0, 3.75, 1.25], "texture": "#4"},
				"east": {"uv": [5, 1.5, 5.21875, 2.75], "texture": "#4"},
				"south": {"uv": [3.25, 2.75, 3.75, 4], "texture": "#4"},
				"west": {"uv": [2.25, 5, 2.46875, 6.25], "texture": "#4"},
				"up": {"uv": [5.75, 1.96875, 5.25, 1.75], "texture": "#4"},
				"down": {"uv": [5.75, 2, 5.25, 2.21875], "texture": "#4"}
			}
		},
		{
			"from": [7.77622, 8.7088, 8.32485],
			"to": [8.58246, 9.11596, 8.71322],
			"rotation": {"angle": 45, "axis": "z", "origin": [8.34964, 8.75578, 8.51904]},
			"faces": {
				"north": {"uv": [3.25, 0, 3.75, 1.25], "texture": "#4"},
				"east": {"uv": [5, 1.5, 5.21875, 2.75], "texture": "#4"},
				"south": {"uv": [3.25, 2.75, 3.75, 4], "texture": "#4"},
				"west": {"uv": [2.25, 5, 2.46875, 6.25], "texture": "#4"},
				"up": {"uv": [5.75, 1.96875, 5.25, 1.75], "texture": "#4"},
				"down": {"uv": [5.75, 2, 5.25, 2.21875], "texture": "#4"}
			}
		},
		{
			"from": [7.55412, 8.18236, 8.32485],
			"to": [7.96128, 8.98859, 8.71322],
			"rotation": {"angle": 45, "axis": "z", "origin": [7.6011, 8.75578, 8.51904]},
			"faces": {
				"north": {"uv": [3.25, 0, 3.75, 1.25], "rotation": 90, "texture": "#4"},
				"east": {"uv": [5.75, 2, 5.25, 2.21875], "rotation": 270, "texture": "#4"},
				"south": {"uv": [3.25, 2.75, 3.75, 4], "rotation": 270, "texture": "#4"},
				"west": {"uv": [5.75, 1.96875, 5.25, 1.75], "rotation": 270, "texture": "#4"},
				"up": {"uv": [5, 1.5, 5.21875, 2.75], "rotation": 270, "texture": "#4"},
				"down": {"uv": [2.25, 5, 2.46875, 6.25], "rotation": 270, "texture": "#4"}
			}
		},
		{
			"from": [7.5703, 8.18653, 10.66341],
			"to": [8.38045, 10.2757, 11.05178],
			"rotation": {"angle": 0, "axis": "y", "origin": [7.97955, 9.20038, 7.65669]},
			"faces": {
				"north": {"uv": [2.25, 2.75, 2.75, 4.03125], "texture": "#4"},
				"east": {"uv": [1, 4.75, 1.21875, 6.03125], "texture": "#4"},
				"south": {"uv": [2.75, 2.75, 3.25, 4.03125], "texture": "#4"},
				"west": {"uv": [4.75, 4.25, 4.96875, 5.53125], "texture": "#4"},
				"up": {"uv": [5.75, 2.46875, 5.25, 2.25], "texture": "#4"},
				"down": {"uv": [5.75, 2.5, 5.25, 2.71875], "texture": "#4"}
			}
		},
		{
			"from": [7.5703, 9.61382, 11.08331],
			"to": [8.38045, 10.28198, 11.47168],
			"rotation": {"angle": -22.5, "axis": "x", "origin": [7.97537, 9.22336, 11.27749]},
			"faces": {
				"north": {"uv": [4.5, 2.25, 5, 2.65625], "texture": "#4"},
				"east": {"uv": [4.5, 5, 4.71875, 5.40625], "texture": "#4"},
				"south": {"uv": [5, 0, 5.5, 0.40625], "texture": "#4"},
				"west": {"uv": [5.25, 3.75, 5.46875, 4.15625], "texture": "#4"},
				"up": {"uv": [5.75, 2.96875, 5.25, 2.75], "texture": "#4"},
				"down": {"uv": [3.5, 5.25, 3, 5.46875], "texture": "#4"}
			}
		},
		{
			"from": [7.82086, 9.48854, 11.40904],
			"to": [8.14659, 10.20681, 11.61366],
			"rotation": {"angle": -22.5, "axis": "x", "origin": [7.91273, 9.22336, 11.27749]},
			"faces": {
				"north": {"uv": [4, 5.25, 4.1875, 5.6875], "texture": "#7"},
				"east": {"uv": [5.5, 5.25, 5.625, 5.6875], "texture": "#7"},
				"south": {"uv": [5, 5.25, 5.1875, 5.6875], "texture": "#7"},
				"west": {"uv": [5.75, 0, 5.875, 0.4375], "texture": "#7"},
				"up": {"uv": [3.9375, 5.875, 3.75, 5.75], "texture": "#7"},
				"down": {"uv": [4.1875, 5.75, 4, 5.875], "texture": "#7"}
			}
		},
		{
			"from": [7.82086, 9.24379, 11.44544],
			"to": [8.14659, 9.96206, 11.54149],
			"rotation": {"angle": 22.5, "axis": "x", "origin": [7.98373, 10.11657, 11.80249]},
			"faces": {
				"north": {"uv": [5.25, 5.25, 5.4375, 5.6875], "texture": "#7"},
				"east": {"uv": [5.75, 3.25, 5.8125, 3.6875], "texture": "#7"},
				"south": {"uv": [5.5, 0, 5.6875, 0.4375], "texture": "#7"},
				"west": {"uv": [3.5, 5.75, 3.5625, 6.1875], "texture": "#7"},
				"up": {"uv": [3.4375, 6.0625, 3.25, 6], "texture": "#7"},
				"down": {"uv": [6.1875, 3.25, 6, 3.3125], "texture": "#7"}
			}
		},
		{
			"from": [7.82086, 9.97131, 11.65337],
			"to": [8.14659, 10.2344, 11.74942],
			"rotation": {"angle": 45, "axis": "x", "origin": [7.98373, 10.33044, 11.7014]},
			"faces": {
				"north": {"uv": [5.75, 2.75, 5.9375, 2.90625], "texture": "#7"},
				"east": {"uv": [4, 6.25, 4.0625, 6.40625], "texture": "#7"},
				"south": {"uv": [5.75, 3, 5.9375, 3.15625], "texture": "#7"},
				"west": {"uv": [4.25, 6.25, 4.3125, 6.40625], "texture": "#7"},
				"up": {"uv": [6.1875, 3.5625, 6, 3.5], "texture": "#7"},
				"down": {"uv": [3.9375, 6, 3.75, 6.0625], "texture": "#7"}
			}
		},
		{
			"from": [7.5703, 9.49021, 10.87329],
			"to": [8.38045, 9.74494, 11.51639],
			"rotation": {"angle": -45, "axis": "x", "origin": [7.97537, 9.41086, 11.32221]},
			"faces": {
				"north": {"uv": [0.25, 5.5, 0.75, 5.65625], "texture": "#4"},
				"east": {"uv": [3.5, 5.5, 3.875, 5.65625], "texture": "#4"},
				"south": {"uv": [5.5, 0.5, 6, 0.65625], "texture": "#4"},
				"west": {"uv": [4.25, 5.5, 4.625, 5.65625], "texture": "#4"},
				"up": {"uv": [5.5, 0.875, 5, 0.5], "texture": "#4"},
				"down": {"uv": [3, 5, 2.5, 5.375], "texture": "#4"}
			}
		},
		{
			"from": [7.5703, 8.54678, 11.1138],
			"to": [8.38045, 9.64925, 12.58097],
			"rotation": {"angle": 22.5, "axis": "x", "origin": [7.97537, 9.49265, 11.66503]},
			"faces": {
				"north": {"uv": [4.5, 1.5, 5, 2.125], "texture": "#4"},
				"east": {"uv": [2.25, 4.25, 3.03125, 4.875], "texture": "#4"},
				"south": {"uv": [4.75, 3.5, 5.25, 4.125], "texture": "#4"},
				"west": {"uv": [4.25, 2.75, 5.03125, 3.375], "texture": "#4"},
				"up": {"uv": [5, 0.78125, 4.5, 0], "texture": "#4"},
				"down": {"uv": [0.75, 4.5, 0.25, 5.28125], "texture": "#4"}
			}
		},
		{
			"from": [7.49722, 10.15669, 8.71322],
			"to": [8.45353, 10.2757, 10.73023],
			"rotation": {"angle": 0, "axis": "y", "origin": [7.97955, 9.20038, 8.04506]},
			"faces": {
				"north": {"uv": [2.5, 5.75, 3, 5.8125], "texture": "#4"},
				"east": {"uv": [5.5, 3.75, 6.71875, 3.8125], "texture": "#4"},
				"south": {"uv": [5.75, 2.5, 6.25, 2.5625], "texture": "#4"},
				"west": {"uv": [5.5, 4, 6.71875, 4.0625], "texture": "#4"},
				"up": {"uv": [4.25, 3.96875, 3.75, 2.75], "texture": "#4"},
				"down": {"uv": [4.5, 1, 4, 2.21875], "texture": "#4"}
			}
		},
		{
			"from": [7.5703, 8.1877, 8.71322],
			"to": [8.38045, 8.46958, 10.68429],
			"rotation": {"angle": 0, "axis": "y", "origin": [7.90647, 10.37802, 8.04506]},
			"faces": {
				"north": {"uv": [5.5, 0.75, 6, 0.90625], "texture": "#4"},
				"east": {"uv": [5, 4.25, 6.1875, 4.40625], "texture": "#4"},
				"south": {"uv": [2.5, 5.5, 3, 5.65625], "texture": "#4"},
				"west": {"uv": [5, 4.5, 6.1875, 4.65625], "texture": "#4"},
				"up": {"uv": [3.75, 5.1875, 3.25, 4], "texture": "#4"},
				"down": {"uv": [4.25, 4, 3.75, 5.1875], "texture": "#4"}
			}
		},
		{
			"from": [7.80833, 10.13456, 2.01991],
			"to": [8.17582, 10.27237, 8.4426],
			"rotation": {"angle": 0, "axis": "y", "origin": [7.99625, 9.56871, 7.16057]},
			"faces": {
				"north": {"uv": [4.75, 5.75, 4.96875, 5.84375], "texture": "#4"},
				"east": {"uv": [4.5, 1, 8.34375, 1.09375], "texture": "#4"},
				"south": {"uv": [5, 5.75, 5.21875, 5.84375], "texture": "#4"},
				"west": {"uv": [4.5, 1.25, 8.34375, 1.34375], "texture": "#4"},
				"up": {"uv": [1.46875, 6.59375, 1.25, 2.75], "texture": "#4"},
				"down": {"uv": [1.71875, 2.75, 1.5, 6.59375], "texture": "#4"}
			}
		},
		{
			"from": [7.80833, 10.13456, 2.01991],
			"to": [8.17582, 10.27237, 8.4426],
			"rotation": {"angle": 0, "axis": "y", "origin": [7.99625, 9.56871, 7.16057]},
			"faces": {
				"north": {"uv": [4.75, 5.75, 4.96875, 5.84375], "texture": "#4"},
				"east": {"uv": [4.5, 1, 8.34375, 1.09375], "texture": "#4"},
				"south": {"uv": [5, 5.75, 5.21875, 5.84375], "texture": "#4"},
				"west": {"uv": [4.5, 1.25, 8.34375, 1.34375], "texture": "#4"},
				"up": {"uv": [1.46875, 6.59375, 1.25, 2.75], "texture": "#4"},
				"down": {"uv": [1.71875, 2.75, 1.5, 6.59375], "texture": "#4"}
			}
		},
		{
			"from": [7.88768, 10.05438, 8.12441],
			"to": [8.06725, 10.25482, 8.34991],
			"rotation": {"angle": 0, "axis": "y", "origin": [7.97955, 9.20038, 7.65669]},
			"faces": {
				"north": {"uv": [4, 6, 4.09375, 6.125], "texture": "#4"},
				"east": {"uv": [5.25, 5.75, 5.375, 5.875], "texture": "#4"},
				"south": {"uv": [4.25, 6, 4.34375, 6.125], "texture": "#4"},
				"west": {"uv": [5.75, 5.25, 5.875, 5.375], "texture": "#4"},
				"up": {"uv": [4.59375, 6.125, 4.5, 6], "texture": "#4"},
				"down": {"uv": [4.84375, 6, 4.75, 6.125], "texture": "#4"}
			}
		},
		{
			"from": [7.88768, 10.05438, 7.28921],
			"to": [8.06725, 10.25482, 7.51471],
			"rotation": {"angle": 0, "axis": "y", "origin": [7.97955, 9.20038, 6.82149]},
			"faces": {
				"north": {"uv": [4, 6, 4.09375, 6.125], "texture": "#4"},
				"east": {"uv": [5.25, 5.75, 5.375, 5.875], "texture": "#4"},
				"south": {"uv": [4.25, 6, 4.34375, 6.125], "texture": "#4"},
				"west": {"uv": [5.75, 5.25, 5.875, 5.375], "texture": "#4"},
				"up": {"uv": [4.59375, 6.125, 4.5, 6], "texture": "#4"},
				"down": {"uv": [4.84375, 6, 4.75, 6.125], "texture": "#4"}
			}
		},
		{
			"from": [7.88768, 10.05438, 6.45401],
			"to": [8.06725, 10.25482, 6.67951],
			"rotation": {"angle": 0, "axis": "y", "origin": [7.97955, 9.20038, 5.98629]},
			"faces": {
				"north": {"uv": [4, 6, 4.09375, 6.125], "texture": "#4"},
				"east": {"uv": [5.25, 5.75, 5.375, 5.875], "texture": "#4"},
				"south": {"uv": [4.25, 6, 4.34375, 6.125], "texture": "#4"},
				"west": {"uv": [5.75, 5.25, 5.875, 5.375], "texture": "#4"},
				"up": {"uv": [4.59375, 6.125, 4.5, 6], "texture": "#4"},
				"down": {"uv": [4.84375, 6, 4.75, 6.125], "texture": "#4"}
			}
		},
		{
			"from": [7.88768, 10.05438, 5.61881],
			"to": [8.06725, 10.25482, 5.84431],
			"rotation": {"angle": 0, "axis": "y", "origin": [7.97955, 9.20038, 5.15109]},
			"faces": {
				"north": {"uv": [4, 6, 4.09375, 6.125], "texture": "#4"},
				"east": {"uv": [5.25, 5.75, 5.375, 5.875], "texture": "#4"},
				"south": {"uv": [4.25, 6, 4.34375, 6.125], "texture": "#4"},
				"west": {"uv": [5.75, 5.25, 5.875, 5.375], "texture": "#4"},
				"up": {"uv": [4.59375, 6.125, 4.5, 6], "texture": "#4"},
				"down": {"uv": [4.84375, 6, 4.75, 6.125], "texture": "#4"}
			}
		},
		{
			"from": [7.88768, 10.05438, 4.78361],
			"to": [8.06725, 10.25482, 5.00911],
			"rotation": {"angle": 0, "axis": "y", "origin": [7.97955, 9.20038, 4.31589]},
			"faces": {
				"north": {"uv": [4, 6, 4.09375, 6.125], "texture": "#4"},
				"east": {"uv": [5.25, 5.75, 5.375, 5.875], "texture": "#4"},
				"south": {"uv": [4.25, 6, 4.34375, 6.125], "texture": "#4"},
				"west": {"uv": [5.75, 5.25, 5.875, 5.375], "texture": "#4"},
				"up": {"uv": [4.59375, 6.125, 4.5, 6], "texture": "#4"},
				"down": {"uv": [4.84375, 6, 4.75, 6.125], "texture": "#4"}
			}
		},
		{
			"from": [7.88768, 10.05438, 3.94841],
			"to": [8.06725, 10.25482, 4.17391],
			"rotation": {"angle": 0, "axis": "y", "origin": [7.97955, 9.20038, 3.48069]},
			"faces": {
				"north": {"uv": [4, 6, 4.09375, 6.125], "texture": "#4"},
				"east": {"uv": [5.25, 5.75, 5.375, 5.875], "texture": "#4"},
				"south": {"uv": [4.25, 6, 4.34375, 6.125], "texture": "#4"},
				"west": {"uv": [5.75, 5.25, 5.875, 5.375], "texture": "#4"},
				"up": {"uv": [4.59375, 6.125, 4.5, 6], "texture": "#4"},
				"down": {"uv": [4.84375, 6, 4.75, 6.125], "texture": "#4"}
			}
		},
		{
			"from": [7.88768, 10.05438, 3.11321],
			"to": [8.06725, 10.25482, 3.33871],
			"rotation": {"angle": 0, "axis": "y", "origin": [7.97955, 9.20038, 2.64549]},
			"faces": {
				"north": {"uv": [4, 6, 4.09375, 6.125], "texture": "#4"},
				"east": {"uv": [5.25, 5.75, 5.375, 5.875], "texture": "#4"},
				"south": {"uv": [4.25, 6, 4.34375, 6.125], "texture": "#4"},
				"west": {"uv": [5.75, 5.25, 5.875, 5.375], "texture": "#4"},
				"up": {"uv": [4.59375, 6.125, 4.5, 6], "texture": "#4"},
				"down": {"uv": [4.84375, 6, 4.75, 6.125], "texture": "#4"}
			}
		},
		{
			"from": [7.88768, 10.05438, 2.02745],
			"to": [8.06725, 10.25482, 2.50351],
			"rotation": {"angle": 0, "axis": "y", "origin": [7.97955, 9.20038, 1.81029]},
			"faces": {
				"north": {"uv": [4, 6, 4.09375, 6.125], "texture": "#4"},
				"east": {"uv": [5.25, 5.75, 5.375, 5.875], "texture": "#4"},
				"south": {"uv": [4.25, 6, 4.34375, 6.125], "texture": "#4"},
				"west": {"uv": [5.75, 5.25, 5.875, 5.375], "texture": "#4"},
				"up": {"uv": [4.59375, 6.125, 4.5, 6], "texture": "#4"},
				"down": {"uv": [4.84375, 6, 4.75, 6.125], "texture": "#4"}
			}
		},
		{
			"from": [7.63503, 9.05559, 5.98502],
			"to": [7.73943, 9.15999, 8.47392],
			"rotation": {"angle": 0, "axis": "y", "origin": [7.94405, 9.71748, 7.19189]},
			"faces": {
				"north": {"uv": [4.25, 5.75, 4.46875, 5.84375], "texture": "#4"},
				"east": {"uv": [5, 4.75, 6.5, 4.84375], "texture": "#4"},
				"south": {"uv": [4.5, 5.75, 4.71875, 5.84375], "texture": "#4"},
				"west": {"uv": [5, 5, 6.5, 5.09375], "texture": "#4"},
				"up": {"uv": [4.71875, 5, 4.5, 3.5], "texture": "#4"},
				"down": {"uv": [0.96875, 4.75, 0.75, 6.25], "texture": "#4"}
			}
		},
		{
			"from": [7.88829, 9.16399, 2.24935],
			"to": [8.0783, 9.28927, 8.58016],
			"rotation": {"angle": 0, "axis": "y", "origin": [7.98643, 9.68599, 7.29813]},
			"faces": {
				"north": {"uv": [0.25, 5.75, 0.46875, 6], "texture": "#4"},
				"east": {"uv": [0.75, 2.25, 4.40625, 2.5], "texture": "#4"},
				"south": {"uv": [0.5, 5.75, 0.71875, 6], "texture": "#4"},
				"west": {"uv": [0.75, 2.5, 4.40625, 2.75], "texture": "#4"},
				"up": {"uv": [1.96875, 6.40625, 1.75, 2.75], "texture": "#4"},
				"down": {"uv": [2.21875, 2.75, 2, 6.40625], "texture": "#4"}
			}
		},
		{
			"from": [7.88829, 9.1835, 1.99469],
			"to": [8.0783, 9.29443, 2.28074],
			"rotation": {"angle": 22.5, "axis": "x", "origin": [8.0094, 9.25267, 2.21602]},
			"faces": {
				"north": {"uv": [0.25, 5.75, 0.46875, 6], "texture": "#4"},
				"east": {"uv": [0.75, 2.25, 4.40625, 2.5], "texture": "#4"},
				"south": {"uv": [0.5, 5.75, 0.71875, 6], "texture": "#4"},
				"west": {"uv": [0.75, 2.5, 4.40625, 2.75], "texture": "#4"},
				"up": {"uv": [1.96875, 6.40625, 1.75, 2.75], "texture": "#4"},
				"down": {"uv": [2.21875, 2.75, 2, 6.40625], "texture": "#4"}
			}
		},
		{
			"from": [7.64504, 9.72742, 8.74663],
			"to": [8.30902, 10.07821, 10.65924],
			"rotation": {"angle": 0, "axis": "y", "origin": [5.85771, 11.14935, 8.07847]},
			"faces": {
				"north": {"uv": [0, 2.5, 1, 3], "texture": "#7"},
				"east": {"uv": [5.5, 2, 8, 2.5], "texture": "#7"},
				"south": {"uv": [1, 2.5, 2, 3], "texture": "#7"},
				"west": {"uv": [5.5, 2.5, 8, 3], "texture": "#7"},
				"up": {"uv": [1, 2.5, 0, 0], "texture": "#7"},
				"down": {"uv": [2, 0, 1, 2.5], "texture": "#7"}
			}
		},
		{
			"from": [8.17559, 9.46274, 8.74663],
			"to": [8.56396, 10.12672, 10.65924],
			"rotation": {"angle": 45, "axis": "z", "origin": [8.49506, 9.79473, 9.96811]},
			"faces": {
				"north": {"uv": [2, 4, 2.5, 5], "texture": "#7"},
				"east": {"uv": [2, 0, 4.5, 1], "texture": "#7"},
				"south": {"uv": [6.5, 6.5, 7, 7.5], "texture": "#7"},
				"west": {"uv": [2, 1, 4.5, 2], "texture": "#7"},
				"up": {"uv": [5, 8.5, 4.5, 6], "texture": "#7"},
				"down": {"uv": [5.5, 6, 5, 8.5], "texture": "#7"}
			}
		},
		{
			"from": [8.3317, 8.94472, 8.74663],
			"to": [8.77853, 9.6087, 10.65924],
			"rotation": {"angle": 0, "axis": "y", "origin": [8.70963, 9.27671, 9.96811]},
			"faces": {
				"north": {"uv": [0, 7, 0.5, 8], "texture": "#7"},
				"east": {"uv": [2, 2, 4.5, 3], "texture": "#7"},
				"south": {"uv": [0.5, 7, 1, 8], "texture": "#7"},
				"west": {"uv": [0, 3, 2.5, 4], "texture": "#7"},
				"up": {"uv": [6, 8.5, 5.5, 6], "texture": "#7"},
				"down": {"uv": [6.5, 6, 6, 8.5], "texture": "#7"}
			}
		},
		{
			"from": [8.16306, 8.68978, 8.74663],
			"to": [8.82705, 9.06144, 10.65924],
			"rotation": {"angle": 45, "axis": "z", "origin": [8.49506, 8.75868, 9.96811]},
			"faces": {
				"north": {"uv": [1, 7, 2, 7.5], "texture": "#7"},
				"east": {"uv": [5.5, 3, 8, 3.5], "texture": "#7"},
				"south": {"uv": [7, 5, 8, 5.5], "texture": "#7"},
				"west": {"uv": [5.5, 3.5, 8, 4], "texture": "#7"},
				"up": {"uv": [3.5, 5.5, 2.5, 3], "texture": "#7"},
				"down": {"uv": [4.5, 3, 3.5, 5.5], "texture": "#7"}
			}
		},
		{
			"from": [7.64504, 8.47521, 8.74663],
			"to": [8.30902, 8.69654, 10.65924],
			"rotation": {"angle": 0, "axis": "y", "origin": [5.85771, 10.33979, 8.07847]},
			"faces": {
				"north": {"uv": [7, 5.5, 8, 6], "texture": "#7"},
				"east": {"uv": [5.5, 4, 8, 4.5], "texture": "#7"},
				"south": {"uv": [7, 6.5, 8, 7], "texture": "#7"},
				"west": {"uv": [5.5, 4.5, 8, 5], "texture": "#7"},
				"up": {"uv": [1, 6.5, 0, 4], "texture": "#7"},
				"down": {"uv": [2, 4, 1, 6.5], "texture": "#7"}
			}
		},
		{
			"from": [7.12702, 8.68978, 8.74663],
			"to": [7.791, 9.11991, 10.65924],
			"rotation": {"angle": -45, "axis": "z", "origin": [7.45901, 8.75868, 9.96811]},
			"faces": {
				"north": {"uv": [7, 7, 8, 7.5], "texture": "#7"},
				"east": {"uv": [0, 6.5, 2.5, 7], "texture": "#7"},
				"south": {"uv": [1, 7.5, 2, 8], "texture": "#7"},
				"west": {"uv": [6.5, 6, 9, 6.5], "texture": "#7"},
				"up": {"uv": [5.5, 2.5, 4.5, 0], "texture": "#7"},
				"down": {"uv": [5.5, 2.5, 4.5, 5], "texture": "#7"}
			}
		},
		{
			"from": [7.17553, 8.94472, 8.74663],
			"to": [7.71424, 9.6087, 10.65924],
			"rotation": {"angle": 0, "axis": "y", "origin": [8.10887, 9.27671, 9.96811]},
			"faces": {
				"north": {"uv": [2, 7, 2.5, 8], "texture": "#7"},
				"east": {"uv": [4.5, 5, 7, 6], "texture": "#7"},
				"south": {"uv": [6.5, 7.5, 7, 8.5], "texture": "#7"},
				"west": {"uv": [5.5, 0, 8, 1], "texture": "#7"},
				"up": {"uv": [3, 9, 2.5, 6.5], "texture": "#7"},
				"down": {"uv": [3.5, 6.5, 3, 9], "texture": "#7"}
			}
		},
		{
			"from": [7.3901, 9.46274, 8.74663],
			"to": [7.86199, 10.12672, 10.65924],
			"rotation": {"angle": -45, "axis": "z", "origin": [7.45901, 9.79473, 9.96811]},
			"faces": {
				"north": {"uv": [7, 7.5, 7.5, 8.5], "texture": "#7"},
				"east": {"uv": [5.5, 1, 8, 2], "texture": "#7"},
				"south": {"uv": [7.5, 7.5, 8, 8.5], "texture": "#7"},
				"west": {"uv": [2, 5.5, 4.5, 6.5], "texture": "#7"},
				"up": {"uv": [4, 9, 3.5, 6.5], "texture": "#7"},
				"down": {"uv": [4.5, 6.5, 4, 9], "texture": "#7"}
			}
		},
		{
			"from": [7.5703, 7.18546, 10.01613],
			"to": [8.38045, 7.28986, 11.15618],
			"rotation": {"angle": 0, "axis": "y", "origin": [7.97955, 10.36549, 8.04506]},
			"faces": {
				"north": {"uv": [0, 4, 2, 5], "texture": "#4"},
				"east": {"uv": [0, 3, 3, 4], "texture": "#4"},
				"south": {"uv": [4, 0, 6, 1], "texture": "#4"},
				"west": {"uv": [3, 3, 6, 4], "texture": "#4"},
				"up": {"uv": [2, 3, 0, 0], "texture": "#4"},
				"down": {"uv": [4, 0, 2, 3], "texture": "#4"}
			}
		},
		{
			"from": [7.5703, 7.0393, 11.10189],
			"to": [8.38045, 7.15551, 11.31487],
			"rotation": {"angle": -22.5, "axis": "x", "origin": [7.97537, 7.23766, 10.76364]},
			"faces": {
				"north": {"uv": [4, 1, 6, 2], "texture": "#4"},
				"east": {"uv": [10, 3, 11, 4], "texture": "#4"},
				"south": {"uv": [2, 4, 4, 5], "texture": "#4"},
				"west": {"uv": [4, 10, 5, 11], "texture": "#4"},
				"up": {"uv": [6, 3, 4, 2], "texture": "#4"},
				"down": {"uv": [6, 4, 4, 5], "texture": "#4"}
			}
		},
		{
			"from": [7.5703, 7.16106, 11.19309],
			"to": [8.38045, 7.28217, 11.40607],
			"rotation": {"angle": -45, "axis": "x", "origin": [7.97537, 7.40118, 11.14507]},
			"faces": {
				"north": {"uv": [0, 5, 2, 6], "texture": "#4"},
				"east": {"uv": [10, 4, 11, 5], "texture": "#4"},
				"south": {"uv": [2, 5, 4, 6], "texture": "#4"},
				"west": {"uv": [5, 10, 6, 11], "texture": "#4"},
				"up": {"uv": [6, 6, 4, 5], "texture": "#4"},
				"down": {"uv": [2, 6, 0, 7], "texture": "#4"}
			}
		},
		{
			"from": [7.5703, 7.50612, 11.43861],
			"to": [8.38045, 7.76086, 11.55972],
			"rotation": {"angle": 22.5, "axis": "x", "origin": [7.97537, 7.61261, 11.30289]},
			"faces": {
				"north": {"uv": [6, 0, 8, 1], "texture": "#4"},
				"east": {"uv": [10, 5, 11, 6], "texture": "#4"},
				"south": {"uv": [6, 1, 8, 2], "texture": "#4"},
				"west": {"uv": [6, 10, 7, 11], "texture": "#4"},
				"up": {"uv": [4, 7, 2, 6], "texture": "#4"},
				"down": {"uv": [8, 2, 6, 3], "texture": "#4"}
			}
		},
		{
			"from": [7.5703, 7.32797, 9.31952],
			"to": [8.38045, 7.54095, 9.44063],
			"rotation": {"angle": 22.5, "axis": "x", "origin": [7.97537, 7.52216, 11.16323]},
			"faces": {
				"north": {"uv": [6, 3, 8, 4], "texture": "#4"},
				"east": {"uv": [10, 6, 11, 7], "texture": "#4"},
				"south": {"uv": [4, 6, 6, 7], "texture": "#4"},
				"west": {"uv": [7, 10, 8, 11], "texture": "#4"},
				"up": {"uv": [8, 5, 6, 4], "texture": "#4"},
				"down": {"uv": [8, 5, 6, 6], "texture": "#4"}
			}
		},
		{
			"from": [7.5703, 7.91236, 9.42802],
			"to": [8.38045, 8.12533, 9.54912],
			"rotation": {"angle": 45, "axis": "x", "origin": [7.97537, 8.01884, 9.73495]},
			"faces": {
				"north": {"uv": [6, 6, 8, 7], "texture": "#4"},
				"east": {"uv": [10, 7, 11, 8], "texture": "#4"},
				"south": {"uv": [0, 7, 2, 8], "texture": "#4"},
				"west": {"uv": [8, 10, 9, 11], "texture": "#4"},
				"up": {"uv": [4, 8, 2, 7], "texture": "#4"},
				"down": {"uv": [6, 7, 4, 8], "texture": "#4"}
			}
		},
		{
			"from": [7.5703, 7.13134, 11.28652],
			"to": [8.38045, 8.36678, 12.6813],
			"rotation": {"angle": -45, "axis": "x", "origin": [7.97537, 7.62763, 10.90859]},
			"faces": {
				"north": {"uv": [6, 7, 8, 8], "texture": "#4"},
				"east": {"uv": [10, 8, 11, 9], "texture": "#4"},
				"south": {"uv": [0, 8, 2, 9], "texture": "#4"},
				"west": {"uv": [9, 10, 10, 11], "texture": "#4"},
				"up": {"uv": [10, 1, 8, 0], "texture": "#4"},
				"down": {"uv": [10, 1, 8, 2], "texture": "#4"}
			}
		},
		{
			"from": [7.5703, 7.40077, 9.49635],
			"to": [8.38045, 7.50517, 9.80955],
			"rotation": {"angle": 45, "axis": "x", "origin": [7.97537, 7.45297, 9.65295]},
			"faces": {
				"north": {"uv": [8, 4, 10, 5], "texture": "#4"},
				"east": {"uv": [0, 11, 1, 12], "texture": "#4"},
				"south": {"uv": [8, 5, 10, 6], "texture": "#4"},
				"west": {"uv": [1, 11, 2, 12], "texture": "#4"},
				"up": {"uv": [8, 9, 6, 8], "texture": "#4"},
				"down": {"uv": [10, 6, 8, 7], "texture": "#4"}
			}
		},
		{
			"from": [7.5703, 7.46755, 9.77981],
			"to": [8.38045, 7.57195, 10.09301],
			"rotation": {"angle": 22.5, "axis": "x", "origin": [7.97537, 7.51975, 9.34551]},
			"faces": {
				"north": {"uv": [8, 7, 10, 8], "texture": "#4"},
				"east": {"uv": [2, 11, 3, 12], "texture": "#4"},
				"south": {"uv": [8, 8, 10, 9], "texture": "#4"},
				"west": {"uv": [3, 11, 4, 12], "texture": "#4"},
				"up": {"uv": [2, 10, 0, 9], "texture": "#4"},
				"down": {"uv": [4, 9, 2, 10], "texture": "#4"}
			}
		},
		{
			"from": [7.5703, 7.81614, 9.38545],
			"to": [8.38045, 8.29221, 9.48985],
			"rotation": {"angle": 0, "axis": "y", "origin": [7.97537, 7.97274, 9.43765]},
			"faces": {
				"north": {"uv": [4, 9, 6, 10], "texture": "#4"},
				"east": {"uv": [11, 3, 12, 4], "texture": "#4"},
				"south": {"uv": [6, 9, 8, 10], "texture": "#4"},
				"west": {"uv": [4, 11, 5, 12], "texture": "#4"},
				"up": {"uv": [10, 10, 8, 9], "texture": "#4"},
				"down": {"uv": [2, 10, 0, 11], "texture": "#4"}
			}
		},
		{
			"from": [7.5703, 7.53484, 9.44141],
			"to": [8.38045, 7.84804, 9.54581],
			"rotation": {"angle": -22.5, "axis": "x", "origin": [7.97537, 7.69144, 9.49361]},
			"faces": {
				"north": {"uv": [10, 0, 12, 1], "texture": "#4"},
				"east": {"uv": [11, 10, 12, 11], "texture": "#4"},
				"south": {"uv": [10, 1, 12, 2], "texture": "#4"},
				"west": {"uv": [11, 11, 12, 12], "texture": "#4"},
				"up": {"uv": [4, 11, 2, 10], "texture": "#4"},
				"down": {"uv": [12, 2, 10, 3], "texture": "#4"}
			}
		},
		{
			"from": [7.85427, 7.81614, 10.73639],
			"to": [8.04637, 8.29221, 10.84079],
			"rotation": {"angle": 0, "axis": "y", "origin": [7.97537, 7.97274, 9.80305]},
			"faces": {
				"north": {"uv": [11, 4, 12, 5], "texture": "#5"},
				"east": {"uv": [5, 11, 6, 12], "texture": "#5"},
				"south": {"uv": [11, 5, 12, 6], "texture": "#5"},
				"west": {"uv": [6, 11, 7, 12], "texture": "#5"},
				"up": {"uv": [12, 7, 11, 6], "texture": "#5"},
				"down": {"uv": [8, 11, 7, 12], "texture": "#5"}
			}
		},
		{
			"from": [7.85427, 7.37818, 10.64927],
			"to": [8.04637, 7.85424, 10.75367],
			"rotation": {"angle": 22.5, "axis": "x", "origin": [7.95032, 7.61621, 10.70147]},
			"faces": {
				"north": {"uv": [11, 7, 12, 8], "texture": "#5"},
				"east": {"uv": [8, 11, 9, 12], "texture": "#5"},
				"south": {"uv": [11, 8, 12, 9], "texture": "#5"},
				"west": {"uv": [9, 11, 10, 12], "texture": "#5"},
				"up": {"uv": [12, 10, 11, 9], "texture": "#5"},
				"down": {"uv": [11, 11, 10, 12], "texture": "#5"}
			}
		},
		{
			"from": [7.5703, 8.18084, 10.69845],
			"to": [8.38045, 8.30195, 10.91143],
			"rotation": {"angle": 22.5, "axis": "x", "origin": [7.97537, 7.99084, 10.77571]},
			"faces": {
				"north": {"uv": [2, 8, 4, 9], "texture": "#4"},
				"east": {"uv": [10, 9, 11, 10], "texture": "#4"},
				"south": {"uv": [8, 2, 10, 3], "texture": "#4"},
				"west": {"uv": [10, 10, 11, 11], "texture": "#4"},
				"up": {"uv": [10, 4, 8, 3], "texture": "#4"},
				"down": {"uv": [6, 8, 4, 9], "texture": "#4"}
			}
		},
		{
			"from": [7.56195, 6.73867, 11.83568],
			"to": [8.39715, 6.86395, 11.96096],
			"rotation": {"angle": 0, "axis": "y", "origin": [7.97211, 6.80131, 11.89832]},
			"faces": {
				"north": {"uv": [6, 0, 8, 1], "texture": "#2"},
				"east": {"uv": [10, 5, 11, 6], "texture": "#2"},
				"south": {"uv": [6, 1, 8, 2], "texture": "#2"},
				"west": {"uv": [6, 10, 7, 11], "texture": "#2"},
				"up": {"uv": [4, 7, 2, 6], "texture": "#2"},
				"down": {"uv": [8, 2, 6, 3], "texture": "#2"}
			}
		},
		{
			"from": [7.56195, 6.71947, 11.93222],
			"to": [8.39715, 8.47339, 12.0575],
			"rotation": {"angle": 22.5, "axis": "x", "origin": [7.97211, 6.78211, 11.99486]},
			"faces": {
				"north": {"uv": [6, 0, 8, 1], "texture": "#2"},
				"east": {"uv": [10, 5, 11, 6], "texture": "#2"},
				"south": {"uv": [6, 1, 8, 2], "texture": "#2"},
				"west": {"uv": [6, 10, 7, 11], "texture": "#2"},
				"up": {"uv": [4, 7, 2, 6], "texture": "#2"},
				"down": {"uv": [8, 2, 6, 3], "texture": "#2"}
			}
		},
		{
			"from": [7.56195, 6.58294, 12.06875],
			"to": [8.39715, 6.70822, 13.38419],
			"rotation": {"angle": -22.5, "axis": "x", "origin": [7.97211, 6.64558, 12.13139]},
			"faces": {
				"north": {"uv": [8, 2, 6, 3], "rotation": 180, "texture": "#2"},
				"east": {"uv": [10, 5, 11, 6], "rotation": 270, "texture": "#2"},
				"south": {"uv": [4, 7, 2, 6], "texture": "#2"},
				"west": {"uv": [6, 10, 7, 11], "rotation": 90, "texture": "#2"},
				"up": {"uv": [6, 0, 8, 1], "rotation": 180, "texture": "#2"},
				"down": {"uv": [6, 1, 8, 2], "texture": "#2"}
			}
		},
		{
			"from": [7.56195, 6.36112, 12.08795],
			"to": [8.39715, 6.61168, 13.23635],
			"rotation": {"angle": 0, "axis": "y", "origin": [7.97211, 6.54904, 12.15059]},
			"faces": {
				"north": {"uv": [8, 2, 6, 3], "rotation": 180, "texture": "#2"},
				"east": {"uv": [10, 5, 11, 6], "rotation": 270, "texture": "#2"},
				"south": {"uv": [4, 7, 2, 6], "texture": "#2"},
				"west": {"uv": [6, 10, 7, 11], "rotation": 90, "texture": "#2"},
				"up": {"uv": [6, 0, 8, 1], "rotation": 180, "texture": "#2"},
				"down": {"uv": [6, 1, 8, 2], "texture": "#2"}
			}
		},
		{
			"from": [7.56195, 6.66478, 12.01406],
			"to": [8.39715, 7.98022, 12.13934],
			"rotation": {"angle": 45, "axis": "x", "origin": [7.97211, 6.72742, 12.0767]},
			"faces": {
				"north": {"uv": [6, 0, 8, 1], "texture": "#2"},
				"east": {"uv": [10, 5, 11, 6], "texture": "#2"},
				"south": {"uv": [6, 1, 8, 2], "texture": "#2"},
				"west": {"uv": [6, 10, 7, 11], "texture": "#2"},
				"up": {"uv": [4, 7, 2, 6], "texture": "#2"},
				"down": {"uv": [8, 2, 6, 3], "texture": "#2"}
			}
		},
		{
			"from": [7.56195, 6.73867, 11.83568],
			"to": [8.39715, 6.98923, 13.33904],
			"rotation": {"angle": 0, "axis": "y", "origin": [7.97211, 6.92659, 11.48072]},
			"faces": {
				"north": {"uv": [6, 0, 8, 1], "texture": "#2"},
				"east": {"uv": [10, 5, 11, 6], "texture": "#2"},
				"south": {"uv": [6, 1, 8, 2], "texture": "#2"},
				"west": {"uv": [6, 10, 7, 11], "texture": "#2"},
				"up": {"uv": [4, 7, 2, 6], "texture": "#2"},
				"down": {"uv": [8, 2, 6, 3], "texture": "#2"}
			}
		},
		{
			"from": [7.56195, 7.19871, 11.16265],
			"to": [8.39715, 7.32144, 11.40695],
			"rotation": {"angle": -22.5, "axis": "x", "origin": [7.97211, 7.19743, 11.29002]},
			"faces": {
				"north": {"uv": [8, 2, 6, 3], "rotation": 180, "texture": "#2"},
				"east": {"uv": [10, 5, 11, 6], "rotation": 270, "texture": "#2"},
				"south": {"uv": [4, 7, 2, 6], "texture": "#2"},
				"west": {"uv": [6, 10, 7, 11], "rotation": 90, "texture": "#2"},
				"up": {"uv": [6, 0, 8, 1], "rotation": 180, "texture": "#2"},
				"down": {"uv": [6, 1, 8, 2], "texture": "#2"}
			}
		},
		{
			"from": [7.56195, 7.20601, 11.35384],
			"to": [8.39715, 7.4503, 11.47657],
			"rotation": {"angle": 45, "axis": "x", "origin": [7.97211, 7.32293, 11.47785]},
			"faces": {
				"north": {"uv": [6, 0, 8, 1], "texture": "#2"},
				"east": {"uv": [10, 5, 11, 6], "texture": "#2"},
				"south": {"uv": [6, 1, 8, 2], "texture": "#2"},
				"west": {"uv": [6, 10, 7, 11], "texture": "#2"},
				"up": {"uv": [4, 7, 2, 6], "texture": "#2"},
				"down": {"uv": [8, 2, 6, 3], "texture": "#2"}
			}
		},
		{
			"from": [7.56195, 7.1324, 11.54198],
			"to": [8.39715, 7.35582, 11.66471],
			"rotation": {"angle": -22.5, "axis": "x", "origin": [7.97211, 7.22845, 11.60335]},
			"faces": {
				"north": {"uv": [6, 0, 8, 1], "texture": "#2"},
				"east": {"uv": [10, 5, 11, 6], "texture": "#2"},
				"south": {"uv": [6, 1, 8, 2], "texture": "#2"},
				"west": {"uv": [6, 10, 7, 11], "texture": "#2"},
				"up": {"uv": [4, 7, 2, 6], "texture": "#2"},
				"down": {"uv": [8, 2, 6, 3], "texture": "#2"}
			}
		},
		{
			"from": [7.56195, 7.43464, 11.454],
			"to": [8.39715, 8.02346, 12.32842],
			"rotation": {"angle": 22.5, "axis": "x", "origin": [7.97537, 7.61421, 11.29903]},
			"faces": {
				"north": {"uv": [6, 0, 8, 1], "texture": "#2"},
				"east": {"uv": [10, 5, 11, 6], "texture": "#2"},
				"south": {"uv": [6, 1, 8, 2], "texture": "#2"},
				"west": {"uv": [6, 10, 7, 11], "texture": "#2"},
				"up": {"uv": [4, 7, 2, 6], "texture": "#2"},
				"down": {"uv": [8, 2, 6, 3], "texture": "#2"}
			}
		},
		{
			"from": [7.56595, 5.53521, 12.42339],
			"to": [8.40985, 8.52731, 13.43959],
			"rotation": {"angle": -22.5, "axis": "x", "origin": [7.98373, 7.91866, 12.88451]},
			"faces": {
				"north": {"uv": [10, 1, 8, 0], "rotation": 180, "texture": "#2"},
				"east": {"uv": [10, 8, 11, 9], "rotation": 90, "texture": "#2"},
				"south": {"uv": [10, 1, 8, 2], "texture": "#2"},
				"west": {"uv": [9, 10, 10, 11], "rotation": 270, "texture": "#2"},
				"up": {"uv": [0, 8, 2, 9], "texture": "#2"},
				"down": {"uv": [6, 7, 8, 8], "rotation": 180, "texture": "#2"}
			}
		},
		{
			"from": [7.56195, 5.60492, 13.58878],
			"to": [8.39715, 5.81998, 14.22915],
			"rotation": {"angle": -45, "axis": "x", "origin": [7.97955, 5.71245, 13.74714]},
			"faces": {
				"north": {"uv": [10, 1, 8, 0], "rotation": 180, "texture": "#2"},
				"east": {"uv": [10, 8, 11, 9], "rotation": 90, "texture": "#2"},
				"south": {"uv": [10, 1, 8, 2], "texture": "#2"},
				"west": {"uv": [9, 10, 10, 11], "rotation": 270, "texture": "#2"},
				"up": {"uv": [0, 8, 2, 9], "texture": "#2"},
				"down": {"uv": [6, 7, 8, 8], "rotation": 180, "texture": "#2"}
			}
		},
		{
			"from": [7.56195, 8.5565, 12.16186],
			"to": [8.41455, 9.39709, 12.84398],
			"rotation": {"angle": -45, "axis": "x", "origin": [7.98825, 9.01377, 12.82917]},
			"faces": {
				"north": {"uv": [10, 1, 8, 0], "rotation": 180, "texture": "#2"},
				"east": {"uv": [10, 8, 11, 9], "rotation": 90, "texture": "#2"},
				"south": {"uv": [10, 1, 8, 2], "texture": "#2"},
				"west": {"uv": [9, 10, 10, 11], "rotation": 270, "texture": "#2"},
				"up": {"uv": [0, 8, 2, 9], "texture": "#2"},
				"down": {"uv": [6, 7, 8, 8], "rotation": 180, "texture": "#2"}
			}
		},
		{
			"from": [7.56195, 8.28752, 12.00375],
			"to": [8.39715, 8.91392, 12.71367],
			"rotation": {"angle": 45, "axis": "x", "origin": [7.97537, 8.60072, 12.31695]},
			"faces": {
				"north": {"uv": [10, 1, 8, 0], "rotation": 180, "texture": "#2"},
				"east": {"uv": [10, 8, 11, 9], "rotation": 90, "texture": "#2"},
				"south": {"uv": [10, 1, 8, 2], "texture": "#2"},
				"west": {"uv": [9, 10, 10, 11], "rotation": 270, "texture": "#2"},
				"up": {"uv": [0, 8, 2, 9], "texture": "#2"},
				"down": {"uv": [6, 7, 8, 8], "rotation": 180, "texture": "#2"}
			}
		},
		{
			"from": [7.56195, 7.7739, 11.73032],
			"to": [8.39715, 8.5047, 12.35672],
			"rotation": {"angle": 22.5, "axis": "x", "origin": [7.97537, 8.1915, 12.04352]},
			"faces": {
				"north": {"uv": [10, 1, 8, 0], "rotation": 180, "texture": "#2"},
				"east": {"uv": [10, 8, 11, 9], "rotation": 90, "texture": "#2"},
				"south": {"uv": [10, 1, 8, 2], "texture": "#2"},
				"west": {"uv": [9, 10, 10, 11], "rotation": 270, "texture": "#2"},
				"up": {"uv": [0, 8, 2, 9], "texture": "#2"},
				"down": {"uv": [6, 7, 8, 8], "rotation": 180, "texture": "#2"}
			}
		},
		{
			"from": [7.56195, 6.04397, 12.04011],
			"to": [8.39715, 7.78745, 12.47859],
			"rotation": {"angle": -45, "axis": "x", "origin": [7.97537, 6.91571, 12.26979]},
			"faces": {
				"north": {"uv": [6, 7, 8, 8], "texture": "#2"},
				"east": {"uv": [10, 8, 11, 9], "texture": "#2"},
				"south": {"uv": [0, 8, 2, 9], "texture": "#2"},
				"west": {"uv": [9, 10, 10, 11], "texture": "#2"},
				"up": {"uv": [10, 1, 8, 0], "texture": "#2"},
				"down": {"uv": [10, 1, 8, 2], "texture": "#2"}
			}
		},
		{
			"from": [7.56195, 6.39893, 12.39507],
			"to": [8.39715, 8.14241, 12.81267],
			"rotation": {"angle": -22.5, "axis": "x", "origin": [7.97537, 7.27067, 12.60387]},
			"faces": {
				"north": {"uv": [6, 7, 8, 8], "texture": "#2"},
				"east": {"uv": [10, 8, 11, 9], "texture": "#2"},
				"south": {"uv": [0, 8, 2, 9], "texture": "#2"},
				"west": {"uv": [9, 10, 10, 11], "texture": "#2"},
				"up": {"uv": [10, 1, 8, 0], "texture": "#2"},
				"down": {"uv": [10, 1, 8, 2], "texture": "#2"}
			}
		},
		{
			"from": [7.56195, 5.93957, 12.26979],
			"to": [8.39715, 7.76657, 12.80223],
			"rotation": {"angle": -22.5, "axis": "x", "origin": [7.97537, 6.89483, 12.47859]},
			"faces": {
				"north": {"uv": [6, 7, 8, 8], "texture": "#2"},
				"east": {"uv": [10, 8, 11, 9], "texture": "#2"},
				"south": {"uv": [0, 8, 2, 9], "texture": "#2"},
				"west": {"uv": [9, 10, 10, 11], "texture": "#2"},
				"up": {"uv": [10, 1, 8, 0], "texture": "#2"},
				"down": {"uv": [10, 1, 8, 2], "texture": "#2"}
			}
		},
		{
			"from": [7.56195, 4.72249, 11.32157],
			"to": [8.39715, 7.07149, 11.72873],
			"rotation": {"angle": -45, "axis": "x", "origin": [7.97537, 7.83922, 10.697]},
			"faces": {
				"north": {"uv": [6, 7, 8, 8], "texture": "#2"},
				"east": {"uv": [10, 8, 11, 9], "texture": "#2"},
				"south": {"uv": [0, 8, 2, 9], "texture": "#2"},
				"west": {"uv": [9, 10, 10, 11], "texture": "#2"},
				"up": {"uv": [10, 1, 8, 0], "texture": "#2"},
				"down": {"uv": [10, 1, 8, 2], "texture": "#2"}
			}
		},
		{
			"from": [7.56195, 6.36112, 12.08795],
			"to": [8.39715, 6.4864, 12.21323],
			"rotation": {"angle": 0, "axis": "y", "origin": [7.97211, 6.42376, 12.15059]},
			"faces": {
				"north": {"uv": [6, 0, 8, 1], "texture": "#2"},
				"east": {"uv": [10, 5, 11, 6], "texture": "#2"},
				"south": {"uv": [6, 1, 8, 2], "texture": "#2"},
				"west": {"uv": [6, 10, 7, 11], "texture": "#2"},
				"up": {"uv": [4, 7, 2, 6], "texture": "#2"},
				"down": {"uv": [8, 2, 6, 3], "texture": "#2"}
			}
		},
		{
			"from": [7.56195, 6.34192, 12.18449],
			"to": [8.39715, 6.92656, 12.30977],
			"rotation": {"angle": 22.5, "axis": "x", "origin": [7.97211, 6.40456, 12.24713]},
			"faces": {
				"north": {"uv": [6, 0, 8, 1], "texture": "#2"},
				"east": {"uv": [10, 5, 11, 6], "texture": "#2"},
				"south": {"uv": [6, 1, 8, 2], "texture": "#2"},
				"west": {"uv": [6, 10, 7, 11], "texture": "#2"},
				"up": {"uv": [4, 7, 2, 6], "texture": "#2"},
				"down": {"uv": [8, 2, 6, 3], "texture": "#2"}
			}
		},
		{
			"from": [7.56195, 6.06967, 12.32102],
			"to": [8.39715, 6.33067, 13.11446],
			"rotation": {"angle": -22.5, "axis": "x", "origin": [7.97211, 6.26803, 12.38366]},
			"faces": {
				"north": {"uv": [8, 2, 6, 3], "rotation": 180, "texture": "#2"},
				"east": {"uv": [10, 5, 11, 6], "rotation": 270, "texture": "#2"},
				"south": {"uv": [4, 7, 2, 6], "texture": "#2"},
				"west": {"uv": [6, 10, 7, 11], "rotation": 90, "texture": "#2"},
				"up": {"uv": [6, 0, 8, 1], "rotation": 180, "texture": "#2"},
				"down": {"uv": [6, 1, 8, 2], "texture": "#2"}
			}
		},
		{
			"from": [7.56195, 5.52948, 12.36994],
			"to": [8.39715, 6.135, 13.7167],
			"rotation": {"angle": 0, "axis": "y", "origin": [7.95776, 6.52128, 12.36994]},
			"faces": {
				"north": {"uv": [8, 2, 6, 3], "rotation": 180, "texture": "#2"},
				"east": {"uv": [10, 5, 11, 6], "rotation": 270, "texture": "#2"},
				"south": {"uv": [4, 7, 2, 6], "texture": "#2"},
				"west": {"uv": [6, 10, 7, 11], "rotation": 90, "texture": "#2"},
				"up": {"uv": [6, 0, 8, 1], "rotation": 180, "texture": "#2"},
				"down": {"uv": [6, 1, 8, 2], "texture": "#2"}
			}
		},
		{
			"from": [7.56195, 6.28723, 12.26633],
			"to": [8.39715, 7.25815, 12.39161],
			"rotation": {"angle": 45, "axis": "x", "origin": [7.97211, 6.34987, 12.32897]},
			"faces": {
				"north": {"uv": [6, 0, 8, 1], "texture": "#2"},
				"east": {"uv": [10, 5, 11, 6], "texture": "#2"},
				"south": {"uv": [6, 1, 8, 2], "texture": "#2"},
				"west": {"uv": [6, 10, 7, 11], "texture": "#2"},
				"up": {"uv": [4, 7, 2, 6], "texture": "#2"},
				"down": {"uv": [8, 2, 6, 3], "texture": "#2"}
			}
		},
		{
			"from": [7.56195, 7.11623, 11.58341],
			"to": [8.39715, 7.24151, 11.70869],
			"rotation": {"angle": 0, "axis": "y", "origin": [7.97211, 7.17887, 11.64605]},
			"faces": {
				"north": {"uv": [6, 0, 8, 1], "texture": "#2"},
				"east": {"uv": [10, 5, 11, 6], "texture": "#2"},
				"south": {"uv": [6, 1, 8, 2], "texture": "#2"},
				"west": {"uv": [6, 10, 7, 11], "texture": "#2"},
				"up": {"uv": [4, 7, 2, 6], "texture": "#2"},
				"down": {"uv": [8, 2, 6, 3], "texture": "#2"}
			}
		},
		{
			"from": [7.56195, 7.09702, 11.67995],
			"to": [8.39715, 8.33938, 11.80523],
			"rotation": {"angle": 22.5, "axis": "x", "origin": [7.97211, 7.15966, 11.74259]},
			"faces": {
				"north": {"uv": [6, 0, 8, 1], "texture": "#2"},
				"east": {"uv": [10, 5, 11, 6], "texture": "#2"},
				"south": {"uv": [6, 1, 8, 2], "texture": "#2"},
				"west": {"uv": [6, 10, 7, 11], "texture": "#2"},
				"up": {"uv": [4, 7, 2, 6], "texture": "#2"},
				"down": {"uv": [8, 2, 6, 3], "texture": "#2"}
			}
		},
		{
			"from": [7.56195, 6.96049, 11.81647],
			"to": [8.39715, 7.08577, 13.18411],
			"rotation": {"angle": -22.5, "axis": "x", "origin": [7.97211, 7.02313, 11.87911]},
			"faces": {
				"north": {"uv": [8, 2, 6, 3], "rotation": 180, "texture": "#2"},
				"east": {"uv": [10, 5, 11, 6], "rotation": 270, "texture": "#2"},
				"south": {"uv": [4, 7, 2, 6], "texture": "#2"},
				"west": {"uv": [6, 10, 7, 11], "rotation": 90, "texture": "#2"},
				"up": {"uv": [6, 0, 8, 1], "rotation": 180, "texture": "#2"},
				"down": {"uv": [6, 1, 8, 2], "texture": "#2"}
			}
		},
		{
			"from": [7.56195, 7.04234, 11.76179],
			"to": [8.39715, 8.53526, 11.88707],
			"rotation": {"angle": 45, "axis": "x", "origin": [7.97211, 7.10498, 11.82443]},
			"faces": {
				"north": {"uv": [6, 0, 8, 1], "texture": "#2"},
				"east": {"uv": [10, 5, 11, 6], "texture": "#2"},
				"south": {"uv": [6, 1, 8, 2], "texture": "#2"},
				"west": {"uv": [6, 10, 7, 11], "texture": "#2"},
				"up": {"uv": [4, 7, 2, 6], "texture": "#2"},
				"down": {"uv": [8, 2, 6, 3], "texture": "#2"}
			}
		},
		{
			"from": [8.05263, 10.38428, 10.98079],
			"to": [8.24264, 10.54297, 11.05178],
			"rotation": {"angle": 0, "axis": "y", "origin": [7.97955, 9.20038, 7.65669]},
			"faces": {
				"north": {"uv": [10, 6, 10.75, 6.75], "texture": "#2"},
				"east": {"uv": [6, 12, 6.25, 12.75], "texture": "#2"},
				"south": {"uv": [8, 10, 8.75, 10.75], "texture": "#2"},
				"west": {"uv": [12, 6, 12.25, 6.75], "texture": "#2"},
				"up": {"uv": [8.75, 12.25, 8, 12], "texture": "#2"},
				"down": {"uv": [12.75, 8, 12, 8.25], "texture": "#2"}
			}
		},
		{
			"from": [7.72481, 10.38428, 10.98497],
			"to": [7.92317, 10.54297, 11.05178],
			"rotation": {"angle": 0, "axis": "y", "origin": [7.97955, 9.20038, 7.65669]},
			"faces": {
				"north": {"uv": [10, 8, 10.75, 8.75], "texture": "#2"},
				"east": {"uv": [10, 12, 10.25, 12.75], "texture": "#2"},
				"south": {"uv": [10, 10, 10.75, 10.75], "texture": "#2"},
				"west": {"uv": [12, 10, 12.25, 10.75], "texture": "#2"},
				"up": {"uv": [12.75, 12.25, 12, 12], "texture": "#2"},
				"down": {"uv": [0.75, 14, 0, 14.25], "texture": "#2"}
			}
		},
		{
			"from": [7.72481, 10.23812, 10.62948],
			"to": [8.24264, 10.45336, 11.05178],
			"rotation": {"angle": 0, "axis": "y", "origin": [7.97955, 9.20038, 7.65669]},
			"faces": {
				"north": {"uv": [4, 4, 6.5, 4.75], "texture": "#2"},
				"east": {"uv": [4, 6, 6.5, 6.75], "texture": "#2"},
				"south": {"uv": [0, 8, 2.5, 8.75], "texture": "#2"},
				"west": {"uv": [8, 0, 10.5, 0.75], "texture": "#2"},
				"up": {"uv": [2.5, 2.5, 0, 0], "texture": "#2"},
				"down": {"uv": [2.5, 4, 0, 6.5], "texture": "#2"}
			}
		},
		{
			"from": [7.72481, 10.12034, 10.58438],
			"to": [8.24264, 10.33558, 10.76743],
			"rotation": {"angle": -45, "axis": "x", "origin": [7.98373, 10.22796, 10.55628]},
			"faces": {
				"north": {"uv": [4, 4, 6.5, 4.75], "texture": "#2"},
				"east": {"uv": [4, 6, 6.5, 6.75], "texture": "#2"},
				"south": {"uv": [0, 8, 2.5, 8.75], "texture": "#2"},
				"west": {"uv": [8, 0, 10.5, 0.75], "texture": "#2"},
				"up": {"uv": [2.5, 2.5, 0, 0], "texture": "#2"},
				"down": {"uv": [2.5, 4, 0, 6.5], "texture": "#2"}
			}
		},
		{
			"from": [7.72481, 10.20236, 10.45683],
			"to": [8.24264, 10.28971, 10.67207],
			"rotation": {"angle": 22.5, "axis": "x", "origin": [7.98373, 10.19818, 10.56445]},
			"faces": {
				"north": {"uv": [2.5, 2.5, 0, 0], "rotation": 180, "texture": "#2"},
				"east": {"uv": [4, 6, 6.5, 6.75], "rotation": 90, "texture": "#2"},
				"south": {"uv": [2.5, 4, 0, 6.5], "texture": "#2"},
				"west": {"uv": [8, 0, 10.5, 0.75], "rotation": 270, "texture": "#2"},
				"up": {"uv": [0, 8, 2.5, 8.75], "texture": "#2"},
				"down": {"uv": [4, 4, 6.5, 4.75], "rotation": 180, "texture": "#2"}
			}
		},
		{
			"from": [7.94197, 10.22128, 2.04281],
			"to": [8.02966, 10.56997, 2.26831],
			"rotation": {"angle": 0, "axis": "y", "origin": [7.95032, 9.34014, 7.66788]},
			"faces": {
				"north": {"uv": [0, 12, 0.5, 13], "texture": "#2"},
				"east": {"uv": [2, 10, 3, 11], "texture": "#2"},
				"south": {"uv": [12, 0, 12.5, 1], "texture": "#2"},
				"west": {"uv": [10, 2, 11, 3], "texture": "#2"},
				"up": {"uv": [2.5, 13, 2, 12], "texture": "#2"},
				"down": {"uv": [12.5, 2, 12, 3], "texture": "#2"}
			}
		},
		{
			"from": [7.94197, 10.26707, 2.20095],
			"to": [8.02966, 10.51526, 2.70137],
			"rotation": {"angle": 22.5, "axis": "x", "origin": [7.97746, 10.37328, 2.37216]},
			"faces": {
				"north": {"uv": [4, 12, 4.5, 12.75], "texture": "#2"},
				"east": {"uv": [8, 2, 10, 2.75], "texture": "#2"},
				"south": {"uv": [12, 4, 12.5, 4.75], "texture": "#2"},
				"west": {"uv": [4, 8, 6, 8.75], "texture": "#2"},
				"up": {"uv": [8.5, 8, 8, 6], "texture": "#2"},
				"down": {"uv": [0.5, 10, 0, 12], "texture": "#2"}
			}
		},
		{
			"from": [7.94197, 10.38452, 2.20095],
			"to": [8.02966, 10.51526, 2.97977],
			"rotation": {"angle": 22.5, "axis": "x", "origin": [7.97746, 10.37328, 2.37216]},
			"faces": {
				"north": {"uv": [4, 12, 4.5, 12.75], "texture": "#2"},
				"east": {"uv": [8, 2, 10, 2.75], "texture": "#2"},
				"south": {"uv": [12, 4, 12.5, 4.75], "texture": "#2"},
				"west": {"uv": [4, 8, 6, 8.75], "texture": "#2"},
				"up": {"uv": [8.5, 8, 8, 6], "texture": "#2"},
				"down": {"uv": [0.5, 10, 0, 12], "texture": "#2"}
			}
		},
		{
			"from": [7.94197, 10.22792, 2.20095],
			"to": [8.02966, 10.35866, 2.35337],
			"rotation": {"angle": 0, "axis": "x", "origin": [7.97746, 10.37328, 2.37216]},
			"faces": {
				"north": {"uv": [4, 12, 4.5, 12.75], "texture": "#2"},
				"east": {"uv": [8, 2, 10, 2.75], "texture": "#2"},
				"south": {"uv": [12, 4, 12.5, 4.75], "texture": "#2"},
				"west": {"uv": [4, 8, 6, 8.75], "texture": "#2"},
				"up": {"uv": [8.5, 8, 8, 6], "texture": "#2"},
				"down": {"uv": [0.5, 10, 0, 12], "texture": "#2"}
			}
		},
		{
			"from": [7.88768, 9.29937, 4.0194],
			"to": [8.07142, 10.01973, 4.46623],
			"rotation": {"angle": 0, "axis": "y", "origin": [4.69304, 6.62882, 7.99495]},
			"faces": {
				"north": {"uv": [6, 5.5, 6.25, 5.75], "texture": "#6"},
				"east": {"uv": [0, 0, 4, 0.25], "texture": "#6"},
				"south": {"uv": [6, 5.75, 6.25, 6], "texture": "#6"},
				"west": {"uv": [0, 0.25, 4, 0.5], "texture": "#6"},
				"up": {"uv": [0.25, 4.5, 0, 0.5], "texture": "#6"},
				"down": {"uv": [0.5, 0.5, 0.25, 4.5], "texture": "#6"}
			}
		},
		{
			"from": [7.88768, 9.29937, 4.0194],
			"to": [8.07142, 10.01973, 4.46623],
			"rotation": {"angle": -22.5, "axis": "z", "origin": [7.97955, 9.65955, 4.24281]},
			"faces": {
				"north": {"uv": [6, 5.5, 6.25, 5.75], "texture": "#6"},
				"east": {"uv": [0, 0, 4, 0.25], "texture": "#6"},
				"south": {"uv": [6, 5.75, 6.25, 6], "texture": "#6"},
				"west": {"uv": [0, 0.25, 4, 0.5], "texture": "#6"},
				"up": {"uv": [0.25, 4.5, 0, 0.5], "texture": "#6"},
				"down": {"uv": [0.5, 0.5, 0.25, 4.5], "texture": "#6"}
			}
		},
		{
			"from": [7.88768, 9.29937, 4.0194],
			"to": [8.07142, 10.01973, 4.46623],
			"rotation": {"angle": -45, "axis": "z", "origin": [7.97955, 9.65955, 4.24281]},
			"faces": {
				"north": {"uv": [6, 5.5, 6.25, 5.75], "texture": "#6"},
				"east": {"uv": [0, 0, 4, 0.25], "texture": "#6"},
				"south": {"uv": [6, 5.75, 6.25, 6], "texture": "#6"},
				"west": {"uv": [0, 0.25, 4, 0.5], "texture": "#6"},
				"up": {"uv": [0.25, 4.5, 0, 0.5], "texture": "#6"},
				"down": {"uv": [0.5, 0.5, 0.25, 4.5], "texture": "#6"}
			}
		},
		{
			"from": [7.61937, 9.56768, 4.0194],
			"to": [8.33973, 9.75142, 4.46623],
			"rotation": {"angle": 22.5, "axis": "z", "origin": [7.97955, 9.65955, 4.24281]},
			"faces": {
				"north": {"uv": [6, 5.5, 6.25, 5.75], "rotation": 270, "texture": "#6"},
				"east": {"uv": [0.25, 4.5, 0, 0.5], "rotation": 90, "texture": "#6"},
				"south": {"uv": [6, 5.75, 6.25, 6], "rotation": 90, "texture": "#6"},
				"west": {"uv": [0.5, 0.5, 0.25, 4.5], "rotation": 90, "texture": "#6"},
				"up": {"uv": [0, 0.25, 4, 0.5], "rotation": 90, "texture": "#6"},
				"down": {"uv": [0, 0, 4, 0.25], "rotation": 90, "texture": "#6"}
			}
		},
		{
			"from": [7.61937, 9.56768, 4.0194],
			"to": [8.33973, 9.75142, 4.46623],
			"rotation": {"angle": 0, "axis": "y", "origin": [7.97955, 9.65955, 4.24281]},
			"faces": {
				"north": {"uv": [6, 5.5, 6.25, 5.75], "rotation": 270, "texture": "#6"},
				"east": {"uv": [0.25, 4.5, 0, 0.5], "rotation": 90, "texture": "#6"},
				"south": {"uv": [6, 5.75, 6.25, 6], "rotation": 90, "texture": "#6"},
				"west": {"uv": [0.5, 0.5, 0.25, 4.5], "rotation": 90, "texture": "#6"},
				"up": {"uv": [0, 0.25, 4, 0.5], "rotation": 90, "texture": "#6"},
				"down": {"uv": [0, 0, 4, 0.25], "rotation": 90, "texture": "#6"}
			}
		},
		{
			"from": [7.61937, 9.56768, 4.0194],
			"to": [8.33973, 9.75142, 4.46623],
			"rotation": {"angle": -22.5, "axis": "z", "origin": [7.97955, 9.65955, 4.24281]},
			"faces": {
				"north": {"uv": [6, 5.5, 6.25, 5.75], "rotation": 270, "texture": "#6"},
				"east": {"uv": [0.25, 4.5, 0, 0.5], "rotation": 90, "texture": "#6"},
				"south": {"uv": [6, 5.75, 6.25, 6], "rotation": 90, "texture": "#6"},
				"west": {"uv": [0.5, 0.5, 0.25, 4.5], "rotation": 90, "texture": "#6"},
				"up": {"uv": [0, 0.25, 4, 0.5], "rotation": 90, "texture": "#6"},
				"down": {"uv": [0, 0, 4, 0.25], "rotation": 90, "texture": "#6"}
			}
		},
		{
			"from": [7.61937, 9.56768, 4.0194],
			"to": [8.33973, 9.75142, 4.46623],
			"rotation": {"angle": -45, "axis": "z", "origin": [7.97955, 9.65955, 4.24281]},
			"faces": {
				"north": {"uv": [6, 5.5, 6.25, 5.75], "rotation": 270, "texture": "#6"},
				"east": {"uv": [0.25, 4.5, 0, 0.5], "rotation": 90, "texture": "#6"},
				"south": {"uv": [6, 5.75, 6.25, 6], "rotation": 90, "texture": "#6"},
				"west": {"uv": [0.5, 0.5, 0.25, 4.5], "rotation": 90, "texture": "#6"},
				"up": {"uv": [0, 0.25, 4, 0.5], "rotation": 90, "texture": "#6"},
				"down": {"uv": [0, 0, 4, 0.25], "rotation": 90, "texture": "#6"}
			}
		},
		{
			"from": [7.88768, 9.29937, 4.0194],
			"to": [8.07142, 10.01973, 4.46623],
			"rotation": {"angle": 22.5, "axis": "z", "origin": [7.97955, 9.65955, 4.24281]},
			"faces": {
				"north": {"uv": [6, 5.5, 6.25, 5.75], "rotation": 180, "texture": "#6"},
				"east": {"uv": [0, 0.25, 4, 0.5], "rotation": 180, "texture": "#6"},
				"south": {"uv": [6, 5.75, 6.25, 6], "rotation": 180, "texture": "#6"},
				"west": {"uv": [0, 0, 4, 0.25], "rotation": 180, "texture": "#6"},
				"up": {"uv": [0.5, 0.5, 0.25, 4.5], "rotation": 180, "texture": "#6"},
				"down": {"uv": [0.25, 4.5, 0, 0.5], "rotation": 180, "texture": "#6"}
			}
		}
	],
	"display": {
		"thirdperson_righthand": {
			"translation": [0, -0.25, -3.5]
		},
		"thirdperson_lefthand": {
			"translation": [0, -0.25, -3.5]
		},
		"firstperson_righthand": {
			"translation": [-5.25, 2.75, -3.25],
			"scale": [1.25, 1.25, 1.25]
		},
		"firstperson_lefthand": {
			"translation": [-5, 3.5, 0]
		},
		"ground": {
			"translation": [0, 0.5, 0],
			"scale": [1.5, 1.5, 1.5]
		},
		"gui": {
			"rotation": [30, -140, 0],
			"translation": [-0.25, -1.5, 0],
			"scale": [1.6, 1.6, 1.6]
		},
		"head": {
			"translation": [0, 8.75, -3.5],
			"scale": [0.4, 0.4, 0.4]
		},
		"fixed": {
			"rotation": [0, 90, 0],
			"translation": [1.25, -1, -1.5],
			"scale": [2, 2, 2]
		}
	},
	"groups": [
		{
			"name": "44 Magnum",
			"origin": [4.67633, 0, 0.45539],
			"color": 0,
			"children": [
				{
					"name": "group",
					"origin": [12.58633, 4.44297, 12.53039],
					"color": 0,
					"children": [0, 1, 2, 3, 4, 5, 6, 7]
				},
				{
					"name": "Frame",
					"origin": [12.54633, 6.03297, 4.70539],
					"color": 0,
					"children": [
						8,
						9,
						10,
						11,
						12,
						13,
						14,
						15,
						16,
						17,
						18,
						19,
						20,
						21,
						22,
						23,
						24,
						25,
						26,
						27,
						28,
						29,
						30,
						{
							"name": "group",
							"origin": [12.56133, 14.57498, 3.45735],
							"color": 0,
							"children": [31, 32]
						}
					]
				},
				{
					"name": "Cylinder",
					"origin": [14.0153, 19.03004, 5.57539],
					"color": 0,
					"children": [33, 34, 35, 36, 37, 38, 39, 40]
				},
				{
					"name": "Trigger gaurd",
					"origin": [12.53633, 8.33875, 10.65408],
					"color": 0,
					"children": [41, 42, 43, 44, 45, 46, 47, 48, 49, 50, 51, 52, 53, 54]
				},
				{
					"name": "Handle",
					"origin": [12.52852, 7.46703, 15.8338],
					"color": 0,
					"children": [
						{
							"name": "group",
							"origin": [12.52852, 7.46703, 15.8338],
							"color": 0,
							"children": [55, 56, 57, 58, 59, 60]
						},
						{
							"name": "group",
							"origin": [12.53633, 10.43348, 11.92582],
							"color": 0,
							"children": [61, 62, 63, 64, 65, 66, 67, 68, 69, 70, 71, 72, 73]
						},
						{
							"name": "group",
							"origin": [12.52852, 7.46703, 15.8338],
							"color": 0,
							"children": [74, 75, 76, 77, 78]
						},
						{
							"name": "group",
							"origin": [12.52852, 7.46703, 15.8338],
							"color": 0,
							"children": [79, 80, 81, 82]
						}
					]
				},
				{
					"name": "ironsights",
					"origin": [12.54633, 13.69297, 4.64539],
					"color": 0,
					"children": [
						{
							"name": "group",
							"origin": [12.54633, 13.69297, 4.64539],
							"color": 0,
							"children": [83, 84, 85, 86, 87]
						},
						{
							"name": "group",
							"origin": [12.54133, 16.50162, -8.00914],
							"color": 0,
							"children": [88, 89, 90, 91]
						}
					]
				},
				{
					"name": "Barrel Hole",
					"origin": [12.54633, 14.6675, -8.52961],
					"color": 0,
					"children": [92, 93, 94, 95, 96, 97, 98, 99]
				}
			]
		}
	]
}