{
	"credit": "Made with Blockbench by ThatAvocado_Boi",
	"texture_size": [32, 32],
	"textures": {
		"3": "additionalguns:item/mammoth"
	},
	"elements": [
		{
			"from": [7.45, 2.3, 11.7],
			"to": [8.55, 3.15, 13.6],
			"rotation": {"angle": 0, "axis": "x", "origin": [8, 2.725, 12.6]},
			"faces": {
				"north": {"uv": [5.5, 3.5, 7.5, 5.5], "texture": "#3"},
				"east": {"uv": [9, 3.5, 5.5, 5.5], "texture": "#3"},
				"south": {"uv": [5.5, 5.5, 7.5, 7.5], "texture": "#3"},
				"west": {"uv": [5.5, 3.5, 9, 5.5], "texture": "#3"},
				"up": {"uv": [0, 0, 1, 0.5], "texture": "#3"},
				"down": {"uv": [4, 1.5, 7.5, 3.5], "rotation": 90, "texture": "#3"}
			}
		},
		{
			"from": [7.45, 3.15, 11.7],
			"to": [8.55, 4, 16.3],
			"rotation": {"angle": 0, "axis": "y", "origin": [0, 0, 0.2]},
			"faces": {
				"north": {"uv": [4, 1.5, 6, 3.5], "texture": "#3"},
				"east": {"uv": [6.5, 1.5, 2, 3.5], "texture": "#3"},
				"south": {"uv": [4, 1.5, 6, 3.5], "texture": "#3"},
				"west": {"uv": [4, 1.5, 8, 3.5], "texture": "#3"},
				"up": {"uv": [0, 0, 1, 0.5], "texture": "#3"},
				"down": {"uv": [12.5, 14, 16, 16], "rotation": 270, "texture": "#3"}
			}
		},
		{
			"from": [7.43787, 3.42929, 11.701],
			"to": [7.90387, 3.82929, 16.3],
			"rotation": {"angle": 45, "axis": "z", "origin": [7.23787, 3.92929, 10.701]},
			"faces": {
				"north": {"uv": [1.5, 1, 2, 1.5], "texture": "#3"},
				"east": {"uv": [0, 0, 0, 0], "texture": "#3"},
				"south": {"uv": [8, 1, 8.5, 1.5], "texture": "#3"},
				"west": {"uv": [1.5, 0, 3, 0.5], "texture": "#3"},
				"up": {"uv": [0, 1, 6, 1.5], "rotation": 90, "texture": "#3"},
				"down": {"uv": [0, 0, 0, 0], "texture": "#3"}
			}
		},
		{
			"from": [7.77951, 4.02951, 11.7],
			"to": [8.21951, 4.32951, 16.3],
			"rotation": {"angle": 0, "axis": "y", "origin": [0.07951, 0.02951, 0.2]},
			"faces": {
				"north": {"uv": [0.5, 1, 1.5, 1.5], "texture": "#3"},
				"east": {"uv": [7.5, 0, 8.5, 1], "texture": "#3"},
				"south": {"uv": [8.5, 1, 9.5, 1.5], "texture": "#3"},
				"west": {"uv": [2.5, 0.5, 3, 1], "texture": "#3"},
				"up": {"uv": [2, 0, 8, 1], "rotation": 90, "texture": "#3"},
				"down": {"uv": [0, 0, 0, 0], "texture": "#3"}
			}
		},
		{
			"from": [8.09613, 3.42929, 11.701],
			"to": [8.56213, 3.82929, 16.3],
			"rotation": {"angle": -45, "axis": "z", "origin": [8.76213, 3.92929, 10.701]},
			"faces": {
				"north": {"uv": [0, 1, 0.5, 1.5], "texture": "#3"},
				"east": {"uv": [4, 1, 5.5, 2], "texture": "#3"},
				"south": {"uv": [9.5, 1, 10, 1.5], "texture": "#3"},
				"west": {"uv": [0, 0, 1, 1], "texture": "#3"},
				"up": {"uv": [6, 1, 0, 1.5], "rotation": 270, "texture": "#3"},
				"down": {"uv": [0, 0.5, 1.5, 1], "texture": "#3"}
			}
		},
		{
			"from": [7.6, 0.92086, 15.40759],
			"to": [8.4, 3.22086, 16.50759],
			"rotation": {"angle": 0, "axis": "x", "origin": [8, 0.77086, 16.05759]},
			"faces": {
				"north": {"uv": [13, 0, 14, 3.5], "texture": "#3"},
				"east": {"uv": [12, 0, 13, 3.5], "texture": "#3"},
				"south": {"uv": [11, 0, 12, 3.5], "texture": "#3"},
				"west": {"uv": [10, 0, 11, 3.5], "texture": "#3"},
				"up": {"uv": [0, 0, 0, 0], "texture": "#3"},
				"down": {"uv": [11, 3.5, 10, 4.5], "texture": "#3"}
			}
		},
		{
			"from": [7.6, 2.12086, 15.10759],
			"to": [8.4, 3.22086, 15.40759],
			"rotation": {"angle": 0, "axis": "y", "origin": [8, 0.77086, 16.05759]},
			"faces": {
				"north": {"uv": [13, 0, 14, 3.5], "texture": "#3"},
				"east": {"uv": [12, 0, 13, 3.5], "texture": "#3"},
				"south": {"uv": [11, 0, 12, 3.5], "texture": "#3"},
				"west": {"uv": [10, 0, 11, 3.5], "texture": "#3"},
				"up": {"uv": [0, 0, 0, 0], "texture": "#3"},
				"down": {"uv": [11, 3.5, 10, 4.5], "texture": "#3"}
			}
		},
		{
			"from": [7.6, 0.62086, 15.20759],
			"to": [8.4, 0.92086, 16.50759],
			"rotation": {"angle": 0, "axis": "y", "origin": [8, 0.77086, 16.05759]},
			"faces": {
				"north": {"uv": [13, 0, 14, 3.5], "texture": "#3"},
				"east": {"uv": [12, 0, 13, 3.5], "texture": "#3"},
				"south": {"uv": [11, 0, 12, 3.5], "texture": "#3"},
				"west": {"uv": [10, 0, 11, 3.5], "texture": "#3"},
				"up": {"uv": [10, 4, 11, 4.5], "texture": "#3"},
				"down": {"uv": [11, 3.5, 10, 4.5], "texture": "#3"}
			}
		},
		{
			"from": [7.6, 1.62086, 15.70759],
			"to": [8.4, 2.42086, 16.00759],
			"rotation": {"angle": -22.5, "axis": "x", "origin": [8, 0.77086, 16.05759]},
			"faces": {
				"north": {"uv": [11, 3.5, 10, 4.5], "rotation": 180, "texture": "#3"},
				"east": {"uv": [12, 0, 13, 3.5], "rotation": 270, "texture": "#3"},
				"south": {"uv": [11, 3.5, 12, 4], "texture": "#3"},
				"west": {"uv": [10, 0, 11, 3.5], "rotation": 90, "texture": "#3"},
				"up": {"uv": [13, 0, 14, 3.5], "rotation": 180, "texture": "#3"},
				"down": {"uv": [11, 0, 12, 3.5], "texture": "#3"}
			}
		},
		{
			"from": [7.8, 2.15032, 13.36977],
			"to": [8.25, 2.35032, 15.26977],
			"rotation": {"angle": 0, "axis": "y", "origin": [7.5, 7.95032, 7.96977]},
			"faces": {
				"north": {"uv": [0, 0, 1, 0.5], "texture": "#3"},
				"east": {"uv": [9, 1, 10, 1.5], "texture": "#3"},
				"south": {"uv": [8.5, 1, 10, 1.5], "texture": "#3"},
				"west": {"uv": [9, 1, 10, 1.5], "texture": "#3"},
				"up": {"uv": [9, 1, 10, 1.5], "rotation": 90, "texture": "#3"},
				"down": {"uv": [9, 1, 10, 1.5], "rotation": 90, "texture": "#3"}
			}
		},
		{
			"from": [7.9, 2.775, 14.225],
			"to": [8.1, 3.2, 14.35],
			"rotation": {"angle": 22.5, "axis": "x", "origin": [8, 2.0875, 14.5375]},
			"faces": {
				"north": {"uv": [8, 0, 8.5, 0.5], "texture": "#3"},
				"east": {"uv": [8, 0, 8.5, 0.5], "texture": "#3"},
				"south": {"uv": [8, 0, 8.5, 0.5], "texture": "#3"},
				"west": {"uv": [8, 0, 8.5, 0.5], "texture": "#3"},
				"up": {"uv": [8, 0, 8.5, 0.5], "texture": "#3"},
				"down": {"uv": [8.5, 0, 8, 0.5], "texture": "#3"}
			}
		},
		{
			"from": [7.9, 2.475, 14.225],
			"to": [8.1, 2.8, 14.35],
			"rotation": {"angle": 22.5, "axis": "x", "origin": [8, 2.0875, 14.5375]},
			"faces": {
				"north": {"uv": [8, 0, 8.5, 0.5], "texture": "#3"},
				"east": {"uv": [8, 0, 8.5, 0.5], "texture": "#3"},
				"south": {"uv": [8, 0, 8.5, 0.5], "texture": "#3"},
				"west": {"uv": [8, 0, 8.5, 0.5], "texture": "#3"},
				"up": {"uv": [8, 0, 8.5, 0.5], "texture": "#3"},
				"down": {"uv": [8.5, 0, 8, 0.5], "texture": "#3"}
			}
		},
		{
			"from": [7.6, 1.1, 11.5],
			"to": [8.4, 3.2, 13.1],
			"rotation": {"angle": 22.5, "axis": "x", "origin": [8, 1.65, 11.8]},
			"faces": {
				"north": {"uv": [0, 7.5, 1, 10], "texture": "#3"},
				"east": {"uv": [3.5, 7.5, 1, 10], "texture": "#3"},
				"south": {"uv": [3.5, 7.5, 4.5, 10], "texture": "#3"},
				"west": {"uv": [1, 7.5, 3.5, 10], "texture": "#3"},
				"up": {"uv": [0, 0, 0, 0], "texture": "#3"},
				"down": {"uv": [1, 10, 3.5, 11], "rotation": 90, "texture": "#3"}
			}
		},
		{
			"from": [7.45, 3.2, 4.149],
			"to": [8.55, 4.3, 9.85],
			"rotation": {"angle": 0, "axis": "y", "origin": [8, 8.2, 6.35]},
			"faces": {
				"north": {"uv": [7.5, 13, 9.5, 15], "texture": "#3"},
				"east": {"uv": [7.5, 13, 0, 15.5], "texture": "#3"},
				"south": {"uv": [0, 0, 0.5, 0.5], "texture": "#3"},
				"west": {"uv": [0, 13, 7.5, 15.5], "texture": "#3"},
				"up": {"uv": [6, 14.5, 7, 15.5], "texture": "#3"},
				"down": {"uv": [3.5, 0.5, 4, 1], "texture": "#3"}
			}
		},
		{
			"from": [7.45, 3.2, 7.624],
			"to": [8.55, 4.3, 11.675],
			"rotation": {"angle": 0, "axis": "y", "origin": [8, 8.2, 8.175]},
			"faces": {
				"north": {"uv": [7, 6, 5.5, 7], "texture": "#3"},
				"east": {"uv": [7, 6, 5.5, 7], "texture": "#3"},
				"south": {"uv": [7, 6, 5.5, 7], "texture": "#3"},
				"west": {"uv": [7, 6, 5.5, 7], "texture": "#3"},
				"up": {"uv": [7, 6, 5.5, 7], "texture": "#3"},
				"down": {"uv": [6, 6.5, 6.5, 7], "texture": "#3"}
			}
		},
		{
			"from": [7.87, 3.9741, 16.08543],
			"to": [8.17, 4.1741, 16.43543],
			"rotation": {"angle": -22.5, "axis": "x", "origin": [8.02, 4.0741, 16.26043]},
			"faces": {
				"north": {"uv": [9, 0, 10, 0.5], "rotation": 90, "texture": "#3"},
				"east": {"uv": [14.5, 1.5, 15.5, 2], "rotation": 270, "texture": "#3"},
				"south": {"uv": [15, 2, 16, 2.5], "rotation": 270, "texture": "#3"},
				"west": {"uv": [15, 1.5, 16, 2], "rotation": 90, "texture": "#3"},
				"up": {"uv": [14.5, 1.5, 15, 2.5], "rotation": 270, "texture": "#3"},
				"down": {"uv": [14.5, 1.5, 16, 2], "rotation": 270, "texture": "#3"}
			}
		},
		{
			"from": [7.77, 3.90032, 16.22],
			"to": [8.27, 4.28032, 16.37],
			"rotation": {"angle": -22.5, "axis": "x", "origin": [8.02, 4.05032, 16.345]},
			"faces": {
				"north": {"uv": [15, 1.5, 16, 2], "rotation": 90, "texture": "#3"},
				"east": {"uv": [14.5, 1.5, 15.5, 2.5], "rotation": 270, "texture": "#3"},
				"south": {"uv": [15, 1, 16, 1.5], "rotation": 270, "texture": "#3"},
				"west": {"uv": [15, 2, 16, 2.5], "rotation": 90, "texture": "#3"},
				"up": {"uv": [15, 1.5, 15.5, 2.5], "rotation": 270, "texture": "#3"},
				"down": {"uv": [8, 0, 8.5, 0.5], "rotation": 270, "texture": "#3"}
			}
		},
		{
			"from": [7.57, 3.20032, 16.22],
			"to": [8.47, 3.90032, 16.57],
			"rotation": {"angle": 0, "axis": "y", "origin": [7.97, 4.05032, 21.66977]},
			"faces": {
				"north": {"uv": [9, 0, 10, 0.5], "rotation": 90, "texture": "#3"},
				"east": {"uv": [15, 0, 16, 0.5], "rotation": 270, "texture": "#3"},
				"south": {"uv": [14, 0.5, 15, 1], "rotation": 270, "texture": "#3"},
				"west": {"uv": [14, 0, 15, 0.5], "rotation": 90, "texture": "#3"},
				"up": {"uv": [0.5, 0, 1.5, 1], "rotation": 270, "texture": "#3"},
				"down": {"uv": [8.5, 0, 9, 0.5], "rotation": 270, "texture": "#3"}
			}
		},
		{
			"from": [7.85, 3.95, 2.95],
			"to": [8.15, 4.05, 3.2],
			"rotation": {"angle": 0, "axis": "y", "origin": [8.02, 4.25032, 2.995]},
			"faces": {
				"north": {"uv": [9, 0, 10, 0.5], "rotation": 90, "texture": "#3"},
				"east": {"uv": [15, 0, 16, 0.5], "rotation": 270, "texture": "#3"},
				"south": {"uv": [14, 0.5, 15, 1], "rotation": 270, "texture": "#3"},
				"west": {"uv": [14, 0, 15, 0.5], "rotation": 90, "texture": "#3"},
				"up": {"uv": [0.5, 0, 1.5, 1], "rotation": 270, "texture": "#3"},
				"down": {"uv": [8.5, 0, 9, 0.5], "rotation": 270, "texture": "#3"}
			}
		},
		{
			"name": "octagon",
			"from": [7.87574, 3.4, 0.6],
			"to": [8.12426, 3.5, 12],
			"rotation": {"angle": 45, "axis": "z", "origin": [8, 3.7, 4]},
			"faces": {
				"north": {"uv": [0, 0, 0.5, 0.5], "texture": "#3"},
				"east": {"uv": [0, 0, 0.5, 0.5], "texture": "#3"},
				"south": {"uv": [0, 0, 0.5, 0.5], "texture": "#3"},
				"west": {"uv": [0, 0, 0.5, 0.5], "texture": "#3"},
				"up": {"uv": [0, 0, 0.5, 0.5], "texture": "#3"},
				"down": {"uv": [0, 0, 0.5, 0.5], "texture": "#3"}
			}
		},
		{
			"name": "octagon",
			"from": [7.87574, 3.4, 0.6],
			"to": [8.12426, 3.5, 12],
			"rotation": {"angle": 0, "axis": "z", "origin": [8, 3.7, 4]},
			"faces": {
				"north": {"uv": [0, 0, 0.5, 0.5], "texture": "#3"},
				"east": {"uv": [0, 0, 0.5, 0.5], "texture": "#3"},
				"south": {"uv": [0, 0, 0.5, 0.5], "texture": "#3"},
				"west": {"uv": [0, 0, 0.5, 0.5], "texture": "#3"},
				"up": {"uv": [0, 0, 0.5, 0.5], "texture": "#3"},
				"down": {"uv": [0, 0, 0.5, 0.5], "texture": "#3"}
			}
		},
		{
			"name": "octagon",
			"from": [7.87574, 3.9, 0.6],
			"to": [8.12426, 4, 12],
			"rotation": {"angle": 45, "axis": "z", "origin": [8, 3.7, 4]},
			"faces": {
				"north": {"uv": [0, 0, 0.5, 0.5], "texture": "#3"},
				"east": {"uv": [0, 0, 0.5, 0.5], "texture": "#3"},
				"south": {"uv": [0, 0, 0.5, 0.5], "texture": "#3"},
				"west": {"uv": [0, 0, 0.5, 0.5], "texture": "#3"},
				"up": {"uv": [0, 0, 0.5, 0.5], "texture": "#3"},
				"down": {"uv": [0, 0, 0.5, 0.5], "texture": "#3"}
			}
		},
		{
			"name": "octagon",
			"from": [7.87574, 3.9, 0.6],
			"to": [8.12426, 4, 12],
			"rotation": {"angle": 0, "axis": "z", "origin": [8, 3.7, 4]},
			"faces": {
				"north": {"uv": [0, 0, 0.5, 0.5], "texture": "#3"},
				"east": {"uv": [0, 0, 0.5, 0.5], "texture": "#3"},
				"south": {"uv": [0, 0, 0.5, 0.5], "texture": "#3"},
				"west": {"uv": [0, 0, 0.5, 0.5], "texture": "#3"},
				"up": {"uv": [0, 0, 0.5, 0.5], "texture": "#3"},
				"down": {"uv": [0, 0, 0.5, 0.5], "texture": "#3"}
			}
		},
		{
			"name": "octagon",
			"from": [7.7, 3.57574, 0.6],
			"to": [7.8, 3.82426, 12],
			"rotation": {"angle": 45, "axis": "z", "origin": [8, 3.7, 4]},
			"faces": {
				"north": {"uv": [0, 0, 0.5, 0.5], "texture": "#3"},
				"east": {"uv": [0, 0, 0.5, 0.5], "texture": "#3"},
				"south": {"uv": [0, 0, 0.5, 0.5], "texture": "#3"},
				"west": {"uv": [0, 0, 0.5, 0.5], "texture": "#3"},
				"up": {"uv": [0, 0, 0.5, 0.5], "texture": "#3"},
				"down": {"uv": [0, 0, 0.5, 0.5], "texture": "#3"}
			}
		},
		{
			"name": "octagon",
			"from": [7.7, 3.57574, 0.6],
			"to": [7.8, 3.82426, 12],
			"rotation": {"angle": 0, "axis": "z", "origin": [8, 3.7, 4]},
			"faces": {
				"north": {"uv": [0, 0, 0.5, 0.5], "texture": "#3"},
				"east": {"uv": [0, 0, 0.5, 0.5], "texture": "#3"},
				"south": {"uv": [0, 0, 0.5, 0.5], "texture": "#3"},
				"west": {"uv": [0, 0, 0.5, 0.5], "texture": "#3"},
				"up": {"uv": [0, 0, 0.5, 0.5], "texture": "#3"},
				"down": {"uv": [0, 0, 0.5, 0.5], "texture": "#3"}
			}
		},
		{
			"name": "octagon",
			"from": [8.14142, 3.71716, 0.6],
			"to": [8.24142, 3.96568, 12],
			"rotation": {"angle": 45, "axis": "z", "origin": [8.14142, 3.84142, 6.3]},
			"faces": {
				"north": {"uv": [0, 0, 0.5, 0.5], "texture": "#3"},
				"east": {"uv": [0, 0, 0.5, 0.5], "texture": "#3"},
				"south": {"uv": [0, 0, 0.5, 0.5], "texture": "#3"},
				"west": {"uv": [0, 0, 0.5, 0.5], "texture": "#3"},
				"up": {"uv": [0, 0, 0.5, 0.5], "texture": "#3"},
				"down": {"uv": [0, 0, 0.5, 0.5], "texture": "#3"}
			}
		},
		{
			"name": "octagon",
			"from": [8.2, 3.57574, 0.6],
			"to": [8.3, 3.82426, 12],
			"rotation": {"angle": 0, "axis": "z", "origin": [8, 3.7, 4]},
			"faces": {
				"north": {"uv": [0, 0, 0.5, 0.5], "texture": "#3"},
				"east": {"uv": [0, 0, 0.5, 0.5], "texture": "#3"},
				"south": {"uv": [0, 0, 0.5, 0.5], "texture": "#3"},
				"west": {"uv": [0, 0, 0.5, 0.5], "texture": "#3"},
				"up": {"uv": [0, 0, 0.5, 0.5], "texture": "#3"},
				"down": {"uv": [0, 0, 0.5, 0.5], "texture": "#3"}
			}
		},
		{
			"name": "octagon",
			"from": [7.92574, 4, 11.325],
			"to": [8.07426, 4.65, 11.425],
			"rotation": {"angle": 0, "axis": "y", "origin": [8, 4.75, 11.225]},
			"faces": {
				"north": {"uv": [0, 0, 0.5, 0.5], "texture": "#3"},
				"east": {"uv": [0, 0, 0.5, 0.5], "texture": "#3"},
				"south": {"uv": [0, 0, 0.5, 0.5], "texture": "#3"},
				"west": {"uv": [0, 0, 0.5, 0.5], "texture": "#3"},
				"up": {"uv": [0, 0, 0.5, 0.5], "texture": "#3"},
				"down": {"uv": [0, 0, 0.5, 0.5], "texture": "#3"}
			}
		},
		{
			"name": "octagon",
			"from": [8.15, 4.62574, 11.325],
			"to": [8.3, 4.87426, 11.425],
			"rotation": {"angle": 0, "axis": "y", "origin": [8, 4.75, 11.225]},
			"faces": {
				"north": {"uv": [0, 0, 0.5, 0.5], "texture": "#3"},
				"east": {"uv": [0, 0, 0.5, 0.5], "texture": "#3"},
				"south": {"uv": [0, 0, 0.5, 0.5], "texture": "#3"},
				"west": {"uv": [0, 0, 0.5, 0.5], "texture": "#3"},
				"up": {"uv": [0, 0, 0.5, 0.5], "texture": "#3"},
				"down": {"uv": [0, 0, 0.5, 0.5], "texture": "#3"}
			}
		},
		{
			"name": "octagon",
			"from": [7.7, 4.62574, 11.325],
			"to": [7.85, 4.87426, 11.425],
			"rotation": {"angle": 0, "axis": "y", "origin": [8, 4.75, 11.225]},
			"faces": {
				"north": {"uv": [0, 0, 0.5, 0.5], "texture": "#3"},
				"east": {"uv": [0, 0, 0.5, 0.5], "texture": "#3"},
				"south": {"uv": [0, 0, 0.5, 0.5], "texture": "#3"},
				"west": {"uv": [0, 0, 0.5, 0.5], "texture": "#3"},
				"up": {"uv": [0, 0, 0.5, 0.5], "texture": "#3"},
				"down": {"uv": [0, 0, 0.5, 0.5], "texture": "#3"}
			}
		},
		{
			"name": "octagon",
			"from": [7.7, 4.62574, 11.325],
			"to": [7.875, 4.87426, 11.425],
			"rotation": {"angle": 45, "axis": "z", "origin": [8, 4.75, 11.225]},
			"faces": {
				"north": {"uv": [0, 0, 0.5, 0.5], "texture": "#3"},
				"east": {"uv": [0, 0, 0.5, 0.5], "texture": "#3"},
				"south": {"uv": [0, 0, 0.5, 0.5], "texture": "#3"},
				"west": {"uv": [0, 0, 0.5, 0.5], "texture": "#3"},
				"up": {"uv": [0, 0, 0.5, 0.5], "texture": "#3"},
				"down": {"uv": [0, 0, 0.5, 0.5], "texture": "#3"}
			}
		},
		{
			"name": "octagon",
			"from": [7.87574, 4.45, 11.325],
			"to": [8.12426, 4.65, 11.425],
			"rotation": {"angle": 0, "axis": "y", "origin": [8, 4.75, 11.225]},
			"faces": {
				"north": {"uv": [0, 0, 0.5, 0.5], "texture": "#3"},
				"east": {"uv": [0, 0, 0.5, 0.5], "texture": "#3"},
				"south": {"uv": [0, 0, 0.5, 0.5], "texture": "#3"},
				"west": {"uv": [0, 0, 0.5, 0.5], "texture": "#3"},
				"up": {"uv": [0, 0, 0.5, 0.5], "texture": "#3"},
				"down": {"uv": [0, 0, 0.5, 0.5], "texture": "#3"}
			}
		},
		{
			"name": "octagon",
			"from": [7.87574, 4.45, 11.325],
			"to": [8.12426, 4.625, 11.425],
			"rotation": {"angle": 45, "axis": "z", "origin": [8, 4.75, 11.225]},
			"faces": {
				"north": {"uv": [0, 0, 0.5, 0.5], "texture": "#3"},
				"east": {"uv": [0, 0, 0.5, 0.5], "texture": "#3"},
				"south": {"uv": [0, 0, 0.5, 0.5], "texture": "#3"},
				"west": {"uv": [0, 0, 0.5, 0.5], "texture": "#3"},
				"up": {"uv": [0, 0, 0.5, 0.5], "texture": "#3"},
				"down": {"uv": [0, 0, 0.5, 0.5], "texture": "#3"}
			}
		},
		{
			"name": "octagon",
			"from": [7.87574, 4.45, 3.025],
			"to": [8.12426, 4.65, 3.125],
			"rotation": {"angle": 0, "axis": "z", "origin": [8, 4.75, 2.925]},
			"faces": {
				"north": {"uv": [0, 0, 0.5, 0.5], "texture": "#3"},
				"east": {"uv": [0, 0, 0.5, 0.5], "texture": "#3"},
				"south": {"uv": [0, 0, 0.5, 0.5], "texture": "#3"},
				"west": {"uv": [0, 0, 0.5, 0.5], "texture": "#3"},
				"up": {"uv": [0, 0, 0.5, 0.5], "texture": "#3"},
				"down": {"uv": [0, 0, 0.5, 0.5], "texture": "#3"}
			}
		},
		{
			"name": "octagon",
			"from": [7.97574, 4.45, 3.025],
			"to": [8.02426, 4.775, 3.125],
			"rotation": {"angle": 0, "axis": "y", "origin": [8, 4.75, 2.925]},
			"faces": {
				"north": {"uv": [0, 0, 0.5, 0.5], "texture": "#3"},
				"east": {"uv": [0, 0, 0.5, 0.5], "texture": "#3"},
				"south": {"uv": [0, 0, 0.5, 0.5], "texture": "#3"},
				"west": {"uv": [0, 0, 0.5, 0.5], "texture": "#3"},
				"up": {"uv": [0, 0, 0.5, 0.5], "texture": "#3"},
				"down": {"uv": [0, 0, 0.5, 0.5], "texture": "#3"}
			}
		},
		{
			"name": "octagon",
			"from": [7.92574, 4, 3.025],
			"to": [8.07426, 4.65, 3.125],
			"rotation": {"angle": 0, "axis": "y", "origin": [8, 4.75, 2.925]},
			"faces": {
				"north": {"uv": [0, 0, 0.5, 0.5], "texture": "#3"},
				"east": {"uv": [0, 0, 0.5, 0.5], "texture": "#3"},
				"south": {"uv": [0, 0, 0.5, 0.5], "texture": "#3"},
				"west": {"uv": [0, 0, 0.5, 0.5], "texture": "#3"},
				"up": {"uv": [0, 0, 0.5, 0.5], "texture": "#3"},
				"down": {"uv": [0, 0, 0.5, 0.5], "texture": "#3"}
			}
		}
	],
	"display": {
		"thirdperson_righthand": {
			"translation": [0, 6.75, -9.5],
			"scale": [1.4, 1.4, 1.4]
		},
		"thirdperson_lefthand": {
			"translation": [0, 6.75, -9.5],
			"scale": [1.4, 1.4, 1.4]
		},
		"firstperson_righthand": {
			"translation": [-3.75, 8.75, -1.25]
		},
		"firstperson_lefthand": {
			"translation": [-3.75, 8.75, -1.25]
		},
		"ground": {
			"translation": [0, 5, -1]
		},
		"gui": {
			"rotation": [30, 225, 0],
			"translation": [1, 3.75, 0],
			"scale": [1.2, 1.2, 1.2]
		},
		"fixed": {
			"rotation": [0, 90, 0],
			"translation": [-1.25, 5, -1.25],
			"scale": [1.25, 1.25, 1.25]
		}
	},
	"groups": [
		0,
		1,
		2,
		3,
		4,
		5,
		6,
		7,
		8,
		9,
		10,
		11,
		12,
		13,
		14,
		15,
		16,
		17,
		18,
		{
			"name": "octagon",
			"origin": [8, 8, 8],
			"color": 0,
			"children": [19, 20, 21, 22, 23, 24, 25, 26]
		},
		{
			"name": "octagon",
			"origin": [8, 8, 8],
			"color": 0,
			"children": [27, 28, 29, 30, 31, 32, 33, 34, 35]
		}
	]
}
