{
	"credit": "Made with Blockbench by SirSpark1313",
	"texture_size": [64, 64],
	"textures": {
		"0": "additionalguns:item/mat_49",
		"particle": "additionalguns:item/mat_49"
	},
	"elements": [
		{
			"name": "octagon",
			"from": [7.56079, 4.3, -5],
			"to": [8.38921, 4.8, -3],
			"rotation": {"angle": 45, "axis": "z", "origin": [7.975, 5.3, -4]},
			"faces": {
				"north": {"uv": [5, 2, 5.25, 2.25], "texture": "#0"},
				"east": {"uv": [5, 2.25, 5.5, 2.5], "texture": "#0"},
				"south": {"uv": [6.5, 2.75, 6.75, 3], "texture": "#0"},
				"west": {"uv": [3, 5.75, 3.5, 6], "texture": "#0"},
				"up": {"uv": [3.5, 7.5, 3.25, 7], "texture": "#0"},
				"down": {"uv": [4, 7, 3.75, 7.5], "texture": "#0"}
			}
		},
		{
			"name": "octagon",
			"from": [7.56079, 4.3, -5],
			"to": [8.38921, 4.8, -3],
			"rotation": {"angle": 0, "axis": "z", "origin": [7.975, 5.3, -4]},
			"faces": {
				"north": {"uv": [7.5, 5.5, 7.75, 5.75], "texture": "#0"},
				"east": {"uv": [7, 3.75, 7.5, 4], "texture": "#0"},
				"south": {"uv": [5.75, 7.5, 6, 7.75], "texture": "#0"},
				"west": {"uv": [4, 7, 4.5, 7.25], "texture": "#0"},
				"up": {"uv": [7.25, 4.5, 7, 4], "texture": "#0"},
				"down": {"uv": [4.75, 7, 4.5, 7.5], "texture": "#0"}
			}
		},
		{
			"name": "octagon",
			"from": [7.56079, 5.8, -5],
			"to": [8.38921, 6.3, -3],
			"rotation": {"angle": 45, "axis": "z", "origin": [7.975, 5.3, -4]},
			"faces": {
				"north": {"uv": [6, 7.5, 6.25, 7.75], "texture": "#0"},
				"east": {"uv": [7, 4.5, 7.5, 4.75], "texture": "#0"},
				"south": {"uv": [6.25, 7.5, 6.5, 7.75], "texture": "#0"},
				"west": {"uv": [4.75, 7, 5.25, 7.25], "texture": "#0"},
				"up": {"uv": [7.25, 5.25, 7, 4.75], "texture": "#0"},
				"down": {"uv": [5.5, 7, 5.25, 7.5], "texture": "#0"}
			}
		},
		{
			"name": "octagon",
			"from": [7.56079, 5.8, -5],
			"to": [8.38921, 6.3, -3],
			"rotation": {"angle": 0, "axis": "z", "origin": [7.975, 5.3, -4]},
			"faces": {
				"north": {"uv": [7.5, 6.25, 7.75, 6.5], "texture": "#0"},
				"east": {"uv": [7, 5.25, 7.5, 5.5], "texture": "#0"},
				"south": {"uv": [7.5, 6.5, 7.75, 6.75], "texture": "#0"},
				"west": {"uv": [7, 5.5, 7.5, 5.75], "texture": "#0"},
				"up": {"uv": [7.25, 6.25, 7, 5.75], "texture": "#0"},
				"down": {"uv": [7.25, 6.25, 7, 6.75], "texture": "#0"}
			}
		},
		{
			"name": "octagon",
			"from": [6.975, 4.88579, -5],
			"to": [7.475, 5.71421, -3],
			"rotation": {"angle": 45, "axis": "z", "origin": [7.975, 5.3, -4]},
			"faces": {
				"north": {"uv": [7.5, 6.75, 7.75, 7], "texture": "#0"},
				"east": {"uv": [6.5, 7, 7, 7.25], "texture": "#0"},
				"south": {"uv": [7, 7.5, 7.25, 7.75], "texture": "#0"},
				"west": {"uv": [7, 6.75, 7.5, 7], "texture": "#0"},
				"up": {"uv": [7.25, 7.5, 7, 7], "texture": "#0"},
				"down": {"uv": [0.75, 7.25, 0.5, 7.75], "texture": "#0"}
			}
		},
		{
			"name": "octagon",
			"from": [6.975, 4.88579, -5],
			"to": [7.475, 5.71421, -3],
			"rotation": {"angle": 0, "axis": "z", "origin": [7.975, 5.3, -4]},
			"faces": {
				"north": {"uv": [7.5, 7, 7.75, 7.25], "texture": "#0"},
				"east": {"uv": [7.25, 0.5, 7.75, 0.75], "texture": "#0"},
				"south": {"uv": [7.25, 7.5, 7.5, 7.75], "texture": "#0"},
				"west": {"uv": [0.75, 7.25, 1.25, 7.5], "texture": "#0"},
				"up": {"uv": [7.5, 1.25, 7.25, 0.75], "texture": "#0"},
				"down": {"uv": [1.5, 7.25, 1.25, 7.75], "texture": "#0"}
			}
		},
		{
			"name": "octagon",
			"from": [8.475, 4.88579, -5],
			"to": [8.975, 5.71421, -3],
			"rotation": {"angle": 45, "axis": "z", "origin": [7.975, 5.3, -4]},
			"faces": {
				"north": {"uv": [7.5, 7.25, 7.75, 7.5], "texture": "#0"},
				"east": {"uv": [7.25, 1.25, 7.75, 1.5], "texture": "#0"},
				"south": {"uv": [7.5, 7.5, 7.75, 7.75], "texture": "#0"},
				"west": {"uv": [7.25, 1.5, 7.75, 1.75], "texture": "#0"},
				"up": {"uv": [7.5, 2.25, 7.25, 1.75], "texture": "#0"},
				"down": {"uv": [2.25, 7.25, 2, 7.75], "texture": "#0"}
			}
		},
		{
			"name": "octagon",
			"from": [8.475, 4.88579, -5],
			"to": [8.975, 5.71421, -3],
			"rotation": {"angle": 0, "axis": "z", "origin": [7.975, 5.3, -4]},
			"faces": {
				"north": {"uv": [0, 7.75, 0.25, 8], "texture": "#0"},
				"east": {"uv": [2.25, 7.25, 2.75, 7.5], "texture": "#0"},
				"south": {"uv": [7.75, 0, 8, 0.25], "texture": "#0"},
				"west": {"uv": [7.25, 2.25, 7.75, 2.5], "texture": "#0"},
				"up": {"uv": [7.5, 3, 7.25, 2.5], "texture": "#0"},
				"down": {"uv": [3, 7.25, 2.75, 7.75], "texture": "#0"}
			}
		},
		{
			"from": [7.25, 3.75, -4.5],
			"to": [8.75, 4.5, -3.5],
			"rotation": {"angle": 0, "axis": "y", "origin": [0, -1, -15]},
			"faces": {
				"north": {"uv": [7.25, 3, 7.75, 3.25], "texture": "#0"},
				"east": {"uv": [2.75, 7.75, 3, 8], "texture": "#0"},
				"south": {"uv": [7.25, 3.25, 7.75, 3.5], "texture": "#0"},
				"west": {"uv": [7.75, 2.75, 8, 3], "texture": "#0"},
				"up": {"uv": [7.75, 3.75, 7.25, 3.5], "texture": "#0"},
				"down": {"uv": [4.5, 7.25, 4, 7.5], "texture": "#0"}
			}
		},
		{
			"from": [7.85, 4.5, -4.25],
			"to": [8.1, 5.25, -3.75],
			"rotation": {"angle": 0, "axis": "y", "origin": [0, -1, -15]},
			"faces": {
				"north": {"uv": [3, 7.75, 3.25, 8], "texture": "#0"},
				"east": {"uv": [7.75, 3, 8, 3.25], "texture": "#0"},
				"south": {"uv": [7.75, 3.25, 8, 3.5], "texture": "#0"},
				"west": {"uv": [7.75, 3.5, 8, 3.75], "texture": "#0"},
				"up": {"uv": [4, 8, 3.75, 7.75], "texture": "#0"},
				"down": {"uv": [4.25, 7.75, 4, 8], "texture": "#0"}
			}
		},
		{
			"name": "octagon",
			"from": [7.58579, 2, -7],
			"to": [8.41421, 2.5, 5],
			"rotation": {"angle": 45, "axis": "z", "origin": [8, 3, -4]},
			"faces": {
				"north": {"uv": [0.25, 7.75, 0.5, 8], "texture": "#0"},
				"east": {"uv": [1, 1, 4, 1.25], "texture": "#0"},
				"south": {"uv": [7.75, 0.25, 8, 0.5], "texture": "#0"},
				"west": {"uv": [1, 1.25, 4, 1.5], "texture": "#0"},
				"up": {"uv": [1.25, 4.5, 1, 1.5], "texture": "#0"},
				"down": {"uv": [1.5, 1.5, 1.25, 4.5], "texture": "#0"}
			}
		},
		{
			"name": "octagon",
			"from": [7.58579, 2, -7],
			"to": [8.41421, 2.5, 5],
			"rotation": {"angle": 0, "axis": "z", "origin": [8, 3, -4]},
			"faces": {
				"north": {"uv": [0.5, 7.75, 0.75, 8], "texture": "#0"},
				"east": {"uv": [1.5, 1.5, 4.5, 1.75], "texture": "#0"},
				"south": {"uv": [7.75, 0.5, 8, 0.75], "texture": "#0"},
				"west": {"uv": [1.5, 1.75, 4.5, 2], "texture": "#0"},
				"up": {"uv": [1.75, 5, 1.5, 2], "texture": "#0"},
				"down": {"uv": [2, 2, 1.75, 5], "texture": "#0"}
			}
		},
		{
			"name": "octagon",
			"from": [7.58579, 3.5, -7],
			"to": [8.41421, 4, 5],
			"rotation": {"angle": 45, "axis": "z", "origin": [8, 3, -4]},
			"faces": {
				"north": {"uv": [7.75, 0.75, 8, 1], "texture": "#0"},
				"east": {"uv": [2, 2, 5, 2.25], "texture": "#0"},
				"south": {"uv": [7.75, 1, 8, 1.25], "texture": "#0"},
				"west": {"uv": [2, 2.25, 5, 2.5], "texture": "#0"},
				"up": {"uv": [2.25, 5.5, 2, 2.5], "texture": "#0"},
				"down": {"uv": [2.5, 2.5, 2.25, 5.5], "texture": "#0"}
			}
		},
		{
			"name": "octagon",
			"from": [7.58579, 3.5, -7],
			"to": [8.41421, 4, 5],
			"rotation": {"angle": 0, "axis": "z", "origin": [8, 3, -4]},
			"faces": {
				"north": {"uv": [1.25, 7.75, 1.5, 8], "texture": "#0"},
				"east": {"uv": [2.5, 2.5, 5.5, 2.75], "texture": "#0"},
				"south": {"uv": [7.75, 1.25, 8, 1.5], "texture": "#0"},
				"west": {"uv": [2.75, 0, 5.75, 0.25], "texture": "#0"},
				"up": {"uv": [2.75, 5.75, 2.5, 2.75], "texture": "#0"},
				"down": {"uv": [3, 2.75, 2.75, 5.75], "texture": "#0"}
			}
		},
		{
			"name": "octagon",
			"from": [7, 2.58579, -7],
			"to": [7.5, 3.41421, 5],
			"rotation": {"angle": 45, "axis": "z", "origin": [8, 3, -4]},
			"faces": {
				"north": {"uv": [1.5, 7.75, 1.75, 8], "texture": "#0"},
				"east": {"uv": [2.75, 0.25, 5.75, 0.5], "texture": "#0"},
				"south": {"uv": [7.75, 1.5, 8, 1.75], "texture": "#0"},
				"west": {"uv": [2.75, 0.5, 5.75, 0.75], "texture": "#0"},
				"up": {"uv": [3.25, 5.75, 3, 2.75], "texture": "#0"},
				"down": {"uv": [3.5, 2.75, 3.25, 5.75], "texture": "#0"}
			}
		},
		{
			"name": "octagon",
			"from": [7, 2.58579, -7],
			"to": [7.5, 3.41421, 5],
			"rotation": {"angle": 0, "axis": "z", "origin": [8, 3, -4]},
			"faces": {
				"north": {"uv": [1.75, 7.75, 2, 8], "texture": "#0"},
				"east": {"uv": [2.75, 0.75, 5.75, 1], "texture": "#0"},
				"south": {"uv": [7.75, 1.75, 8, 2], "texture": "#0"},
				"west": {"uv": [3.5, 2.75, 6.5, 3], "texture": "#0"},
				"up": {"uv": [3.75, 6, 3.5, 3], "texture": "#0"},
				"down": {"uv": [0.25, 3.75, 0, 6.75], "texture": "#0"}
			}
		},
		{
			"name": "octagon",
			"from": [8.5, 2.58579, -7],
			"to": [9, 3.41421, 5],
			"rotation": {"angle": 45, "axis": "z", "origin": [8, 3, -4]},
			"faces": {
				"north": {"uv": [2, 7.75, 2.25, 8], "texture": "#0"},
				"east": {"uv": [3.75, 3, 6.75, 3.25], "texture": "#0"},
				"south": {"uv": [7.75, 2, 8, 2.25], "texture": "#0"},
				"west": {"uv": [3.75, 3.25, 6.75, 3.5], "texture": "#0"},
				"up": {"uv": [0.5, 6.75, 0.25, 3.75], "texture": "#0"},
				"down": {"uv": [0.75, 3.75, 0.5, 6.75], "texture": "#0"}
			}
		},
		{
			"name": "octagon",
			"from": [8.5, 2.58579, -7],
			"to": [9, 3.41421, 5],
			"rotation": {"angle": 0, "axis": "z", "origin": [8, 3, -4]},
			"faces": {
				"north": {"uv": [7.75, 2.25, 8, 2.5], "texture": "#0"},
				"east": {"uv": [3.75, 3.5, 6.75, 3.75], "texture": "#0"},
				"south": {"uv": [7.75, 2.5, 8, 2.75], "texture": "#0"},
				"west": {"uv": [3.75, 3.75, 6.75, 4], "texture": "#0"},
				"up": {"uv": [1, 6.75, 0.75, 3.75], "texture": "#0"},
				"down": {"uv": [4, 4, 3.75, 7], "texture": "#0"}
			}
		},
		{
			"from": [6.95, 1.925, 4],
			"to": [9.05, 4.075, 15.5],
			"rotation": {"angle": 0, "axis": "y", "origin": [0, -1, -8]},
			"faces": {
				"north": {"uv": [3.75, 8.25, 4.75, 9.25], "texture": "#0"},
				"east": {"uv": [0, 0, 2.75, 0.5], "texture": "#0"},
				"south": {"uv": [6.5, 0, 7, 0.5], "texture": "#0"},
				"west": {"uv": [0, 0.5, 2.75, 1], "texture": "#0"},
				"up": {"uv": [0.5, 3.75, 0, 1], "texture": "#0"},
				"down": {"uv": [1, 1, 0.5, 3.75], "texture": "#0"}
			}
		},
		{
			"from": [7, 0, 9.5],
			"to": [9, 2, 12.25],
			"rotation": {"angle": 0, "axis": "y", "origin": [0, -1, -5.5]},
			"faces": {
				"north": {"uv": [2.5, 6.5, 3, 7], "texture": "#0"},
				"east": {"uv": [4.5, 1.5, 5.25, 2], "texture": "#0"},
				"south": {"uv": [3, 6.5, 3.5, 7], "texture": "#0"},
				"west": {"uv": [5.75, 0, 6.5, 0.5], "texture": "#0"},
				"up": {"uv": [6.25, 1.25, 5.75, 0.5], "texture": "#0"},
				"down": {"uv": [1.5, 5.75, 1, 6.5], "texture": "#0"}
			}
		},
		{
			"from": [7, 0, 12.25],
			"to": [9, 0.75, 14.75],
			"rotation": {"angle": 0, "axis": "y", "origin": [0, -1, -5.5]},
			"faces": {
				"north": {"uv": [3.75, 7.5, 4.25, 7.75], "texture": "#0"},
				"east": {"uv": [5.75, 2, 6.5, 2.25], "texture": "#0"},
				"south": {"uv": [7.5, 3.75, 8, 4], "texture": "#0"},
				"west": {"uv": [7, 0, 7.75, 0.25], "texture": "#0"},
				"up": {"uv": [6.75, 2, 6.25, 1.25], "texture": "#0"},
				"down": {"uv": [2, 6.25, 1.5, 7], "texture": "#0"}
			}
		},
		{
			"from": [7.025, 0, 14.75],
			"to": [8.975, 3.975, 15.75],
			"rotation": {"angle": 0, "axis": "y", "origin": [0, -1, -5.5]},
			"faces": {
				"north": {"uv": [2, 5.5, 2.5, 6.5], "texture": "#0"},
				"east": {"uv": [0, 6.75, 0.25, 7.75], "texture": "#0"},
				"south": {"uv": [5.5, 5.5, 6, 6.5], "texture": "#0"},
				"west": {"uv": [0.25, 6.75, 0.5, 7.75], "texture": "#0"},
				"up": {"uv": [8, 4.25, 7.5, 4], "texture": "#0"},
				"down": {"uv": [4.75, 7.5, 4.25, 7.75], "texture": "#0"}
			}
		},
		{
			"from": [7.05, 5.74025, 5.64181],
			"to": [8.95, 7.74025, 10.64181],
			"rotation": {"angle": 22.5, "axis": "x", "origin": [0, 5.74025, -4.35819]},
			"faces": {
				"north": {"uv": [6.5, 4.5, 7, 5], "texture": "#0"},
				"east": {"uv": [4, 1, 5.25, 1.5], "texture": "#0"},
				"south": {"uv": [6.5, 5, 7, 5.5], "texture": "#0"},
				"west": {"uv": [4, 4, 5.25, 4.5], "texture": "#0"},
				"up": {"uv": [1.5, 5.75, 1, 4.5], "texture": "#0"},
				"down": {"uv": [4.5, 4.5, 4, 5.75], "texture": "#0"}
			}
		},
		{
			"from": [6, 2, 7.5],
			"to": [7, 3, 8.5],
			"rotation": {"angle": 0, "axis": "y", "origin": [6, 3, 14.5]},
			"faces": {
				"north": {"uv": [4.25, 7.75, 4.5, 8], "texture": "#0"},
				"east": {"uv": [4.5, 7.75, 4.75, 8], "texture": "#0"},
				"south": {"uv": [4.75, 7.75, 5, 8], "texture": "#0"},
				"west": {"uv": [5, 7.75, 5.25, 8], "texture": "#0"},
				"up": {"uv": [5.5, 8, 5.25, 7.75], "texture": "#0"},
				"down": {"uv": [5.75, 7.75, 5.5, 8], "texture": "#0"}
			}
		},
		{
			"from": [7.175, 2, 4.5],
			"to": [8.825, 4, 5.5],
			"rotation": {"angle": 0, "axis": "y", "origin": [6, 3, 14.5]},
			"faces": {
				"north": {"uv": [4.25, 7.75, 4.5, 8], "texture": "#0"},
				"east": {"uv": [4.5, 7.75, 4.75, 8], "texture": "#0"},
				"south": {"uv": [4.75, 7.75, 5, 8], "texture": "#0"},
				"west": {"uv": [5, 7.75, 5.25, 8], "texture": "#0"},
				"up": {"uv": [5.5, 8, 5.25, 7.75], "texture": "#0"},
				"down": {"uv": [5.75, 7.75, 5.5, 8], "texture": "#0"}
			}
		},
		{
			"from": [7, 4, 9],
			"to": [7.25, 5.75, 12.5],
			"rotation": {"angle": 0, "axis": "y", "origin": [6, 3, 14.5]},
			"faces": {
				"north": {"uv": [6.5, 7.25, 6.75, 7.75], "texture": "#0"},
				"east": {"uv": [5.25, 4, 6.25, 4.5], "texture": "#0"},
				"south": {"uv": [6.75, 7.25, 7, 7.75], "texture": "#0"},
				"west": {"uv": [5.5, 2.25, 6.5, 2.75], "texture": "#0"},
				"up": {"uv": [3.75, 7.5, 3.5, 6.5], "texture": "#0"},
				"down": {"uv": [5.75, 6.5, 5.5, 7.5], "texture": "#0"}
			}
		},
		{
			"from": [8.75, 4, 9],
			"to": [9, 5.75, 12.5],
			"rotation": {"angle": 0, "axis": "y", "origin": [6, 3, 14.5]},
			"faces": {
				"north": {"uv": [7.25, 7, 7.5, 7.5], "texture": "#0"},
				"east": {"uv": [5.5, 4.5, 6.5, 5], "texture": "#0"},
				"south": {"uv": [0.75, 7.5, 1, 8], "texture": "#0"},
				"west": {"uv": [5.5, 5, 6.5, 5.5], "texture": "#0"},
				"up": {"uv": [6, 7.5, 5.75, 6.5], "texture": "#0"},
				"down": {"uv": [6.75, 6, 6.5, 7], "texture": "#0"}
			}
		},
		{
			"from": [8.75, 5.65, 9],
			"to": [9, 5.75, 12.5],
			"rotation": {"angle": 0, "axis": "y", "origin": [6, 3, 14.5]},
			"faces": {
				"north": {"uv": [7.25, 7, 7.5, 7.5], "texture": "#0"},
				"east": {"uv": [5.5, 4.75, 6.5, 5], "texture": "#0"},
				"south": {"uv": [0.75, 7.5, 1, 8], "texture": "#0"},
				"west": {"uv": [0.25, 2.5, 0.5625, 1.63125], "texture": "#0"},
				"up": {"uv": [6, 7.5, 5.75, 6.5], "texture": "#0"},
				"down": {"uv": [6.75, 6, 6.5, 7], "texture": "#0"}
			}
		},
		{
			"from": [7, 5.65, 9],
			"to": [7.25, 5.75, 12.5],
			"rotation": {"angle": 0, "axis": "y", "origin": [4.25, 3, 14.5]},
			"faces": {
				"north": {"uv": [7.25, 7, 7.5, 7.5], "texture": "#0"},
				"east": {"uv": [5.5, 4.75, 6.5, 5], "texture": "#0"},
				"south": {"uv": [0.75, 7.5, 1, 8], "texture": "#0"},
				"west": {"uv": [0.25, 3, 0, 2], "texture": "#0"},
				"up": {"uv": [6, 7.5, 5.75, 6.5], "texture": "#0"},
				"down": {"uv": [6.75, 6, 6.5, 7], "texture": "#0"}
			}
		},
		{
			"from": [8.775, 2.46195, 6.49896],
			"to": [8.975, 5.21195, 7.99896],
			"rotation": {"angle": 45, "axis": "x", "origin": [6, 2.46195, 8.39896]},
			"faces": {
				"north": {"uv": [6.75, 3.75, 7, 4.5], "texture": "#0"},
				"east": {"uv": [5.75, 1.25, 6.25, 2], "texture": "#0"},
				"south": {"uv": [6.75, 5.5, 7, 6.25], "texture": "#0"},
				"west": {"uv": [2.5, 5.75, 3, 6.5], "texture": "#0"},
				"up": {"uv": [7.75, 1.25, 7.5, 0.75], "texture": "#0"},
				"down": {"uv": [1.25, 7.5, 1, 8], "texture": "#0"}
			}
		},
		{
			"from": [7.025, 2.46195, 6.49896],
			"to": [7.225, 5.21195, 7.99896],
			"rotation": {"angle": 45, "axis": "x", "origin": [6, 2.46195, 8.39896]},
			"faces": {
				"north": {"uv": [1.75, 7, 2, 7.75], "texture": "#0"},
				"east": {"uv": [6, 6, 6.5, 6.75], "texture": "#0"},
				"south": {"uv": [7, 2, 7.25, 2.75], "texture": "#0"},
				"west": {"uv": [6.25, 0.5, 6.75, 1.25], "texture": "#0"},
				"up": {"uv": [3.5, 8, 3.25, 7.5], "texture": "#0"},
				"down": {"uv": [3.75, 7.5, 3.5, 8], "texture": "#0"}
			}
		},
		{
			"from": [8.775, 3.46195, 9.99896],
			"to": [8.975, 5.21195, 12.49896],
			"rotation": {"angle": 45, "axis": "x", "origin": [6, 2.46195, 11.89896]},
			"faces": {
				"north": {"uv": [2.5, 7.5, 2.75, 8], "texture": "#0"},
				"east": {"uv": [3, 6, 3.75, 6.5], "texture": "#0"},
				"south": {"uv": [7.5, 2.5, 7.75, 3], "texture": "#0"},
				"west": {"uv": [6, 5.5, 6.75, 6], "texture": "#0"},
				"up": {"uv": [7, 7, 6.75, 6.25], "texture": "#0"},
				"down": {"uv": [1.75, 7, 1.5, 7.75], "texture": "#0"}
			}
		},
		{
			"from": [7.025, 3.46195, 9.99896],
			"to": [7.225, 5.21195, 12.49896],
			"rotation": {"angle": 45, "axis": "x", "origin": [6, 2.46195, 11.89896]},
			"faces": {
				"north": {"uv": [7.5, 1.75, 7.75, 2.25], "texture": "#0"},
				"east": {"uv": [4, 5.75, 4.75, 6.25], "texture": "#0"},
				"south": {"uv": [2.25, 7.5, 2.5, 8], "texture": "#0"},
				"west": {"uv": [4.75, 5.75, 5.5, 6.25], "texture": "#0"},
				"up": {"uv": [6.25, 7.5, 6, 6.75], "texture": "#0"},
				"down": {"uv": [6.5, 6.75, 6.25, 7.5], "texture": "#0"}
			}
		},
		{
			"from": [7.15, -2.88805, 13.14896],
			"to": [8.85, -0.28805, 14.89896],
			"rotation": {"angle": -22.5, "axis": "x", "origin": [6, 2.46195, 11.89896]},
			"faces": {
				"north": {"uv": [4, 6.25, 4.5, 7], "texture": "#0"},
				"east": {"uv": [4.5, 6.25, 5, 7], "texture": "#0"},
				"south": {"uv": [5, 6.25, 5.5, 7], "texture": "#0"},
				"west": {"uv": [1, 6.5, 1.5, 7.25], "texture": "#0"},
				"up": {"uv": [1, 7.25, 0.5, 6.75], "texture": "#0"},
				"down": {"uv": [7.25, 0.5, 6.75, 1], "texture": "#0"}
			}
		},
		{
			"from": [7.15, -3.51849, 12.74589],
			"to": [8.85, -2.91849, 14.74589],
			"rotation": {"angle": -22.5, "axis": "x", "origin": [6, 2.83151, 11.74589]},
			"faces": {
				"north": {"uv": [7.5, 4.25, 8, 4.5], "texture": "#0"},
				"east": {"uv": [7.5, 4.5, 8, 4.75], "texture": "#0"},
				"south": {"uv": [7.5, 4.75, 8, 5], "texture": "#0"},
				"west": {"uv": [7.5, 5, 8, 5.25], "texture": "#0"},
				"up": {"uv": [7.25, 1.5, 6.75, 1], "texture": "#0"},
				"down": {"uv": [7.25, 1.5, 6.75, 2], "texture": "#0"}
			}
		},
		{
			"from": [6.1, 1.75, 7.5],
			"to": [7, 3.25, 8.5],
			"rotation": {"angle": 0, "axis": "y", "origin": [6, 3, 14.5]},
			"faces": {
				"north": {"uv": [3, 7.25, 3.25, 7.75], "texture": "#0"},
				"east": {"uv": [7.25, 4, 7.5, 4.5], "texture": "#0"},
				"south": {"uv": [4.75, 7.25, 5, 7.75], "texture": "#0"},
				"west": {"uv": [7.25, 4.75, 7.5, 5.25], "texture": "#0"},
				"up": {"uv": [8, 5.75, 7.75, 5.5], "texture": "#0"},
				"down": {"uv": [6, 7.75, 5.75, 8], "texture": "#0"}
			}
		},
		{
			"from": [6.1, 2, 7.25],
			"to": [7, 3, 8.75],
			"rotation": {"angle": 0, "axis": "y", "origin": [6, 3, 14.5]},
			"faces": {
				"north": {"uv": [7.75, 5.75, 8, 6], "texture": "#0"},
				"east": {"uv": [7.25, 5.75, 7.75, 6], "texture": "#0"},
				"south": {"uv": [6, 7.75, 6.25, 8], "texture": "#0"},
				"west": {"uv": [7.25, 6, 7.75, 6.25], "texture": "#0"},
				"up": {"uv": [5.25, 7.75, 5, 7.25], "texture": "#0"},
				"down": {"uv": [7.5, 6.25, 7.25, 6.75], "texture": "#0"}
			}
		},
		{
			"from": [8.05, 1, 13.5],
			"to": [8.45, 1.25, 14.25],
			"rotation": {"angle": 0, "axis": "y", "origin": [0, -5, -8]},
			"faces": {
				"north": {"uv": [7.75, 6, 8, 6.25], "texture": "#0"},
				"east": {"uv": [6.25, 7.75, 6.5, 8], "texture": "#0"},
				"south": {"uv": [7.75, 6.25, 8, 6.5], "texture": "#0"},
				"west": {"uv": [6.5, 7.75, 6.75, 8], "texture": "#0"},
				"up": {"uv": [8, 6.75, 7.75, 6.5], "texture": "#0"},
				"down": {"uv": [7, 7.75, 6.75, 8], "texture": "#0"}
			}
		},
		{
			"from": [8.1, 21.84924, 17.66548],
			"to": [8.4, 22.19924, 17.91548],
			"rotation": {"angle": 45, "axis": "x", "origin": [0, 15.84924, -9.08452]},
			"faces": {
				"north": {"uv": [7.75, 7.5, 8, 7.75], "texture": "#0"},
				"east": {"uv": [7.75, 7.75, 8, 8], "texture": "#0"},
				"south": {"uv": [0, 8, 0.25, 8.25], "texture": "#0"},
				"west": {"uv": [8, 0, 8.25, 0.25], "texture": "#0"},
				"up": {"uv": [0.5, 8.25, 0.25, 8], "texture": "#0"},
				"down": {"uv": [8.25, 0.25, 8, 0.5], "texture": "#0"}
			}
		},
		{
			"from": [8.05, 1.25, 14.25],
			"to": [8.45, 2, 14.5],
			"rotation": {"angle": 0, "axis": "y", "origin": [0, -5, -8]},
			"faces": {
				"north": {"uv": [7.75, 6.75, 8, 7], "texture": "#0"},
				"east": {"uv": [7, 7.75, 7.25, 8], "texture": "#0"},
				"south": {"uv": [7.75, 7, 8, 7.25], "texture": "#0"},
				"west": {"uv": [7.25, 7.75, 7.5, 8], "texture": "#0"},
				"up": {"uv": [8, 7.5, 7.75, 7.25], "texture": "#0"},
				"down": {"uv": [7.75, 7.75, 7.5, 8], "texture": "#0"}
			}
		},
		{
			"from": [7.05, -4.75, 10],
			"to": [8.95, 0.25, 12],
			"rotation": {"angle": 0, "axis": "y", "origin": [0, -5, -8]},
			"faces": {
				"north": {"uv": [4.5, 4.5, 5, 5.75], "texture": "#0"},
				"east": {"uv": [1.5, 5, 2, 6.25], "texture": "#0"},
				"south": {"uv": [5, 4.5, 5.5, 5.75], "texture": "#0"},
				"west": {"uv": [5.25, 1, 5.75, 2.25], "texture": "#0"},
				"up": {"uv": [7.25, 3.25, 6.75, 2.75], "texture": "#0"},
				"down": {"uv": [7.25, 3.25, 6.75, 3.75], "texture": "#0"}
			}
		},
		{
			"from": [7.05, -5.75, 9],
			"to": [8.95, -4.75, 12],
			"rotation": {"angle": 0, "axis": "y", "origin": [0, -5, -8]},
			"faces": {
				"north": {"uv": [5.25, 7.5, 5.75, 7.75], "texture": "#0"},
				"east": {"uv": [7, 0.25, 7.75, 0.5], "texture": "#0"},
				"south": {"uv": [7.5, 5.25, 8, 5.5], "texture": "#0"},
				"west": {"uv": [2.5, 7, 3.25, 7.25], "texture": "#0"},
				"up": {"uv": [2.5, 7.25, 2, 6.5], "texture": "#0"},
				"down": {"uv": [7, 2, 6.5, 2.75], "texture": "#0"}
			}
		}
	],
	"display": {
		"thirdperson_righthand": {
			"translation": [0, 4.25, -3.5],
			"scale": [0.65, 0.65, 0.65]
		},
		"thirdperson_lefthand": {
			"translation": [0, 4.25, -3.5],
			"scale": [0.65, 0.65, 0.65]
		},
		"firstperson_righthand": {
			"translation": [-4.5, 8.5, -1.25],
			"scale": [0.75, 0.75, 0.75]
		},
		"firstperson_lefthand": {
			"translation": [-4.5, 8.5, -1.25],
			"scale": [0.75, 0.75, 0.75]
		},
		"ground": {
			"translation": [0, 3.75, -0.5],
			"scale": [0.6, 0.6, 0.6]
		},
		"gui": {
			"rotation": [30, 225, 0],
			"translation": [-1, 3.25, 0],
			"scale": [0.7, 0.7, 0.7]
		},
		"fixed": {
			"rotation": [0, 90, 0],
			"translation": [2.25, 4.5, -2],
			"scale": [0.75, 0.75, 0.75]
		}
	},
	"groups": [
		{
			"name": "forwardirons",
			"origin": [8, 8, 8],
			"color": 0,
			"children": [0, 1, 2, 3, 4, 5, 6, 7, 8, 9]
		},
		{
			"name": "barrel",
			"origin": [8, 8, 8],
			"color": 0,
			"children": [10, 11, 12, 13, 14, 15, 16, 17]
		},
		18,
		19,
		20,
		21,
		22,
		23,
		24,
		25,
		26,
		27,
		28,
		29,
		30,
		31,
		32,
		33,
		34,
		35,
		36,
		37,
		38,
		39,
		40,
		41
	]
}
