{
	"credit": "Made with Blockbench",
	"texture_size": [64, 64],
	"textures": {
		"1": "additionalguns:item/mp7a2"
	},
	"elements": [
		{
			"from": [6.875, 6, 12.375],
			"to": [9.125, 9, 24.375],
			"rotation": {"angle": 0, "axis": "y", "origin": [0, 6, 5.375]},
			"faces": {
				"north": {"uv": [6.5, 0, 7.125, 0.75], "texture": "#1"},
				"east": {"uv": [0, 1, 3, 1.75], "texture": "#1", "tintindex": 0},
				"south": {"uv": [7.25, 0, 7.875, 0.75], "texture": "#1", "tintindex": 0},
				"west": {"uv": [0, 1.75, 3, 2.5], "texture": "#1", "tintindex": 0},
				"up": {"uv": [0.625, 5.5, 0, 2.5], "texture": "#1"},
				"down": {"uv": [1.375, 2.5, 0.75, 5.5], "texture": "#1", "tintindex": 0}
			}
		},
		{
			"from": [7.575, 7.45, 5.895],
			"to": [8.425, 9.45, 24.375],
			"rotation": {"angle": 0, "axis": "y", "origin": [0, 6, 5.375]},
			"faces": {
				"north": {"uv": [6.5, 0, 7.125, 0.75], "texture": "#1", "tintindex": 0},
				"east": {"uv": [0, 1, 3, 1.75], "texture": "#1", "tintindex": 0},
				"south": {"uv": [7.25, 0, 7.875, 0.75], "texture": "#1", "tintindex": 0},
				"west": {"uv": [0, 1.75, 3, 2.5], "texture": "#1", "tintindex": 0},
				"up": {"uv": [0.625, 5.5, 0, 2.5], "texture": "#1", "tintindex": 0},
				"down": {"uv": [1.375, 2.5, 0.75, 5.5], "texture": "#1", "tintindex": 0}
			}
		},
		{
			"from": [6.875, 3.225, 31.375],
			"to": [9.125, 8.775, 31.875],
			"rotation": {"angle": 0, "axis": "y", "origin": [0, 5.775, 11.375]},
			"faces": {
				"north": {"uv": [6, 6, 6.625, 7.375], "texture": "#1"},
				"east": {"uv": [5.75, 8.5, 5.875, 9.875], "texture": "#1"},
				"south": {"uv": [6.75, 6, 7.375, 7.375], "texture": "#1"},
				"west": {"uv": [8.5, 7.25, 8.625, 8.625], "texture": "#1"},
				"up": {"uv": [10.875, 1.125, 10.25, 1], "texture": "#1"},
				"down": {"uv": [10.875, 1.25, 10.25, 1.375], "texture": "#1"}
			}
		},
		{
			"from": [7.225, 2.875, 31.375],
			"to": [8.775, 3.225, 31.875],
			"rotation": {"angle": 0, "axis": "y", "origin": [0, 5.775, 11.375]},
			"faces": {
				"north": {"uv": [10.75, 3.5, 11.125, 3.625], "texture": "#1"},
				"east": {"uv": [11.25, 1.25, 11.375, 1.375], "texture": "#1"},
				"south": {"uv": [10.75, 3.75, 11.125, 3.875], "texture": "#1"},
				"west": {"uv": [1.5, 11.25, 1.625, 11.375], "texture": "#1"},
				"up": {"uv": [11.125, 4.375, 10.75, 4.25], "texture": "#1"},
				"down": {"uv": [11.125, 4.75, 10.75, 4.875], "texture": "#1"}
			}
		},
		{
			"from": [8.21258, 7.99314, 31.375],
			"to": [8.76258, 8.49314, 31.875],
			"rotation": {"angle": 45, "axis": "z", "origin": [8, 8.82155, 31.625]},
			"faces": {
				"north": {"uv": [11.25, 2.5, 11.375, 2.625], "texture": "#1"},
				"east": {"uv": [2.75, 11.25, 2.875, 11.375], "texture": "#1"},
				"south": {"uv": [11.25, 2.75, 11.375, 2.875], "texture": "#1"},
				"west": {"uv": [3, 11.25, 3.125, 11.375], "texture": "#1"},
				"up": {"uv": [11.375, 3.125, 11.25, 3], "texture": "#1"},
				"down": {"uv": [3.375, 11.25, 3.25, 11.375], "texture": "#1"}
			}
		},
		{
			"from": [7.17159, 9.03413, 31.375],
			"to": [7.67159, 9.58413, 31.875],
			"rotation": {"angle": 45, "axis": "z", "origin": [8, 8.82155, 31.625]},
			"faces": {
				"north": {"uv": [11.25, 1.75, 11.375, 1.875], "texture": "#1"},
				"east": {"uv": [2, 11.25, 2.125, 11.375], "texture": "#1"},
				"south": {"uv": [11.25, 2, 11.375, 2.125], "texture": "#1"},
				"west": {"uv": [2.25, 11.25, 2.375, 11.375], "texture": "#1"},
				"up": {"uv": [11.375, 2.375, 11.25, 2.25], "texture": "#1"},
				"down": {"uv": [2.625, 11.25, 2.5, 11.375], "texture": "#1"}
			}
		},
		{
			"from": [7.225, 8.775, 31.375],
			"to": [8.775, 9.125, 31.875],
			"rotation": {"angle": 0, "axis": "y", "origin": [8, 8.82155, 31.625]},
			"faces": {
				"north": {"uv": [10.75, 5, 11.125, 5.125], "texture": "#1"},
				"east": {"uv": [11.25, 1.5, 11.375, 1.625], "texture": "#1"},
				"south": {"uv": [5.25, 10.75, 5.625, 10.875], "texture": "#1"},
				"west": {"uv": [1.75, 11.25, 1.875, 11.375], "texture": "#1"},
				"up": {"uv": [11.125, 5.375, 10.75, 5.25], "texture": "#1"},
				"down": {"uv": [11.125, 5.5, 10.75, 5.625], "texture": "#1"}
			}
		},
		{
			"from": [6.99623, 2.96768, 31.375],
			"to": [7.49623, 3.51768, 31.875],
			"rotation": {"angle": -45, "axis": "z", "origin": [7.24623, 3.24268, 31.625]},
			"faces": {
				"north": {"uv": [11, 10.75, 11.125, 10.875], "texture": "#1"},
				"east": {"uv": [11, 11, 11.125, 11.125], "texture": "#1"},
				"south": {"uv": [0, 11.25, 0.125, 11.375], "texture": "#1"},
				"west": {"uv": [11.25, 0, 11.375, 0.125], "texture": "#1"},
				"up": {"uv": [0.375, 11.375, 0.25, 11.25], "texture": "#1"},
				"down": {"uv": [11.375, 0.25, 11.25, 0.375], "texture": "#1"}
			}
		},
		{
			"from": [8.50377, 2.96768, 31.375],
			"to": [9.00377, 3.51768, 31.875],
			"rotation": {"angle": 45, "axis": "z", "origin": [8.75377, 3.24268, 31.625]},
			"faces": {
				"north": {"uv": [11.25, 0.5, 11.375, 0.625], "texture": "#1"},
				"east": {"uv": [0.75, 11.25, 0.875, 11.375], "texture": "#1"},
				"south": {"uv": [11.25, 0.75, 11.375, 0.875], "texture": "#1"},
				"west": {"uv": [1, 11.25, 1.125, 11.375], "texture": "#1"},
				"up": {"uv": [11.375, 1.125, 11.25, 1], "texture": "#1"},
				"down": {"uv": [1.375, 11.25, 1.25, 11.375], "texture": "#1"}
			}
		},
		{
			"from": [6.925, 5.775, 30.375],
			"to": [9.075, 8.775, 31.375],
			"rotation": {"angle": 0, "axis": "y", "origin": [0, 5.775, 11.375]},
			"faces": {
				"north": {"uv": [7, 5.25, 7.5, 6], "texture": "#1", "tintindex": 0},
				"east": {"uv": [5, 8.25, 5.25, 9], "texture": "#1", "tintindex": 0},
				"south": {"uv": [6, 8, 6.5, 8.75], "texture": "#1"},
				"west": {"uv": [8.25, 8, 8.5, 8.75], "texture": "#1", "tintindex": 0},
				"up": {"uv": [9.5, 7.5, 9, 7.25], "texture": "#1", "tintindex": 0},
				"down": {"uv": [9.5, 7.5, 9, 7.75], "texture": "#1"}
			}
		},
		{
			"from": [6.925, 6.94154, 29.8918],
			"to": [9.075, 8.77654, 30.69789],
			"rotation": {"angle": 0, "axis": "y", "origin": [0, 5.77654, 11.37289]},
			"faces": {
				"north": {"uv": [7, 5.25, 7.5, 6], "texture": "#1", "tintindex": 0},
				"east": {"uv": [5, 8.25, 5.25, 9], "texture": "#1", "tintindex": 0},
				"south": {"uv": [6, 8, 6.5, 8.75], "texture": "#1", "tintindex": 0},
				"west": {"uv": [8.25, 8, 8.5, 8.75], "texture": "#1", "tintindex": 0},
				"up": {"uv": [9.5, 7.5, 9, 7.25], "texture": "#1", "tintindex": 0},
				"down": {"uv": [9.5, 7.5, 9, 7.75], "texture": "#1", "tintindex": 0}
			}
		},
		{
			"from": [6.925, 4.83052, 30.91096],
			"to": [9.075, 7.34318, 31.91096],
			"rotation": {"angle": -22.5, "axis": "x", "origin": [8, 4.58052, 31.41096]},
			"faces": {
				"north": {"uv": [8.25, 5.75, 8.75, 6.125], "texture": "#1", "tintindex": 0},
				"east": {"uv": [8.5, 9.75, 8.75, 10.125], "texture": "#1", "tintindex": 0},
				"south": {"uv": [8.5, 3, 9, 3.375], "texture": "#1"},
				"west": {"uv": [9.5, 9.75, 9.75, 10.125], "texture": "#1", "tintindex": 0},
				"up": {"uv": [9.5, 8, 9, 7.75], "texture": "#1"},
				"down": {"uv": [8.5, 9, 8, 9.25], "texture": "#1"}
			}
		},
		{
			"from": [6.925, 4.08052, 30.91096],
			"to": [9.075, 4.83052, 31.66096],
			"rotation": {"angle": -22.5, "axis": "x", "origin": [8, 4.58052, 31.41096]},
			"faces": {
				"north": {"uv": [9, 8, 9.5, 8.25], "texture": "#1", "tintindex": 0},
				"east": {"uv": [8.25, 7.25, 8.5, 7.5], "texture": "#1", "tintindex": 0},
				"south": {"uv": [9, 8.25, 9.5, 8.5], "texture": "#1"},
				"west": {"uv": [10.25, 1.5, 10.5, 1.75], "texture": "#1", "tintindex": 0},
				"up": {"uv": [9, 9.25, 8.5, 9], "texture": "#1"},
				"down": {"uv": [9.5, 8.5, 9, 8.75], "texture": "#1"}
			}
		},
		{
			"from": [6.925, 3.58052, 30.91096],
			"to": [9.075, 4.08052, 31.41096],
			"rotation": {"angle": -22.5, "axis": "x", "origin": [8, 4.58052, 31.41096]},
			"faces": {
				"north": {"uv": [10.25, 1.75, 10.75, 1.875], "texture": "#1", "tintindex": 0},
				"east": {"uv": [5.5, 11, 5.625, 11.125], "texture": "#1", "tintindex": 0},
				"south": {"uv": [2, 10.25, 2.5, 10.375], "texture": "#1"},
				"west": {"uv": [5.75, 11, 5.875, 11.125], "texture": "#1", "tintindex": 0},
				"up": {"uv": [10.75, 2.125, 10.25, 2], "texture": "#1"},
				"down": {"uv": [10.75, 2.25, 10.25, 2.375], "texture": "#1"}
			}
		},
		{
			"from": [6.925, 3.33052, 30.91096],
			"to": [9.075, 3.58052, 31.16096],
			"rotation": {"angle": -22.5, "axis": "x", "origin": [8, 4.58052, 31.41096]},
			"faces": {
				"north": {"uv": [2.5, 10.25, 3, 10.375], "texture": "#1", "tintindex": 0},
				"east": {"uv": [11, 5.75, 11.125, 5.875], "texture": "#1", "tintindex": 0},
				"south": {"uv": [10.25, 2.5, 10.75, 2.625], "texture": "#1"},
				"west": {"uv": [6, 11, 6.125, 11.125], "texture": "#1", "tintindex": 0},
				"up": {"uv": [10.75, 2.875, 10.25, 2.75], "texture": "#1"},
				"down": {"uv": [10.75, 3, 10.25, 3.125], "texture": "#1"}
			}
		},
		{
			"from": [6.875, -0.75, 15.625],
			"to": [9.125, 6, 19.125],
			"rotation": {"angle": 0, "axis": "y", "origin": [0, 6, 5.625]},
			"faces": {
				"north": {"uv": [3.25, 5.25, 3.875, 7], "texture": "#1", "tintindex": 0},
				"east": {"uv": [1.5, 3.5, 2.375, 5.25], "texture": "#1", "tintindex": 0},
				"south": {"uv": [5.25, 3.5, 5.875, 5.25], "texture": "#1", "tintindex": 0},
				"west": {"uv": [2.5, 3.5, 3.375, 5.25], "texture": "#1", "tintindex": 0},
				"up": {"uv": [6.875, 3.375, 6.25, 2.5], "texture": "#1"},
				"down": {"uv": [7.625, 2.5, 7, 3.375], "texture": "#1", "tintindex": 0}
			}
		},
		{
			"from": [6.875, -1, 15.625],
			"to": [9.125, -0.75, 16.375],
			"rotation": {"angle": 0, "axis": "y", "origin": [0, 6, 5.625]},
			"faces": {
				"north": {"uv": [10, 8.75, 10.625, 8.875], "texture": "#1"},
				"east": {"uv": [7.25, 10.75, 7.5, 10.875], "texture": "#1", "tintindex": 0},
				"south": {"uv": [10, 9, 10.625, 9.125], "texture": "#1", "tintindex": 0},
				"west": {"uv": [10.75, 7.25, 11, 7.375], "texture": "#1", "tintindex": 0},
				"up": {"uv": [5.625, 9.25, 5, 9], "texture": "#1"},
				"down": {"uv": [6.875, 9, 6.25, 9.25], "texture": "#1", "tintindex": 0}
			}
		},
		{
			"from": [6.875, -1, 18.375],
			"to": [9.125, -0.75, 19.125],
			"rotation": {"angle": 0, "axis": "y", "origin": [0, 6, 5.625]},
			"faces": {
				"north": {"uv": [10, 9.25, 10.625, 9.375], "texture": "#1", "tintindex": 0},
				"east": {"uv": [7.5, 10.75, 7.75, 10.875], "texture": "#1", "tintindex": 0},
				"south": {"uv": [9.75, 10, 10.375, 10.125], "texture": "#1"},
				"west": {"uv": [10.75, 7.5, 11, 7.625], "texture": "#1", "tintindex": 0},
				"up": {"uv": [9.625, 6.5, 9, 6.25], "texture": "#1"},
				"down": {"uv": [9.625, 6.5, 9, 6.75], "texture": "#1", "tintindex": 0}
			}
		},
		{
			"from": [7.25, -2.25, 15.875],
			"to": [8.75, 2.5, 18.875],
			"rotation": {"angle": 0, "axis": "y", "origin": [0, 6, 5.625]},
			"faces": {
				"north": {"uv": [0.25, 0, 1, 1.625], "texture": "#1"},
				"east": {"uv": [0.25, 0, 1, 1.625], "texture": "#1"},
				"south": {"uv": [0.25, 0, 1, 1.625], "texture": "#1"},
				"west": {"uv": [0.25, 0, 1, 1.625], "texture": "#1"},
				"up": {"uv": [0.25, 0, 1, 1.625], "texture": "#1"},
				"down": {"uv": [0.25, 0, 1, 1.625], "texture": "#1"}
			}
		},
		{
			"from": [7.25, -4.91413, 15.67825],
			"to": [8.75, -1.61413, 18.67825],
			"rotation": {"angle": 22.5, "axis": "x", "origin": [8, -2.42663, 17.17825]},
			"faces": {
				"north": {"uv": [4.25, 4.75, 5, 5.125], "texture": "#1"},
				"east": {"uv": [4.25, 4.75, 5, 5.125], "texture": "#1"},
				"south": {"uv": [4.25, 4.75, 5, 5.125], "texture": "#1"},
				"west": {"uv": [4.25, 4.75, 5, 5.125], "texture": "#1"},
				"up": {"uv": [4.25, 4.75, 5, 5.125], "texture": "#1"},
				"down": {"uv": [7, 6.625, 7.125, 7.125], "texture": "#1"}
			}
		},
		{
			"from": [7.125, -5.275, 14.9],
			"to": [8.875, -5.025, 18.15],
			"rotation": {"angle": 22.5, "axis": "x", "origin": [8, -3.875, 17.25]},
			"faces": {
				"north": {"uv": [0, 10.25, 0.5, 10.375], "texture": "#1"},
				"east": {"uv": [9.25, 3, 10.125, 3.125], "texture": "#1"},
				"south": {"uv": [1.5, 10.25, 2, 10.375], "texture": "#1"},
				"west": {"uv": [9.25, 3.25, 10.125, 3.375], "texture": "#1"},
				"up": {"uv": [8.25, 1.875, 7.75, 1], "texture": "#1"},
				"down": {"uv": [8.25, 2, 7.75, 2.875], "texture": "#1"}
			}
		},
		{
			"from": [6.875, 0.15485, 19.10335],
			"to": [9.125, 3.40485, 19.60335],
			"rotation": {"angle": 0, "axis": "y", "origin": [0, 6.15485, 5.60335]},
			"faces": {
				"north": {"uv": [0.75, 7.25, 1.375, 8.125], "texture": "#1"},
				"east": {"uv": [7.25, 9, 7.375, 9.875], "texture": "#1", "tintindex": 0},
				"south": {"uv": [7.5, 5.25, 8.125, 6.125], "texture": "#1", "tintindex": 0},
				"west": {"uv": [9, 9, 9.125, 9.875], "texture": "#1", "tintindex": 0},
				"up": {"uv": [10.625, 5.875, 10, 5.75], "texture": "#1"},
				"down": {"uv": [10.625, 6, 10, 6.125], "texture": "#1"}
			}
		},
		{
			"from": [6.875, 6.25, 16.875],
			"to": [9.125, 7.25, 17.375],
			"rotation": {"angle": -45, "axis": "x", "origin": [8, 4.5, 17.375]},
			"faces": {
				"north": {"uv": [7.5, 7.25, 8.125, 7.5], "texture": "#1", "tintindex": 0},
				"east": {"uv": [3.75, 10.75, 3.875, 11], "texture": "#1", "tintindex": 0},
				"south": {"uv": [7.5, 8.5, 8.125, 8.75], "texture": "#1"},
				"west": {"uv": [4.75, 10.75, 4.875, 11], "texture": "#1", "tintindex": 0},
				"up": {"uv": [10.375, 8.625, 9.75, 8.5], "texture": "#1"},
				"down": {"uv": [10.375, 9.75, 9.75, 9.875], "texture": "#1"}
			}
		},
		{
			"from": [7.575, 5.41421, 14.60723],
			"to": [8.425, 6.41421, 15.10723],
			"rotation": {"angle": 22.5, "axis": "x", "origin": [8, 5.91421, 14.85723]},
			"faces": {
				"north": {"uv": [7.5, 7.25, 8.125, 7.5], "texture": "#1", "tintindex": 0},
				"east": {"uv": [3.75, 10.75, 3.875, 11], "texture": "#1", "tintindex": 0},
				"south": {"uv": [7.5, 8.5, 8.125, 8.75], "texture": "#1"},
				"west": {"uv": [4.75, 10.75, 4.875, 11], "texture": "#1", "tintindex": 0},
				"up": {"uv": [10.375, 8.625, 9.75, 8.5], "texture": "#1"},
				"down": {"uv": [10.375, 9.75, 9.75, 9.875], "texture": "#1"}
			}
		},
		{
			"from": [7.575, 5.07983, 14.11653],
			"to": [8.425, 5.67983, 14.61653],
			"rotation": {"angle": 45, "axis": "x", "origin": [8, 5.17983, 14.36653]},
			"faces": {
				"north": {"uv": [7.5, 7.25, 8.125, 7.5], "texture": "#1", "tintindex": 0},
				"east": {"uv": [3.75, 10.75, 3.875, 11], "texture": "#1", "tintindex": 0},
				"south": {"uv": [7.5, 8.5, 8.125, 8.75], "texture": "#1"},
				"west": {"uv": [4.75, 10.75, 4.875, 11], "texture": "#1", "tintindex": 0},
				"up": {"uv": [10.375, 8.625, 9.75, 8.5], "texture": "#1"},
				"down": {"uv": [10.375, 9.75, 9.75, 9.875], "texture": "#1"}
			}
		},
		{
			"from": [6.875, 5.17678, 19.40533],
			"to": [9.125, 6.17678, 19.90533],
			"rotation": {"angle": 45, "axis": "x", "origin": [8, 6.17678, 19.65533]},
			"faces": {
				"north": {"uv": [8.75, 0.5, 9.375, 0.75], "texture": "#1"},
				"east": {"uv": [6, 10.75, 6.125, 11], "texture": "#1", "tintindex": 0},
				"south": {"uv": [0.75, 8.75, 1.375, 9], "texture": "#1", "tintindex": 0},
				"west": {"uv": [10.75, 6, 10.875, 6.25], "texture": "#1", "tintindex": 0},
				"up": {"uv": [10.625, 5.375, 10, 5.25], "texture": "#1"},
				"down": {"uv": [10.625, 5.5, 10, 5.625], "texture": "#1"}
			}
		},
		{
			"from": [6.875, -1.75216, 21.44086],
			"to": [9.125, -0.75216, 21.94086],
			"rotation": {"angle": 45, "axis": "x", "origin": [8, 6.24784, 19.69086]},
			"faces": {
				"north": {"uv": [8.75, 2.5, 9.375, 2.75], "texture": "#1", "tintindex": 0},
				"east": {"uv": [10.75, 6.25, 10.875, 6.5], "texture": "#1", "tintindex": 0},
				"south": {"uv": [8.75, 2.75, 9.375, 3], "texture": "#1"},
				"west": {"uv": [10.75, 6.5, 10.875, 6.75], "texture": "#1", "tintindex": 0},
				"up": {"uv": [7.875, 10.125, 7.25, 10], "texture": "#1"},
				"down": {"uv": [10.625, 7.25, 10, 7.375], "texture": "#1", "tintindex": 0}
			}
		},
		{
			"from": [7.375, 4.25529, 13.11235],
			"to": [8.625, 4.50529, 15.11235],
			"rotation": {"angle": 0, "axis": "y", "origin": [8, 4.38029, 14.61235]},
			"faces": {
				"north": {"uv": [8.75, 10.25, 9.125, 10.375], "texture": "#1"},
				"east": {"uv": [4.5, 10, 5, 10.125], "texture": "#1", "tintindex": 0},
				"south": {"uv": [9.25, 10.25, 9.625, 10.375], "texture": "#1"},
				"west": {"uv": [5.75, 10, 6.25, 10.125], "texture": "#1", "tintindex": 0},
				"up": {"uv": [8.625, 3, 8.25, 2.5], "texture": "#1", "tintindex": 0},
				"down": {"uv": [3.625, 8.25, 3.25, 8.75], "texture": "#1", "tintindex": 0}
			}
		},
		{
			"from": [7.375, 4.26507, 12.91149],
			"to": [8.625, 6.26507, 13.16149],
			"rotation": {"angle": -22.5, "axis": "x", "origin": [8, 4.76507, 13.03649]},
			"faces": {
				"north": {"uv": [3.75, 8.25, 4.125, 8.75], "texture": "#1", "tintindex": 0},
				"east": {"uv": [3, 10, 3.125, 10.5], "texture": "#1", "tintindex": 0},
				"south": {"uv": [8.25, 5.25, 8.625, 5.75], "texture": "#1", "tintindex": 0},
				"west": {"uv": [6.75, 10, 6.875, 10.5], "texture": "#1", "tintindex": 0},
				"up": {"uv": [10.625, 10.375, 10.25, 10.25], "texture": "#1"},
				"down": {"uv": [0.375, 10.5, 0, 10.625], "texture": "#1"}
			}
		},
		{
			"from": [7.375, 4.19723, 15.25251],
			"to": [8.625, 5.19723, 15.50251],
			"rotation": {"angle": 45, "axis": "x", "origin": [8, 4.69723, 15.37751]},
			"faces": {
				"north": {"uv": [9.25, 4, 9.625, 4.25], "texture": "#1", "tintindex": 0},
				"east": {"uv": [6.75, 10.75, 6.875, 11], "texture": "#1", "tintindex": 0},
				"south": {"uv": [6.25, 9.25, 6.625, 9.5], "texture": "#1", "tintindex": 0},
				"west": {"uv": [10.75, 6.75, 10.875, 7], "texture": "#1", "tintindex": 0},
				"up": {"uv": [10.625, 9.625, 10.25, 9.5], "texture": "#1"},
				"down": {"uv": [10.125, 10.25, 9.75, 10.375], "texture": "#1"}
			}
		},
		{
			"from": [6.875, -0.94239, 18.83537],
			"to": [9.125, 0.30761, 19.33537],
			"rotation": {"angle": 22.5, "axis": "x", "origin": [8, -0.44239, 19.08537]},
			"faces": {
				"north": {"uv": [7.75, 4.5, 8.375, 4.875], "texture": "#1"},
				"east": {"uv": [4.75, 10.25, 4.875, 10.625], "texture": "#1", "tintindex": 0},
				"south": {"uv": [7.5, 8, 8.125, 8.375], "texture": "#1", "tintindex": 0},
				"west": {"uv": [8, 10.25, 8.125, 10.625], "texture": "#1", "tintindex": 0},
				"up": {"uv": [10.625, 6.375, 10, 6.25], "texture": "#1"},
				"down": {"uv": [10.625, 6.5, 10, 6.625], "texture": "#1"}
			}
		},
		{
			"from": [6.875, 3.27112, 18.93104],
			"to": [9.125, 4.52112, 19.43104],
			"rotation": {"angle": -22.5, "axis": "x", "origin": [8, 3.77112, 19.18104]},
			"faces": {
				"north": {"uv": [0.75, 8.25, 1.375, 8.625], "texture": "#1"},
				"east": {"uv": [8.25, 10.25, 8.375, 10.625], "texture": "#1", "tintindex": 0},
				"south": {"uv": [8.25, 1, 8.875, 1.375], "texture": "#1", "tintindex": 0},
				"west": {"uv": [8.5, 10.25, 8.625, 10.625], "texture": "#1", "tintindex": 0},
				"up": {"uv": [10.625, 6.875, 10, 6.75], "texture": "#1"},
				"down": {"uv": [10.625, 7, 10, 7.125], "texture": "#1"}
			}
		},
		{
			"from": [6.875, 6.86612, 13.46599],
			"to": [9.125, 7.86612, 13.96599],
			"rotation": {"angle": -45, "axis": "x", "origin": [8, 5.11612, 13.96599]},
			"faces": {
				"north": {"uv": [8.75, 0, 9.375, 0.25], "texture": "#1", "tintindex": 0},
				"east": {"uv": [5.75, 10.75, 5.875, 11], "texture": "#1", "tintindex": 0},
				"south": {"uv": [8.75, 0.25, 9.375, 0.5], "texture": "#1"},
				"west": {"uv": [10.75, 5.75, 10.875, 6], "texture": "#1", "tintindex": 0},
				"up": {"uv": [2.125, 10.125, 1.5, 10], "texture": "#1"},
				"down": {"uv": [2.875, 10, 2.25, 10.125], "texture": "#1"}
			}
		},
		{
			"from": [6.875, 6.5, 5.875],
			"to": [9.125, 9, 12.375],
			"rotation": {"angle": 0, "axis": "y", "origin": [0, 6, 5.375]},
			"faces": {
				"north": {"uv": [5.25, 7.75, 5.875, 8.375], "texture": "#1"},
				"east": {"uv": [6, 3.5, 7.625, 4.125], "texture": "#1", "tintindex": 0},
				"south": {"uv": [8, 0, 8.625, 0.625], "texture": "#1"},
				"west": {"uv": [6, 4.25, 7.625, 4.875], "texture": "#1", "tintindex": 0},
				"up": {"uv": [1.375, 7.125, 0.75, 5.5], "texture": "#1", "tintindex": 1},
				"down": {"uv": [5.875, 6, 5.25, 7.625], "texture": "#1", "tintindex": 0}
			}
		},
		{
			"from": [6.875, 7.9197, 4.76501],
			"to": [9.125, 9.4197, 5.29001],
			"rotation": {"angle": 22.5, "axis": "x", "origin": [0, 6.4197, 4.26501]},
			"faces": {
				"north": {"uv": [8.25, 1.5, 8.875, 1.875], "texture": "#1", "tintindex": 0},
				"east": {"uv": [1.5, 10.5, 1.625, 10.875], "texture": "#1", "tintindex": 0},
				"south": {"uv": [8.25, 2, 8.875, 2.375], "texture": "#1"},
				"west": {"uv": [1.75, 10.5, 1.875, 10.875], "texture": "#1", "tintindex": 0},
				"up": {"uv": [10.625, 7.625, 10, 7.5], "texture": "#1"},
				"down": {"uv": [10.625, 7.75, 10, 7.875], "texture": "#1"}
			}
		},
		{
			"from": [6.875, 6, 5.3],
			"to": [9.125, 7.625, 5.875],
			"rotation": {"angle": 0, "axis": "y", "origin": [8, 7.25, 5.625]},
			"faces": {
				"north": {"uv": [9, 4.5, 9.625, 4.75], "texture": "#1", "tintindex": 0},
				"east": {"uv": [7, 10.75, 7.125, 11], "texture": "#1", "tintindex": 0},
				"south": {"uv": [9, 4.75, 9.625, 5], "texture": "#1", "tintindex": 0},
				"west": {"uv": [10.75, 7, 10.875, 7.25], "texture": "#1", "tintindex": 0},
				"up": {"uv": [10.625, 8.125, 10, 8], "texture": "#1"},
				"down": {"uv": [10.625, 8.25, 10, 8.375], "texture": "#1", "tintindex": 0}
			}
		},
		{
			"from": [7.125, 6.025, 6.375],
			"to": [8.875, 6.625, 11.375],
			"rotation": {"angle": 0, "axis": "y", "origin": [0, 6.125, 5.375]},
			"faces": {
				"north": {"uv": [8, 10, 8.5, 10.125], "texture": "#1", "tintindex": 0},
				"east": {"uv": [3.25, 8.75, 4.5, 8.875], "texture": "#1", "tintindex": 0},
				"south": {"uv": [8.75, 10, 9.25, 10.125], "texture": "#1", "tintindex": 0},
				"west": {"uv": [8.75, 5.25, 10, 5.375], "texture": "#1", "tintindex": 0},
				"up": {"uv": [3.75, 8.25, 3.25, 7], "texture": "#1"},
				"down": {"uv": [4.25, 7, 3.75, 8.25], "texture": "#1", "tintindex": 0}
			}
		},
		{
			"from": [5.81301, 6.96326, 6.375],
			"to": [6.06301, 7.21326, 11.375],
			"rotation": {"angle": 45, "axis": "z", "origin": [6.675, 7.76548, 8.625]},
			"faces": {
				"north": {"uv": [1, 11, 1.125, 11.125], "texture": "#1", "tintindex": 0},
				"east": {"uv": [9, 1.25, 10.25, 1.375], "texture": "#1"},
				"south": {"uv": [11, 1, 11.125, 1.125], "texture": "#1", "tintindex": 0},
				"west": {"uv": [9, 1.5, 10.25, 1.625], "texture": "#1", "tintindex": 0},
				"up": {"uv": [0.875, 10.25, 0.75, 9], "texture": "#1"},
				"down": {"uv": [1.125, 9, 1, 10.25], "texture": "#1", "tintindex": 0}
			}
		},
		{
			"from": [7.23078, 7.62747, 6.375],
			"to": [7.48078, 7.87747, 11.375],
			"rotation": {"angle": 45, "axis": "z", "origin": [6.67855, 7.01548, 8.625]},
			"faces": {
				"north": {"uv": [0.75, 11, 0.875, 11.125], "texture": "#1", "tintindex": 0},
				"east": {"uv": [8, 8.75, 9.25, 8.875], "texture": "#1", "tintindex": 0},
				"south": {"uv": [11, 0.75, 11.125, 0.875], "texture": "#1", "tintindex": 0},
				"west": {"uv": [9, 1, 10.25, 1.125], "texture": "#1"},
				"up": {"uv": [0.125, 10.25, 0, 9], "texture": "#1", "tintindex": 0},
				"down": {"uv": [0.375, 9, 0.25, 10.25], "texture": "#1"}
			}
		},
		{
			"from": [6.45952, 6.76548, 6.375],
			"to": [7.05952, 8.01548, 11.375],
			"rotation": {"angle": 0, "axis": "y", "origin": [6.675, 7.76548, 8.625]},
			"faces": {
				"north": {"uv": [10.5, 0, 10.625, 0.375], "texture": "#1", "tintindex": 0},
				"east": {"uv": [6, 7.5, 7.25, 7.875], "texture": "#1"},
				"south": {"uv": [0.75, 10.5, 0.875, 10.875], "texture": "#1", "tintindex": 0},
				"west": {"uv": [7.5, 6.25, 8.75, 6.625], "texture": "#1", "tintindex": 0},
				"up": {"uv": [8.875, 8.75, 8.75, 7.5], "texture": "#1", "tintindex": 0},
				"down": {"uv": [7.875, 8.75, 7.75, 10], "texture": "#1", "tintindex": 0}
			}
		},
		{
			"from": [8.76496, 7.73814, 6.375],
			"to": [9.01496, 7.98814, 11.375],
			"rotation": {"angle": -45, "axis": "z", "origin": [9.30118, 7.39048, 8.625]},
			"faces": {
				"north": {"uv": [1.5, 11, 1.625, 11.125], "texture": "#1", "tintindex": 0},
				"east": {"uv": [9, 2.25, 10.25, 2.375], "texture": "#1"},
				"south": {"uv": [11, 1.5, 11.125, 1.625], "texture": "#1", "tintindex": 0},
				"west": {"uv": [9, 4.25, 10.25, 4.375], "texture": "#1", "tintindex": 0},
				"up": {"uv": [3.875, 10.25, 3.75, 9], "texture": "#1", "tintindex": 0},
				"down": {"uv": [4.125, 9, 4, 10.25], "texture": "#1"}
			}
		},
		{
			"from": [9.64633, 6.85175, 6.375],
			"to": [9.89633, 7.10175, 11.375],
			"rotation": {"angle": -45, "axis": "z", "origin": [9.30118, 7.39048, 8.625]},
			"faces": {
				"north": {"uv": [1.25, 11, 1.375, 11.125], "texture": "#1", "tintindex": 0},
				"east": {"uv": [9, 1.75, 10.25, 1.875], "texture": "#1", "tintindex": 0},
				"south": {"uv": [11, 1.25, 11.125, 1.375], "texture": "#1", "tintindex": 0},
				"west": {"uv": [9, 2, 10.25, 2.125], "texture": "#1"},
				"up": {"uv": [3.375, 10.25, 3.25, 9], "texture": "#1"},
				"down": {"uv": [3.625, 9, 3.5, 10.25], "texture": "#1", "tintindex": 0}
			}
		},
		{
			"from": [8.91785, 6.76548, 6.375],
			"to": [9.51785, 8.01548, 11.375],
			"rotation": {"angle": 0, "axis": "y", "origin": [9.30118, 7.39048, 8.625]},
			"faces": {
				"north": {"uv": [1, 10.5, 1.125, 10.875], "texture": "#1", "tintindex": 0},
				"east": {"uv": [7.5, 6.75, 8.75, 7.125], "texture": "#1", "tintindex": 0},
				"south": {"uv": [1.25, 10.5, 1.375, 10.875], "texture": "#1", "tintindex": 0},
				"west": {"uv": [7.25, 7.5, 8.5, 7.875], "texture": "#1"},
				"up": {"uv": [1.375, 10.25, 1.25, 9], "texture": "#1", "tintindex": 1},
				"down": {"uv": [9.125, 3, 9, 4.25], "texture": "#1", "tintindex": 0}
			}
		},
		{
			"from": [7, 6.07678, 6.375],
			"to": [7.25, 6.32678, 11.375],
			"rotation": {"angle": 45, "axis": "z", "origin": [7.125, 6.20178, 8.625]},
			"faces": {
				"north": {"uv": [11, 0, 11.125, 0.125], "texture": "#1", "tintindex": 0},
				"east": {"uv": [8.75, 5.5, 10, 5.625], "texture": "#1"},
				"south": {"uv": [0.25, 11, 0.375, 11.125], "texture": "#1", "tintindex": 0},
				"west": {"uv": [8.75, 5.75, 10, 5.875], "texture": "#1", "tintindex": 0},
				"up": {"uv": [4.625, 10, 4.5, 8.75], "texture": "#1", "tintindex": 0},
				"down": {"uv": [6.125, 8.75, 6, 10], "texture": "#1"}
			}
		},
		{
			"from": [8.75, 6.07678, 6.375],
			"to": [9, 6.32678, 11.375],
			"rotation": {"angle": 45, "axis": "z", "origin": [8.875, 6.20178, 8.625]},
			"faces": {
				"north": {"uv": [11, 0.25, 11.125, 0.375], "texture": "#1", "tintindex": 0},
				"east": {"uv": [8.75, 6, 10, 6.125], "texture": "#1", "tintindex": 0},
				"south": {"uv": [11, 0.5, 11.125, 0.625], "texture": "#1", "tintindex": 0},
				"west": {"uv": [6.25, 8.75, 7.5, 8.875], "texture": "#1"},
				"up": {"uv": [8.875, 7.5, 8.75, 6.25], "texture": "#1"},
				"down": {"uv": [7.625, 8.75, 7.5, 10], "texture": "#1", "tintindex": 0}
			}
		},
		{
			"from": [7.45, 9, 5.87891],
			"to": [8.55, 10.75, 24.37109],
			"rotation": {"angle": 0, "axis": "y", "origin": [0, 6, 5.375]},
			"faces": {
				"north": {"uv": [4.25, 9, 4.5, 9.5], "texture": "#1"},
				"east": {"uv": [0, 0, 4.625, 0.5], "texture": "#1"},
				"south": {"uv": [7, 9, 7.25, 9.5], "texture": "#1"},
				"west": {"uv": [0, 0.5, 4.625, 1], "texture": "#1"},
				"up": {"uv": [2.5, 9.875, 2.25, 5.25], "texture": "#1"},
				"down": {"uv": [2.75, 5.25, 2.5, 9.875], "texture": "#1"}
			}
		},
		{
			"from": [6.7, 8.775, 30.375],
			"to": [9.3, 9.525, 30.875],
			"rotation": {"angle": 0, "axis": "y", "origin": [0, 5.775, 11.375]},
			"faces": {
				"north": {"uv": [9, 6.75, 9.625, 7], "texture": "#1"},
				"east": {"uv": [10.75, 8.25, 10.875, 8.5], "texture": "#1"},
				"south": {"uv": [9, 7, 9.625, 7.25], "texture": "#1"},
				"west": {"uv": [8.5, 10.75, 8.625, 11], "texture": "#1"},
				"up": {"uv": [1.375, 10.375, 0.75, 10.25], "texture": "#1"},
				"down": {"uv": [10.875, 0.75, 10.25, 0.875], "texture": "#1"}
			}
		},
		{
			"from": [7.2, 8.775, 30.875],
			"to": [8.8, 9.525, 31.375],
			"rotation": {"angle": 0, "axis": "y", "origin": [0, 5.775, 11.375]},
			"faces": {
				"north": {"uv": [9.75, 4.75, 10.125, 5], "texture": "#1"},
				"east": {"uv": [8.75, 10.75, 8.875, 11], "texture": "#1"},
				"south": {"uv": [8, 9.75, 8.375, 10], "texture": "#1"},
				"west": {"uv": [10.75, 8.75, 10.875, 9], "texture": "#1"},
				"up": {"uv": [10.875, 0.625, 10.5, 0.5], "texture": "#1"},
				"down": {"uv": [10.875, 1.5, 10.5, 1.625], "texture": "#1"}
			}
		},
		{
			"from": [6.64246, 8.775, 31.01391],
			"to": [7.34246, 9.525, 31.51391],
			"rotation": {"angle": -45, "axis": "y", "origin": [7.44246, 9.15, 31.26391]},
			"faces": {
				"north": {"uv": [9, 10.75, 9.125, 11], "texture": "#1"},
				"east": {"uv": [10.75, 9, 10.875, 9.25], "texture": "#1"},
				"south": {"uv": [9.25, 10.75, 9.375, 11], "texture": "#1"},
				"west": {"uv": [10.75, 9.25, 10.875, 9.5], "texture": "#1"},
				"up": {"uv": [11.125, 4.625, 11, 4.5], "texture": "#1"},
				"down": {"uv": [4.875, 11, 4.75, 11.125], "texture": "#1"}
			}
		},
		{
			"from": [8.52574, 8.775, 30.69571],
			"to": [9.22574, 9.525, 31.19571],
			"rotation": {"angle": 45, "axis": "y", "origin": [8.87574, 9.15, 30.94571]},
			"faces": {
				"north": {"uv": [9.5, 10.75, 9.625, 11], "texture": "#1"},
				"east": {"uv": [10.75, 9.5, 10.875, 9.75], "texture": "#1"},
				"south": {"uv": [9.75, 10.75, 9.875, 11], "texture": "#1"},
				"west": {"uv": [10, 10.75, 10.125, 11], "texture": "#1"},
				"up": {"uv": [5.125, 11.125, 5, 11], "texture": "#1"},
				"down": {"uv": [5.375, 11, 5.25, 11.125], "texture": "#1"}
			}
		},
		{
			"from": [7.21962, 8.73254, 5.875],
			"to": [8.21962, 10.23254, 24.375],
			"rotation": {"angle": -22.5, "axis": "z", "origin": [7.71962, 9.73254, 13.375]},
			"faces": {
				"north": {"uv": [9.25, 3.5, 9.5, 3.875], "texture": "#1", "tintindex": 0},
				"east": {"uv": [1.5, 2.5, 6.125, 2.875], "texture": "#1"},
				"south": {"uv": [5, 9.25, 5.25, 9.625], "texture": "#1", "tintindex": 0},
				"west": {"uv": [3, 1, 7.625, 1.375], "texture": "#1", "tintindex": 0},
				"up": {"uv": [5.25, 8.125, 5, 3.5], "texture": "#1"},
				"down": {"uv": [1.75, 5.25, 1.5, 9.875], "texture": "#1"}
			}
		},
		{
			"from": [7.87605, 8.75157, 5.875],
			"to": [8.87605, 10.25157, 24.375],
			"rotation": {"angle": 22.5, "axis": "z", "origin": [8.37605, 9.50157, 13.375]},
			"faces": {
				"north": {"uv": [5.25, 9.25, 5.5, 9.625], "texture": "#1", "tintindex": 0},
				"east": {"uv": [1.5, 3, 6.125, 3.375], "texture": "#1", "tintindex": 0},
				"south": {"uv": [5.5, 9.25, 5.75, 9.625], "texture": "#1", "tintindex": 0},
				"west": {"uv": [3, 1.5, 7.625, 1.875], "texture": "#1"},
				"up": {"uv": [2, 9.875, 1.75, 5.25], "texture": "#1"},
				"down": {"uv": [2.25, 5.25, 2, 9.875], "texture": "#1"}
			}
		},
		{
			"from": [8.375, 7.25, 2.375],
			"to": [8.625, 7.75, 7.875],
			"rotation": {"angle": 0, "axis": "y", "origin": [-0.125, 6, 7.375]},
			"faces": {
				"north": {"uv": [1.75, 11, 1.875, 11.125], "texture": "#1"},
				"east": {"uv": [8, 9.25, 8.75, 9.375], "texture": "#1"},
				"south": {"uv": [11, 1.75, 11.125, 1.875], "texture": "#1"},
				"west": {"uv": [9.25, 8.75, 10, 8.875], "texture": "#1"},
				"up": {"uv": [6.875, 10, 6.75, 9.25], "texture": "#1"},
				"down": {"uv": [8.875, 9.25, 8.75, 10], "texture": "#1"}
			}
		},
		{
			"from": [7.75628, 7.24017, 23.2],
			"to": [8.25628, 7.49017, 30.575],
			"rotation": {"angle": 45, "axis": "z", "origin": [8.00628, 7.86517, 25.2]},
			"faces": {
				"north": {"uv": [1.875, 2.125, 2.125, 2.375], "texture": "#1"},
				"east": {"uv": [1.875, 2.125, 2.125, 2.375], "texture": "#1"},
				"south": {"uv": [1.875, 2.125, 2.125, 2.375], "texture": "#1"},
				"west": {"uv": [1.875, 2.125, 2.125, 2.375], "texture": "#1"},
				"up": {"uv": [1.875, 2.125, 2.125, 2.375], "texture": "#1"},
				"down": {"uv": [1.875, 2.125, 2.125, 2.375], "texture": "#1"}
			}
		},
		{
			"from": [7.78661, 8.20983, 23.2],
			"to": [8.28661, 8.45983, 30.575],
			"rotation": {"angle": 45, "axis": "z", "origin": [8.03661, 7.83483, 25.2]},
			"faces": {
				"north": {"uv": [1.875, 2.125, 2.125, 2.375], "texture": "#1"},
				"east": {"uv": [1.875, 2.125, 2.125, 2.375], "texture": "#1"},
				"south": {"uv": [1.875, 2.125, 2.125, 2.375], "texture": "#1"},
				"west": {"uv": [1.875, 2.125, 2.125, 2.375], "texture": "#1"},
				"up": {"uv": [1.875, 2.125, 2.125, 2.375], "texture": "#1"},
				"down": {"uv": [1.875, 2.125, 2.125, 2.375], "texture": "#1"}
			}
		},
		{
			"from": [7.77145, 8.20355, 23.2],
			"to": [8.27145, 8.45355, 30.575],
			"rotation": {"angle": 0, "axis": "y", "origin": [8.02145, 7.82855, 25.2]},
			"faces": {
				"north": {"uv": [1.875, 2.125, 2.125, 2.375], "texture": "#1"},
				"east": {"uv": [1.875, 2.125, 2.125, 2.375], "texture": "#1"},
				"south": {"uv": [1.875, 2.125, 2.125, 2.375], "texture": "#1"},
				"west": {"uv": [1.875, 2.125, 2.125, 2.375], "texture": "#1"},
				"up": {"uv": [1.875, 2.125, 2.125, 2.375], "texture": "#1"},
				"down": {"uv": [1.875, 2.125, 2.125, 2.375], "texture": "#1"}
			}
		},
		{
			"from": [7.77145, 7.24645, 23.2],
			"to": [8.27145, 7.49645, 30.575],
			"rotation": {"angle": 0, "axis": "y", "origin": [8.02145, 7.87145, 25.2]},
			"faces": {
				"north": {"uv": [1.875, 2.125, 2.125, 2.375], "texture": "#1"},
				"east": {"uv": [1.875, 2.125, 2.125, 2.375], "texture": "#1"},
				"south": {"uv": [1.875, 2.125, 2.125, 2.375], "texture": "#1"},
				"west": {"uv": [1.875, 2.125, 2.125, 2.375], "texture": "#1"},
				"up": {"uv": [1.875, 2.125, 2.125, 2.375], "texture": "#1"},
				"down": {"uv": [1.875, 2.125, 2.125, 2.375], "texture": "#1"}
			}
		},
		{
			"from": [7.41161, 7.61517, 23.2],
			"to": [7.66161, 8.11517, 30.575],
			"rotation": {"angle": 45, "axis": "z", "origin": [8.03661, 7.86517, 25.2]},
			"faces": {
				"north": {"uv": [1.875, 2.125, 2.125, 2.375], "texture": "#1"},
				"east": {"uv": [1.875, 2.125, 2.125, 2.375], "texture": "#1"},
				"south": {"uv": [1.875, 2.125, 2.125, 2.375], "texture": "#1"},
				"west": {"uv": [1.875, 2.125, 2.125, 2.375], "texture": "#1"},
				"up": {"uv": [1.875, 2.125, 2.125, 2.375], "texture": "#1"},
				"down": {"uv": [1.875, 2.125, 2.125, 2.375], "texture": "#1"}
			}
		},
		{
			"from": [8.38128, 7.58483, 23.2],
			"to": [8.63128, 8.08483, 30.575],
			"rotation": {"angle": 45, "axis": "z", "origin": [8.00628, 7.83483, 25.2]},
			"faces": {
				"north": {"uv": [1.875, 2.125, 2.125, 2.375], "texture": "#1"},
				"east": {"uv": [1.875, 2.125, 2.125, 2.375], "texture": "#1"},
				"south": {"uv": [1.875, 2.125, 2.125, 2.375], "texture": "#1"},
				"west": {"uv": [1.875, 2.125, 2.125, 2.375], "texture": "#1"},
				"up": {"uv": [1.875, 2.125, 2.125, 2.375], "texture": "#1"},
				"down": {"uv": [1.875, 2.125, 2.125, 2.375], "texture": "#1"}
			}
		},
		{
			"from": [7.41789, 7.6, 23.2],
			"to": [7.66789, 8.1, 30.575],
			"rotation": {"angle": 0, "axis": "y", "origin": [-0.08211, 6.35, 25.7]},
			"faces": {
				"north": {"uv": [1.875, 2.125, 2.125, 2.375], "texture": "#1"},
				"east": {"uv": [1.875, 2.125, 2.125, 2.375], "texture": "#1"},
				"south": {"uv": [1.875, 2.125, 2.125, 2.375], "texture": "#1"},
				"west": {"uv": [1.875, 2.125, 2.125, 2.375], "texture": "#1"},
				"up": {"uv": [1.875, 2.125, 2.125, 2.375], "texture": "#1"},
				"down": {"uv": [1.875, 2.125, 2.125, 2.375], "texture": "#1"}
			}
		},
		{
			"from": [8.375, 7.6, 23.2],
			"to": [8.625, 8.1, 30.575],
			"rotation": {"angle": 0, "axis": "y", "origin": [-0.125, 6.35, 25.7]},
			"faces": {
				"north": {"uv": [1.875, 2.125, 2.125, 2.375], "texture": "#1"},
				"east": {"uv": [1.875, 2.125, 2.125, 2.375], "texture": "#1"},
				"south": {"uv": [1.875, 2.125, 2.125, 2.375], "texture": "#1"},
				"west": {"uv": [1.875, 2.125, 2.125, 2.375], "texture": "#1"},
				"up": {"uv": [1.875, 2.125, 2.125, 2.375], "texture": "#1"},
				"down": {"uv": [1.875, 2.125, 2.125, 2.375], "texture": "#1"}
			}
		},
		{
			"from": [7.41789, 7.25, 2.375],
			"to": [7.66789, 7.75, 7.875],
			"rotation": {"angle": 0, "axis": "y", "origin": [-0.08211, 6, 7.375]},
			"faces": {
				"north": {"uv": [2, 11, 2.125, 11.125], "texture": "#1"},
				"east": {"uv": [9.25, 9, 10, 9.125], "texture": "#1"},
				"south": {"uv": [11, 2, 11.125, 2.125], "texture": "#1"},
				"west": {"uv": [9.25, 9.25, 10, 9.375], "texture": "#1"},
				"up": {"uv": [9.625, 0.75, 9.5, 0], "texture": "#1"},
				"down": {"uv": [4.375, 9.5, 4.25, 10.25], "texture": "#1"}
			}
		},
		{
			"from": [8.38128, 7.23483, 2.375],
			"to": [8.63128, 7.73483, 7.875],
			"rotation": {"angle": 45, "axis": "z", "origin": [8.00628, 7.48483, 6.875]},
			"faces": {
				"north": {"uv": [2.75, 11, 2.875, 11.125], "texture": "#1"},
				"east": {"uv": [9.5, 2.75, 10.25, 2.875], "texture": "#1"},
				"south": {"uv": [3, 11, 3.125, 11.125], "texture": "#1"},
				"west": {"uv": [9.5, 3.5, 10.25, 3.625], "texture": "#1"},
				"up": {"uv": [7.125, 10.25, 7, 9.5], "texture": "#1"},
				"down": {"uv": [9.625, 7.25, 9.5, 8], "texture": "#1"}
			}
		},
		{
			"from": [7.41161, 7.26517, 2.375],
			"to": [7.66161, 7.76517, 7.875],
			"rotation": {"angle": 45, "axis": "z", "origin": [8.03661, 7.51517, 6.875]},
			"faces": {
				"north": {"uv": [2.25, 11, 2.375, 11.125], "texture": "#1"},
				"east": {"uv": [9.5, 0.75, 10.25, 0.875], "texture": "#1"},
				"south": {"uv": [2.5, 11, 2.625, 11.125], "texture": "#1"},
				"west": {"uv": [9.5, 2.5, 10.25, 2.625], "texture": "#1"},
				"up": {"uv": [6.375, 10.25, 6.25, 9.5], "texture": "#1"},
				"down": {"uv": [6.625, 9.5, 6.5, 10.25], "texture": "#1"}
			}
		},
		{
			"from": [7.77145, 6.89645, 2.375],
			"to": [8.27145, 7.14645, 7.875],
			"rotation": {"angle": 0, "axis": "y", "origin": [8.02145, 7.52145, 6.875]},
			"faces": {
				"north": {"uv": [4.25, 11, 4.375, 11.125], "texture": "#1"},
				"east": {"uv": [9.75, 4, 10.5, 4.125], "texture": "#1"},
				"south": {"uv": [4.5, 11, 4.625, 11.125], "texture": "#1"},
				"west": {"uv": [9.75, 4.5, 10.5, 4.625], "texture": "#1"},
				"up": {"uv": [9.875, 7.75, 9.75, 7], "texture": "#1"},
				"down": {"uv": [9.875, 7.75, 9.75, 8.5], "texture": "#1"}
			}
		},
		{
			"from": [7.77145, 7.85355, 2.375],
			"to": [8.27145, 8.10355, 7.875],
			"rotation": {"angle": 0, "axis": "y", "origin": [8.02145, 7.47855, 6.875]},
			"faces": {
				"north": {"uv": [4, 11, 4.125, 11.125], "texture": "#1"},
				"east": {"uv": [9.75, 0.25, 10.5, 0.375], "texture": "#1"},
				"south": {"uv": [11, 4, 11.125, 4.125], "texture": "#1"},
				"west": {"uv": [9.75, 0.5, 10.5, 0.625], "texture": "#1"},
				"up": {"uv": [5.625, 10.5, 5.5, 9.75], "texture": "#1"},
				"down": {"uv": [9.875, 6.25, 9.75, 7], "texture": "#1"}
			}
		},
		{
			"from": [7.78661, 7.85983, 2.375],
			"to": [8.28661, 8.10983, 7.875],
			"rotation": {"angle": 45, "axis": "z", "origin": [8.03661, 7.48483, 6.875]},
			"faces": {
				"north": {"uv": [11, 3.25, 11.125, 3.375], "texture": "#1"},
				"east": {"uv": [9.5, 9.5, 10.25, 9.625], "texture": "#1"},
				"south": {"uv": [3.75, 11, 3.875, 11.125], "texture": "#1"},
				"west": {"uv": [9.75, 0, 10.5, 0.125], "texture": "#1"},
				"up": {"uv": [5.125, 10.5, 5, 9.75], "texture": "#1"},
				"down": {"uv": [5.375, 9.75, 5.25, 10.5], "texture": "#1"}
			}
		},
		{
			"from": [7.75628, 6.89017, 2.375],
			"to": [8.25628, 7.14017, 7.875],
			"rotation": {"angle": 45, "axis": "z", "origin": [8.00628, 7.51517, 6.875]},
			"faces": {
				"north": {"uv": [11, 3, 11.125, 3.125], "texture": "#1"},
				"east": {"uv": [9.5, 3.75, 10.25, 3.875], "texture": "#1"},
				"south": {"uv": [3.25, 11, 3.375, 11.125], "texture": "#1"},
				"west": {"uv": [8, 9.5, 8.75, 9.625], "texture": "#1"},
				"up": {"uv": [9.625, 8.75, 9.5, 8], "texture": "#1"},
				"down": {"uv": [9.375, 9.5, 9.25, 10.25], "texture": "#1"}
			}
		},
		{
			"from": [4.40129, 9.70668, 5.87891],
			"to": [5.15129, 10.20668, 24.37109],
			"rotation": {"angle": -45, "axis": "z", "origin": [6.58579, 6.8, -1.625]},
			"faces": {
				"north": {"uv": [10.75, 7.75, 11, 7.875], "texture": "#1"},
				"east": {"uv": [4.75, 0.75, 9.375, 0.875], "texture": "#1"},
				"south": {"uv": [8, 10.75, 8.25, 10.875], "texture": "#1"},
				"west": {"uv": [6, 5, 10.625, 5.125], "texture": "#1"},
				"up": {"uv": [3, 9.875, 2.75, 5.25], "texture": "#1"},
				"down": {"uv": [3.25, 5.25, 3, 9.875], "texture": "#1"}
			}
		},
		{
			"from": [8.63839, 9.96694, 5.87891],
			"to": [9.13839, 10.71694, 24.37109],
			"rotation": {"angle": -45, "axis": "z", "origin": [8.63839, 10.84194, 6.375]},
			"faces": {
				"north": {"uv": [10.75, 8, 10.875, 8.25], "texture": "#1"},
				"east": {"uv": [3, 2, 7.625, 2.25], "texture": "#1"},
				"south": {"uv": [8.25, 10.75, 8.375, 11], "texture": "#1"},
				"west": {"uv": [3, 2.25, 7.625, 2.5], "texture": "#1"},
				"up": {"uv": [4.875, 9.875, 4.75, 5.25], "texture": "#1"},
				"down": {"uv": [0.625, 7.25, 0.5, 11.875], "texture": "#1"}
			}
		},
		{
			"from": [8.95, 10.56161, 6.42374],
			"to": [9.2, 10.96161, 6.72374],
			"rotation": {"angle": 0, "axis": "y", "origin": [8.19375, 10.91875, 7.25]},
			"faces": {
				"north": {"uv": [11.25, 3.25, 11.375, 3.375], "texture": "#1"},
				"east": {"uv": [3.5, 11.25, 3.625, 11.375], "texture": "#1", "tintindex": 0},
				"south": {"uv": [11.25, 3.5, 11.375, 3.625], "texture": "#1"},
				"west": {"uv": [3.75, 11.25, 3.875, 11.375], "texture": "#1"},
				"up": {"uv": [11.375, 3.875, 11.25, 3.75], "texture": "#1"},
				"down": {"uv": [4.125, 11.25, 4, 11.375], "texture": "#1", "tintindex": 0}
			}
		},
		{
			"from": [8.95, 10.88588, 6.42374],
			"to": [9.2, 11.28588, 6.72374],
			"rotation": {"angle": 0, "axis": "y", "origin": [8.19375, 10.91875, 7.25]},
			"faces": {
				"north": {"uv": [11.25, 4, 11.375, 4.125], "texture": "#1"},
				"east": {"uv": [4.25, 11.25, 4.375, 11.375], "texture": "#1", "tintindex": 0},
				"south": {"uv": [11.25, 4.25, 11.375, 4.375], "texture": "#1"},
				"west": {"uv": [4.5, 11.25, 4.625, 11.375], "texture": "#1", "tintindex": 0},
				"up": {"uv": [11.375, 4.625, 11.25, 4.5], "texture": "#1", "tintindex": 0},
				"down": {"uv": [4.875, 11.25, 4.75, 11.375], "texture": "#1"}
			}
		},
		{
			"from": [8.95, 11.03834, 6.62535],
			"to": [9.2, 11.43834, 6.92535],
			"rotation": {"angle": -45, "axis": "x", "origin": [8.19375, 10.91875, 7.25]},
			"faces": {
				"north": {"uv": [11.25, 4.75, 11.375, 4.875], "texture": "#1"},
				"east": {"uv": [5, 11.25, 5.125, 11.375], "texture": "#1", "tintindex": 0},
				"south": {"uv": [11.25, 5, 11.375, 5.125], "texture": "#1"},
				"west": {"uv": [5.25, 11.25, 5.375, 11.375], "texture": "#1"},
				"up": {"uv": [11.375, 5.375, 11.25, 5.25], "texture": "#1"},
				"down": {"uv": [5.625, 11.25, 5.5, 11.375], "texture": "#1", "tintindex": 0}
			}
		},
		{
			"from": [8.95, 11.3626, 6.62535],
			"to": [9.2, 11.7626, 6.92535],
			"rotation": {"angle": -45, "axis": "x", "origin": [8.19375, 10.91875, 7.25]},
			"faces": {
				"north": {"uv": [11.25, 5.5, 11.375, 5.625], "texture": "#1"},
				"east": {"uv": [5.75, 11.25, 5.875, 11.375], "texture": "#1", "tintindex": 0},
				"south": {"uv": [11.25, 5.75, 11.375, 5.875], "texture": "#1"},
				"west": {"uv": [6, 11.25, 6.125, 11.375], "texture": "#1", "tintindex": 0},
				"up": {"uv": [11.375, 6.125, 11.25, 6], "texture": "#1", "tintindex": 0},
				"down": {"uv": [6.375, 11.25, 6.25, 11.375], "texture": "#1"}
			}
		},
		{
			"from": [8.95, 11.25047, 6.73748],
			"to": [9.2, 11.55047, 7.13748],
			"rotation": {"angle": -45, "axis": "x", "origin": [8.19375, 10.91875, 7.25]},
			"faces": {
				"north": {"uv": [11.25, 6.25, 11.375, 6.375], "texture": "#1"},
				"east": {"uv": [6.5, 11.25, 6.625, 11.375], "texture": "#1", "tintindex": 0},
				"south": {"uv": [11.25, 6.5, 11.375, 6.625], "texture": "#1", "tintindex": 0},
				"west": {"uv": [6.75, 11.25, 6.875, 11.375], "texture": "#1", "tintindex": 0},
				"up": {"uv": [11.375, 6.875, 11.25, 6.75], "texture": "#1"},
				"down": {"uv": [7.125, 11.25, 7, 11.375], "texture": "#1"}
			}
		},
		{
			"from": [8.95, 11.25047, 6.41322],
			"to": [9.2, 11.55047, 6.81322],
			"rotation": {"angle": -45, "axis": "x", "origin": [8.19375, 10.91875, 7.25]},
			"faces": {
				"north": {"uv": [11.25, 7, 11.375, 7.125], "texture": "#1", "tintindex": 0},
				"east": {"uv": [7.25, 11.25, 7.375, 11.375], "texture": "#1", "tintindex": 0},
				"south": {"uv": [11.25, 7.25, 11.375, 7.375], "texture": "#1"},
				"west": {"uv": [7.5, 11.25, 7.625, 11.375], "texture": "#1"},
				"up": {"uv": [11.375, 7.625, 11.25, 7.5], "texture": "#1"},
				"down": {"uv": [7.875, 11.25, 7.75, 11.375], "texture": "#1"}
			}
		},
		{
			"from": [8.95, 10.77374, 6.53588],
			"to": [9.2, 11.07374, 6.93588],
			"rotation": {"angle": 0, "axis": "y", "origin": [8.19375, 10.91875, 7.25]},
			"faces": {
				"north": {"uv": [11.25, 7.75, 11.375, 7.875], "texture": "#1"},
				"east": {"uv": [8, 11.25, 8.125, 11.375], "texture": "#1", "tintindex": 0},
				"south": {"uv": [11.25, 8, 11.375, 8.125], "texture": "#1", "tintindex": 0},
				"west": {"uv": [8.25, 11.25, 8.375, 11.375], "texture": "#1"},
				"up": {"uv": [11.375, 8.375, 11.25, 8.25], "texture": "#1"},
				"down": {"uv": [8.625, 11.25, 8.5, 11.375], "texture": "#1"}
			}
		},
		{
			"from": [8.95, 10.77374, 6.21161],
			"to": [9.2, 11.07374, 6.61161],
			"rotation": {"angle": 0, "axis": "y", "origin": [8.19375, 10.91875, 7.25]},
			"faces": {
				"north": {"uv": [11.25, 8.5, 11.375, 8.625], "texture": "#1", "tintindex": 0},
				"east": {"uv": [8.75, 11.25, 8.875, 11.375], "texture": "#1", "tintindex": 0},
				"south": {"uv": [11.25, 8.75, 11.375, 8.875], "texture": "#1"},
				"west": {"uv": [9, 11.25, 9.125, 11.375], "texture": "#1"},
				"up": {"uv": [11.375, 9.125, 11.25, 9], "texture": "#1"},
				"down": {"uv": [9.375, 11.25, 9.25, 11.375], "texture": "#1"}
			}
		},
		{
			"from": [8.45, 10.825, 6.375],
			"to": [8.95, 11.075, 7.625],
			"rotation": {"angle": 0, "axis": "y", "origin": [8.19375, 10.91875, 7.25]},
			"faces": {
				"north": {"uv": [11, 6.25, 11.125, 6.375], "texture": "#1"},
				"east": {"uv": [3, 10.5, 3.375, 10.625], "texture": "#1", "tintindex": 0},
				"south": {"uv": [6.5, 11, 6.625, 11.125], "texture": "#1", "tintindex": 0},
				"west": {"uv": [3.5, 10.5, 3.875, 10.625], "texture": "#1"},
				"up": {"uv": [4.125, 10.875, 4, 10.5], "texture": "#1", "tintindex": 0},
				"down": {"uv": [4.375, 10.5, 4.25, 10.875], "texture": "#1"}
			}
		},
		{
			"from": [7.075, 10.25, 6.125],
			"to": [8.95, 10.825, 7.625],
			"rotation": {"angle": 0, "axis": "y", "origin": [8.19375, 10.91875, 7.25]},
			"faces": {
				"north": {"uv": [3.25, 10.25, 3.75, 10.375], "texture": "#1", "tintindex": 0},
				"east": {"uv": [2, 10.5, 2.375, 10.625], "texture": "#1", "tintindex": 0},
				"south": {"uv": [10.25, 3.25, 10.75, 3.375], "texture": "#1", "tintindex": 0},
				"west": {"uv": [2.5, 10.5, 2.875, 10.625], "texture": "#1", "tintindex": 0},
				"up": {"uv": [9, 3.875, 8.5, 3.5], "texture": "#1", "tintindex": 0},
				"down": {"uv": [9, 4, 8.5, 4.375], "texture": "#1"}
			}
		},
		{
			"from": [7.7, 10.8, 6.5],
			"to": [8.3, 11.05, 8],
			"rotation": {"angle": 0, "axis": "y", "origin": [8.19375, 10.91875, 7.25]},
			"faces": {
				"north": {"uv": [11, 6.75, 11.125, 6.875], "texture": "#1", "tintindex": 0},
				"east": {"uv": [5.25, 10.5, 5.625, 10.625], "texture": "#1", "tintindex": 0},
				"south": {"uv": [7, 11, 7.125, 11.125], "texture": "#1"},
				"west": {"uv": [5.75, 10.5, 6.125, 10.625], "texture": "#1", "tintindex": 0},
				"up": {"uv": [6.375, 10.875, 6.25, 10.5], "texture": "#1", "tintindex": 0},
				"down": {"uv": [6.625, 10.5, 6.5, 10.875], "texture": "#1"}
			}
		},
		{
			"from": [8.2, 10.8, 8],
			"to": [8.3, 11.05, 8.5],
			"rotation": {"angle": 0, "axis": "y", "origin": [8.19375, 10.91875, 7.25]},
			"faces": {
				"north": {"uv": [11, 7, 11.125, 7.125], "texture": "#1"},
				"east": {"uv": [7.25, 11, 7.375, 11.125], "texture": "#1", "tintindex": 0},
				"south": {"uv": [11, 7.25, 11.125, 7.375], "texture": "#1", "tintindex": 0},
				"west": {"uv": [7.5, 11, 7.625, 11.125], "texture": "#1", "tintindex": 0},
				"up": {"uv": [11.125, 7.625, 11, 7.5], "texture": "#1", "tintindex": 0},
				"down": {"uv": [7.875, 11, 7.75, 11.125], "texture": "#1"}
			}
		},
		{
			"from": [7.95, 10.8, 8],
			"to": [8.05, 11.05, 8.375],
			"rotation": {"angle": 0, "axis": "y", "origin": [8.19375, 10.91875, 7.25]},
			"faces": {
				"north": {"uv": [11, 7.75, 11.125, 7.875], "texture": "#1"},
				"east": {"uv": [8, 11, 8.125, 11.125], "texture": "#1", "tintindex": 0},
				"south": {"uv": [11, 8, 11.125, 8.125], "texture": "#1", "tintindex": 0},
				"west": {"uv": [8.25, 11, 8.375, 11.125], "texture": "#1", "tintindex": 0},
				"up": {"uv": [11.125, 8.375, 11, 8.25], "texture": "#1", "tintindex": 0},
				"down": {"uv": [8.625, 11, 8.5, 11.125], "texture": "#1"}
			}
		},
		{
			"from": [7.7, 10.8, 8],
			"to": [7.8, 11.05, 8.5],
			"rotation": {"angle": 0, "axis": "y", "origin": [8.19375, 10.91875, 7.25]},
			"faces": {
				"north": {"uv": [11, 8.5, 11.125, 8.625], "texture": "#1"},
				"east": {"uv": [8.75, 11, 8.875, 11.125], "texture": "#1", "tintindex": 0},
				"south": {"uv": [11, 8.75, 11.125, 8.875], "texture": "#1", "tintindex": 0},
				"west": {"uv": [9, 11, 9.125, 11.125], "texture": "#1", "tintindex": 0},
				"up": {"uv": [11.125, 9.125, 11, 9], "texture": "#1", "tintindex": 0},
				"down": {"uv": [9.375, 11, 9.25, 11.125], "texture": "#1"}
			}
		},
		{
			"from": [7.925, 11.0625, 6.5375],
			"to": [8.075, 11.4875, 7.6125],
			"rotation": {"angle": 0, "axis": "y", "origin": [8.19375, 10.91875, 7.25]},
			"faces": {
				"north": {"uv": [11.5, 4, 11.625, 4.125], "texture": "#1"},
				"east": {"uv": [10.75, 10.25, 11, 10.375], "texture": "#1"},
				"south": {"uv": [4.25, 11.5, 4.375, 11.625], "texture": "#1"},
				"west": {"uv": [10.5, 10.75, 10.75, 10.875], "texture": "#1"},
				"up": {"uv": [10.875, 11, 10.75, 10.75], "texture": "#1"},
				"down": {"uv": [0.125, 11, 0, 11.25], "texture": "#1"}
			}
		},
		{
			"from": [7.925, 10.74467, 7.30481],
			"to": [8.075, 11.16967, 8.37981],
			"rotation": {"angle": 45, "axis": "x", "origin": [8, 10.95717, 7.84231]},
			"faces": {
				"north": {"uv": [11.5, 4, 11.625, 4.125], "texture": "#1"},
				"east": {"uv": [10.75, 10.25, 11, 10.375], "texture": "#1"},
				"south": {"uv": [4.25, 11.5, 4.375, 11.625], "texture": "#1"},
				"west": {"uv": [10.5, 10.75, 10.75, 10.875], "texture": "#1"},
				"up": {"uv": [10.875, 11, 10.75, 10.75], "texture": "#1"},
				"down": {"uv": [0.125, 11, 0, 11.25], "texture": "#1"}
			}
		},
		{
			"from": [7.45, 10.875, 6.525],
			"to": [9.05, 11.025, 6.675],
			"rotation": {"angle": 0, "axis": "y", "origin": [8.19375, 10.91875, 7.25]},
			"faces": {
				"north": {"uv": [6.75, 10.5, 7.125, 10.625], "texture": "#1", "tintindex": 0},
				"east": {"uv": [11, 9.25, 11.125, 9.375], "texture": "#1"},
				"south": {"uv": [7.25, 10.5, 7.625, 10.625], "texture": "#1"},
				"west": {"uv": [9.5, 11, 9.625, 11.125], "texture": "#1"},
				"up": {"uv": [10.875, 8.625, 10.5, 8.5], "texture": "#1", "tintindex": 0},
				"down": {"uv": [9.125, 10.5, 8.75, 10.625], "texture": "#1"}
			}
		},
		{
			"from": [7.075, 10.825, 6.375],
			"to": [7.55, 11.075, 7.625],
			"rotation": {"angle": 0, "axis": "y", "origin": [8.19375, 10.91875, 7.25]},
			"faces": {
				"north": {"uv": [11, 6.5, 11.125, 6.625], "texture": "#1"},
				"east": {"uv": [10.5, 4, 10.875, 4.125], "texture": "#1"},
				"south": {"uv": [6.75, 11, 6.875, 11.125], "texture": "#1", "tintindex": 0},
				"west": {"uv": [10.5, 4.5, 10.875, 4.625], "texture": "#1", "tintindex": 0},
				"up": {"uv": [4.625, 10.875, 4.5, 10.5], "texture": "#1", "tintindex": 0},
				"down": {"uv": [5.125, 10.5, 5, 10.875], "texture": "#1"}
			}
		},
		{
			"from": [7.075, 10.825, 6.125],
			"to": [8.95, 11.075, 6.375],
			"rotation": {"angle": 0, "axis": "y", "origin": [8.19375, 10.91875, 7.25]},
			"faces": {
				"north": {"uv": [10.25, 3.5, 10.75, 3.625], "texture": "#1", "tintindex": 0},
				"east": {"uv": [11, 6, 11.125, 6.125], "texture": "#1", "tintindex": 0},
				"south": {"uv": [3.75, 10.25, 4.25, 10.375], "texture": "#1"},
				"west": {"uv": [6.25, 11, 6.375, 11.125], "texture": "#1", "tintindex": 0},
				"up": {"uv": [10.75, 3.875, 10.25, 3.75], "texture": "#1", "tintindex": 0},
				"down": {"uv": [4.75, 10.25, 4.25, 10.375], "texture": "#1"}
			}
		},
		{
			"from": [7.06875, 10.825, 23.6875],
			"to": [8.94375, 11.075, 23.9375],
			"rotation": {"angle": 0, "axis": "y", "origin": [8.00938, 10.84687, 23.28125]},
			"faces": {
				"north": {"uv": [10.25, 4.25, 10.75, 4.375], "texture": "#1", "tintindex": 0},
				"east": {"uv": [11, 9.5, 11.125, 9.625], "texture": "#1", "tintindex": 0},
				"south": {"uv": [10.25, 4.75, 10.75, 4.875], "texture": "#1", "tintindex": 0},
				"west": {"uv": [9.75, 11, 9.875, 11.125], "texture": "#1", "tintindex": 0},
				"up": {"uv": [6.25, 10.375, 5.75, 10.25], "texture": "#1", "tintindex": 0},
				"down": {"uv": [6.75, 10.25, 6.25, 10.375], "texture": "#1"}
			}
		},
		{
			"from": [7.06875, 10.825, 22.4375],
			"to": [7.56875, 11.075, 23.6875],
			"rotation": {"angle": 0, "axis": "y", "origin": [8.00938, 10.84687, 23.28125]},
			"faces": {
				"north": {"uv": [11, 9.75, 11.125, 9.875], "texture": "#1", "tintindex": 0},
				"east": {"uv": [10.5, 9.75, 10.875, 9.875], "texture": "#1", "tintindex": 0},
				"south": {"uv": [10, 11, 10.125, 11.125], "texture": "#1"},
				"west": {"uv": [10.5, 10, 10.875, 10.125], "texture": "#1", "tintindex": 0},
				"up": {"uv": [7.875, 10.875, 7.75, 10.5], "texture": "#1", "tintindex": 0},
				"down": {"uv": [10.375, 10.5, 10.25, 10.875], "texture": "#1"}
			}
		},
		{
			"from": [8.46875, 10.825, 22.4375],
			"to": [8.94375, 11.075, 23.6875],
			"rotation": {"angle": 0, "axis": "y", "origin": [8.00938, 10.84687, 23.28125]},
			"faces": {
				"north": {"uv": [11, 10, 11.125, 10.125], "texture": "#1", "tintindex": 0},
				"east": {"uv": [10.5, 10.5, 10.875, 10.625], "texture": "#1", "tintindex": 0},
				"south": {"uv": [10.25, 11, 10.375, 11.125], "texture": "#1"},
				"west": {"uv": [0, 10.75, 0.375, 10.875], "texture": "#1", "tintindex": 0},
				"up": {"uv": [10.875, 0.375, 10.75, 0], "texture": "#1", "tintindex": 0},
				"down": {"uv": [10.875, 1.75, 10.75, 2.125], "texture": "#1"}
			}
		},
		{
			"from": [8.125, 11.0625, 22.4125],
			"to": [8.3, 11.4375, 22.9875],
			"rotation": {"angle": 0, "axis": "y", "origin": [8, 11.425, 7.9375]},
			"faces": {
				"north": {"uv": [11.5, 5, 11.625, 5.125], "texture": "#1"},
				"east": {"uv": [5.25, 11.5, 5.375, 11.625], "texture": "#1"},
				"south": {"uv": [11.5, 5.25, 11.625, 5.375], "texture": "#1"},
				"west": {"uv": [5.5, 11.5, 5.625, 11.625], "texture": "#1"},
				"up": {"uv": [11.625, 5.625, 11.5, 5.5], "texture": "#1"},
				"down": {"uv": [5.875, 11.5, 5.75, 11.625], "texture": "#1"}
			}
		},
		{
			"from": [7.7, 11.0625, 22.4125],
			"to": [7.875, 11.4375, 22.9875],
			"rotation": {"angle": 0, "axis": "y", "origin": [8, 11.425, 7.9375]},
			"faces": {
				"north": {"uv": [11.5, 4.25, 11.625, 4.375], "texture": "#1"},
				"east": {"uv": [4.5, 11.5, 4.625, 11.625], "texture": "#1"},
				"south": {"uv": [11.5, 4.5, 11.625, 4.625], "texture": "#1"},
				"west": {"uv": [4.75, 11.5, 4.875, 11.625], "texture": "#1"},
				"up": {"uv": [11.625, 4.875, 11.5, 4.75], "texture": "#1"},
				"down": {"uv": [5.125, 11.5, 5, 11.625], "texture": "#1"}
			}
		},
		{
			"from": [7.875, 11.0625, 22.4125],
			"to": [8.125, 11.2625, 22.9875],
			"rotation": {"angle": 0, "axis": "y", "origin": [8, 11.425, 7.9375]},
			"faces": {
				"north": {"uv": [11.5, 5.75, 11.625, 5.875], "texture": "#1"},
				"east": {"uv": [6, 11.5, 6.125, 11.625], "texture": "#1"},
				"south": {"uv": [11.5, 6, 11.625, 6.125], "texture": "#1"},
				"west": {"uv": [6.25, 11.5, 6.375, 11.625], "texture": "#1"},
				"up": {"uv": [11.625, 6.375, 11.5, 6.25], "texture": "#1"},
				"down": {"uv": [6.625, 11.5, 6.5, 11.625], "texture": "#1"}
			}
		},
		{
			"from": [7.7, 10.79062, 21.68438],
			"to": [8.3, 11.04062, 23.18438],
			"rotation": {"angle": 0, "axis": "y", "origin": [8, 11.66562, 23.10938]},
			"faces": {
				"north": {"uv": [11, 10.5, 11.125, 10.625], "texture": "#1", "tintindex": 0},
				"east": {"uv": [10.75, 2.75, 11.125, 2.875], "texture": "#1", "tintindex": 0},
				"south": {"uv": [10.75, 11, 10.875, 11.125], "texture": "#1", "tintindex": 0},
				"west": {"uv": [3, 10.75, 3.375, 10.875], "texture": "#1", "tintindex": 0},
				"up": {"uv": [10.875, 3.375, 10.75, 3], "texture": "#1", "tintindex": 0},
				"down": {"uv": [3.625, 10.75, 3.5, 11.125], "texture": "#1"}
			}
		},
		{
			"from": [7.45, 10.875, 23.025],
			"to": [9.05, 11.025, 23.175],
			"rotation": {"angle": 0, "axis": "y", "origin": [0, 6, 5.375]},
			"faces": {
				"north": {"uv": [2, 10.75, 2.375, 10.875], "texture": "#1", "tintindex": 0},
				"east": {"uv": [11, 10.25, 11.125, 10.375], "texture": "#1"},
				"south": {"uv": [10.75, 2.25, 11.125, 2.375], "texture": "#1", "tintindex": 0},
				"west": {"uv": [10.5, 11, 10.625, 11.125], "texture": "#1"},
				"up": {"uv": [2.875, 10.875, 2.5, 10.75], "texture": "#1", "tintindex": 0},
				"down": {"uv": [11.125, 2.5, 10.75, 2.625], "texture": "#1"}
			}
		},
		{
			"from": [7.06875, 10.25, 22.4375],
			"to": [8.94375, 10.825, 23.9375],
			"rotation": {"angle": 0, "axis": "y", "origin": [8.00938, 10.84687, 23.28125]},
			"faces": {
				"north": {"uv": [7, 10.25, 7.5, 10.375], "texture": "#1", "tintindex": 0},
				"east": {"uv": [9.25, 10.5, 9.625, 10.625], "texture": "#1", "tintindex": 0},
				"south": {"uv": [7.5, 10.25, 8, 10.375], "texture": "#1", "tintindex": 0},
				"west": {"uv": [9.75, 10.5, 10.125, 10.625], "texture": "#1", "tintindex": 0},
				"up": {"uv": [9, 4.875, 8.5, 4.5], "texture": "#1", "tintindex": 0},
				"down": {"uv": [5.75, 8.5, 5.25, 8.875], "texture": "#1"}
			}
		},
		{
			"from": [8.95, 10.8, 23.025],
			"to": [9.2, 11.1, 23.425],
			"rotation": {"angle": -45, "axis": "x", "origin": [9.075, 10.95, 23.1]},
			"faces": {
				"north": {"uv": [11.5, 3.25, 11.625, 3.375], "texture": "#1"},
				"east": {"uv": [3.5, 11.5, 3.625, 11.625], "texture": "#1", "tintindex": 0},
				"south": {"uv": [11.5, 3.5, 11.625, 3.625], "texture": "#1", "tintindex": 0},
				"west": {"uv": [3.75, 11.5, 3.875, 11.625], "texture": "#1", "tintindex": 0},
				"up": {"uv": [11.625, 3.875, 11.5, 3.75], "texture": "#1"},
				"down": {"uv": [4.125, 11.5, 4, 11.625], "texture": "#1"}
			}
		},
		{
			"from": [8.95, 10.77374, 23.03588],
			"to": [9.2, 11.07374, 23.43588],
			"rotation": {"angle": 0, "axis": "y", "origin": [9.075, 10.92374, 23.11088]},
			"faces": {
				"north": {"uv": [11.5, 2.5, 11.625, 2.625], "texture": "#1"},
				"east": {"uv": [2.75, 11.5, 2.875, 11.625], "texture": "#1", "tintindex": 0},
				"south": {"uv": [11.5, 2.75, 11.625, 2.875], "texture": "#1", "tintindex": 0},
				"west": {"uv": [3, 11.5, 3.125, 11.625], "texture": "#1"},
				"up": {"uv": [11.625, 3.125, 11.5, 3], "texture": "#1"},
				"down": {"uv": [3.375, 11.5, 3.25, 11.625], "texture": "#1"}
			}
		},
		{
			"from": [8.95, 10.57249, 22.95],
			"to": [9.2, 10.97249, 23.25],
			"rotation": {"angle": -45, "axis": "x", "origin": [9.075, 10.89749, 23.1]},
			"faces": {
				"north": {"uv": [11.5, 1.75, 11.625, 1.875], "texture": "#1"},
				"east": {"uv": [2, 11.5, 2.125, 11.625], "texture": "#1", "tintindex": 0},
				"south": {"uv": [11.5, 2, 11.625, 2.125], "texture": "#1"},
				"west": {"uv": [2.25, 11.5, 2.375, 11.625], "texture": "#1"},
				"up": {"uv": [11.625, 2.375, 11.5, 2.25], "texture": "#1"},
				"down": {"uv": [2.625, 11.5, 2.5, 11.625], "texture": "#1", "tintindex": 0}
			}
		},
		{
			"from": [8.95, 10.56161, 22.92374],
			"to": [9.2, 10.96161, 23.22374],
			"rotation": {"angle": 0, "axis": "y", "origin": [9.075, 10.88661, 23.07374]},
			"faces": {
				"north": {"uv": [11.5, 1, 11.625, 1.125], "texture": "#1"},
				"east": {"uv": [1.25, 11.5, 1.375, 11.625], "texture": "#1", "tintindex": 0},
				"south": {"uv": [11.5, 1.25, 11.625, 1.375], "texture": "#1"},
				"west": {"uv": [1.5, 11.5, 1.625, 11.625], "texture": "#1"},
				"up": {"uv": [11.625, 1.625, 11.5, 1.5], "texture": "#1"},
				"down": {"uv": [1.875, 11.5, 1.75, 11.625], "texture": "#1", "tintindex": 0}
			}
		},
		{
			"from": [8.95, 10.74749, 22.72249],
			"to": [9.2, 11.04749, 23.12249],
			"rotation": {"angle": -45, "axis": "x", "origin": [9.075, 10.89749, 23.04749]},
			"faces": {
				"north": {"uv": [0.25, 11.5, 0.375, 11.625], "texture": "#1", "tintindex": 0},
				"east": {"uv": [11.5, 0.25, 11.625, 0.375], "texture": "#1", "tintindex": 0},
				"south": {"uv": [11.5, 0.5, 11.625, 0.625], "texture": "#1"},
				"west": {"uv": [0.75, 11.5, 0.875, 11.625], "texture": "#1"},
				"up": {"uv": [11.625, 0.875, 11.5, 0.75], "texture": "#1"},
				"down": {"uv": [1.125, 11.5, 1, 11.625], "texture": "#1"}
			}
		},
		{
			"from": [8.95, 10.77374, 22.71161],
			"to": [9.2, 11.07374, 23.11161],
			"rotation": {"angle": 0, "axis": "y", "origin": [9.075, 10.92374, 23.03661]},
			"faces": {
				"north": {"uv": [11.25, 10, 11.375, 10.125], "texture": "#1", "tintindex": 0},
				"east": {"uv": [10.25, 11.25, 10.375, 11.375], "texture": "#1", "tintindex": 0},
				"south": {"uv": [11.25, 10.25, 11.375, 10.375], "texture": "#1"},
				"west": {"uv": [10.5, 11.25, 10.625, 11.375], "texture": "#1"},
				"up": {"uv": [11.375, 10.625, 11.25, 10.5], "texture": "#1"},
				"down": {"uv": [10.875, 11.25, 10.75, 11.375], "texture": "#1"}
			}
		},
		{
			"from": [8.95, 10.875, 22.89749],
			"to": [9.2, 11.275, 23.19749],
			"rotation": {"angle": -45, "axis": "x", "origin": [9.075, 10.95, 23.04749]},
			"faces": {
				"north": {"uv": [11.25, 10.75, 11.375, 10.875], "texture": "#1"},
				"east": {"uv": [11, 11.25, 11.125, 11.375], "texture": "#1", "tintindex": 0},
				"south": {"uv": [11.25, 11, 11.375, 11.125], "texture": "#1"},
				"west": {"uv": [11.25, 11.25, 11.375, 11.375], "texture": "#1", "tintindex": 0},
				"up": {"uv": [0.125, 11.625, 0, 11.5], "texture": "#1", "tintindex": 0},
				"down": {"uv": [11.625, 0, 11.5, 0.125], "texture": "#1"}
			}
		},
		{
			"from": [8.95, 10.88588, 22.92374],
			"to": [9.2, 11.28588, 23.22374],
			"rotation": {"angle": 0, "axis": "y", "origin": [9.075, 10.96088, 23.07374]},
			"faces": {
				"north": {"uv": [11.25, 9.25, 11.375, 9.375], "texture": "#1"},
				"east": {"uv": [9.5, 11.25, 9.625, 11.375], "texture": "#1", "tintindex": 0},
				"south": {"uv": [11.25, 9.5, 11.375, 9.625], "texture": "#1"},
				"west": {"uv": [9.75, 11.25, 9.875, 11.375], "texture": "#1", "tintindex": 0},
				"up": {"uv": [11.375, 9.875, 11.25, 9.75], "texture": "#1", "tintindex": 0},
				"down": {"uv": [10.125, 11.25, 10, 11.375], "texture": "#1"}
			}
		}
	],
	"display": {
		"thirdperson_righthand": {
			"translation": [0, 1.25, -5.25],
			"scale": [0.65, 0.65, 0.65]
		},
		"thirdperson_lefthand": {
			"translation": [0, 1.25, -5.25],
			"scale": [0.65, 0.65, 0.65]
		},
		"firstperson_righthand": {
			"translation": [-5.25, 4.75, -2],
			"scale": [0.5, 0.5, 0.5]
		},
		"firstperson_lefthand": {
			"translation": [-5.25, 4.75, -2],
			"scale": [0.5, 0.5, 0.5]
		},
		"ground": {
			"translation": [0, 2.75, -6.75],
			"scale": [0.7, 0.7, 0.7]
		},
		"gui": {
			"rotation": [30, -135, 0],
			"translation": [5, -1, 0],
			"scale": [0.8, 0.8, 0.8]
		},
		"fixed": {
			"rotation": [0, 90, 0],
			"translation": [-8, 2.5, -2]
		}
	},
	"groups": [
		0,
		1,
		2,
		3,
		4,
		5,
		6,
		7,
		8,
		9,
		10,
		11,
		12,
		13,
		14,
		15,
		16,
		17,
		18,
		19,
		20,
		21,
		22,
		23,
		24,
		25,
		26,
		27,
		28,
		29,
		30,
		31,
		32,
		33,
		34,
		35,
		36,
		37,
		38,
		39,
		40,
		41,
		42,
		43,
		44,
		45,
		46,
		47,
		48,
		49,
		50,
		51,
		52,
		53,
		54,
		55,
		56,
		57,
		58,
		59,
		60,
		61,
		62,
		63,
		64,
		65,
		66,
		67,
		68,
		69,
		{
			"name": "Front Sight",
			"origin": [0, 8, 4],
			"color": 0,
			"children": [70, 71, 72, 73, 74, 75, 76, 77, 78, 79, 80, 81, 82, 83, 84, 85, 86, 87, 88]
		},
		{
			"name": "Rear Sight",
			"origin": [9.075, 4.96088, 17.69874],
			"color": 0,
			"children": [89, 90, 91, 92, 93, 94, 95, 96, 97, 98, 99, 100, 101, 102, 103, 104, 105]
		}
	]
}