{
	"credit": "Made with Blockbench by Mercuriosity",
	"texture_size": [64, 64],
	"textures": {
		"1": "additionalguns:item/mp7a2"
	},
	"elements": [
		{
			"from": [6.875, 6, 14],
			"to": [9.125, 9, 26],
			"rotation": {"angle": 0, "axis": "y", "origin": [0, 6, 7]},
			"faces": {
				"north": {"uv": [6.5, 0, 7.125, 0.75], "texture": "#1"},
				"east": {"uv": [0, 1, 3, 1.75], "texture": "#1", "tintindex": 0},
				"south": {"uv": [7.25, 0, 7.875, 0.75], "texture": "#1", "tintindex": 0},
				"west": {"uv": [0, 1.75, 3, 2.5], "texture": "#1", "tintindex": 0},
				"up": {"uv": [0.625, 5.5, 0, 2.5], "texture": "#1"},
				"down": {"uv": [1.375, 2.5, 0.75, 5.5], "texture": "#1", "tintindex": 0}
			}
		},
		{
			"from": [6.875, 3.45, 27],
			"to": [9.125, 9, 27.5],
			"rotation": {"angle": 0, "axis": "y", "origin": [0, 6, 7]},
			"faces": {
				"north": {"uv": [6, 6, 6.625, 7.375], "texture": "#1"},
				"east": {"uv": [5.75, 8.5, 5.875, 9.875], "texture": "#1"},
				"south": {"uv": [6.75, 6, 7.375, 7.375], "texture": "#1"},
				"west": {"uv": [8.5, 7.25, 8.625, 8.625], "texture": "#1"},
				"up": {"uv": [10.875, 1.125, 10.25, 1], "texture": "#1"},
				"down": {"uv": [10.875, 1.25, 10.25, 1.375], "texture": "#1"}
			}
		},
		{
			"from": [7.225, 3.1, 27],
			"to": [8.775, 3.45, 27.5],
			"rotation": {"angle": 0, "axis": "y", "origin": [0, 6, 7]},
			"faces": {
				"north": {"uv": [10.75, 3.5, 11.125, 3.625], "texture": "#1"},
				"east": {"uv": [11.25, 1.25, 11.375, 1.375], "texture": "#1"},
				"south": {"uv": [10.75, 3.75, 11.125, 3.875], "texture": "#1"},
				"west": {"uv": [1.5, 11.25, 1.625, 11.375], "texture": "#1"},
				"up": {"uv": [11.125, 4.375, 10.75, 4.25], "texture": "#1"},
				"down": {"uv": [11.125, 4.75, 10.75, 4.875], "texture": "#1"}
			}
		},
		{
			"from": [8.21258, 8.21814, 27],
			"to": [8.76258, 8.71814, 27.5],
			"rotation": {"angle": 45, "axis": "z", "origin": [8, 9.04655, 27.25]},
			"faces": {
				"north": {"uv": [11.25, 2.5, 11.375, 2.625], "texture": "#1"},
				"east": {"uv": [2.75, 11.25, 2.875, 11.375], "texture": "#1"},
				"south": {"uv": [11.25, 2.75, 11.375, 2.875], "texture": "#1"},
				"west": {"uv": [3, 11.25, 3.125, 11.375], "texture": "#1"},
				"up": {"uv": [11.375, 3.125, 11.25, 3], "texture": "#1"},
				"down": {"uv": [3.375, 11.25, 3.25, 11.375], "texture": "#1"}
			}
		},
		{
			"from": [7.17159, 9.25913, 27],
			"to": [7.67159, 9.80913, 27.5],
			"rotation": {"angle": 45, "axis": "z", "origin": [8, 9.04655, 27.25]},
			"faces": {
				"north": {"uv": [11.25, 1.75, 11.375, 1.875], "texture": "#1"},
				"east": {"uv": [2, 11.25, 2.125, 11.375], "texture": "#1"},
				"south": {"uv": [11.25, 2, 11.375, 2.125], "texture": "#1"},
				"west": {"uv": [2.25, 11.25, 2.375, 11.375], "texture": "#1"},
				"up": {"uv": [11.375, 2.375, 11.25, 2.25], "texture": "#1"},
				"down": {"uv": [2.625, 11.25, 2.5, 11.375], "texture": "#1"}
			}
		},
		{
			"from": [7.225, 9, 27],
			"to": [8.775, 9.35, 27.5],
			"rotation": {"angle": 0, "axis": "y", "origin": [8, 9.04655, 27.25]},
			"faces": {
				"north": {"uv": [10.75, 5, 11.125, 5.125], "texture": "#1"},
				"east": {"uv": [11.25, 1.5, 11.375, 1.625], "texture": "#1"},
				"south": {"uv": [5.25, 10.75, 5.625, 10.875], "texture": "#1"},
				"west": {"uv": [1.75, 11.25, 1.875, 11.375], "texture": "#1"},
				"up": {"uv": [11.125, 5.375, 10.75, 5.25], "texture": "#1"},
				"down": {"uv": [11.125, 5.5, 10.75, 5.625], "texture": "#1"}
			}
		},
		{
			"from": [6.99623, 3.19268, 27],
			"to": [7.49623, 3.74268, 27.5],
			"rotation": {"angle": -45, "axis": "z", "origin": [7.24623, 3.46768, 27.25]},
			"faces": {
				"north": {"uv": [11, 10.75, 11.125, 10.875], "texture": "#1"},
				"east": {"uv": [11, 11, 11.125, 11.125], "texture": "#1"},
				"south": {"uv": [0, 11.25, 0.125, 11.375], "texture": "#1"},
				"west": {"uv": [11.25, 0, 11.375, 0.125], "texture": "#1"},
				"up": {"uv": [0.375, 11.375, 0.25, 11.25], "texture": "#1"},
				"down": {"uv": [11.375, 0.25, 11.25, 0.375], "texture": "#1"}
			}
		},
		{
			"from": [8.50377, 3.19268, 27],
			"to": [9.00377, 3.74268, 27.5],
			"rotation": {"angle": 45, "axis": "z", "origin": [8.75377, 3.46768, 27.25]},
			"faces": {
				"north": {"uv": [11.25, 0.5, 11.375, 0.625], "texture": "#1"},
				"east": {"uv": [0.75, 11.25, 0.875, 11.375], "texture": "#1"},
				"south": {"uv": [11.25, 0.75, 11.375, 0.875], "texture": "#1"},
				"west": {"uv": [1, 11.25, 1.125, 11.375], "texture": "#1"},
				"up": {"uv": [11.375, 1.125, 11.25, 1], "texture": "#1"},
				"down": {"uv": [1.375, 11.25, 1.25, 11.375], "texture": "#1"}
			}
		},
		{
			"from": [6.925, 6, 26],
			"to": [9.075, 9, 27],
			"rotation": {"angle": 0, "axis": "y", "origin": [0, 6, 7]},
			"faces": {
				"north": {"uv": [7, 5.25, 7.5, 6], "texture": "#1"},
				"east": {"uv": [5, 8.25, 5.25, 9], "texture": "#1", "tintindex": 0},
				"south": {"uv": [6, 8, 6.5, 8.75], "texture": "#1"},
				"west": {"uv": [8.25, 8, 8.5, 8.75], "texture": "#1", "tintindex": 0},
				"up": {"uv": [9.5, 7.5, 9, 7.25], "texture": "#1", "tintindex": 0},
				"down": {"uv": [9.5, 7.5, 9, 7.75], "texture": "#1"}
			}
		},
		{
			"from": [6.925, 5.05552, 26.53596],
			"to": [9.075, 6.30552, 27.53596],
			"rotation": {"angle": -22.5, "axis": "x", "origin": [8, 4.80552, 27.03596]},
			"faces": {
				"north": {"uv": [8.25, 5.75, 8.75, 6.125], "texture": "#1", "tintindex": 0},
				"east": {"uv": [8.5, 9.75, 8.75, 10.125], "texture": "#1", "tintindex": 0},
				"south": {"uv": [8.5, 3, 9, 3.375], "texture": "#1"},
				"west": {"uv": [9.5, 9.75, 9.75, 10.125], "texture": "#1", "tintindex": 0},
				"up": {"uv": [9.5, 8, 9, 7.75], "texture": "#1"},
				"down": {"uv": [8.5, 9, 8, 9.25], "texture": "#1"}
			}
		},
		{
			"from": [6.925, 4.30552, 26.53596],
			"to": [9.075, 5.05552, 27.28596],
			"rotation": {"angle": -22.5, "axis": "x", "origin": [8, 4.80552, 27.03596]},
			"faces": {
				"north": {"uv": [9, 8, 9.5, 8.25], "texture": "#1", "tintindex": 0},
				"east": {"uv": [8.25, 7.25, 8.5, 7.5], "texture": "#1", "tintindex": 0},
				"south": {"uv": [9, 8.25, 9.5, 8.5], "texture": "#1"},
				"west": {"uv": [10.25, 1.5, 10.5, 1.75], "texture": "#1", "tintindex": 0},
				"up": {"uv": [9, 9.25, 8.5, 9], "texture": "#1"},
				"down": {"uv": [9.5, 8.5, 9, 8.75], "texture": "#1"}
			}
		},
		{
			"from": [6.925, 3.80552, 26.53596],
			"to": [9.075, 4.30552, 27.03596],
			"rotation": {"angle": -22.5, "axis": "x", "origin": [8, 4.80552, 27.03596]},
			"faces": {
				"north": {"uv": [10.25, 1.75, 10.75, 1.875], "texture": "#1", "tintindex": 0},
				"east": {"uv": [5.5, 11, 5.625, 11.125], "texture": "#1", "tintindex": 0},
				"south": {"uv": [2, 10.25, 2.5, 10.375], "texture": "#1"},
				"west": {"uv": [5.75, 11, 5.875, 11.125], "texture": "#1", "tintindex": 0},
				"up": {"uv": [10.75, 2.125, 10.25, 2], "texture": "#1"},
				"down": {"uv": [10.75, 2.25, 10.25, 2.375], "texture": "#1"}
			}
		},
		{
			"from": [6.925, 3.55552, 26.53596],
			"to": [9.075, 3.80552, 26.78596],
			"rotation": {"angle": -22.5, "axis": "x", "origin": [8, 4.80552, 27.03596]},
			"faces": {
				"north": {"uv": [2.5, 10.25, 3, 10.375], "texture": "#1", "tintindex": 0},
				"east": {"uv": [11, 5.75, 11.125, 5.875], "texture": "#1", "tintindex": 0},
				"south": {"uv": [10.25, 2.5, 10.75, 2.625], "texture": "#1"},
				"west": {"uv": [6, 11, 6.125, 11.125], "texture": "#1", "tintindex": 0},
				"up": {"uv": [10.75, 2.875, 10.25, 2.75], "texture": "#1"},
				"down": {"uv": [10.75, 3, 10.25, 3.125], "texture": "#1"}
			}
		},
		{
			"from": [6.875, -0.75, 17.25],
			"to": [9.125, 6, 20.75],
			"rotation": {"angle": 0, "axis": "y", "origin": [0, 6, 7.25]},
			"faces": {
				"north": {"uv": [3.25, 5.25, 3.875, 7], "texture": "#1", "tintindex": 0},
				"east": {"uv": [1.5, 3.5, 2.375, 5.25], "texture": "#1", "tintindex": 0},
				"south": {"uv": [5.25, 3.5, 5.875, 5.25], "texture": "#1", "tintindex": 0},
				"west": {"uv": [2.5, 3.5, 3.375, 5.25], "texture": "#1", "tintindex": 0},
				"up": {"uv": [6.875, 3.375, 6.25, 2.5], "texture": "#1"},
				"down": {"uv": [7.625, 2.5, 7, 3.375], "texture": "#1", "tintindex": 0}
			}
		},
		{
			"from": [6.875, -1, 17.25],
			"to": [9.125, -0.75, 18],
			"rotation": {"angle": 0, "axis": "y", "origin": [0, 6, 7.25]},
			"faces": {
				"north": {"uv": [10, 8.75, 10.625, 8.875], "texture": "#1"},
				"east": {"uv": [7.25, 10.75, 7.5, 10.875], "texture": "#1", "tintindex": 0},
				"south": {"uv": [10, 9, 10.625, 9.125], "texture": "#1", "tintindex": 0},
				"west": {"uv": [10.75, 7.25, 11, 7.375], "texture": "#1", "tintindex": 0},
				"up": {"uv": [5.625, 9.25, 5, 9], "texture": "#1"},
				"down": {"uv": [6.875, 9, 6.25, 9.25], "texture": "#1", "tintindex": 0}
			}
		},
		{
			"from": [6.875, -1, 20],
			"to": [9.125, -0.75, 20.75],
			"rotation": {"angle": 0, "axis": "y", "origin": [0, 6, 7.25]},
			"faces": {
				"north": {"uv": [10, 9.25, 10.625, 9.375], "texture": "#1", "tintindex": 0},
				"east": {"uv": [7.5, 10.75, 7.75, 10.875], "texture": "#1", "tintindex": 0},
				"south": {"uv": [9.75, 10, 10.375, 10.125], "texture": "#1"},
				"west": {"uv": [10.75, 7.5, 11, 7.625], "texture": "#1", "tintindex": 0},
				"up": {"uv": [9.625, 6.5, 9, 6.25], "texture": "#1"},
				"down": {"uv": [9.625, 6.5, 9, 6.75], "texture": "#1", "tintindex": 0}
			}
		},
		{
			"from": [7.25, -1.25, 17.5],
			"to": [8.75, 5, 20.5],
			"rotation": {"angle": 0, "axis": "y", "origin": [0, 6, 7.25]},
			"faces": {
				"north": {"uv": [4.25, 7, 4.625, 8.625], "texture": "#1"},
				"east": {"uv": [3.5, 3.5, 4.25, 5.125], "texture": "#1"},
				"south": {"uv": [0, 7.25, 0.375, 8.875], "texture": "#1"},
				"west": {"uv": [4.25, 3.5, 5, 5.125], "texture": "#1"},
				"up": {"uv": [6.875, 8.75, 6.5, 8], "texture": "#1"},
				"down": {"uv": [7.375, 8, 7, 8.75], "texture": "#1"}
			}
		},
		{
			"from": [7.125, -1.5, 17.25],
			"to": [8.875, -1.25, 20.5],
			"rotation": {"angle": 0, "axis": "y", "origin": [0, 6, 7.25]},
			"faces": {
				"north": {"uv": [0, 10.25, 0.5, 10.375], "texture": "#1"},
				"east": {"uv": [9.25, 3, 10.125, 3.125], "texture": "#1"},
				"south": {"uv": [1.5, 10.25, 2, 10.375], "texture": "#1"},
				"west": {"uv": [9.25, 3.25, 10.125, 3.375], "texture": "#1"},
				"up": {"uv": [8.25, 1.875, 7.75, 1], "texture": "#1"},
				"down": {"uv": [8.25, 2, 7.75, 2.875], "texture": "#1"}
			}
		},
		{
			"from": [6.875, 0.15485, 20.72835],
			"to": [9.125, 3.40485, 21.22835],
			"rotation": {"angle": 0, "axis": "y", "origin": [0, 6.15485, 7.22835]},
			"faces": {
				"north": {"uv": [0.75, 7.25, 1.375, 8.125], "texture": "#1"},
				"east": {"uv": [7.25, 9, 7.375, 9.875], "texture": "#1", "tintindex": 0},
				"south": {"uv": [7.5, 5.25, 8.125, 6.125], "texture": "#1", "tintindex": 0},
				"west": {"uv": [9, 9, 9.125, 9.875], "texture": "#1", "tintindex": 0},
				"up": {"uv": [10.625, 5.875, 10, 5.75], "texture": "#1"},
				"down": {"uv": [10.625, 6, 10, 6.125], "texture": "#1"}
			}
		},
		{
			"from": [6.875, 6.25, 18.5],
			"to": [9.125, 7.25, 19],
			"rotation": {"angle": -45, "axis": "x", "origin": [8, 4.5, 19]},
			"faces": {
				"north": {"uv": [7.5, 7.25, 8.125, 7.5], "texture": "#1", "tintindex": 0},
				"east": {"uv": [3.75, 10.75, 3.875, 11], "texture": "#1", "tintindex": 0},
				"south": {"uv": [7.5, 8.5, 8.125, 8.75], "texture": "#1"},
				"west": {"uv": [4.75, 10.75, 4.875, 11], "texture": "#1", "tintindex": 0},
				"up": {"uv": [10.375, 8.625, 9.75, 8.5], "texture": "#1"},
				"down": {"uv": [10.375, 9.75, 9.75, 9.875], "texture": "#1"}
			}
		},
		{
			"from": [6.875, 5.17678, 21.03033],
			"to": [9.125, 6.17678, 21.53033],
			"rotation": {"angle": 45, "axis": "x", "origin": [8, 6.17678, 21.28033]},
			"faces": {
				"north": {"uv": [8.75, 0.5, 9.375, 0.75], "texture": "#1"},
				"east": {"uv": [6, 10.75, 6.125, 11], "texture": "#1", "tintindex": 0},
				"south": {"uv": [0.75, 8.75, 1.375, 9], "texture": "#1", "tintindex": 0},
				"west": {"uv": [10.75, 6, 10.875, 6.25], "texture": "#1", "tintindex": 0},
				"up": {"uv": [10.625, 5.375, 10, 5.25], "texture": "#1"},
				"down": {"uv": [10.625, 5.5, 10, 5.625], "texture": "#1"}
			}
		},
		{
			"from": [6.875, -1.75216, 23.06586],
			"to": [9.125, -0.75216, 23.56586],
			"rotation": {"angle": 45, "axis": "x", "origin": [8, 6.24784, 21.31586]},
			"faces": {
				"north": {"uv": [8.75, 2.5, 9.375, 2.75], "texture": "#1", "tintindex": 0},
				"east": {"uv": [10.75, 6.25, 10.875, 6.5], "texture": "#1", "tintindex": 0},
				"south": {"uv": [8.75, 2.75, 9.375, 3], "texture": "#1"},
				"west": {"uv": [10.75, 6.5, 10.875, 6.75], "texture": "#1", "tintindex": 0},
				"up": {"uv": [7.875, 10.125, 7.25, 10], "texture": "#1"},
				"down": {"uv": [10.625, 7.25, 10, 7.375], "texture": "#1", "tintindex": 0}
			}
		},
		{
			"from": [7.375, 4.25529, 14.73735],
			"to": [8.625, 4.50529, 16.73735],
			"rotation": {"angle": 0, "axis": "y", "origin": [8, 4.38029, 16.23735]},
			"faces": {
				"north": {"uv": [8.75, 10.25, 9.125, 10.375], "texture": "#1"},
				"east": {"uv": [4.5, 10, 5, 10.125], "texture": "#1", "tintindex": 0},
				"south": {"uv": [9.25, 10.25, 9.625, 10.375], "texture": "#1"},
				"west": {"uv": [5.75, 10, 6.25, 10.125], "texture": "#1", "tintindex": 0},
				"up": {"uv": [8.625, 3, 8.25, 2.5], "texture": "#1", "tintindex": 0},
				"down": {"uv": [3.625, 8.25, 3.25, 8.75], "texture": "#1", "tintindex": 0}
			}
		},
		{
			"from": [7.375, 4.26507, 14.53649],
			"to": [8.625, 6.26507, 14.78649],
			"rotation": {"angle": -22.5, "axis": "x", "origin": [8, 4.76507, 14.66149]},
			"faces": {
				"north": {"uv": [3.75, 8.25, 4.125, 8.75], "texture": "#1", "tintindex": 0},
				"east": {"uv": [3, 10, 3.125, 10.5], "texture": "#1", "tintindex": 0},
				"south": {"uv": [8.25, 5.25, 8.625, 5.75], "texture": "#1", "tintindex": 0},
				"west": {"uv": [6.75, 10, 6.875, 10.5], "texture": "#1", "tintindex": 0},
				"up": {"uv": [10.625, 10.375, 10.25, 10.25], "texture": "#1"},
				"down": {"uv": [0.375, 10.5, 0, 10.625], "texture": "#1"}
			}
		},
		{
			"from": [7.375, 4.19723, 16.87751],
			"to": [8.625, 5.19723, 17.12751],
			"rotation": {"angle": 45, "axis": "x", "origin": [8, 4.69723, 17.00251]},
			"faces": {
				"north": {"uv": [9.25, 4, 9.625, 4.25], "texture": "#1", "tintindex": 0},
				"east": {"uv": [6.75, 10.75, 6.875, 11], "texture": "#1", "tintindex": 0},
				"south": {"uv": [6.25, 9.25, 6.625, 9.5], "texture": "#1", "tintindex": 0},
				"west": {"uv": [10.75, 6.75, 10.875, 7], "texture": "#1", "tintindex": 0},
				"up": {"uv": [10.625, 9.625, 10.25, 9.5], "texture": "#1"},
				"down": {"uv": [10.125, 10.25, 9.75, 10.375], "texture": "#1"}
			}
		},
		{
			"from": [6.875, -0.94239, 20.46037],
			"to": [9.125, 0.30761, 20.96037],
			"rotation": {"angle": 22.5, "axis": "x", "origin": [8, -0.44239, 20.71037]},
			"faces": {
				"north": {"uv": [7.75, 4.5, 8.375, 4.875], "texture": "#1"},
				"east": {"uv": [4.75, 10.25, 4.875, 10.625], "texture": "#1", "tintindex": 0},
				"south": {"uv": [7.5, 8, 8.125, 8.375], "texture": "#1", "tintindex": 0},
				"west": {"uv": [8, 10.25, 8.125, 10.625], "texture": "#1", "tintindex": 0},
				"up": {"uv": [10.625, 6.375, 10, 6.25], "texture": "#1"},
				"down": {"uv": [10.625, 6.5, 10, 6.625], "texture": "#1"}
			}
		},
		{
			"from": [6.875, 3.27112, 20.55604],
			"to": [9.125, 4.52112, 21.05604],
			"rotation": {"angle": -22.5, "axis": "x", "origin": [8, 3.77112, 20.80604]},
			"faces": {
				"north": {"uv": [0.75, 8.25, 1.375, 8.625], "texture": "#1"},
				"east": {"uv": [8.25, 10.25, 8.375, 10.625], "texture": "#1", "tintindex": 0},
				"south": {"uv": [8.25, 1, 8.875, 1.375], "texture": "#1", "tintindex": 0},
				"west": {"uv": [8.5, 10.25, 8.625, 10.625], "texture": "#1", "tintindex": 0},
				"up": {"uv": [10.625, 6.875, 10, 6.75], "texture": "#1"},
				"down": {"uv": [10.625, 7, 10, 7.125], "texture": "#1"}
			}
		},
		{
			"from": [6.875, 6.86612, 15.09099],
			"to": [9.125, 7.86612, 15.59099],
			"rotation": {"angle": -45, "axis": "x", "origin": [8, 5.11612, 15.59099]},
			"faces": {
				"north": {"uv": [8.75, 0, 9.375, 0.25], "texture": "#1", "tintindex": 0},
				"east": {"uv": [5.75, 10.75, 5.875, 11], "texture": "#1", "tintindex": 0},
				"south": {"uv": [8.75, 0.25, 9.375, 0.5], "texture": "#1"},
				"west": {"uv": [10.75, 5.75, 10.875, 6], "texture": "#1", "tintindex": 0},
				"up": {"uv": [2.125, 10.125, 1.5, 10], "texture": "#1"},
				"down": {"uv": [2.875, 10, 2.25, 10.125], "texture": "#1"}
			}
		},
		{
			"from": [6.875, 6.5, 7.5],
			"to": [9.125, 9, 14],
			"rotation": {"angle": 0, "axis": "y", "origin": [0, 6, 7]},
			"faces": {
				"north": {"uv": [5.25, 7.75, 5.875, 8.375], "texture": "#1"},
				"east": {"uv": [6, 3.5, 7.625, 4.125], "texture": "#1", "tintindex": 0},
				"south": {"uv": [8, 0, 8.625, 0.625], "texture": "#1"},
				"west": {"uv": [6, 4.25, 7.625, 4.875], "texture": "#1", "tintindex": 0},
				"up": {"uv": [1.375, 7.125, 0.75, 5.5], "texture": "#1", "tintindex": 1},
				"down": {"uv": [5.875, 6, 5.25, 7.625], "texture": "#1", "tintindex": 0}
			}
		},
		{
			"from": [6.875, 7.9197, 6.39001],
			"to": [9.125, 9.4197, 6.91501],
			"rotation": {"angle": 22.5, "axis": "x", "origin": [0, 6.4197, 5.89001]},
			"faces": {
				"north": {"uv": [8.25, 1.5, 8.875, 1.875], "texture": "#1", "tintindex": 0},
				"east": {"uv": [1.5, 10.5, 1.625, 10.875], "texture": "#1", "tintindex": 0},
				"south": {"uv": [8.25, 2, 8.875, 2.375], "texture": "#1"},
				"west": {"uv": [1.75, 10.5, 1.875, 10.875], "texture": "#1", "tintindex": 0},
				"up": {"uv": [10.625, 7.625, 10, 7.5], "texture": "#1"},
				"down": {"uv": [10.625, 7.75, 10, 7.875], "texture": "#1"}
			}
		},
		{
			"from": [6.875, 6, 6.925],
			"to": [9.125, 7.625, 7.5],
			"rotation": {"angle": 0, "axis": "y", "origin": [8, 7.25, 7.25]},
			"faces": {
				"north": {"uv": [9, 4.5, 9.625, 4.75], "texture": "#1", "tintindex": 0},
				"east": {"uv": [7, 10.75, 7.125, 11], "texture": "#1", "tintindex": 0},
				"south": {"uv": [9, 4.75, 9.625, 5], "texture": "#1", "tintindex": 0},
				"west": {"uv": [10.75, 7, 10.875, 7.25], "texture": "#1", "tintindex": 0},
				"up": {"uv": [10.625, 8.125, 10, 8], "texture": "#1"},
				"down": {"uv": [10.625, 8.25, 10, 8.375], "texture": "#1", "tintindex": 0}
			}
		},
		{
			"from": [7.125, 6.025, 8],
			"to": [8.875, 6.625, 13],
			"rotation": {"angle": 0, "axis": "y", "origin": [0, 6.125, 7]},
			"faces": {
				"north": {"uv": [8, 10, 8.5, 10.125], "texture": "#1", "tintindex": 0},
				"east": {"uv": [3.25, 8.75, 4.5, 8.875], "texture": "#1", "tintindex": 0},
				"south": {"uv": [8.75, 10, 9.25, 10.125], "texture": "#1", "tintindex": 0},
				"west": {"uv": [8.75, 5.25, 10, 5.375], "texture": "#1", "tintindex": 0},
				"up": {"uv": [3.75, 8.25, 3.25, 7], "texture": "#1"},
				"down": {"uv": [4.25, 7, 3.75, 8.25], "texture": "#1", "tintindex": 0}
			}
		},
		{
			"from": [5.81301, 6.96326, 8],
			"to": [6.06301, 7.21326, 13],
			"rotation": {"angle": 45, "axis": "z", "origin": [6.675, 7.76548, 10.25]},
			"faces": {
				"north": {"uv": [1, 11, 1.125, 11.125], "texture": "#1", "tintindex": 0},
				"east": {"uv": [9, 1.25, 10.25, 1.375], "texture": "#1"},
				"south": {"uv": [11, 1, 11.125, 1.125], "texture": "#1", "tintindex": 0},
				"west": {"uv": [9, 1.5, 10.25, 1.625], "texture": "#1", "tintindex": 0},
				"up": {"uv": [0.875, 10.25, 0.75, 9], "texture": "#1"},
				"down": {"uv": [1.125, 9, 1, 10.25], "texture": "#1", "tintindex": 0}
			}
		},
		{
			"from": [7.23078, 7.62747, 8],
			"to": [7.48078, 7.87747, 13],
			"rotation": {"angle": 45, "axis": "z", "origin": [6.67855, 7.01548, 10.25]},
			"faces": {
				"north": {"uv": [0.75, 11, 0.875, 11.125], "texture": "#1", "tintindex": 0},
				"east": {"uv": [8, 8.75, 9.25, 8.875], "texture": "#1", "tintindex": 0},
				"south": {"uv": [11, 0.75, 11.125, 0.875], "texture": "#1", "tintindex": 0},
				"west": {"uv": [9, 1, 10.25, 1.125], "texture": "#1"},
				"up": {"uv": [0.125, 10.25, 0, 9], "texture": "#1", "tintindex": 0},
				"down": {"uv": [0.375, 9, 0.25, 10.25], "texture": "#1"}
			}
		},
		{
			"from": [6.45952, 6.76548, 8],
			"to": [7.05952, 8.01548, 13],
			"rotation": {"angle": 0, "axis": "y", "origin": [6.675, 7.76548, 10.25]},
			"faces": {
				"north": {"uv": [10.5, 0, 10.625, 0.375], "texture": "#1", "tintindex": 0},
				"east": {"uv": [6, 7.5, 7.25, 7.875], "texture": "#1"},
				"south": {"uv": [0.75, 10.5, 0.875, 10.875], "texture": "#1", "tintindex": 0},
				"west": {"uv": [7.5, 6.25, 8.75, 6.625], "texture": "#1", "tintindex": 0},
				"up": {"uv": [8.875, 8.75, 8.75, 7.5], "texture": "#1", "tintindex": 0},
				"down": {"uv": [7.875, 8.75, 7.75, 10], "texture": "#1", "tintindex": 0}
			}
		},
		{
			"from": [8.76496, 7.73814, 8],
			"to": [9.01496, 7.98814, 13],
			"rotation": {"angle": -45, "axis": "z", "origin": [9.30118, 7.39048, 10.25]},
			"faces": {
				"north": {"uv": [1.5, 11, 1.625, 11.125], "texture": "#1", "tintindex": 0},
				"east": {"uv": [9, 2.25, 10.25, 2.375], "texture": "#1"},
				"south": {"uv": [11, 1.5, 11.125, 1.625], "texture": "#1", "tintindex": 0},
				"west": {"uv": [9, 4.25, 10.25, 4.375], "texture": "#1", "tintindex": 0},
				"up": {"uv": [3.875, 10.25, 3.75, 9], "texture": "#1", "tintindex": 0},
				"down": {"uv": [4.125, 9, 4, 10.25], "texture": "#1"}
			}
		},
		{
			"from": [9.64633, 6.85175, 8],
			"to": [9.89633, 7.10175, 13],
			"rotation": {"angle": -45, "axis": "z", "origin": [9.30118, 7.39048, 10.25]},
			"faces": {
				"north": {"uv": [1.25, 11, 1.375, 11.125], "texture": "#1", "tintindex": 0},
				"east": {"uv": [9, 1.75, 10.25, 1.875], "texture": "#1", "tintindex": 0},
				"south": {"uv": [11, 1.25, 11.125, 1.375], "texture": "#1", "tintindex": 0},
				"west": {"uv": [9, 2, 10.25, 2.125], "texture": "#1"},
				"up": {"uv": [3.375, 10.25, 3.25, 9], "texture": "#1"},
				"down": {"uv": [3.625, 9, 3.5, 10.25], "texture": "#1", "tintindex": 0}
			}
		},
		{
			"from": [8.91785, 6.76548, 8],
			"to": [9.51785, 8.01548, 13],
			"rotation": {"angle": 0, "axis": "y", "origin": [9.30118, 7.39048, 10.25]},
			"faces": {
				"north": {"uv": [1, 10.5, 1.125, 10.875], "texture": "#1", "tintindex": 0},
				"east": {"uv": [7.5, 6.75, 8.75, 7.125], "texture": "#1", "tintindex": 0},
				"south": {"uv": [1.25, 10.5, 1.375, 10.875], "texture": "#1", "tintindex": 0},
				"west": {"uv": [7.25, 7.5, 8.5, 7.875], "texture": "#1"},
				"up": {"uv": [1.375, 10.25, 1.25, 9], "texture": "#1", "tintindex": 1},
				"down": {"uv": [9.125, 3, 9, 4.25], "texture": "#1", "tintindex": 0}
			}
		},
		{
			"from": [7, 6.07678, 8],
			"to": [7.25, 6.32678, 13],
			"rotation": {"angle": 45, "axis": "z", "origin": [7.125, 6.20178, 10.25]},
			"faces": {
				"north": {"uv": [11, 0, 11.125, 0.125], "texture": "#1", "tintindex": 0},
				"east": {"uv": [8.75, 5.5, 10, 5.625], "texture": "#1"},
				"south": {"uv": [0.25, 11, 0.375, 11.125], "texture": "#1", "tintindex": 0},
				"west": {"uv": [8.75, 5.75, 10, 5.875], "texture": "#1", "tintindex": 0},
				"up": {"uv": [4.625, 10, 4.5, 8.75], "texture": "#1", "tintindex": 0},
				"down": {"uv": [6.125, 8.75, 6, 10], "texture": "#1"}
			}
		},
		{
			"from": [8.75, 6.07678, 8],
			"to": [9, 6.32678, 13],
			"rotation": {"angle": 45, "axis": "z", "origin": [8.875, 6.20178, 10.25]},
			"faces": {
				"north": {"uv": [11, 0.25, 11.125, 0.375], "texture": "#1", "tintindex": 0},
				"east": {"uv": [8.75, 6, 10, 6.125], "texture": "#1", "tintindex": 0},
				"south": {"uv": [11, 0.5, 11.125, 0.625], "texture": "#1", "tintindex": 0},
				"west": {"uv": [6.25, 8.75, 7.5, 8.875], "texture": "#1"},
				"up": {"uv": [8.875, 7.5, 8.75, 6.25], "texture": "#1"},
				"down": {"uv": [7.625, 8.75, 7.5, 10], "texture": "#1", "tintindex": 0}
			}
		},
		{
			"from": [7.45, 9, 7.5],
			"to": [8.55, 10.75, 26],
			"rotation": {"angle": 0, "axis": "y", "origin": [0, 6, 7]},
			"faces": {
				"north": {"uv": [4.25, 9, 4.5, 9.5], "texture": "#1", "tintindex": 0},
				"east": {"uv": [0, 0, 4.625, 0.5], "texture": "#1", "tintindex": 0},
				"south": {"uv": [7, 9, 7.25, 9.5], "texture": "#1", "tintindex": 0},
				"west": {"uv": [0, 0.5, 4.625, 1], "texture": "#1", "tintindex": 0},
				"up": {"uv": [2.5, 9.875, 2.25, 5.25], "texture": "#1", "tintindex": 0},
				"down": {"uv": [2.75, 5.25, 2.5, 9.875], "texture": "#1"}
			}
		},
		{
			"from": [6.7, 9, 26],
			"to": [9.3, 9.75, 26.5],
			"rotation": {"angle": 0, "axis": "y", "origin": [0, 6, 7]},
			"faces": {
				"north": {"uv": [9, 6.75, 9.625, 7], "texture": "#1"},
				"east": {"uv": [10.75, 8.25, 10.875, 8.5], "texture": "#1"},
				"south": {"uv": [9, 7, 9.625, 7.25], "texture": "#1"},
				"west": {"uv": [8.5, 10.75, 8.625, 11], "texture": "#1"},
				"up": {"uv": [1.375, 10.375, 0.75, 10.25], "texture": "#1"},
				"down": {"uv": [10.875, 0.75, 10.25, 0.875], "texture": "#1"}
			}
		},
		{
			"from": [7.2, 9, 26.5],
			"to": [8.8, 9.75, 27],
			"rotation": {"angle": 0, "axis": "y", "origin": [0, 6, 7]},
			"faces": {
				"north": {"uv": [9.75, 4.75, 10.125, 5], "texture": "#1"},
				"east": {"uv": [8.75, 10.75, 8.875, 11], "texture": "#1"},
				"south": {"uv": [8, 9.75, 8.375, 10], "texture": "#1"},
				"west": {"uv": [10.75, 8.75, 10.875, 9], "texture": "#1"},
				"up": {"uv": [10.875, 0.625, 10.5, 0.5], "texture": "#1"},
				"down": {"uv": [10.875, 1.5, 10.5, 1.625], "texture": "#1"}
			}
		},
		{
			"from": [6.64246, 9, 26.63891],
			"to": [7.34246, 9.75, 27.13891],
			"rotation": {"angle": -45, "axis": "y", "origin": [7.44246, 9.375, 26.88891]},
			"faces": {
				"north": {"uv": [9, 10.75, 9.125, 11], "texture": "#1"},
				"east": {"uv": [10.75, 9, 10.875, 9.25], "texture": "#1"},
				"south": {"uv": [9.25, 10.75, 9.375, 11], "texture": "#1"},
				"west": {"uv": [10.75, 9.25, 10.875, 9.5], "texture": "#1"},
				"up": {"uv": [11.125, 4.625, 11, 4.5], "texture": "#1"},
				"down": {"uv": [4.875, 11, 4.75, 11.125], "texture": "#1"}
			}
		},
		{
			"from": [8.52574, 9, 26.32071],
			"to": [9.22574, 9.75, 26.82071],
			"rotation": {"angle": 45, "axis": "y", "origin": [8.87574, 9.375, 26.57071]},
			"faces": {
				"north": {"uv": [9.5, 10.75, 9.625, 11], "texture": "#1"},
				"east": {"uv": [10.75, 9.5, 10.875, 9.75], "texture": "#1"},
				"south": {"uv": [9.75, 10.75, 9.875, 11], "texture": "#1"},
				"west": {"uv": [10, 10.75, 10.125, 11], "texture": "#1"},
				"up": {"uv": [5.125, 11.125, 5, 11], "texture": "#1"},
				"down": {"uv": [5.375, 11, 5.25, 11.125], "texture": "#1"}
			}
		},
		{
			"from": [7.21962, 8.73254, 7.5],
			"to": [8.21962, 10.23254, 26],
			"rotation": {"angle": -22.5, "axis": "z", "origin": [7.71962, 9.73254, 15]},
			"faces": {
				"north": {"uv": [9.25, 3.5, 9.5, 3.875], "texture": "#1", "tintindex": 0},
				"east": {"uv": [1.5, 2.5, 6.125, 2.875], "texture": "#1"},
				"south": {"uv": [5, 9.25, 5.25, 9.625], "texture": "#1", "tintindex": 0},
				"west": {"uv": [3, 1, 7.625, 1.375], "texture": "#1", "tintindex": 0},
				"up": {"uv": [5.25, 8.125, 5, 3.5], "texture": "#1"},
				"down": {"uv": [1.75, 5.25, 1.5, 9.875], "texture": "#1"}
			}
		},
		{
			"from": [7.87605, 8.75157, 7.5],
			"to": [8.87605, 10.25157, 26],
			"rotation": {"angle": 22.5, "axis": "z", "origin": [8.37605, 9.50157, 15]},
			"faces": {
				"north": {"uv": [5.25, 9.25, 5.5, 9.625], "texture": "#1", "tintindex": 0},
				"east": {"uv": [1.5, 3, 6.125, 3.375], "texture": "#1", "tintindex": 0},
				"south": {"uv": [5.5, 9.25, 5.75, 9.625], "texture": "#1", "tintindex": 0},
				"west": {"uv": [3, 1.5, 7.625, 1.875], "texture": "#1"},
				"up": {"uv": [2, 9.875, 1.75, 5.25], "texture": "#1"},
				"down": {"uv": [2.25, 5.25, 2, 9.875], "texture": "#1"}
			}
		},
		{
			"from": [8.375, 7.25, 4.5],
			"to": [8.625, 7.75, 7.5],
			"rotation": {"angle": 0, "axis": "y", "origin": [-0.125, 6, 7]},
			"faces": {
				"north": {"uv": [1.75, 11, 1.875, 11.125], "texture": "#1"},
				"east": {"uv": [8, 9.25, 8.75, 9.375], "texture": "#1"},
				"south": {"uv": [11, 1.75, 11.125, 1.875], "texture": "#1"},
				"west": {"uv": [9.25, 8.75, 10, 8.875], "texture": "#1"},
				"up": {"uv": [6.875, 10, 6.75, 9.25], "texture": "#1"},
				"down": {"uv": [8.875, 9.25, 8.75, 10], "texture": "#1"}
			}
		},
		{
			"from": [7.41789, 7.25, 4.5],
			"to": [7.66789, 7.75, 7.5],
			"rotation": {"angle": 0, "axis": "y", "origin": [-0.08211, 6, 7]},
			"faces": {
				"north": {"uv": [2, 11, 2.125, 11.125], "texture": "#1"},
				"east": {"uv": [9.25, 9, 10, 9.125], "texture": "#1"},
				"south": {"uv": [11, 2, 11.125, 2.125], "texture": "#1"},
				"west": {"uv": [9.25, 9.25, 10, 9.375], "texture": "#1"},
				"up": {"uv": [9.625, 0.75, 9.5, 0], "texture": "#1"},
				"down": {"uv": [4.375, 9.5, 4.25, 10.25], "texture": "#1"}
			}
		},
		{
			"from": [8.38128, 7.23483, 4.5],
			"to": [8.63128, 7.73483, 7.5],
			"rotation": {"angle": 45, "axis": "z", "origin": [8.00628, 7.48483, 6.5]},
			"faces": {
				"north": {"uv": [2.75, 11, 2.875, 11.125], "texture": "#1"},
				"east": {"uv": [9.5, 2.75, 10.25, 2.875], "texture": "#1"},
				"south": {"uv": [3, 11, 3.125, 11.125], "texture": "#1"},
				"west": {"uv": [9.5, 3.5, 10.25, 3.625], "texture": "#1"},
				"up": {"uv": [7.125, 10.25, 7, 9.5], "texture": "#1"},
				"down": {"uv": [9.625, 7.25, 9.5, 8], "texture": "#1"}
			}
		},
		{
			"from": [7.41161, 7.26517, 4.5],
			"to": [7.66161, 7.76517, 7.5],
			"rotation": {"angle": 45, "axis": "z", "origin": [8.03661, 7.51517, 6.5]},
			"faces": {
				"north": {"uv": [2.25, 11, 2.375, 11.125], "texture": "#1"},
				"east": {"uv": [9.5, 0.75, 10.25, 0.875], "texture": "#1"},
				"south": {"uv": [2.5, 11, 2.625, 11.125], "texture": "#1"},
				"west": {"uv": [9.5, 2.5, 10.25, 2.625], "texture": "#1"},
				"up": {"uv": [6.375, 10.25, 6.25, 9.5], "texture": "#1"},
				"down": {"uv": [6.625, 9.5, 6.5, 10.25], "texture": "#1"}
			}
		},
		{
			"from": [7.77145, 6.89645, 4.5],
			"to": [8.27145, 7.14645, 7.5],
			"rotation": {"angle": 0, "axis": "y", "origin": [8.02145, 7.52145, 6.5]},
			"faces": {
				"north": {"uv": [4.25, 11, 4.375, 11.125], "texture": "#1"},
				"east": {"uv": [9.75, 4, 10.5, 4.125], "texture": "#1"},
				"south": {"uv": [4.5, 11, 4.625, 11.125], "texture": "#1"},
				"west": {"uv": [9.75, 4.5, 10.5, 4.625], "texture": "#1"},
				"up": {"uv": [9.875, 7.75, 9.75, 7], "texture": "#1"},
				"down": {"uv": [9.875, 7.75, 9.75, 8.5], "texture": "#1"}
			}
		},
		{
			"from": [7.77145, 7.85355, 4.5],
			"to": [8.27145, 8.10355, 7.5],
			"rotation": {"angle": 0, "axis": "y", "origin": [8.02145, 7.47855, 6.5]},
			"faces": {
				"north": {"uv": [4, 11, 4.125, 11.125], "texture": "#1"},
				"east": {"uv": [9.75, 0.25, 10.5, 0.375], "texture": "#1"},
				"south": {"uv": [11, 4, 11.125, 4.125], "texture": "#1"},
				"west": {"uv": [9.75, 0.5, 10.5, 0.625], "texture": "#1"},
				"up": {"uv": [5.625, 10.5, 5.5, 9.75], "texture": "#1"},
				"down": {"uv": [9.875, 6.25, 9.75, 7], "texture": "#1"}
			}
		},
		{
			"from": [7.78661, 7.85983, 4.5],
			"to": [8.28661, 8.10983, 7.5],
			"rotation": {"angle": 45, "axis": "z", "origin": [8.03661, 7.48483, 6.5]},
			"faces": {
				"north": {"uv": [11, 3.25, 11.125, 3.375], "texture": "#1"},
				"east": {"uv": [9.5, 9.5, 10.25, 9.625], "texture": "#1"},
				"south": {"uv": [3.75, 11, 3.875, 11.125], "texture": "#1"},
				"west": {"uv": [9.75, 0, 10.5, 0.125], "texture": "#1"},
				"up": {"uv": [5.125, 10.5, 5, 9.75], "texture": "#1"},
				"down": {"uv": [5.375, 9.75, 5.25, 10.5], "texture": "#1"}
			}
		},
		{
			"from": [7.75628, 6.89017, 4.5],
			"to": [8.25628, 7.14017, 7.5],
			"rotation": {"angle": 45, "axis": "z", "origin": [8.00628, 7.51517, 6.5]},
			"faces": {
				"north": {"uv": [11, 3, 11.125, 3.125], "texture": "#1"},
				"east": {"uv": [9.5, 3.75, 10.25, 3.875], "texture": "#1"},
				"south": {"uv": [3.25, 11, 3.375, 11.125], "texture": "#1"},
				"west": {"uv": [8, 9.5, 8.75, 9.625], "texture": "#1"},
				"up": {"uv": [9.625, 8.75, 9.5, 8], "texture": "#1"},
				"down": {"uv": [9.375, 9.5, 9.25, 10.25], "texture": "#1"}
			}
		},
		{
			"from": [4.40129, 9.70668, 7.5],
			"to": [5.15129, 10.20668, 26],
			"rotation": {"angle": -45, "axis": "z", "origin": [6.58579, 6.8, 0]},
			"faces": {
				"north": {"uv": [10.75, 7.75, 11, 7.875], "texture": "#1", "tintindex": 0},
				"east": {"uv": [4.75, 0.75, 9.375, 0.875], "texture": "#1"},
				"south": {"uv": [8, 10.75, 8.25, 10.875], "texture": "#1", "tintindex": 0},
				"west": {"uv": [6, 5, 10.625, 5.125], "texture": "#1", "tintindex": 0},
				"up": {"uv": [3, 9.875, 2.75, 5.25], "texture": "#1"},
				"down": {"uv": [3.25, 5.25, 3, 9.875], "texture": "#1", "tintindex": 0}
			}
		},
		{
			"from": [8.63839, 9.96694, 7.5],
			"to": [9.13839, 10.71694, 26],
			"rotation": {"angle": -45, "axis": "z", "origin": [8.63839, 10.84194, 8]},
			"faces": {
				"north": {"uv": [10.75, 8, 10.875, 8.25], "texture": "#1", "tintindex": 0},
				"east": {"uv": [3, 2, 7.625, 2.25], "texture": "#1", "tintindex": 0},
				"south": {"uv": [8.25, 10.75, 8.375, 11], "texture": "#1", "tintindex": 0},
				"west": {"uv": [3, 2.25, 7.625, 2.5], "texture": "#1"},
				"up": {"uv": [4.875, 9.875, 4.75, 5.25], "texture": "#1", "tintindex": 0},
				"down": {"uv": [0.625, 7.25, 0.5, 11.875], "texture": "#1"}
			}
		},
		{
			"from": [8.95, 10.56161, 8.04874],
			"to": [9.2, 10.96161, 8.34874],
			"rotation": {"angle": 0, "axis": "y", "origin": [9.075, 10.88661, 8.19874]},
			"faces": {
				"north": {"uv": [11.25, 3.25, 11.375, 3.375], "texture": "#1"},
				"east": {"uv": [3.5, 11.25, 3.625, 11.375], "texture": "#1", "tintindex": 0},
				"south": {"uv": [11.25, 3.5, 11.375, 3.625], "texture": "#1"},
				"west": {"uv": [3.75, 11.25, 3.875, 11.375], "texture": "#1"},
				"up": {"uv": [11.375, 3.875, 11.25, 3.75], "texture": "#1"},
				"down": {"uv": [4.125, 11.25, 4, 11.375], "texture": "#1", "tintindex": 0}
			}
		},
		{
			"from": [8.95, 10.88588, 8.04874],
			"to": [9.2, 11.28588, 8.34874],
			"rotation": {"angle": 0, "axis": "y", "origin": [9.075, 10.96088, 8.19874]},
			"faces": {
				"north": {"uv": [11.25, 4, 11.375, 4.125], "texture": "#1"},
				"east": {"uv": [4.25, 11.25, 4.375, 11.375], "texture": "#1", "tintindex": 0},
				"south": {"uv": [11.25, 4.25, 11.375, 4.375], "texture": "#1"},
				"west": {"uv": [4.5, 11.25, 4.625, 11.375], "texture": "#1", "tintindex": 0},
				"up": {"uv": [11.375, 4.625, 11.25, 4.5], "texture": "#1", "tintindex": 0},
				"down": {"uv": [4.875, 11.25, 4.75, 11.375], "texture": "#1"}
			}
		},
		{
			"from": [8.95, 10.57249, 8.075],
			"to": [9.2, 10.97249, 8.375],
			"rotation": {"angle": -45, "axis": "x", "origin": [9.075, 10.89749, 8.225]},
			"faces": {
				"north": {"uv": [11.25, 4.75, 11.375, 4.875], "texture": "#1"},
				"east": {"uv": [5, 11.25, 5.125, 11.375], "texture": "#1", "tintindex": 0},
				"south": {"uv": [11.25, 5, 11.375, 5.125], "texture": "#1"},
				"west": {"uv": [5.25, 11.25, 5.375, 11.375], "texture": "#1"},
				"up": {"uv": [11.375, 5.375, 11.25, 5.25], "texture": "#1"},
				"down": {"uv": [5.625, 11.25, 5.5, 11.375], "texture": "#1", "tintindex": 0}
			}
		},
		{
			"from": [8.95, 10.875, 8.02249],
			"to": [9.2, 11.275, 8.32249],
			"rotation": {"angle": -45, "axis": "x", "origin": [9.075, 10.95, 8.17249]},
			"faces": {
				"north": {"uv": [11.25, 5.5, 11.375, 5.625], "texture": "#1"},
				"east": {"uv": [5.75, 11.25, 5.875, 11.375], "texture": "#1", "tintindex": 0},
				"south": {"uv": [11.25, 5.75, 11.375, 5.875], "texture": "#1"},
				"west": {"uv": [6, 11.25, 6.125, 11.375], "texture": "#1", "tintindex": 0},
				"up": {"uv": [11.375, 6.125, 11.25, 6], "texture": "#1", "tintindex": 0},
				"down": {"uv": [6.375, 11.25, 6.25, 11.375], "texture": "#1"}
			}
		},
		{
			"from": [8.95, 10.8, 8.15],
			"to": [9.2, 11.1, 8.55],
			"rotation": {"angle": -45, "axis": "x", "origin": [9.075, 10.95, 8.225]},
			"faces": {
				"north": {"uv": [11.25, 6.25, 11.375, 6.375], "texture": "#1"},
				"east": {"uv": [6.5, 11.25, 6.625, 11.375], "texture": "#1", "tintindex": 0},
				"south": {"uv": [11.25, 6.5, 11.375, 6.625], "texture": "#1", "tintindex": 0},
				"west": {"uv": [6.75, 11.25, 6.875, 11.375], "texture": "#1", "tintindex": 0},
				"up": {"uv": [11.375, 6.875, 11.25, 6.75], "texture": "#1"},
				"down": {"uv": [7.125, 11.25, 7, 11.375], "texture": "#1"}
			}
		},
		{
			"from": [8.95, 10.74749, 7.84749],
			"to": [9.2, 11.04749, 8.24749],
			"rotation": {"angle": -45, "axis": "x", "origin": [9.075, 10.89749, 8.17249]},
			"faces": {
				"north": {"uv": [11.25, 7, 11.375, 7.125], "texture": "#1", "tintindex": 0},
				"east": {"uv": [7.25, 11.25, 7.375, 11.375], "texture": "#1", "tintindex": 0},
				"south": {"uv": [11.25, 7.25, 11.375, 7.375], "texture": "#1"},
				"west": {"uv": [7.5, 11.25, 7.625, 11.375], "texture": "#1"},
				"up": {"uv": [11.375, 7.625, 11.25, 7.5], "texture": "#1"},
				"down": {"uv": [7.875, 11.25, 7.75, 11.375], "texture": "#1"}
			}
		},
		{
			"from": [8.95, 10.77374, 8.16088],
			"to": [9.2, 11.07374, 8.56088],
			"rotation": {"angle": 0, "axis": "y", "origin": [9.075, 10.92374, 8.23588]},
			"faces": {
				"north": {"uv": [11.25, 7.75, 11.375, 7.875], "texture": "#1"},
				"east": {"uv": [8, 11.25, 8.125, 11.375], "texture": "#1", "tintindex": 0},
				"south": {"uv": [11.25, 8, 11.375, 8.125], "texture": "#1", "tintindex": 0},
				"west": {"uv": [8.25, 11.25, 8.375, 11.375], "texture": "#1"},
				"up": {"uv": [11.375, 8.375, 11.25, 8.25], "texture": "#1"},
				"down": {"uv": [8.625, 11.25, 8.5, 11.375], "texture": "#1"}
			}
		},
		{
			"from": [8.95, 10.77374, 7.83661],
			"to": [9.2, 11.07374, 8.23661],
			"rotation": {"angle": 0, "axis": "y", "origin": [9.075, 10.92374, 8.16161]},
			"faces": {
				"north": {"uv": [11.25, 8.5, 11.375, 8.625], "texture": "#1", "tintindex": 0},
				"east": {"uv": [8.75, 11.25, 8.875, 11.375], "texture": "#1", "tintindex": 0},
				"south": {"uv": [11.25, 8.75, 11.375, 8.875], "texture": "#1"},
				"west": {"uv": [9, 11.25, 9.125, 11.375], "texture": "#1"},
				"up": {"uv": [11.375, 9.125, 11.25, 9], "texture": "#1"},
				"down": {"uv": [9.375, 11.25, 9.25, 11.375], "texture": "#1"}
			}
		},
		{
			"from": [8.45, 10.825, 8],
			"to": [8.95, 11.075, 9.25],
			"rotation": {"angle": 0, "axis": "y", "origin": [0, 6, 7]},
			"faces": {
				"north": {"uv": [11, 6.25, 11.125, 6.375], "texture": "#1"},
				"east": {"uv": [3, 10.5, 3.375, 10.625], "texture": "#1", "tintindex": 0},
				"south": {"uv": [6.5, 11, 6.625, 11.125], "texture": "#1", "tintindex": 0},
				"west": {"uv": [3.5, 10.5, 3.875, 10.625], "texture": "#1"},
				"up": {"uv": [4.125, 10.875, 4, 10.5], "texture": "#1", "tintindex": 0},
				"down": {"uv": [4.375, 10.5, 4.25, 10.875], "texture": "#1"}
			}
		},
		{
			"from": [7.075, 10.25, 7.75],
			"to": [8.95, 10.825, 9.25],
			"rotation": {"angle": 0, "axis": "y", "origin": [0, 6, 7]},
			"faces": {
				"north": {"uv": [3.25, 10.25, 3.75, 10.375], "texture": "#1", "tintindex": 0},
				"east": {"uv": [2, 10.5, 2.375, 10.625], "texture": "#1", "tintindex": 0},
				"south": {"uv": [10.25, 3.25, 10.75, 3.375], "texture": "#1", "tintindex": 0},
				"west": {"uv": [2.5, 10.5, 2.875, 10.625], "texture": "#1", "tintindex": 0},
				"up": {"uv": [9, 3.875, 8.5, 3.5], "texture": "#1", "tintindex": 0},
				"down": {"uv": [9, 4, 8.5, 4.375], "texture": "#1"}
			}
		},
		{
			"from": [7.7, 10.8, 8.125],
			"to": [8.3, 11.05, 9.625],
			"rotation": {"angle": 0, "axis": "y", "origin": [8, 12.4, 8.23438]},
			"faces": {
				"north": {"uv": [11, 6.75, 11.125, 6.875], "texture": "#1", "tintindex": 0},
				"east": {"uv": [5.25, 10.5, 5.625, 10.625], "texture": "#1", "tintindex": 0},
				"south": {"uv": [7, 11, 7.125, 11.125], "texture": "#1"},
				"west": {"uv": [5.75, 10.5, 6.125, 10.625], "texture": "#1", "tintindex": 0},
				"up": {"uv": [6.375, 10.875, 6.25, 10.5], "texture": "#1", "tintindex": 0},
				"down": {"uv": [6.625, 10.5, 6.5, 10.875], "texture": "#1"}
			}
		},
		{
			"from": [8.2, 10.8, 9.625],
			"to": [8.3, 11.05, 10.125],
			"rotation": {"angle": 0, "axis": "y", "origin": [8, 12.4, 8.23438]},
			"faces": {
				"north": {"uv": [11, 7, 11.125, 7.125], "texture": "#1"},
				"east": {"uv": [7.25, 11, 7.375, 11.125], "texture": "#1", "tintindex": 0},
				"south": {"uv": [11, 7.25, 11.125, 7.375], "texture": "#1", "tintindex": 0},
				"west": {"uv": [7.5, 11, 7.625, 11.125], "texture": "#1", "tintindex": 0},
				"up": {"uv": [11.125, 7.625, 11, 7.5], "texture": "#1", "tintindex": 0},
				"down": {"uv": [7.875, 11, 7.75, 11.125], "texture": "#1"}
			}
		},
		{
			"from": [7.95, 10.8, 9.625],
			"to": [8.05, 11.05, 10],
			"rotation": {"angle": 0, "axis": "y", "origin": [8, 12.4, 8.23438]},
			"faces": {
				"north": {"uv": [11, 7.75, 11.125, 7.875], "texture": "#1"},
				"east": {"uv": [8, 11, 8.125, 11.125], "texture": "#1", "tintindex": 0},
				"south": {"uv": [11, 8, 11.125, 8.125], "texture": "#1", "tintindex": 0},
				"west": {"uv": [8.25, 11, 8.375, 11.125], "texture": "#1", "tintindex": 0},
				"up": {"uv": [11.125, 8.375, 11, 8.25], "texture": "#1", "tintindex": 0},
				"down": {"uv": [8.625, 11, 8.5, 11.125], "texture": "#1"}
			}
		},
		{
			"from": [7.7, 10.8, 9.625],
			"to": [7.8, 11.05, 10.125],
			"rotation": {"angle": 0, "axis": "y", "origin": [8, 12.4, 8.23438]},
			"faces": {
				"north": {"uv": [11, 8.5, 11.125, 8.625], "texture": "#1"},
				"east": {"uv": [8.75, 11, 8.875, 11.125], "texture": "#1", "tintindex": 0},
				"south": {"uv": [11, 8.75, 11.125, 8.875], "texture": "#1", "tintindex": 0},
				"west": {"uv": [9, 11, 9.125, 11.125], "texture": "#1", "tintindex": 0},
				"up": {"uv": [11.125, 9.125, 11, 9], "texture": "#1", "tintindex": 0},
				"down": {"uv": [9.375, 11, 9.25, 11.125], "texture": "#1"}
			}
		},
		{
			"from": [7.875, 11.0625, 8.5375],
			"to": [8.125, 11.5375, 9.6125],
			"rotation": {"angle": 0, "axis": "y", "origin": [8, 11.425, 9.5625]},
			"faces": {
				"north": {"uv": [11.5, 4, 11.625, 4.125], "texture": "#1"},
				"east": {"uv": [10.75, 10.25, 11, 10.375], "texture": "#1"},
				"south": {"uv": [4.25, 11.5, 4.375, 11.625], "texture": "#1"},
				"west": {"uv": [10.5, 10.75, 10.75, 10.875], "texture": "#1"},
				"up": {"uv": [10.875, 11, 10.75, 10.75], "texture": "#1"},
				"down": {"uv": [0.125, 11, 0, 11.25], "texture": "#1"}
			}
		},
		{
			"from": [7.45, 10.875, 8.15],
			"to": [9.05, 11.025, 8.3],
			"rotation": {"angle": 0, "axis": "y", "origin": [0, 6, 7]},
			"faces": {
				"north": {"uv": [6.75, 10.5, 7.125, 10.625], "texture": "#1", "tintindex": 0},
				"east": {"uv": [11, 9.25, 11.125, 9.375], "texture": "#1"},
				"south": {"uv": [7.25, 10.5, 7.625, 10.625], "texture": "#1"},
				"west": {"uv": [9.5, 11, 9.625, 11.125], "texture": "#1"},
				"up": {"uv": [10.875, 8.625, 10.5, 8.5], "texture": "#1", "tintindex": 0},
				"down": {"uv": [9.125, 10.5, 8.75, 10.625], "texture": "#1"}
			}
		},
		{
			"from": [7.075, 10.825, 8],
			"to": [7.55, 11.075, 9.25],
			"rotation": {"angle": 0, "axis": "y", "origin": [0, 6, 7]},
			"faces": {
				"north": {"uv": [11, 6.5, 11.125, 6.625], "texture": "#1"},
				"east": {"uv": [10.5, 4, 10.875, 4.125], "texture": "#1"},
				"south": {"uv": [6.75, 11, 6.875, 11.125], "texture": "#1", "tintindex": 0},
				"west": {"uv": [10.5, 4.5, 10.875, 4.625], "texture": "#1", "tintindex": 0},
				"up": {"uv": [4.625, 10.875, 4.5, 10.5], "texture": "#1", "tintindex": 0},
				"down": {"uv": [5.125, 10.5, 5, 10.875], "texture": "#1"}
			}
		},
		{
			"from": [7.075, 10.825, 7.75],
			"to": [8.95, 11.075, 8],
			"rotation": {"angle": 0, "axis": "y", "origin": [0, 6, 7]},
			"faces": {
				"north": {"uv": [10.25, 3.5, 10.75, 3.625], "texture": "#1", "tintindex": 0},
				"east": {"uv": [11, 6, 11.125, 6.125], "texture": "#1", "tintindex": 0},
				"south": {"uv": [3.75, 10.25, 4.25, 10.375], "texture": "#1"},
				"west": {"uv": [6.25, 11, 6.375, 11.125], "texture": "#1", "tintindex": 0},
				"up": {"uv": [10.75, 3.875, 10.25, 3.75], "texture": "#1", "tintindex": 0},
				"down": {"uv": [4.75, 10.25, 4.25, 10.375], "texture": "#1"}
			}
		},
		{
			"from": [7.06875, 10.825, 25.3125],
			"to": [8.94375, 11.075, 25.5625],
			"rotation": {"angle": 0, "axis": "y", "origin": [8.00938, 10.84687, 24.90625]},
			"faces": {
				"north": {"uv": [10.25, 4.25, 10.75, 4.375], "texture": "#1", "tintindex": 0},
				"east": {"uv": [11, 9.5, 11.125, 9.625], "texture": "#1", "tintindex": 0},
				"south": {"uv": [10.25, 4.75, 10.75, 4.875], "texture": "#1", "tintindex": 0},
				"west": {"uv": [9.75, 11, 9.875, 11.125], "texture": "#1", "tintindex": 0},
				"up": {"uv": [6.25, 10.375, 5.75, 10.25], "texture": "#1", "tintindex": 0},
				"down": {"uv": [6.75, 10.25, 6.25, 10.375], "texture": "#1"}
			}
		},
		{
			"from": [7.06875, 10.825, 24.0625],
			"to": [7.56875, 11.075, 25.3125],
			"rotation": {"angle": 0, "axis": "y", "origin": [8.00938, 10.84687, 24.90625]},
			"faces": {
				"north": {"uv": [11, 9.75, 11.125, 9.875], "texture": "#1", "tintindex": 0},
				"east": {"uv": [10.5, 9.75, 10.875, 9.875], "texture": "#1", "tintindex": 0},
				"south": {"uv": [10, 11, 10.125, 11.125], "texture": "#1"},
				"west": {"uv": [10.5, 10, 10.875, 10.125], "texture": "#1", "tintindex": 0},
				"up": {"uv": [7.875, 10.875, 7.75, 10.5], "texture": "#1", "tintindex": 0},
				"down": {"uv": [10.375, 10.5, 10.25, 10.875], "texture": "#1"}
			}
		},
		{
			"from": [8.46875, 10.825, 24.0625],
			"to": [8.94375, 11.075, 25.3125],
			"rotation": {"angle": 0, "axis": "y", "origin": [8.00938, 10.84687, 24.90625]},
			"faces": {
				"north": {"uv": [11, 10, 11.125, 10.125], "texture": "#1", "tintindex": 0},
				"east": {"uv": [10.5, 10.5, 10.875, 10.625], "texture": "#1", "tintindex": 0},
				"south": {"uv": [10.25, 11, 10.375, 11.125], "texture": "#1"},
				"west": {"uv": [0, 10.75, 0.375, 10.875], "texture": "#1", "tintindex": 0},
				"up": {"uv": [10.875, 0.375, 10.75, 0], "texture": "#1", "tintindex": 0},
				"down": {"uv": [10.875, 1.75, 10.75, 2.125], "texture": "#1"}
			}
		},
		{
			"from": [8.125, 11.0625, 24.0375],
			"to": [8.3, 11.4375, 24.6125],
			"rotation": {"angle": 0, "axis": "y", "origin": [8, 11.425, 9.5625]},
			"faces": {
				"north": {"uv": [11.5, 5, 11.625, 5.125], "texture": "#1"},
				"east": {"uv": [5.25, 11.5, 5.375, 11.625], "texture": "#1"},
				"south": {"uv": [11.5, 5.25, 11.625, 5.375], "texture": "#1"},
				"west": {"uv": [5.5, 11.5, 5.625, 11.625], "texture": "#1"},
				"up": {"uv": [11.625, 5.625, 11.5, 5.5], "texture": "#1"},
				"down": {"uv": [5.875, 11.5, 5.75, 11.625], "texture": "#1"}
			}
		},
		{
			"from": [7.7, 11.0625, 24.0375],
			"to": [7.875, 11.4375, 24.6125],
			"rotation": {"angle": 0, "axis": "y", "origin": [8, 11.425, 9.5625]},
			"faces": {
				"north": {"uv": [11.5, 4.25, 11.625, 4.375], "texture": "#1"},
				"east": {"uv": [4.5, 11.5, 4.625, 11.625], "texture": "#1"},
				"south": {"uv": [11.5, 4.5, 11.625, 4.625], "texture": "#1"},
				"west": {"uv": [4.75, 11.5, 4.875, 11.625], "texture": "#1"},
				"up": {"uv": [11.625, 4.875, 11.5, 4.75], "texture": "#1"},
				"down": {"uv": [5.125, 11.5, 5, 11.625], "texture": "#1"}
			}
		},
		{
			"from": [7.875, 11.0625, 24.0375],
			"to": [8.125, 11.2625, 24.6125],
			"rotation": {"angle": 0, "axis": "y", "origin": [8, 11.425, 9.5625]},
			"faces": {
				"north": {"uv": [11.5, 5.75, 11.625, 5.875], "texture": "#1"},
				"east": {"uv": [6, 11.5, 6.125, 11.625], "texture": "#1"},
				"south": {"uv": [11.5, 6, 11.625, 6.125], "texture": "#1"},
				"west": {"uv": [6.25, 11.5, 6.375, 11.625], "texture": "#1"},
				"up": {"uv": [11.625, 6.375, 11.5, 6.25], "texture": "#1"},
				"down": {"uv": [6.625, 11.5, 6.5, 11.625], "texture": "#1"}
			}
		},
		{
			"from": [7.7, 10.79062, 23.30938],
			"to": [8.3, 11.04062, 24.80938],
			"rotation": {"angle": 0, "axis": "y", "origin": [8, 11.66562, 24.73438]},
			"faces": {
				"north": {"uv": [11, 10.5, 11.125, 10.625], "texture": "#1", "tintindex": 0},
				"east": {"uv": [10.75, 2.75, 11.125, 2.875], "texture": "#1", "tintindex": 0},
				"south": {"uv": [10.75, 11, 10.875, 11.125], "texture": "#1", "tintindex": 0},
				"west": {"uv": [3, 10.75, 3.375, 10.875], "texture": "#1", "tintindex": 0},
				"up": {"uv": [10.875, 3.375, 10.75, 3], "texture": "#1", "tintindex": 0},
				"down": {"uv": [3.625, 10.75, 3.5, 11.125], "texture": "#1"}
			}
		},
		{
			"from": [7.45, 10.875, 24.65],
			"to": [9.05, 11.025, 24.8],
			"rotation": {"angle": 0, "axis": "y", "origin": [0, 6, 7]},
			"faces": {
				"north": {"uv": [2, 10.75, 2.375, 10.875], "texture": "#1", "tintindex": 0},
				"east": {"uv": [11, 10.25, 11.125, 10.375], "texture": "#1"},
				"south": {"uv": [10.75, 2.25, 11.125, 2.375], "texture": "#1", "tintindex": 0},
				"west": {"uv": [10.5, 11, 10.625, 11.125], "texture": "#1"},
				"up": {"uv": [2.875, 10.875, 2.5, 10.75], "texture": "#1", "tintindex": 0},
				"down": {"uv": [11.125, 2.5, 10.75, 2.625], "texture": "#1"}
			}
		},
		{
			"from": [7.06875, 10.25, 24.0625],
			"to": [8.94375, 10.825, 25.5625],
			"rotation": {"angle": 0, "axis": "y", "origin": [8.00938, 10.84687, 24.90625]},
			"faces": {
				"north": {"uv": [7, 10.25, 7.5, 10.375], "texture": "#1", "tintindex": 0},
				"east": {"uv": [9.25, 10.5, 9.625, 10.625], "texture": "#1", "tintindex": 0},
				"south": {"uv": [7.5, 10.25, 8, 10.375], "texture": "#1", "tintindex": 0},
				"west": {"uv": [9.75, 10.5, 10.125, 10.625], "texture": "#1", "tintindex": 0},
				"up": {"uv": [9, 4.875, 8.5, 4.5], "texture": "#1", "tintindex": 0},
				"down": {"uv": [5.75, 8.5, 5.25, 8.875], "texture": "#1"}
			}
		},
		{
			"from": [8.95, 10.8, 24.65],
			"to": [9.2, 11.1, 25.05],
			"rotation": {"angle": -45, "axis": "x", "origin": [9.075, 10.95, 24.725]},
			"faces": {
				"north": {"uv": [11.5, 3.25, 11.625, 3.375], "texture": "#1"},
				"east": {"uv": [3.5, 11.5, 3.625, 11.625], "texture": "#1", "tintindex": 0},
				"south": {"uv": [11.5, 3.5, 11.625, 3.625], "texture": "#1", "tintindex": 0},
				"west": {"uv": [3.75, 11.5, 3.875, 11.625], "texture": "#1", "tintindex": 0},
				"up": {"uv": [11.625, 3.875, 11.5, 3.75], "texture": "#1"},
				"down": {"uv": [4.125, 11.5, 4, 11.625], "texture": "#1"}
			}
		},
		{
			"from": [8.95, 10.77374, 24.66088],
			"to": [9.2, 11.07374, 25.06088],
			"rotation": {"angle": 0, "axis": "y", "origin": [9.075, 10.92374, 24.73588]},
			"faces": {
				"north": {"uv": [11.5, 2.5, 11.625, 2.625], "texture": "#1"},
				"east": {"uv": [2.75, 11.5, 2.875, 11.625], "texture": "#1", "tintindex": 0},
				"south": {"uv": [11.5, 2.75, 11.625, 2.875], "texture": "#1", "tintindex": 0},
				"west": {"uv": [3, 11.5, 3.125, 11.625], "texture": "#1"},
				"up": {"uv": [11.625, 3.125, 11.5, 3], "texture": "#1"},
				"down": {"uv": [3.375, 11.5, 3.25, 11.625], "texture": "#1"}
			}
		},
		{
			"from": [8.95, 10.57249, 24.575],
			"to": [9.2, 10.97249, 24.875],
			"rotation": {"angle": -45, "axis": "x", "origin": [9.075, 10.89749, 24.725]},
			"faces": {
				"north": {"uv": [11.5, 1.75, 11.625, 1.875], "texture": "#1"},
				"east": {"uv": [2, 11.5, 2.125, 11.625], "texture": "#1", "tintindex": 0},
				"south": {"uv": [11.5, 2, 11.625, 2.125], "texture": "#1"},
				"west": {"uv": [2.25, 11.5, 2.375, 11.625], "texture": "#1"},
				"up": {"uv": [11.625, 2.375, 11.5, 2.25], "texture": "#1"},
				"down": {"uv": [2.625, 11.5, 2.5, 11.625], "texture": "#1", "tintindex": 0}
			}
		},
		{
			"from": [8.95, 10.56161, 24.54874],
			"to": [9.2, 10.96161, 24.84874],
			"rotation": {"angle": 0, "axis": "y", "origin": [9.075, 10.88661, 24.69874]},
			"faces": {
				"north": {"uv": [11.5, 1, 11.625, 1.125], "texture": "#1"},
				"east": {"uv": [1.25, 11.5, 1.375, 11.625], "texture": "#1", "tintindex": 0},
				"south": {"uv": [11.5, 1.25, 11.625, 1.375], "texture": "#1"},
				"west": {"uv": [1.5, 11.5, 1.625, 11.625], "texture": "#1"},
				"up": {"uv": [11.625, 1.625, 11.5, 1.5], "texture": "#1"},
				"down": {"uv": [1.875, 11.5, 1.75, 11.625], "texture": "#1", "tintindex": 0}
			}
		},
		{
			"from": [8.95, 10.74749, 24.34749],
			"to": [9.2, 11.04749, 24.74749],
			"rotation": {"angle": -45, "axis": "x", "origin": [9.075, 10.89749, 24.67249]},
			"faces": {
				"north": {"uv": [0.25, 11.5, 0.375, 11.625], "texture": "#1", "tintindex": 0},
				"east": {"uv": [11.5, 0.25, 11.625, 0.375], "texture": "#1", "tintindex": 0},
				"south": {"uv": [11.5, 0.5, 11.625, 0.625], "texture": "#1"},
				"west": {"uv": [0.75, 11.5, 0.875, 11.625], "texture": "#1"},
				"up": {"uv": [11.625, 0.875, 11.5, 0.75], "texture": "#1"},
				"down": {"uv": [1.125, 11.5, 1, 11.625], "texture": "#1"}
			}
		},
		{
			"from": [8.95, 10.77374, 24.33661],
			"to": [9.2, 11.07374, 24.73661],
			"rotation": {"angle": 0, "axis": "y", "origin": [9.075, 10.92374, 24.66161]},
			"faces": {
				"north": {"uv": [11.25, 10, 11.375, 10.125], "texture": "#1", "tintindex": 0},
				"east": {"uv": [10.25, 11.25, 10.375, 11.375], "texture": "#1", "tintindex": 0},
				"south": {"uv": [11.25, 10.25, 11.375, 10.375], "texture": "#1"},
				"west": {"uv": [10.5, 11.25, 10.625, 11.375], "texture": "#1"},
				"up": {"uv": [11.375, 10.625, 11.25, 10.5], "texture": "#1"},
				"down": {"uv": [10.875, 11.25, 10.75, 11.375], "texture": "#1"}
			}
		},
		{
			"from": [8.95, 10.875, 24.52249],
			"to": [9.2, 11.275, 24.82249],
			"rotation": {"angle": -45, "axis": "x", "origin": [9.075, 10.95, 24.67249]},
			"faces": {
				"north": {"uv": [11.25, 10.75, 11.375, 10.875], "texture": "#1"},
				"east": {"uv": [11, 11.25, 11.125, 11.375], "texture": "#1", "tintindex": 0},
				"south": {"uv": [11.25, 11, 11.375, 11.125], "texture": "#1"},
				"west": {"uv": [11.25, 11.25, 11.375, 11.375], "texture": "#1", "tintindex": 0},
				"up": {"uv": [0.125, 11.625, 0, 11.5], "texture": "#1", "tintindex": 0},
				"down": {"uv": [11.625, 0, 11.5, 0.125], "texture": "#1"}
			}
		},
		{
			"from": [8.95, 10.88588, 24.54874],
			"to": [9.2, 11.28588, 24.84874],
			"rotation": {"angle": 0, "axis": "y", "origin": [9.075, 10.96088, 24.69874]},
			"faces": {
				"north": {"uv": [11.25, 9.25, 11.375, 9.375], "texture": "#1"},
				"east": {"uv": [9.5, 11.25, 9.625, 11.375], "texture": "#1", "tintindex": 0},
				"south": {"uv": [11.25, 9.5, 11.375, 9.625], "texture": "#1"},
				"west": {"uv": [9.75, 11.25, 9.875, 11.375], "texture": "#1", "tintindex": 0},
				"up": {"uv": [11.375, 9.875, 11.25, 9.75], "texture": "#1", "tintindex": 0},
				"down": {"uv": [10.125, 11.25, 10, 11.375], "texture": "#1"}
			}
		}
	],
	"display": {
		"thirdperson_righthand": {
			"translation": [0, 1.25, -5.25],
			"scale": [0.65, 0.65, 0.65]
		},
		"thirdperson_lefthand": {
			"translation": [0, 1.25, -5.25],
			"scale": [0.65, 0.65, 0.65]
		},
		"firstperson_righthand": {
			"translation": [-5.25, 4.75, -2],
			"scale": [0.5, 0.5, 0.5]
		},
		"firstperson_lefthand": {
			"translation": [-5.25, 4.75, -2],
			"scale": [0.5, 0.5, 0.5]
		},
		"ground": {
			"translation": [0, 2.75, -6.75],
			"scale": [0.7, 0.7, 0.7]
		},
		"gui": {
			"rotation": [30, -135, 0],
			"translation": [5, -1, 0],
			"scale": [0.8, 0.8, 0.8]
		},
		"fixed": {
			"rotation": [0, 90, 0],
			"translation": [-8, 2.5, -2]
		}
	},
	"groups": [
		0,
		1,
		2,
		3,
		4,
		5,
		6,
		7,
		8,
		9,
		10,
		11,
		12,
		13,
		14,
		15,
		16,
		17,
		18,
		19,
		20,
		21,
		22,
		23,
		24,
		25,
		26,
		27,
		28,
		29,
		30,
		31,
		32,
		33,
		34,
		35,
		36,
		37,
		38,
		39,
		40,
		41,
		42,
		43,
		44,
		45,
		46,
		47,
		48,
		49,
		50,
		51,
		52,
		53,
		54,
		55,
		56,
		{
			"name": "group",
			"origin": [0, 0, 0],
			"color": 0,
			"children": [57, 58, 59, 60, 61, 62, 63, 64, 65, 66, 67, 68, 69, 70, 71, 72, 73, 74]
		},
		{
			"name": "group",
			"origin": [9.075, 4.96088, 17.69874],
			"color": 0,
			"children": [75, 76, 77, 78, 79, 80, 81, 82, 83, 84, 85, 86, 87, 88, 89, 90, 91]
		}
	]
}
