{
	"credit": "Made with Blockbench by ThatAvocado_Boi",
	"textures": {
		"1": "additionalguns:item/muzzle_brake",
		"particle": "additionalguns:item/muzzle_brake"
	},
	"elements": [
		{
			"from": [8.6, 7.4, -1.5],
			"to": [9.5, 8.6, 8],
			"rotation": {"angle": 0, "axis": "y", "origin": [9.05, 8, 4.55]},
			"faces": {
				"north": {"uv": [0, 2, 1, 3], "texture": "#1", "tintindex": 0},
				"east": {"uv": [8, 2, 0, 3], "texture": "#1", "tintindex": 0},
				"south": {"uv": [7, 2, 8, 3], "texture": "#1", "tintindex": 0},
				"west": {"uv": [0, 3, 8, 4], "texture": "#1", "tintindex": 0}
			}
		},
		{
			"from": [6.5, 7.4, -1.5],
			"to": [7.4, 8.6, 8],
			"rotation": {"angle": 0, "axis": "y", "origin": [6.95, 8, 4.55]},
			"faces": {
				"north": {"uv": [0, 2, 1, 3], "texture": "#1", "tintindex": 0},
				"east": {"uv": [0, 3, 8, 4], "texture": "#1", "tintindex": 0},
				"south": {"uv": [7, 3, 8, 4], "texture": "#1", "tintindex": 0},
				"west": {"uv": [0, 2, 8, 3], "texture": "#1", "tintindex": 0}
			}
		},
		{
			"from": [6.5, 8.6, -1.5],
			"to": [9.5, 9.5, 8],
			"rotation": {"angle": 0, "axis": "y", "origin": [8, 9.05, 4.55]},
			"faces": {
				"north": {"uv": [0, 0, 1, 1], "texture": "#1", "tintindex": 0},
				"east": {"uv": [0, 0, 0, 0], "texture": "#1"},
				"south": {"uv": [7, 0, 8, 1], "texture": "#1", "tintindex": 0},
				"west": {"uv": [0, 0, 0, 0], "texture": "#1"},
				"up": {"uv": [0, 0, 8, 2], "rotation": 90, "texture": "#1", "tintindex": 0},
				"down": {"uv": [0, 3, 8, 4], "rotation": 90, "texture": "#1", "tintindex": 0}
			}
		},
		{
			"from": [6.5, 6.5, -1.5],
			"to": [9.5, 7.4, 8],
			"rotation": {"angle": 0, "axis": "y", "origin": [8, 6.95, 4.55]},
			"faces": {
				"north": {"uv": [0, 4, 1, 5], "texture": "#1", "tintindex": 0},
				"east": {"uv": [0, 0, 0, 0], "texture": "#1"},
				"south": {"uv": [7, 4, 8, 5], "texture": "#1", "tintindex": 0},
				"west": {"uv": [0, 0, 0, 0], "texture": "#1"},
				"up": {"uv": [0, 3, 8, 4], "rotation": 90, "texture": "#1", "tintindex": 0},
				"down": {"uv": [0, 3, 8, 4], "rotation": 90, "texture": "#1", "tintindex": 0}
			}
		}
	],
	"display": {
		"thirdperson_righthand": {
			"rotation": [90, 0, 0],
			"translation": [0, 0.25, 0.5],
			"scale": [0.4, 0.4, 0.4]
		},
		"thirdperson_lefthand": {
			"rotation": [90, 0, 0],
			"translation": [0, 0.25, 0.5],
			"scale": [0.4, 0.4, 0.4]
		},
		"firstperson_righthand": {
			"rotation": [90, 0, 0],
			"translation": [2.25, 0, 0],
			"scale": [0.75, 0.75, 0.75]
		},
		"firstperson_lefthand": {
			"rotation": [90, 0, 0],
			"translation": [2.25, 0, 0],
			"scale": [0.75, 0.75, 0.75]
		},
		"ground": {
			"translation": [0, -0.25, 3.2],
			"scale": [0.6, 0.6, 0.6]
		},
		"gui": {
			"rotation": [30, 225, 0],
			"translation": [-4.25, 1.5, 0],
			"scale": [1.2, 1.2, 1.2]
		},
		"fixed": {
			"rotation": [0, 90, 0],
			"translation": [4.75, 0, -1.75]
		}
	}
}