{
	"credit": "Made with Blockbench",
	"parent": "create:item/handheld_blockzapper/item",
	"textures": {
		"0": "additionalguns:item/a/andesite_alloy_mesh",
		"1": "additionalguns:item/a/smooth_stone_slab_side",
		"4": "additionalguns:item/a/white_concrete_powder",
		"5": "additionalguns:item/a/white_stained_glass",
		"particle": "additionalguns:item/a/obsidian",
		"3_0": "additionalguns:item/a/obsidian",
		"mesh": "additionalguns:item/a/prismarine_bricks"
	},
	"elements": [
		{
			"name": "Connector",
			"from": [6.5, 1, 2],
			"to": [9.5, 2, 13],
			"rotation": {"angle": 0, "axis": "y", "origin": [0, -3, 2]},
			"faces": {
				"north": {"uv": [0, 0, 3, 1], "texture": "#0"},
				"east": {"uv": [0, 0, 11, 1], "texture": "#0"},
				"south": {"uv": [0, 0, 3, 1], "texture": "#0"},
				"west": {"uv": [0, 0, 11, 1], "texture": "#0"},
				"up": {"uv": [0, 0, 3, 11], "texture": "#0"},
				"down": {"uv": [0, 0, 3, 11], "texture": "#0"}
			}
		},
		{
			"name": "Rod Back Cap",
			"from": [6.75, 0.75, 16],
			"to": [9.75, 3.75, 17],
			"rotation": {"angle": -45, "axis": "z", "origin": [8, 2.5, 10]},
			"faces": {
				"north": {"uv": [0, 0, 3, 3], "texture": "#mesh"},
				"east": {"uv": [8, 13, 9, 16], "texture": "#mesh"},
				"south": {"uv": [2, 7, 5, 10], "texture": "#mesh"},
				"west": {"uv": [2, 8, 3, 11], "texture": "#mesh"},
				"up": {"uv": [3, 9, 6, 10], "texture": "#mesh"},
				"down": {"uv": [7, 7, 10, 8], "texture": "#mesh"}
			}
		},
		{
			"name": "Rod Back Cap",
			"from": [7.25, 1.25, 17],
			"to": [9.25, 3.25, 19],
			"rotation": {"angle": -45, "axis": "z", "origin": [8, 2.5, 10]},
			"faces": {
				"north": {"uv": [0, 0, 2, 2], "texture": "#0"},
				"east": {"uv": [0, 0, 2, 2], "texture": "#0"},
				"south": {"uv": [0, 0, 2, 2], "texture": "#0"},
				"west": {"uv": [0, 0, 2, 2], "texture": "#0"},
				"up": {"uv": [0, 0, 2, 2], "texture": "#0"},
				"down": {"uv": [0, 0, 2, 2], "texture": "#0"}
			}
		},
		{
			"name": "Connector",
			"from": [6.5, 3, 2],
			"to": [9.5, 4, 13],
			"rotation": {"angle": 0, "axis": "y", "origin": [0, -3, 2]},
			"faces": {
				"north": {"uv": [0, 0, 3, 1], "texture": "#0"},
				"east": {"uv": [0, 0, 11, 1], "texture": "#0"},
				"south": {"uv": [0, 0, 3, 1], "texture": "#0"},
				"west": {"uv": [0, 0, 11, 1], "texture": "#0"},
				"up": {"uv": [0, 0, 3, 11], "texture": "#0"},
				"down": {"uv": [0, 0, 3, 11], "texture": "#0"}
			}
		},
		{
			"name": "Rod Back Cap",
			"from": [6, 1.5, 11],
			"to": [10, 3.5, 13],
			"rotation": {"angle": 0, "axis": "z", "origin": [8, 2.5, 10]},
			"faces": {
				"north": {"uv": [0, 0, 4, 2], "texture": "#0"},
				"east": {"uv": [0, 0, 2, 2], "texture": "#0"},
				"south": {"uv": [0, 0, 4, 2], "texture": "#0"},
				"west": {"uv": [0, 0, 2, 2], "texture": "#0"},
				"up": {"uv": [0, 0, 4, 2], "texture": "#0"},
				"down": {"uv": [0, 0, 4, 2], "texture": "#0"}
			}
		},
		{
			"name": "Grip",
			"from": [7.1, -2, 14],
			"to": [8.9, 2, 17],
			"rotation": {"angle": -22.5, "axis": "x", "origin": [8, -1, 16]},
			"faces": {
				"north": {"uv": [5, 7, 6.8, 11], "texture": "#1"},
				"east": {"uv": [13, 7, 16, 11], "texture": "#1"},
				"south": {"uv": [7, 7, 8.8, 11], "texture": "#1"},
				"west": {"uv": [16, 7, 13, 11], "texture": "#1"},
				"up": {"uv": [5, 2, 6.8, 5], "texture": "#1"},
				"down": {"uv": [7, 11, 8.8, 14], "texture": "#1"}
			}
		},
		{
			"name": "Trigger",
			"from": [7.4, 0, 13],
			"to": [8.6, 3, 15],
			"rotation": {"angle": -22.5, "axis": "x", "origin": [8, -1, 16]},
			"faces": {
				"north": {"uv": [6, 4, 7, 7], "texture": "#3_0"},
				"east": {"uv": [6, 4, 8, 7], "texture": "#3_0"},
				"south": {"uv": [6, 4, 7, 7], "texture": "#3_0"},
				"west": {"uv": [5, 4, 7, 7], "texture": "#3_0"},
				"up": {"uv": [6, 6, 7, 8], "texture": "#3_0"},
				"down": {"uv": [5, 6, 6, 8], "texture": "#3_0"}
			}
		},
		{
			"name": "Cog",
			"from": [7.5, 0, 13],
			"to": [8.5, 4.25, 16],
			"rotation": {"angle": 0, "axis": "y", "origin": [0, -3, 2]},
			"faces": {
				"north": {"uv": [6, 7, 7, 12], "texture": "#3_0"},
				"east": {"uv": [5, 3, 8, 8], "texture": "#3_0"},
				"south": {"uv": [4, 4, 5, 9], "texture": "#3_0"},
				"west": {"uv": [4, 6, 7, 11], "texture": "#3_0"},
				"up": {"uv": [4, 6, 5, 9], "texture": "#3_0"},
				"down": {"uv": [5, 6, 6, 9], "texture": "#3_0"}
			}
		},
		{
			"name": "Cog",
			"from": [7.5, 0, 13],
			"to": [8.5, 5, 16],
			"rotation": {"angle": 45, "axis": "z", "origin": [8, 2.5, 10]},
			"faces": {
				"north": {"uv": [6, 7, 7, 12], "texture": "#3_0"},
				"east": {"uv": [5, 3, 8, 8], "texture": "#3_0"},
				"south": {"uv": [4, 4, 5, 9], "texture": "#3_0"},
				"west": {"uv": [4, 6, 7, 11], "texture": "#3_0"},
				"up": {"uv": [4, 6, 5, 9], "texture": "#3_0"},
				"down": {"uv": [5, 6, 6, 9], "texture": "#3_0"}
			}
		},
		{
			"name": "Cog",
			"from": [7.5, 0, 13],
			"to": [8.5, 5, 16],
			"rotation": {"angle": -45, "axis": "z", "origin": [8, 2.5, 10]},
			"faces": {
				"north": {"uv": [6, 7, 7, 12], "texture": "#3_0"},
				"east": {"uv": [5, 3, 8, 8], "texture": "#3_0"},
				"south": {"uv": [4, 4, 5, 9], "texture": "#3_0"},
				"west": {"uv": [4, 6, 7, 11], "texture": "#3_0"},
				"up": {"uv": [4, 6, 5, 9], "texture": "#3_0"},
				"down": {"uv": [5, 6, 6, 9], "texture": "#3_0"}
			}
		},
		{
			"name": "Cog",
			"from": [5.5, 2, 13],
			"to": [10.5, 3, 16],
			"rotation": {"angle": 0, "axis": "y", "origin": [0, -3, 2]},
			"faces": {
				"north": {"uv": [6, 7, 11, 8], "texture": "#3_0"},
				"east": {"uv": [5, 3, 8, 4], "texture": "#3_0"},
				"south": {"uv": [4, 4, 9, 5], "texture": "#3_0"},
				"west": {"uv": [4, 6, 7, 7], "texture": "#3_0"},
				"up": {"uv": [4, 6, 9, 9], "texture": "#3_0"},
				"down": {"uv": [5, 6, 10, 9], "texture": "#3_0"}
			}
		},
		{
			"name": "Core",
			"from": [6.8, 2, 2.7],
			"to": [9.2, 3, 12.7],
			"rotation": {"angle": 0, "axis": "y", "origin": [8.5, 5, 10]},
			"faces": {
				"north": {"uv": [6, 5, 8.4, 6], "texture": "#4"},
				"east": {"uv": [3, 5, 13, 6], "texture": "#4"},
				"west": {"uv": [3, 7, 13, 8], "texture": "#4"}
			}
		},
		{
			"name": "Core Glow",
			"from": [6.6, 1.6, 2.5],
			"to": [9.4, 3.4, 12.4],
			"rotation": {"angle": 0, "axis": "y", "origin": [8.5, 5, 10]},
			"faces": {
				"north": {"uv": [6, 7, 8.8, 8.8], "texture": "#5"},
				"east": {"uv": [3, 7, 12.9, 8.8], "texture": "#5"},
				"south": {"uv": [5, 7, 7.8, 8.8], "texture": "#5"},
				"west": {"uv": [4, 7, 13.9, 8.8], "texture": "#5"},
				"up": {"uv": [7, 3, 9.8, 12.9], "texture": "#5"},
				"down": {"uv": [7, 4, 9.8, 13.9], "texture": "#5"}
			}
		}
	],
	"display": {
		"thirdperson_righthand": {
			"rotation": [1, 0, 0],
			"translation": [0, 6.75, -4.25],
			"scale": [0.8, 0.8, 0.8]
		},
		"thirdperson_lefthand": {
			"rotation": [1, 0, 0],
			"translation": [0, 6.25, -4.5],
			"scale": [0.8, 0.8, 0.8]
		},
		"firstperson_righthand": {
			"translation": [-2.5, 8.75, -6.5]
		},
		"firstperson_lefthand": {
			"translation": [0, 7.5, -9.75]
		},
		"ground": {
			"rotation": [0, 0, 90],
			"translation": [-2.25, -1, -0.75],
			"scale": [0.75, 0.75, 0.75]
		},
		"gui": {
			"rotation": [30, -130, 0],
			"translation": [1.75, 3.5, 0]
		},
		"fixed": {
			"rotation": [0, 90, 0],
			"translation": [-1.25, 4.25, -1]
		}
	},
	"groups": [
		0,
		1,
		2,
		3,
		4,
		{
			"name": "placement_handgun",
			"origin": [8, 8, 8],
			"color": 0,
			"children": [5, 6]
		},
		7,
		8,
		9,
		10,
		11,
		12
	]
}