{
	"credit": "Made with Blockbench",
	"textures": {
		"1": "mod:items/silencer",
		"particle": "mod:items/silencer"
	},
	"elements": [
		{
			"from": [8.6, 7.4, 5.6],
			"to": [9.5, 8.6, 8],
			"faces": {
				"north": {"uv": [0, 2, 1, 3], "texture": "#1", "tintindex": 0},
				"east": {"uv": [8, 2, 0, 3], "texture": "#1", "tintindex": 0},
				"south": {"uv": [7, 4, 8, 5], "texture": "#1", "tintindex": 0},
				"west": {"uv": [0, 4, 6, 5], "texture": "#1", "tintindex": 0}
			}
		},
		{
			"from": [6.5, 7.4, 5.6],
			"to": [7.4, 8.6, 8],
			"faces": {
				"north": {"uv": [0, 2, 1, 3], "texture": "#1", "tintindex": 0},
				"east": {"uv": [0, 4, 5, 5], "texture": "#1", "tintindex": 0},
				"south": {"uv": [7, 4, 8, 5], "texture": "#1", "tintindex": 0},
				"west": {"uv": [0, 2, 8, 3], "texture": "#1", "tintindex": 0}
			}
		},
		{
			"from": [7.3, 8.65, 5.6],
			"to": [8.7, 9.35, 8],
			"faces": {
				"north": {"uv": [0, 0, 1, 1], "texture": "#1", "tintindex": 0},
				"east": {"uv": [0, 0, 0, 0], "texture": "#1"},
				"south": {"uv": [7, 4, 8, 5], "texture": "#1", "tintindex": 0},
				"west": {"uv": [0, 0, 0, 0], "texture": "#1"},
				"up": {"uv": [0, 0, 8, 1], "rotation": 90, "texture": "#1", "tintindex": 0},
				"down": {"uv": [0, 4, 6, 5], "rotation": 90, "texture": "#1", "tintindex": 0}
			}
		},
		{
			"from": [7.4, 6.5, 0],
			"to": [8.6, 7.4, 8],
			"faces": {
				"north": {"uv": [7, 4, 8, 5], "texture": "#1", "tintindex": 0},
				"east": {"uv": [0, 4, 8, 5], "texture": "#1"},
				"south": {"uv": [7, 4, 8, 5], "texture": "#1", "tintindex": 0},
				"west": {"uv": [0, 1, 8, 2], "texture": "#1"},
				"up": {"uv": [0, 1, 8, 2], "rotation": 90, "texture": "#1", "tintindex": 0},
				"down": {"uv": [0, 4, 8, 5], "rotation": 90, "texture": "#1", "tintindex": 0}
			}
		},
		{
			"from": [8.6, 6.5, 5.601],
			"to": [9.8727, 7.4, 7.999],
			"rotation": {"angle": 45, "axis": "z", "origin": [8.6, 6.5, 8]},
			"faces": {
				"north": {"uv": [0, 3, 1, 4], "texture": "#1", "tintindex": 0},
				"south": {"uv": [7, 4, 8, 5], "texture": "#1", "tintindex": 0},
				"up": {"uv": [0, 4, 6, 5], "rotation": 90, "texture": "#1", "tintindex": 0},
				"down": {"uv": [8, 3, 0, 4], "rotation": 90, "texture": "#1", "tintindex": 0}
			}
		},
		{
			"from": [8.8, 8.7, 0.001],
			"to": [9.8727, 9.5, 7.999],
			"rotation": {"angle": -45, "axis": "z", "origin": [8.6, 9.5, 8]},
			"faces": {
				"north": {"uv": [0, 1, 1, 2], "texture": "#1", "tintindex": 0},
				"east": {"uv": [0, 4, 8, 5], "texture": "#1"},
				"south": {"uv": [7, 4, 8, 5], "texture": "#1", "tintindex": 0},
				"west": {"uv": [0, 1, 8, 2], "texture": "#1"},
				"up": {"uv": [0, 2, 8, 1], "rotation": 90, "texture": "#1", "tintindex": 0},
				"down": {"uv": [0, 4, 8, 5], "rotation": 90, "texture": "#1", "tintindex": 0}
			}
		},
		{
			"from": [6.1273, 8.7, 0.001],
			"to": [7.2, 9.5, 7.999],
			"rotation": {"angle": 45, "axis": "z", "origin": [7.4, 9.5, 8]},
			"faces": {
				"north": {"uv": [0, 1, 1, 2], "texture": "#1", "tintindex": 0},
				"east": {"uv": [0, 4, 8, 5], "texture": "#1"},
				"south": {"uv": [7, 4, 8, 5], "texture": "#1", "tintindex": 0},
				"west": {"uv": [0, 1, 8, 2], "texture": "#1"},
				"up": {"uv": [0, 1, 8, 2], "rotation": 90, "texture": "#1", "tintindex": 0},
				"down": {"uv": [0, 4, 8, 5], "rotation": 90, "texture": "#1", "tintindex": 0}
			}
		},
		{
			"from": [6.1273, 6.5, 5.601],
			"to": [7.4, 7.4, 7.999],
			"rotation": {"angle": -45, "axis": "z", "origin": [7.4, 6.5, 8]},
			"faces": {
				"north": {"uv": [0, 3, 1, 4], "texture": "#1", "tintindex": 0},
				"south": {"uv": [7, 4, 8, 5], "texture": "#1", "tintindex": 0},
				"up": {"uv": [0, 4, 6, 5], "rotation": 90, "texture": "#1", "tintindex": 0},
				"down": {"uv": [0, 3, 8, 4], "rotation": 270, "texture": "#1", "tintindex": 0}
			}
		}
	],
	"display": {
		"thirdperson_righthand": {
			"rotation": [114, 0, 0],
			"translation": [0, -2.25, -1.25],
			"scale": [0.75, 0.75, 0.75]
		},
		"firstperson_righthand": {
			"rotation": [90, 0, 0],
			"translation": [2.25, 0, 0],
			"scale": [0.75, 0.75, 0.75]
		},
		"ground": {
			"translation": [0, 1, 3.2],
			"scale": [0.8, 0.8, 0.8]
		},
		"gui": {
			"rotation": [30, 225, 0],
			"translation": [-3.25, 1.5, 0],
			"scale": [1.2, 1.2, 1.2]
		},
		"fixed": {
			"rotation": [0, 90, 0],
			"translation": [6, 0, -1.75],
			"scale": [1.5, 1.5, 1.5]
		}
	}
}