{
	"credit": "Made with Blockbench by ThatAvocado_Boi",
	"textures": {
		"0": "additionalguns:item/pp_19",
		"particle": "additionalguns:item/pp_19"
	},
	"elements": [
		{
			"from": [7.375, -0.32059, 14.99648],
			"to": [8.625, 2.67941, 15.99648],
			"rotation": {"angle": -22.5, "axis": "x", "origin": [8, 1.27941, 15.64648]},
			"faces": {
				"north": {"uv": [13.25, 11, 14.5, 16], "texture": "#0", "cullface": "north"},
				"east": {"uv": [14.5, 11, 16, 16], "texture": "#0", "cullface": "east"},
				"south": {"uv": [13.25, 11.25, 14.5, 16], "texture": "#0"},
				"west": {"uv": [14.5, 11, 16, 16], "texture": "#0"},
				"up": {"uv": [14.5, 11, 16, 12], "texture": "#0"},
				"down": {"uv": [14.5, 11, 16, 12.5], "texture": "#0"}
			}
		},
		{
			"from": [7.55, 1.3, 12],
			"to": [8.45, 2.3, 13],
			"rotation": {"angle": 0, "axis": "y", "origin": [8, 1.8, 12.5]},
			"faces": {
				"north": {"uv": [14.5, 4.25, 16, 5], "texture": "#0"},
				"east": {"uv": [6.75, 5.25, 8.25, 6.25], "texture": "#0", "cullface": "east"},
				"south": {"uv": [13.25, 4.25, 14.5, 5], "texture": "#0"},
				"west": {"uv": [0, 0, 0.2, 1], "texture": "#0"},
				"up": {"uv": [0, 0, 0, 0], "texture": "#0"},
				"down": {"uv": [0, 0, 0, 0], "texture": "#0"}
			}
		},
		{
			"from": [7.55, 1, 12],
			"to": [8.45, 1.3, 15.1],
			"faces": {
				"north": {"uv": [13, 5, 14.5, 5.25], "texture": "#0"},
				"east": {"uv": [13, 6.75, 16, 7.25], "texture": "#0", "cullface": "east"},
				"south": {"uv": [13, 5.25, 14.5, 5.75], "texture": "#0"},
				"west": {"uv": [13, 5.75, 16, 6.25], "texture": "#0"},
				"up": {"uv": [0, 0, 0.2, 1.7], "texture": "#0"},
				"down": {"uv": [13, 3.5, 16, 4.25], "texture": "#0"}
			}
		},
		{
			"from": [7.55, 2.29, 12],
			"to": [8.45, 2.57, 15.1],
			"rotation": {"angle": 0, "axis": "z", "origin": [8, 2.5, 13.55]},
			"faces": {
				"north": {"uv": [14.5, 5, 16, 5.25], "rotation": 180, "texture": "#0"},
				"east": {"uv": [13, 7.25, 16, 7.75], "rotation": 180, "texture": "#0"},
				"south": {"uv": [14.5, 5.25, 16, 5.75], "rotation": 180, "texture": "#0"},
				"west": {"uv": [13, 6.25, 16, 6.75], "rotation": 180, "texture": "#0", "cullface": "east"},
				"up": {"uv": [0, 0, 0.2, 1.7], "rotation": 180, "texture": "#0"},
				"down": {"uv": [13, 7.75, 16, 8.5], "rotation": 180, "texture": "#0"}
			}
		},
		{
			"from": [7.9, 1.45307, 14.03045],
			"to": [8.1, 2.45307, 14.23045],
			"rotation": {"angle": 22.5, "axis": "x", "origin": [8, 1.95307, 14.13045]},
			"faces": {
				"north": {"uv": [0, 0, 0.2, 1], "texture": "#0", "cullface": "north"},
				"east": {"uv": [0, 0, 0.2, 1], "texture": "#0", "cullface": "east"},
				"south": {"uv": [0, 0, 0, 0], "texture": "#0"},
				"west": {"uv": [0, 0, 0.2, 1], "texture": "#0"},
				"up": {"uv": [0, 0, 0, 0], "texture": "#0"},
				"down": {"uv": [0, 0, 0, 0], "texture": "#0"}
			}
		},
		{
			"from": [7.425, 2.55, 10.7],
			"to": [8.575, 3.75, 15.85],
			"rotation": {"angle": 0, "axis": "y", "origin": [8, 3.075, 12.625]},
			"faces": {
				"north": {"uv": [1.25, 2, 2.4, 3.25], "texture": "#0", "cullface": "north"},
				"east": {"uv": [0, 5.25, 6.75, 6.5], "texture": "#0", "cullface": "east"},
				"south": {"uv": [0, 2, 1.15, 3.25], "texture": "#0"},
				"west": {"uv": [0, 5.25, 6.75, 6.5], "texture": "#0"},
				"up": {"uv": [0, 5.75, 6.75, 6.75], "texture": "#0"},
				"down": {"uv": [0, 5.5, 6.75, 6.25], "texture": "#0"}
			}
		},
		{
			"from": [7.425, 3.75, 6.75],
			"to": [8.575, 4.05, 15.125],
			"rotation": {"angle": 0, "axis": "y", "origin": [15.5, 11.65, 21.3]},
			"faces": {
				"north": {"uv": [5.25, 2.25, 6.5, 2.75], "texture": "#0", "cullface": "north"},
				"east": {"uv": [0, 7.5, 6.75, 7.75], "texture": "#0", "cullface": "east"},
				"south": {"uv": [4, 4.5, 5.25, 5.25], "texture": "#0"},
				"west": {"uv": [0, 7.25, 6.75, 7.5], "texture": "#0"},
				"up": {"uv": [0, 6.5, 6.75, 7.5], "texture": "#0"},
				"down": {"uv": [0, 5.25, 6.75, 6], "texture": "#0"}
			}
		},
		{
			"from": [7.9125, 4.22043, 7.04749],
			"to": [8.0625, 4.37043, 7.24749],
			"rotation": {"angle": 0, "axis": "y", "origin": [7.9875, 4.14543, 6.79749]},
			"faces": {
				"north": {"uv": [7, 6.5, 7.75, 7.25], "texture": "#0", "cullface": "east"},
				"east": {"uv": [7.5, 6.25, 8.25, 7], "texture": "#0"},
				"south": {"uv": [6.75, 7, 7.5, 7.75], "texture": "#0"},
				"west": {"uv": [7.5, 7, 8.25, 7.75], "texture": "#0", "cullface": "north"},
				"up": {"uv": [7.5, 6.25, 8.25, 7], "rotation": 270, "texture": "#0"},
				"down": {"uv": [0, 0, 0, 0], "rotation": 90, "texture": "#0"}
			}
		},
		{
			"from": [7.8625, 3.92043, 6.99749],
			"to": [8.1125, 4.22043, 7.29749],
			"rotation": {"angle": 0, "axis": "y", "origin": [7.9875, 4.14543, 6.79749]},
			"faces": {
				"north": {"uv": [7, 6.5, 7.75, 7.25], "texture": "#0", "cullface": "east"},
				"east": {"uv": [7.5, 6.25, 8.25, 7], "texture": "#0"},
				"south": {"uv": [13.75, 12.25, 14.25, 13], "texture": "#0"},
				"west": {"uv": [7.5, 7, 8.25, 7.75], "texture": "#0", "cullface": "north"},
				"up": {"uv": [7.5, 6.25, 8.25, 7], "rotation": 270, "texture": "#0"},
				"down": {"uv": [0, 0, 0, 0], "rotation": 90, "texture": "#0"}
			}
		},
		{
			"from": [7.5375, 4.12043, 13.54749],
			"to": [7.8375, 4.42043, 13.79749],
			"rotation": {"angle": 0, "axis": "y", "origin": [7.4875, 4.09543, 13.74749]},
			"faces": {
				"north": {"uv": [7.25, 6.5, 8, 7.25], "texture": "#0", "cullface": "east"},
				"east": {"uv": [7.5, 6.25, 8.25, 7], "texture": "#0"},
				"south": {"uv": [6.75, 7, 7.5, 7.75], "texture": "#0"},
				"west": {"uv": [7.5, 7, 8.25, 7.75], "texture": "#0", "cullface": "north"},
				"up": {"uv": [6.75, 6.25, 7.5, 7], "rotation": 270, "texture": "#0"},
				"down": {"uv": [0, 0, 0, 0], "rotation": 90, "texture": "#0"}
			}
		},
		{
			"from": [8.16, 4.12043, 13.54749],
			"to": [8.46, 4.42043, 13.79749],
			"rotation": {"angle": 0, "axis": "y", "origin": [8.51, 4.09543, 13.74749]},
			"faces": {
				"north": {"uv": [7, 6.5, 7.75, 7.25], "texture": "#0", "cullface": "east"},
				"east": {"uv": [7.5, 7, 8.25, 7.75], "texture": "#0"},
				"south": {"uv": [6.75, 7, 7.5, 7.75], "texture": "#0"},
				"west": {"uv": [7.5, 7, 8.25, 7.75], "texture": "#0", "cullface": "north"},
				"up": {"uv": [6.75, 6.25, 7.5, 7], "rotation": 270, "texture": "#0"},
				"down": {"uv": [0, 0, 0, 0], "rotation": 90, "texture": "#0"}
			}
		},
		{
			"from": [8.16, 3.77598, 13.40481],
			"to": [8.46, 4.37598, 13.67981],
			"rotation": {"angle": 45, "axis": "x", "origin": [8.31, 4.22598, 13.52981]},
			"faces": {
				"north": {"uv": [7, 6.5, 7.75, 7.25], "texture": "#0", "cullface": "east"},
				"east": {"uv": [7.5, 7, 8.25, 7.75], "texture": "#0"},
				"south": {"uv": [6.75, 7, 7.5, 7.75], "texture": "#0"},
				"west": {"uv": [7.5, 7, 8.25, 7.75], "texture": "#0", "cullface": "north"},
				"up": {"uv": [6.75, 6.25, 7.5, 7], "rotation": 270, "texture": "#0"},
				"down": {"uv": [0, 0, 0, 0], "rotation": 90, "texture": "#0"}
			}
		},
		{
			"from": [7.5375, 3.77598, 13.40481],
			"to": [7.8375, 4.37598, 13.67981],
			"rotation": {"angle": 45, "axis": "x", "origin": [7.6875, 4.22598, 13.52981]},
			"faces": {
				"north": {"uv": [7, 6.5, 7.75, 7.25], "texture": "#0", "cullface": "east"},
				"east": {"uv": [7.5, 7, 8.25, 7.75], "texture": "#0"},
				"south": {"uv": [6.75, 7, 7.5, 7.75], "texture": "#0"},
				"west": {"uv": [7.5, 7, 8.25, 7.75], "texture": "#0", "cullface": "north"},
				"up": {"uv": [6.75, 6.25, 7.5, 7], "rotation": 270, "texture": "#0"},
				"down": {"uv": [0, 0, 0, 0], "rotation": 90, "texture": "#0"}
			}
		},
		{
			"from": [7.53891, 3.82043, 13.54749],
			"to": [8.46, 4.22043, 13.79749],
			"rotation": {"angle": 0, "axis": "y", "origin": [8.51, 4.09543, 13.74749]},
			"faces": {
				"north": {"uv": [7, 6.5, 7.75, 7.25], "texture": "#0", "cullface": "east"},
				"east": {"uv": [7.5, 7, 8.25, 7.75], "texture": "#0"},
				"south": {"uv": [13.75, 11.5, 14.5, 12.25], "texture": "#0"},
				"west": {"uv": [7.5, 7, 8.25, 7.75], "texture": "#0", "cullface": "north"},
				"up": {"uv": [6.75, 6.25, 7.5, 7], "rotation": 270, "texture": "#0"},
				"down": {"uv": [0, 0, 0, 0], "rotation": 90, "texture": "#0"}
			}
		},
		{
			"from": [7.45, 0.525, 17.5],
			"to": [8.55, 0.775, 18.25],
			"rotation": {"angle": 22.5, "axis": "x", "origin": [15.5, 8.425, 24.5]},
			"faces": {
				"north": {"uv": [4, 4.5, 5.25, 5.25], "texture": "#0"},
				"east": {"uv": [4.75, 3.25, 5.5, 4.5], "texture": "#0", "cullface": "east"},
				"south": {"uv": [5.5, 3.25, 6.65, 4.5], "texture": "#0"},
				"west": {"uv": [4, 3.25, 4.75, 4.5], "texture": "#0"},
				"up": {"uv": [5.25, 4.5, 6.75, 5.25], "texture": "#0"},
				"down": {"uv": [0, 0, 0, 0], "texture": "#0"}
			}
		},
		{
			"from": [7.425, 2.75, 6.75],
			"to": [8.575, 3.75, 10.7],
			"rotation": {"angle": 0, "axis": "y", "origin": [8, 2.9, 8.125]},
			"faces": {
				"north": {"uv": [2.75, 3.25, 3.9, 5.25], "texture": "#0", "cullface": "north"},
				"east": {"uv": [0, 3.25, 2.75, 5.25], "texture": "#0", "cullface": "east"},
				"south": {"uv": [2.75, 3.25, 3.9, 5.25], "texture": "#0"},
				"west": {"uv": [0, 3.25, 2.75, 5.25], "texture": "#0"},
				"up": {"uv": [5.5, 5.25, 6.75, 6.75], "texture": "#0"},
				"down": {"uv": [2.25, 2, 6.75, 3.25], "texture": "#0"}
			}
		},
		{
			"name": "octagon",
			"from": [7.58579, 0.6, 6.925],
			"to": [8.41421, 2.6, 12.05],
			"rotation": {"angle": 45, "axis": "z", "origin": [8, 1.6, 10.4]},
			"faces": {
				"north": {"uv": [2, 10.75, 3, 11.75], "texture": "#0"},
				"east": {"uv": [0, 0, 1, 1], "texture": "#0"},
				"south": {"uv": [4, 10.75, 5, 11.75], "texture": "#0"},
				"west": {"uv": [0, 0, 1, 1], "texture": "#0"},
				"up": {"uv": [0, 15, 6.75, 16], "texture": "#0"},
				"down": {"uv": [0, 12.75, 6.75, 13.75], "texture": "#0"}
			}
		},
		{
			"name": "octagon",
			"from": [7.58579, 0.6, 6.925],
			"to": [8.41421, 2.6, 12.05],
			"rotation": {"angle": 0, "axis": "z", "origin": [8, 1.6, 10.4]},
			"faces": {
				"north": {"uv": [1, 10.75, 2, 11.75], "texture": "#0"},
				"east": {"uv": [0, 0, 1, 1], "texture": "#0"},
				"south": {"uv": [3, 10.75, 4, 11.75], "texture": "#0"},
				"west": {"uv": [0, 0, 1, 1], "texture": "#0"},
				"up": {"uv": [0, 15, 6.75, 16], "texture": "#0"},
				"down": {"uv": [0, 11.75, 6.75, 12.75], "texture": "#0"}
			}
		},
		{
			"name": "octagon",
			"from": [7, 1.18579, 6.925],
			"to": [9, 2.01421, 12.05],
			"rotation": {"angle": 45, "axis": "z", "origin": [8, 1.6, 10.4]},
			"faces": {
				"north": {"uv": [0, 10.75, 1, 11.75], "texture": "#0"},
				"east": {"uv": [0, 14, 6.75, 15], "texture": "#0"},
				"south": {"uv": [2, 10.75, 3, 11.75], "texture": "#0"},
				"west": {"uv": [0, 15, 6.75, 16], "texture": "#0"},
				"up": {"uv": [0, 0, 1, 1], "texture": "#0"},
				"down": {"uv": [0, 0, 1, 1], "texture": "#0"}
			}
		},
		{
			"name": "octagon",
			"from": [7, 1.18579, 6.925],
			"to": [9, 2.01421, 12.05],
			"rotation": {"angle": 0, "axis": "z", "origin": [8, 1.6, 10.4]},
			"faces": {
				"north": {"uv": [3, 10.75, 4, 11.75], "texture": "#0"},
				"east": {"uv": [0, 15, 6.75, 16], "texture": "#0"},
				"south": {"uv": [5, 10.75, 6, 11.75], "texture": "#0"},
				"west": {"uv": [0, 15, 6.75, 16], "texture": "#0"},
				"up": {"uv": [0, 0, 1, 1], "texture": "#0"},
				"down": {"uv": [0, 0, 1, 1], "texture": "#0"}
			}
		},
		{
			"name": "octagon",
			"from": [7.85503, 2.85, 5.6],
			"to": [8.14497, 3.05, 11.375],
			"rotation": {"angle": 45, "axis": "z", "origin": [8, 3.2, 6.2]},
			"faces": {
				"north": {"uv": [14.5, 0.5, 15.5, 1.5], "texture": "#0"},
				"east": {"uv": [15, 0, 16, 1], "texture": "#0"},
				"south": {"uv": [14.5, 0.5, 15.5, 1.5], "texture": "#0"},
				"west": {"uv": [14.5, 0.5, 15.5, 1.5], "texture": "#0"},
				"up": {"uv": [14, 0, 15, 1], "texture": "#0"},
				"down": {"uv": [14.75, 0.25, 15.75, 1.25], "texture": "#0"}
			}
		},
		{
			"name": "octagon",
			"from": [7.85503, 2.85, 5.6],
			"to": [8.14497, 3.05, 11.375],
			"rotation": {"angle": 0, "axis": "z", "origin": [8, 3.2, 6.2]},
			"faces": {
				"north": {"uv": [14.5, 0.5, 15.5, 1.5], "texture": "#0"},
				"east": {"uv": [15, 0, 16, 1], "texture": "#0"},
				"south": {"uv": [14.5, 0.5, 15.5, 1.5], "texture": "#0"},
				"west": {"uv": [14.5, 0.5, 15.5, 1.5], "texture": "#0"},
				"up": {"uv": [14, 0, 15, 1], "texture": "#0"},
				"down": {"uv": [14.75, 0.25, 15.75, 1.25], "texture": "#0"}
			}
		},
		{
			"name": "octagon",
			"from": [7.85503, 3.35, 5.6],
			"to": [8.14497, 3.55, 11.375],
			"rotation": {"angle": 45, "axis": "z", "origin": [8, 3.2, 6.2]},
			"faces": {
				"north": {"uv": [14.5, 0.5, 15.5, 1.5], "texture": "#0"},
				"east": {"uv": [15, 0, 16, 1], "texture": "#0"},
				"south": {"uv": [14.5, 0.5, 15.5, 1.5], "texture": "#0"},
				"west": {"uv": [14.5, 0.5, 15.5, 1.5], "texture": "#0"},
				"up": {"uv": [14, 0, 15, 1], "texture": "#0"},
				"down": {"uv": [14.75, 0.25, 15.75, 1.25], "texture": "#0"}
			}
		},
		{
			"name": "octagon",
			"from": [7.85503, 3.35, 5.6],
			"to": [8.14497, 3.55, 11.375],
			"rotation": {"angle": 0, "axis": "z", "origin": [8, 3.2, 6.2]},
			"faces": {
				"north": {"uv": [14.5, 0.5, 15.5, 1.5], "texture": "#0"},
				"east": {"uv": [15, 0, 16, 1], "texture": "#0"},
				"south": {"uv": [14.5, 0.5, 15.5, 1.5], "texture": "#0"},
				"west": {"uv": [14.5, 0.5, 15.5, 1.5], "texture": "#0"},
				"up": {"uv": [14, 0, 15, 1], "texture": "#0"},
				"down": {"uv": [14.75, 0.25, 15.75, 1.25], "texture": "#0"}
			}
		},
		{
			"name": "octagon",
			"from": [7.65, 3.05503, 5.6],
			"to": [7.85, 3.34497, 11.375],
			"rotation": {"angle": 45, "axis": "z", "origin": [8, 3.2, 6.2]},
			"faces": {
				"north": {"uv": [14.5, 0.5, 15.5, 1.5], "texture": "#0"},
				"east": {"uv": [15, 0, 16, 1], "texture": "#0"},
				"south": {"uv": [14.5, 0.5, 15.5, 1.5], "texture": "#0"},
				"west": {"uv": [14.5, 0.5, 15.5, 1.5], "texture": "#0"},
				"up": {"uv": [14, 0, 15, 1], "texture": "#0"},
				"down": {"uv": [14.75, 0.25, 15.75, 1.25], "texture": "#0"}
			}
		},
		{
			"name": "octagon",
			"from": [7.65, 3.05503, 5.6],
			"to": [7.85, 3.34497, 11.375],
			"rotation": {"angle": 0, "axis": "z", "origin": [8, 3.2, 6.2]},
			"faces": {
				"north": {"uv": [14.5, 0.5, 15.5, 1.5], "texture": "#0"},
				"east": {"uv": [15, 0, 16, 1], "texture": "#0"},
				"south": {"uv": [14.5, 0.5, 15.5, 1.5], "texture": "#0"},
				"west": {"uv": [14.5, 0.5, 15.5, 1.5], "texture": "#0"},
				"up": {"uv": [14, 0, 15, 1], "texture": "#0"},
				"down": {"uv": [14.75, 0.25, 15.75, 1.25], "texture": "#0"}
			}
		},
		{
			"name": "octagon",
			"from": [8.15, 3.05503, 5.6],
			"to": [8.35, 3.34497, 11.375],
			"rotation": {"angle": 45, "axis": "z", "origin": [8, 3.2, 6.2]},
			"faces": {
				"north": {"uv": [14.5, 0.5, 15.5, 1.5], "texture": "#0"},
				"east": {"uv": [15, 0, 16, 1], "texture": "#0"},
				"south": {"uv": [14.5, 0.5, 15.5, 1.5], "texture": "#0"},
				"west": {"uv": [14.5, 0.5, 15.5, 1.5], "texture": "#0"},
				"up": {"uv": [14, 0, 15, 1], "texture": "#0"},
				"down": {"uv": [14.75, 0.25, 15.75, 1.25], "texture": "#0"}
			}
		},
		{
			"name": "octagon",
			"from": [8.15, 3.05503, 5.6],
			"to": [8.35, 3.34497, 11.375],
			"rotation": {"angle": 0, "axis": "z", "origin": [8, 3.2, 6.2]},
			"faces": {
				"north": {"uv": [14.5, 0.5, 15.5, 1.5], "texture": "#0"},
				"east": {"uv": [15, 0, 16, 1], "texture": "#0"},
				"south": {"uv": [14.5, 0.5, 15.5, 1.5], "texture": "#0"},
				"west": {"uv": [14.5, 0.5, 15.5, 1.5], "texture": "#0"},
				"up": {"uv": [14, 0, 15, 1], "texture": "#0"},
				"down": {"uv": [14.75, 0.25, 15.75, 1.25], "texture": "#0"}
			}
		}
	],
	"display": {
		"thirdperson_righthand": {
			"translation": [0, 6.75, -8],
			"scale": [1.25, 1.25, 1.25]
		},
		"thirdperson_lefthand": {
			"translation": [0, 6.75, -8],
			"scale": [1.25, 1.25, 1.25]
		},
		"firstperson_righthand": {
			"translation": [-4.25, 9, -0.25],
			"scale": [0.9, 0.9, 0.9]
		},
		"firstperson_lefthand": {
			"translation": [-4.25, 9, -0.25],
			"scale": [0.8, 0.8, 0.8]
		},
		"ground": {
			"translation": [0, 6.75, -4],
			"scale": [1.25, 1.25, 1.25]
		},
		"gui": {
			"rotation": [30, 225, 0],
			"translation": [4.25, 6.75, 0],
			"scale": [1.75, 1.75, 1.75]
		},
		"fixed": {
			"rotation": [0, 90, 0],
			"translation": [-6.25, 11.5, -2],
			"scale": [2, 2, 2]
		}
	},
	"groups": [
		0,
		1,
		2,
		3,
		4,
		5,
		6,
		7,
		8,
		9,
		10,
		11,
		12,
		13,
		14,
		15,
		{
			"name": "octagon",
			"origin": [8, 8, 8],
			"color": 0,
			"children": [16, 17, 18, 19]
		},
		{
			"name": "octagon",
			"origin": [8, 8, 8],
			"color": 0,
			"children": [20, 21, 22, 23, 24, 25, 26, 27]
		}
	]
}
