{
	"credit": "Made with Blockbench",
	"texture_size": [32, 32],
	"textures": {
		"0": "block/stone",
		"1": "block/oak_log",
		"2": "block/black_concrete",
		"3": "block/gold_block",
		"4": "additionalguns:item/white_light",
		"5": "additionalguns:item/light_red",
		"particle": "block/oak_log"
	},
	"elements": [
		{
			"from": [7.73642, 10.49754, 0.85671],
			"to": [8.25122, 10.60479, 6.64821],
			"rotation": {"angle": 0, "axis": "y", "origin": [4.99082, 10.18866, 0.19605]},
			"faces": {
				"north": {"uv": [7.875, 5.875, 8.0625, 5.91406], "texture": "#0"},
				"east": {"uv": [6.125, 5, 8.23438, 5.03906], "texture": "#0"},
				"south": {"uv": [7.875, 6, 8.0625, 6.03906], "texture": "#0"},
				"west": {"uv": [6.125, 5.125, 8.23438, 5.16406], "texture": "#0"},
				"up": {"uv": [1.6875, 4.35938, 1.5, 2.25], "texture": "#0"},
				"down": {"uv": [1.9375, 2.625, 1.75, 4.73438], "texture": "#0"}
			}
		},
		{
			"from": [7.73642, 10.22727, 6.64821],
			"to": [8.25122, 10.60479, 7.29137],
			"rotation": {"angle": 0, "axis": "y", "origin": [4.99082, 7.21569, 3.58515]},
			"faces": {
				"north": {"uv": [6.5, 7.375, 6.6875, 7.51172], "texture": "#0"},
				"east": {"uv": [3.375, 7.375, 3.60938, 7.51172], "texture": "#0"},
				"south": {"uv": [6.75, 7.375, 6.9375, 7.51172], "texture": "#0"},
				"west": {"uv": [7.375, 4.375, 7.60938, 4.51172], "texture": "#0"},
				"up": {"uv": [0.9375, 7.48438, 0.75, 7.25], "texture": "#0"},
				"down": {"uv": [1.1875, 7.25, 1, 7.48438], "texture": "#0"}
			}
		},
		{
			"from": [7.73642, 10.22727, 0.84735],
			"to": [8.25122, 10.60479, 0.85637],
			"rotation": {"angle": 0, "axis": "y", "origin": [4.99082, 7.21569, -2.8495]},
			"faces": {
				"north": {"uv": [7.375, 6.75, 7.5625, 6.88672], "texture": "#0"},
				"east": {"uv": [0, 7.625, 0.15625, 7.76172], "texture": "#0"},
				"south": {"uv": [7.375, 7, 7.5625, 7.13672], "texture": "#0"},
				"west": {"uv": [0.25, 7.625, 0.40625, 7.76172], "texture": "#0"},
				"up": {"uv": [5.8125, 7.53125, 5.625, 7.375], "texture": "#0"},
				"down": {"uv": [6.0625, 7.375, 5.875, 7.53125], "texture": "#0"}
			}
		},
		{
			"from": [7.82222, 10.59621, 0.84735],
			"to": [8.16542, 10.68201, 5.51565],
			"rotation": {"angle": 0, "axis": "y", "origin": [4.99082, 7.16421, 3.49935]},
			"faces": {
				"north": {"uv": [1.375, 8, 1.5, 8.03125], "texture": "#0"},
				"east": {"uv": [6.75, 5.75, 8.58984, 5.78125], "texture": "#0"},
				"south": {"uv": [8, 1.375, 8.125, 1.40625], "texture": "#0"},
				"west": {"uv": [6.875, 2, 8.71484, 2.03125], "texture": "#0"},
				"up": {"uv": [4, 5.58984, 3.875, 3.75], "texture": "#0"},
				"down": {"uv": [3.125, 4, 3, 5.83984], "texture": "#0"}
			}
		},
		{
			"from": [7.73985, 10.22727, 4.24152],
			"to": [8.24779, 10.51041, 5.52852],
			"rotation": {"angle": 0, "axis": "y", "origin": [4.99082, 7.16421, 3.53796]},
			"faces": {
				"north": {"uv": [7.625, 2.75, 7.80859, 2.85156], "texture": "#0"},
				"east": {"uv": [7.125, 1.5, 7.59375, 1.60156], "texture": "#0"},
				"south": {"uv": [7.625, 2.875, 7.80859, 2.97656], "texture": "#0"},
				"west": {"uv": [7.125, 1.625, 7.59375, 1.72656], "texture": "#0"},
				"up": {"uv": [6.55859, 6.59375, 6.375, 6.125], "texture": "#0"},
				"down": {"uv": [6.68359, 0, 6.5, 0.46875], "texture": "#0"}
			}
		},
		{
			"from": [7.73985, 10.22727, 1.90347],
			"to": [8.24779, 10.51041, 3.19047],
			"rotation": {"angle": 0, "axis": "y", "origin": [4.99082, 7.16421, 3.49935]},
			"faces": {
				"north": {"uv": [7.625, 3, 7.80859, 3.10156], "texture": "#0"},
				"east": {"uv": [7.125, 2.875, 7.59375, 2.97656], "texture": "#0"},
				"south": {"uv": [3.125, 7.625, 3.30859, 7.72656], "texture": "#0"},
				"west": {"uv": [7.125, 3, 7.59375, 3.10156], "texture": "#0"},
				"up": {"uv": [1.30859, 6.96875, 1.125, 6.5], "texture": "#0"},
				"down": {"uv": [0.68359, 6.625, 0.5, 7.09375], "texture": "#0"}
			}
		},
		{
			"from": [7.59056, 9.79457, 0.84735],
			"to": [7.93376, 9.96617, 7.27455],
			"rotation": {"angle": -45, "axis": "z", "origin": [7.59056, 9.79457, -3.70785]},
			"faces": {
				"north": {"uv": [0.375, 7.875, 0.5, 7.9375], "texture": "#0"},
				"east": {"uv": [4.5, 2.625, 7, 2.6875], "texture": "#0"},
				"south": {"uv": [7.875, 1, 8, 1.0625], "texture": "#0"},
				"west": {"uv": [4.5, 2.75, 7, 2.8125], "texture": "#0"},
				"up": {"uv": [0.875, 5.625, 0.75, 3.125], "texture": "#0"},
				"down": {"uv": [1, 3.125, 0.875, 5.625], "texture": "#0"}
			}
		},
		{
			"from": [8.0551, 10.25911, 0.84735],
			"to": [8.3983, 10.43071, 7.27455],
			"rotation": {"angle": -45, "axis": "z", "origin": [8.0551, 10.25911, -3.70785]},
			"faces": {
				"north": {"uv": [7.875, 1.125, 8, 1.1875], "texture": "#0"},
				"east": {"uv": [4.625, 1.375, 7.125, 1.4375], "texture": "#0"},
				"south": {"uv": [1.375, 7.875, 1.5, 7.9375], "texture": "#0"},
				"west": {"uv": [4.625, 1.5, 7.125, 1.5625], "texture": "#0"},
				"up": {"uv": [1.125, 5.625, 1, 3.125], "texture": "#0"},
				"down": {"uv": [1.25, 3.125, 1.125, 5.625], "texture": "#0"}
			}
		},
		{
			"from": [7.59056, 9.79457, 0.84735],
			"to": [7.76216, 10.13777, 7.27455],
			"rotation": {"angle": 0, "axis": "y", "origin": [7.59056, 10.48097, -3.70785]},
			"faces": {
				"north": {"uv": [1.5, 7.875, 1.5625, 8], "texture": "#0"},
				"east": {"uv": [3.25, 0, 5.75, 0.125], "texture": "#0"},
				"south": {"uv": [1.625, 7.875, 1.6875, 8], "texture": "#0"},
				"west": {"uv": [3.25, 0.125, 5.75, 0.25], "texture": "#0"},
				"up": {"uv": [4.4375, 7.25, 4.375, 4.75], "texture": "#0"},
				"down": {"uv": [4.8125, 4.375, 4.75, 6.875], "texture": "#0"}
			}
		},
		{
			"from": [7.83324, 10.20885, 0.84735],
			"to": [8.17644, 10.38045, 7.27455],
			"rotation": {"angle": 0, "axis": "y", "origin": [7.49004, 10.20885, -3.70785]},
			"faces": {
				"north": {"uv": [7.875, 2.25, 8, 2.3125], "texture": "#0"},
				"east": {"uv": [4.625, 1.625, 7.125, 1.6875], "texture": "#0"},
				"south": {"uv": [7.875, 2.375, 8, 2.4375], "texture": "#0"},
				"west": {"uv": [4.875, 4.375, 7.375, 4.4375], "texture": "#0"},
				"up": {"uv": [1.375, 5.625, 1.25, 3.125], "texture": "#0"},
				"down": {"uv": [1.5, 3.125, 1.375, 5.625], "texture": "#0"}
			}
		},
		{
			"from": [7.83324, 9.55189, 0.84735],
			"to": [8.17644, 9.72349, 7.27455],
			"rotation": {"angle": 0, "axis": "y", "origin": [7.49004, 9.89509, -3.70785]},
			"faces": {
				"north": {"uv": [2.5, 7.875, 2.625, 7.9375], "texture": "#0"},
				"east": {"uv": [4.875, 4.5, 7.375, 4.5625], "texture": "#0"},
				"south": {"uv": [7.875, 2.5, 8, 2.5625], "texture": "#0"},
				"west": {"uv": [4.875, 4.625, 7.375, 4.6875], "texture": "#0"},
				"up": {"uv": [2.625, 5.875, 2.5, 3.375], "texture": "#0"},
				"down": {"uv": [2.75, 3.375, 2.625, 5.875], "texture": "#0"}
			}
		},
		{
			"from": [7.56974, 9.67323, 0.84735],
			"to": [7.91294, 9.84483, 7.27455],
			"rotation": {"angle": 45, "axis": "z", "origin": [7.22654, 10.01643, -3.70785]},
			"faces": {
				"north": {"uv": [2.625, 7.875, 2.75, 7.9375], "texture": "#0"},
				"east": {"uv": [4.875, 4.75, 7.375, 4.8125], "texture": "#0"},
				"south": {"uv": [7.875, 2.625, 8, 2.6875], "texture": "#0"},
				"west": {"uv": [4.875, 4.875, 7.375, 4.9375], "texture": "#0"},
				"up": {"uv": [2.875, 5.875, 2.75, 3.375], "texture": "#0"},
				"down": {"uv": [3, 3.375, 2.875, 5.875], "texture": "#0"}
			}
		},
		{
			"from": [7.66164, 9.40973, 0.84735],
			"to": [7.83324, 9.75293, 7.27455],
			"rotation": {"angle": -45, "axis": "z", "origin": [8.17644, 9.06653, -3.70785]},
			"faces": {
				"north": {"uv": [7.875, 2.75, 7.9375, 2.875], "texture": "#0"},
				"east": {"uv": [3.25, 0.25, 5.75, 0.375], "texture": "#0"},
				"south": {"uv": [7.875, 2.875, 7.9375, 3], "texture": "#0"},
				"west": {"uv": [3.25, 0.375, 5.75, 0.5], "texture": "#0"},
				"up": {"uv": [4.5625, 7.25, 4.5, 4.75], "texture": "#0"},
				"down": {"uv": [4.9375, 5, 4.875, 7.5], "texture": "#0"}
			}
		},
		{
			"from": [8.24752, 9.79457, 0.84735],
			"to": [8.41912, 10.13777, 7.27455],
			"rotation": {"angle": 0, "axis": "y", "origin": [8.76232, 9.45137, -3.70785]},
			"faces": {
				"north": {"uv": [3, 7.875, 3.0625, 8], "texture": "#0"},
				"east": {"uv": [3.25, 0.5, 5.75, 0.625], "texture": "#0"},
				"south": {"uv": [7.875, 3, 7.9375, 3.125], "texture": "#0"},
				"west": {"uv": [3.375, 0.625, 5.875, 0.75], "texture": "#0"},
				"up": {"uv": [5.0625, 7.5, 5, 5], "texture": "#0"},
				"down": {"uv": [5.1875, 5, 5.125, 7.5], "texture": "#0"}
			}
		},
		{
			"from": [7.8888, 9.53166, 0.84735],
			"to": [8.09472, 9.61746, 7.27455],
			"rotation": {"angle": 0, "axis": "y", "origin": [9.53616, 7.47246, -0.27585]},
			"faces": {
				"north": {"uv": [2.625, 8, 2.69922, 8.03125], "texture": "#0"},
				"east": {"uv": [6.25, 0.625, 8.75, 0.65625], "texture": "#0"},
				"south": {"uv": [8, 2.75, 8.07422, 2.78125], "texture": "#0"},
				"west": {"uv": [6.625, 4.25, 9.125, 4.28125], "texture": "#0"},
				"up": {"uv": [3.82422, 6.875, 3.75, 4.375], "texture": "#0"},
				"down": {"uv": [4.32422, 4.375, 4.25, 6.875], "texture": "#0"}
			}
		},
		{
			"from": [5.99138, 10.11655, 0.84735],
			"to": [6.1973, 10.54555, 7.27455],
			"rotation": {"angle": -45, "axis": "z", "origin": [5.92274, 7.54255, -0.27585]},
			"faces": {
				"north": {"uv": [2.125, 7.75, 2.19922, 7.90625], "texture": "#0"},
				"east": {"uv": [2.625, 1.875, 5.125, 2.03125], "texture": "#0"},
				"south": {"uv": [2.25, 7.75, 2.32422, 7.90625], "texture": "#0"},
				"west": {"uv": [2, 2.625, 4.5, 2.78125], "texture": "#0"},
				"up": {"uv": [3.19922, 7.125, 3.125, 4.625], "texture": "#0"},
				"down": {"uv": [3.32422, 4.625, 3.25, 7.125], "texture": "#0"}
			}
		},
		{
			"from": [5.70052, 10.1689, 0.84735],
			"to": [5.90644, 10.2547, 7.27455],
			"rotation": {"angle": -45, "axis": "z", "origin": [5.63188, 7.2517, -0.27585]},
			"faces": {
				"north": {"uv": [2.875, 8, 2.94922, 8.03125], "texture": "#0"},
				"east": {"uv": [6.625, 5.375, 9.125, 5.40625], "texture": "#0"},
				"south": {"uv": [8, 2.875, 8.07422, 2.90625], "texture": "#0"},
				"west": {"uv": [6.625, 6.25, 9.125, 6.28125], "texture": "#0"},
				"up": {"uv": [3.44922, 7.125, 3.375, 4.625], "texture": "#0"},
				"down": {"uv": [4.69922, 3.75, 4.625, 6.25], "texture": "#0"}
			}
		},
		{
			"from": [7.74319, 9.26593, 0.84735],
			"to": [8.17219, 9.47185, 7.27455],
			"rotation": {"angle": 0, "axis": "y", "origin": [10.74619, 9.19729, -0.27585]},
			"faces": {
				"north": {"uv": [2.5, 7.75, 2.65625, 7.82422], "texture": "#0"},
				"east": {"uv": [3.375, 1.75, 5.875, 1.82422], "texture": "#0"},
				"south": {"uv": [3.125, 7.75, 3.28125, 7.82422], "texture": "#0"},
				"west": {"uv": [4.25, 0.75, 6.75, 0.82422], "texture": "#0"},
				"up": {"uv": [2.15625, 5.375, 2, 2.875], "texture": "#0"},
				"down": {"uv": [2.40625, 2.875, 2.25, 5.375], "texture": "#0"}
			}
		},
		{
			"from": [8.15452, 9.26593, 0.84735],
			"to": [8.24032, 9.47185, 7.27455],
			"rotation": {"angle": 0, "axis": "y", "origin": [5.23732, 9.54049, -0.27585]},
			"faces": {
				"north": {"uv": [3, 8, 3.03125, 8.07422], "texture": "#0"},
				"east": {"uv": [4.25, 0.875, 6.75, 0.94922], "texture": "#0"},
				"south": {"uv": [8, 3, 8.03125, 3.07422], "texture": "#0"},
				"west": {"uv": [4.25, 1, 6.75, 1.07422], "texture": "#0"},
				"up": {"uv": [2.78125, 8.75, 2.75, 6.25], "texture": "#0"},
				"down": {"uv": [4.65625, 6.25, 4.625, 8.75], "texture": "#0"}
			}
		},
		{
			"from": [9.88673, 9.87388, 0.84735],
			"to": [10.09265, 10.30288, 7.27455],
			"rotation": {"angle": 45, "axis": "z", "origin": [9.81809, 7.29988, -0.27585]},
			"faces": {
				"north": {"uv": [2.875, 7.75, 2.94922, 7.90625], "texture": "#0"},
				"east": {"uv": [2.625, 2.125, 5.125, 2.28125], "texture": "#0"},
				"south": {"uv": [7.75, 3.125, 7.82422, 3.28125], "texture": "#0"},
				"west": {"uv": [2.625, 2.375, 5.125, 2.53125], "texture": "#0"},
				"up": {"uv": [0.07422, 7.25, 0, 4.75], "texture": "#0"},
				"down": {"uv": [0.19922, 4.75, 0.125, 7.25], "texture": "#0"}
			}
		},
		{
			"from": [7.8888, 9.12033, 0.84735],
			"to": [8.09472, 9.54933, 7.27455],
			"rotation": {"angle": 0, "axis": "y", "origin": [7.82016, 6.20313, -0.27585]},
			"faces": {
				"north": {"uv": [3.375, 7.75, 3.44922, 7.90625], "texture": "#0"},
				"east": {"uv": [2.5, 2.875, 5, 3.03125], "texture": "#0"},
				"south": {"uv": [3.5, 7.75, 3.57422, 7.90625], "texture": "#0"},
				"west": {"uv": [2.5, 3.125, 5, 3.28125], "texture": "#0"},
				"up": {"uv": [0.32422, 7.25, 0.25, 4.75], "texture": "#0"},
				"down": {"uv": [0.44922, 4.75, 0.375, 7.25], "texture": "#0"}
			}
		},
		{
			"from": [9.08262, 11.16335, 0.84735],
			"to": [9.16842, 11.36927, 7.27455],
			"rotation": {"angle": -45, "axis": "z", "origin": [6.16542, 11.43791, -0.27585]},
			"faces": {
				"north": {"uv": [3.125, 8, 3.15625, 8.07422], "texture": "#0"},
				"east": {"uv": [4.25, 1.125, 6.75, 1.19922], "texture": "#0"},
				"south": {"uv": [8, 3.125, 8.03125, 3.19922], "texture": "#0"},
				"west": {"uv": [4.25, 1.25, 6.75, 1.32422], "texture": "#0"},
				"up": {"uv": [5.53125, 8.75, 5.5, 6.25], "texture": "#0"},
				"down": {"uv": [3.90625, 6.5, 3.875, 9], "texture": "#0"}
			}
		},
		{
			"from": [7.81364, 8.60565, 7.27798],
			"to": [8.15684, 9.24057, 8.13255],
			"rotation": {"angle": 0, "axis": "y", "origin": [7.24736, 6.66657, 0.58215]},
			"faces": {
				"north": {"uv": [5.75, 0.375, 5.875, 0.60547], "texture": "#0"},
				"east": {"uv": [6.75, 0.875, 7.0625, 1.10547], "texture": "#0"},
				"south": {"uv": [6.25, 4.125, 6.375, 4.35547], "texture": "#0"},
				"west": {"uv": [6.75, 1.125, 7.0625, 1.35547], "texture": "#0"},
				"up": {"uv": [2, 7.5625, 1.875, 7.25], "texture": "#0"},
				"down": {"uv": [2.125, 7.25, 2, 7.5625], "texture": "#0"}
			}
		},
		{
			"from": [7.77074, 8.17665, 7.27798],
			"to": [8.19974, 8.60565, 8.13255],
			"rotation": {"angle": 0, "axis": "y", "origin": [7.25594, 6.66657, 0.58215]},
			"faces": {
				"north": {"uv": [0.5, 7.5, 0.65625, 7.65625], "texture": "#0"},
				"east": {"uv": [1, 7, 1.3125, 7.15625], "texture": "#0"},
				"south": {"uv": [0.75, 7.5, 0.90625, 7.65625], "texture": "#0"},
				"west": {"uv": [1.375, 7, 1.6875, 7.15625], "texture": "#0"},
				"up": {"uv": [7.15625, 2.5625, 7, 2.25], "texture": "#0"},
				"down": {"uv": [7.15625, 3.75, 7, 4.0625], "texture": "#0"}
			}
		},
		{
			"from": [8.0551, 10.25911, 7.27455],
			"to": [8.3983, 10.43071, 8.13255],
			"rotation": {"angle": -45, "axis": "z", "origin": [8.0551, 10.25911, 2.81295]},
			"faces": {
				"north": {"uv": [3.125, 7.875, 3.25, 7.9375], "texture": "#0"},
				"east": {"uv": [7.625, 0.5, 7.9375, 0.5625], "texture": "#0"},
				"south": {"uv": [7.875, 3.125, 8, 3.1875], "texture": "#0"},
				"west": {"uv": [7.625, 0.75, 7.9375, 0.8125], "texture": "#0"},
				"up": {"uv": [2.25, 7.5625, 2.125, 7.25], "texture": "#0"},
				"down": {"uv": [2.375, 7.25, 2.25, 7.5625], "texture": "#0"}
			}
		},
		{
			"from": [7.59056, 9.79457, 7.27455],
			"to": [7.76216, 10.13777, 8.13255],
			"rotation": {"angle": 0, "axis": "y", "origin": [7.76216, 9.79457, 2.81295]},
			"faces": {
				"north": {"uv": [3.25, 7.875, 3.3125, 8], "texture": "#0"},
				"east": {"uv": [7.125, 5.625, 7.4375, 5.75], "texture": "#0"},
				"south": {"uv": [7.875, 3.25, 7.9375, 3.375], "texture": "#0"},
				"west": {"uv": [7.125, 6.625, 7.4375, 6.75], "texture": "#0"},
				"up": {"uv": [7.6875, 1.1875, 7.625, 0.875], "texture": "#0"},
				"down": {"uv": [1.0625, 7.625, 1, 7.9375], "texture": "#0"}
			}
		},
		{
			"from": [8.02566, 9.77375, 7.27455],
			"to": [8.19726, 10.11695, 8.13255],
			"rotation": {"angle": 45, "axis": "z", "origin": [8.19726, 9.43055, 2.81295]},
			"faces": {
				"north": {"uv": [7.875, 3.5, 7.9375, 3.625], "texture": "#0"},
				"east": {"uv": [7.25, 1.75, 7.5625, 1.875], "texture": "#0"},
				"south": {"uv": [3.625, 7.875, 3.6875, 8], "texture": "#0"},
				"west": {"uv": [7.25, 1.875, 7.5625, 2], "texture": "#0"},
				"up": {"uv": [1.1875, 7.9375, 1.125, 7.625], "texture": "#0"},
				"down": {"uv": [1.3125, 7.625, 1.25, 7.9375], "texture": "#0"}
			}
		},
		{
			"from": [8.27696, 9.30921, 7.27455],
			"to": [8.62016, 9.48081, 8.13255],
			"rotation": {"angle": 45, "axis": "z", "origin": [7.93376, 9.30921, 2.81295]},
			"faces": {
				"north": {"uv": [7.875, 3.875, 8, 3.9375], "texture": "#0"},
				"east": {"uv": [7.625, 1.25, 7.9375, 1.3125], "texture": "#0"},
				"south": {"uv": [7.875, 4, 8, 4.0625], "texture": "#0"},
				"west": {"uv": [7.625, 1.375, 7.9375, 1.4375], "texture": "#0"},
				"up": {"uv": [7.375, 2.5625, 7.25, 2.25], "texture": "#0"},
				"down": {"uv": [2.5, 7.25, 2.375, 7.5625], "texture": "#0"}
			}
		},
		{
			"from": [7.83324, 9.55189, 7.27455],
			"to": [8.17644, 9.72349, 8.13255],
			"rotation": {"angle": 0, "axis": "y", "origin": [7.49004, 9.89509, -4.05105]},
			"faces": {
				"north": {"uv": [7.875, 4.125, 8, 4.1875], "texture": "#0"},
				"east": {"uv": [7.625, 1.5, 7.9375, 1.5625], "texture": "#0"},
				"south": {"uv": [4.375, 7.875, 4.5, 7.9375], "texture": "#0"},
				"west": {"uv": [7.625, 1.625, 7.9375, 1.6875], "texture": "#0"},
				"up": {"uv": [3.25, 7.5625, 3.125, 7.25], "texture": "#0"},
				"down": {"uv": [3.375, 7.25, 3.25, 7.5625], "texture": "#0"}
			}
		},
		{
			"from": [8.24752, 9.79457, 7.27455],
			"to": [8.41912, 10.13777, 8.13255],
			"rotation": {"angle": 0, "axis": "y", "origin": [8.07592, 9.45137, 2.81295]},
			"faces": {
				"north": {"uv": [7.875, 4.375, 7.9375, 4.5], "texture": "#0"},
				"east": {"uv": [3.375, 7.25, 3.6875, 7.375], "texture": "#0"},
				"south": {"uv": [4.5, 7.875, 4.5625, 8], "texture": "#0"},
				"west": {"uv": [7.25, 3.75, 7.5625, 3.875], "texture": "#0"},
				"up": {"uv": [1.8125, 7.9375, 1.75, 7.625], "texture": "#0"},
				"down": {"uv": [1.9375, 7.625, 1.875, 7.9375], "texture": "#0"}
			}
		},
		{
			"from": [7.83324, 10.20885, 7.27455],
			"to": [8.17644, 10.38045, 8.13255],
			"rotation": {"angle": 0, "axis": "y", "origin": [7.8504, 10.12305, -3.70785]},
			"faces": {
				"north": {"uv": [7.875, 4.5, 8, 4.5625], "texture": "#0"},
				"east": {"uv": [7.625, 1.75, 7.9375, 1.8125], "texture": "#0"},
				"south": {"uv": [7.875, 4.75, 8, 4.8125], "texture": "#0"},
				"west": {"uv": [7.625, 1.875, 7.9375, 1.9375], "texture": "#0"},
				"up": {"uv": [3.875, 7.5625, 3.75, 7.25], "texture": "#0"},
				"down": {"uv": [4.125, 7.25, 4, 7.5625], "texture": "#0"}
			}
		},
		{
			"from": [8.0551, 9.87427, 7.27455],
			"to": [8.3983, 10.04587, 8.13255],
			"rotation": {"angle": 45, "axis": "z", "origin": [7.7119, 9.53107, 2.81295]},
			"faces": {
				"north": {"uv": [4.875, 7.875, 5, 7.9375], "texture": "#0"},
				"east": {"uv": [2, 7.625, 2.3125, 7.6875], "texture": "#0"},
				"south": {"uv": [7.875, 4.875, 8, 4.9375], "texture": "#0"},
				"west": {"uv": [7.625, 2.125, 7.9375, 2.1875], "texture": "#0"},
				"up": {"uv": [4.25, 7.5625, 4.125, 7.25], "texture": "#0"},
				"down": {"uv": [4.375, 7.25, 4.25, 7.5625], "texture": "#0"}
			}
		},
		{
			"from": [7.8888, 9.61746, 7.27455],
			"to": [8.09472, 9.70326, 8.13255],
			"rotation": {"angle": 0, "axis": "y", "origin": [7.82016, 6.70026, 6.24495]},
			"faces": {
				"north": {"uv": [3.25, 8, 3.32422, 8.03125], "texture": "#0"},
				"east": {"uv": [6.5, 7.75, 6.8125, 7.78125], "texture": "#0"},
				"south": {"uv": [8, 3.25, 8.07422, 3.28125], "texture": "#0"},
				"west": {"uv": [7.75, 6.625, 8.0625, 6.65625], "texture": "#0"},
				"up": {"uv": [1.44922, 7.8125, 1.375, 7.5], "texture": "#0"},
				"down": {"uv": [1.57422, 7.5, 1.5, 7.8125], "texture": "#0"}
			}
		},
		{
			"from": [5.99138, 10.11655, 7.27455],
			"to": [6.1973, 10.54555, 8.13255],
			"rotation": {"angle": -45, "axis": "z", "origin": [5.92274, 7.54255, 6.24495]},
			"faces": {
				"north": {"uv": [3.75, 7.75, 3.82422, 7.90625], "texture": "#0"},
				"east": {"uv": [7, 2.625, 7.3125, 2.78125], "texture": "#0"},
				"south": {"uv": [7.75, 3.875, 7.82422, 4.03125], "texture": "#0"},
				"west": {"uv": [7, 5.875, 7.3125, 6.03125], "texture": "#0"},
				"up": {"uv": [1.69922, 7.8125, 1.625, 7.5], "texture": "#0"},
				"down": {"uv": [7.57422, 2.375, 7.5, 2.6875], "texture": "#0"}
			}
		},
		{
			"from": [10.17759, 9.92622, 7.27455],
			"to": [10.38351, 10.01202, 8.13255],
			"rotation": {"angle": 45, "axis": "z", "origin": [10.10895, 7.00902, 6.24495]},
			"faces": {
				"north": {"uv": [3.375, 8, 3.44922, 8.03125], "texture": "#0"},
				"east": {"uv": [7.75, 7, 8.0625, 7.03125], "texture": "#0"},
				"south": {"uv": [8, 3.375, 8.07422, 3.40625], "texture": "#0"},
				"west": {"uv": [7.75, 7.125, 8.0625, 7.15625], "texture": "#0"},
				"up": {"uv": [7.57422, 3.4375, 7.5, 3.125], "texture": "#0"},
				"down": {"uv": [4.44922, 7.5, 4.375, 7.8125], "texture": "#0"}
			}
		},
		{
			"from": [7.8888, 9.12033, 7.27455],
			"to": [8.09472, 9.54933, 8.13255],
			"rotation": {"angle": 0, "axis": "y", "origin": [7.82016, 6.54633, 6.24495]},
			"faces": {
				"north": {"uv": [4, 7.75, 4.07422, 7.90625], "texture": "#0"},
				"east": {"uv": [6.125, 7, 6.4375, 7.15625], "texture": "#0"},
				"south": {"uv": [4.125, 7.75, 4.19922, 7.90625], "texture": "#0"},
				"west": {"uv": [7, 6.75, 7.3125, 6.90625], "texture": "#0"},
				"up": {"uv": [4.57422, 7.8125, 4.5, 7.5], "texture": "#0"},
				"down": {"uv": [4.94922, 7.5, 4.875, 7.8125], "texture": "#0"}
			}
		},
		{
			"from": [7.74319, 9.26593, 7.27455],
			"to": [7.82899, 9.47185, 8.13255],
			"rotation": {"angle": 0, "axis": "y", "origin": [10.74619, 9.19729, 7.10295]},
			"faces": {
				"north": {"uv": [3.5, 8, 3.53125, 8.07422], "texture": "#0"},
				"east": {"uv": [7.5, 3.5, 7.8125, 3.57422], "texture": "#0"},
				"south": {"uv": [8, 3.5, 8.03125, 3.57422], "texture": "#0"},
				"west": {"uv": [7.5, 4.125, 7.8125, 4.19922], "texture": "#0"},
				"up": {"uv": [6.90625, 8.0625, 6.875, 7.75], "texture": "#0"},
				"down": {"uv": [7.28125, 7.75, 7.25, 8.0625], "texture": "#0"}
			}
		},
		{
			"from": [9.88673, 9.87388, 7.27455],
			"to": [10.09265, 10.30288, 8.13255],
			"rotation": {"angle": 45, "axis": "z", "origin": [9.81809, 7.29988, 5.38695]},
			"faces": {
				"north": {"uv": [4.25, 7.75, 4.32422, 7.90625], "texture": "#0"},
				"east": {"uv": [7, 7, 7.3125, 7.15625], "texture": "#0"},
				"south": {"uv": [7.75, 4.375, 7.82422, 4.53125], "texture": "#0"},
				"west": {"uv": [7.125, 0.875, 7.4375, 1.03125], "texture": "#0"},
				"up": {"uv": [5.07422, 7.8125, 5, 7.5], "texture": "#0"},
				"down": {"uv": [5.19922, 7.5, 5.125, 7.8125], "texture": "#0"}
			}
		},
		{
			"from": [7.81132, 9.26593, 7.27455],
			"to": [8.24032, 9.47185, 8.13255],
			"rotation": {"angle": 0, "axis": "y", "origin": [11.15752, 9.19729, 6.24495]},
			"faces": {
				"north": {"uv": [7.75, 3.375, 7.90625, 3.44922], "texture": "#0"},
				"east": {"uv": [7.5, 5.25, 7.8125, 5.32422], "texture": "#0"},
				"south": {"uv": [7.75, 4.625, 7.90625, 4.69922], "texture": "#0"},
				"west": {"uv": [7.5, 5.5, 7.8125, 5.57422], "texture": "#0"},
				"up": {"uv": [0.65625, 7.4375, 0.5, 7.125], "texture": "#0"},
				"down": {"uv": [7.28125, 1.125, 7.125, 1.4375], "texture": "#0"}
			}
		},
		{
			"from": [5.70052, 10.1689, 7.27455],
			"to": [5.90644, 10.2547, 8.13255],
			"rotation": {"angle": -45, "axis": "z", "origin": [5.63188, 7.2517, 6.24495]},
			"faces": {
				"north": {"uv": [3.625, 8, 3.69922, 8.03125], "texture": "#0"},
				"east": {"uv": [7.375, 7.75, 7.6875, 7.78125], "texture": "#0"},
				"south": {"uv": [8, 3.625, 8.07422, 3.65625], "texture": "#0"},
				"west": {"uv": [7.75, 7.625, 8.0625, 7.65625], "texture": "#0"},
				"up": {"uv": [7.57422, 6.1875, 7.5, 5.875], "texture": "#0"},
				"down": {"uv": [6.32422, 7.5, 6.25, 7.8125], "texture": "#0"}
			}
		},
		{
			"from": [7.58198, 9.79827, 4.09995],
			"to": [7.75358, 10.14147, 5.30115],
			"rotation": {"angle": 0, "axis": "y", "origin": [7.58198, 9.79827, 5.64435]},
			"faces": {
				"north": {"uv": [5, 7.875, 5.0625, 8], "texture": "#0"},
				"east": {"uv": [6.875, 2.125, 7.3125, 2.25], "texture": "#0"},
				"south": {"uv": [5.125, 7.875, 5.1875, 8], "texture": "#0"},
				"west": {"uv": [6.875, 3.625, 7.3125, 3.75], "texture": "#0"},
				"up": {"uv": [3.0625, 7.8125, 3, 7.375], "texture": "#0"},
				"down": {"uv": [3.6875, 7.375, 3.625, 7.8125], "texture": "#0"}
			}
		},
		{
			"from": [7.58198, 9.79827, 5.30115],
			"to": [7.75358, 10.14147, 5.81595],
			"rotation": {"angle": 0, "axis": "y", "origin": [7.58198, 9.79827, 5.64435]},
			"faces": {
				"north": {"uv": [5, 7.875, 5.0625, 8], "texture": "#0"},
				"east": {"uv": [6.875, 2.125, 7.3125, 2.25], "texture": "#0"},
				"south": {"uv": [5.125, 7.875, 5.1875, 8], "texture": "#0"},
				"west": {"uv": [8.13672, 3.64844, 8.32422, 3.76563], "texture": "#0"},
				"up": {"uv": [3.0625, 7.8125, 3, 7.375], "texture": "#0"},
				"down": {"uv": [3.6875, 7.375, 3.625, 7.8125], "texture": "#0"}
			}
		},
		{
			"from": [7.71926, 9.42055, 11.0244],
			"to": [8.26838, 10.23565, 11.3676],
			"rotation": {"angle": -22.5, "axis": "x", "origin": [7.71926, 9.69511, 11.0244]},
			"faces": {
				"north": {"uv": [11.5, 0.5, 12, 1], "texture": "#0"},
				"east": {"uv": [11.5, 0.5, 12, 1], "texture": "#0"},
				"south": {"uv": [11.5, 0.5, 12, 1], "texture": "#0"},
				"west": {"uv": [11.5, 0.5, 12, 1], "texture": "#0"},
				"up": {"uv": [11.5, 0.5, 12, 1], "texture": "#0"},
				"down": {"uv": [11.5, 0.5, 12, 1], "texture": "#0"}
			}
		},
		{
			"from": [7.71926, 9.16949, 11.34147],
			"to": [8.26838, 9.77009, 11.68467],
			"rotation": {"angle": -45, "axis": "x", "origin": [7.71926, 9.34109, 11.34147]},
			"faces": {
				"north": {"uv": [11.5, 0.5, 12, 1], "texture": "#0"},
				"east": {"uv": [11.5, 0.5, 12, 1], "texture": "#0"},
				"south": {"uv": [11.5, 0.5, 12, 1], "texture": "#0"},
				"west": {"uv": [11.5, 0.5, 12, 1], "texture": "#0"},
				"up": {"uv": [11.5, 0.5, 12, 1], "texture": "#0"},
				"down": {"uv": [11.5, 0.5, 12, 1], "texture": "#0"}
			}
		},
		{
			"from": [7.71926, 9.07469, 11.48736],
			"to": [8.26838, 9.41789, 11.91636],
			"rotation": {"angle": 22.5, "axis": "x", "origin": [7.71926, 9.07469, 11.83056]},
			"faces": {
				"north": {"uv": [11.5, 0.5, 12, 1], "texture": "#0"},
				"east": {"uv": [11.5, 0.5, 12, 1], "texture": "#0"},
				"south": {"uv": [11.5, 0.5, 12, 1], "texture": "#0"},
				"west": {"uv": [11.5, 0.5, 12, 1], "texture": "#0"},
				"up": {"uv": [11.5, 0.5, 12, 1], "texture": "#0"},
				"down": {"uv": [11.5, 0.5, 12, 1], "texture": "#0"}
			}
		},
		{
			"from": [7.55967, 9.34152, 10.62075],
			"to": [7.75873, 9.51312, 11.13555],
			"rotation": {"angle": 0, "axis": "y", "origin": [7.76216, 9.25572, 5.75988]},
			"faces": {
				"north": {"uv": [8, 0.375, 8.07422, 0.4375], "texture": "#0"},
				"east": {"uv": [7.625, 7.5, 7.8125, 7.5625], "texture": "#0"},
				"south": {"uv": [8, 0.5, 8.07422, 0.5625], "texture": "#0"},
				"west": {"uv": [7.75, 0, 7.9375, 0.0625], "texture": "#0"},
				"up": {"uv": [6.19922, 7.8125, 6.125, 7.625], "texture": "#0"},
				"down": {"uv": [7.07422, 7.625, 7, 7.8125], "texture": "#0"}
			}
		},
		{
			"from": [7.53294, 9.31165, 10.96395],
			"to": [7.73886, 9.54331, 11.17845],
			"rotation": {"angle": 0, "axis": "y", "origin": [7.56726, 9.45751, 6.84555]},
			"faces": {
				"north": {"uv": [7, 7.875, 7.07422, 7.96094], "texture": "#0"},
				"east": {"uv": [7.875, 6.375, 7.95313, 6.46094], "texture": "#0"},
				"south": {"uv": [7.125, 7.875, 7.19922, 7.96094], "texture": "#0"},
				"west": {"uv": [6.5, 7.875, 6.57813, 7.96094], "texture": "#0"},
				"up": {"uv": [8.07422, 0.07813, 8, 0], "texture": "#0"},
				"down": {"uv": [0.19922, 8, 0.125, 8.07813], "texture": "#0"}
			}
		},
		{
			"from": [7.50133, 9.16706, 10.62075],
			"to": [8.05731, 9.68186, 10.79235],
			"rotation": {"angle": 0, "axis": "y", "origin": [28.30268, 9.58133, -0.24842]},
			"faces": {
				"north": {"uv": [4.375, 7.25, 4.57813, 7.4375], "texture": "#0"},
				"east": {"uv": [7.75, 0.875, 7.8125, 1.0625], "texture": "#0"},
				"south": {"uv": [6.25, 7.25, 6.45313, 7.4375], "texture": "#0"},
				"west": {"uv": [2, 7.75, 2.0625, 7.9375], "texture": "#0"},
				"up": {"uv": [7.45313, 7.6875, 7.25, 7.625], "texture": "#0"},
				"down": {"uv": [7.82813, 7.25, 7.625, 7.3125], "texture": "#0"}
			}
		},
		{
			"from": [7.38708, 8.89123, 10.53495],
			"to": [8.6226, 9.92941, 10.62075],
			"rotation": {"angle": 0, "axis": "y", "origin": [8.07348, 9.44035, 6.41655]},
			"faces": {
				"north": {"uv": [4.75, 3.375, 5.19922, 3.75391], "texture": "#0"},
				"east": {"uv": [0.75, 7.75, 0.78125, 8.12891], "texture": "#0"},
				"south": {"uv": [4.75, 3.875, 5.19922, 4.25391], "texture": "#0"},
				"west": {"uv": [0.875, 7.75, 0.90625, 8.12891], "texture": "#0"},
				"up": {"uv": [8.07422, 6.15625, 7.625, 6.125], "texture": "#0"},
				"down": {"uv": [6.94922, 7.625, 6.5, 7.65625], "texture": "#0"}
			}
		},
		{
			"from": [7.73127, 8.17909, 11.65035],
			"to": [8.27353, 9.37171, 12.33675],
			"rotation": {"angle": 0, "axis": "y", "origin": [7.93376, 8.09329, 0.58215]},
			"faces": {
				"north": {"uv": [5.25, 6.25, 5.44922, 6.68359], "texture": "#0"},
				"east": {"uv": [5.5, 3.5, 5.75, 3.93359], "texture": "#0"},
				"south": {"uv": [6.375, 3.875, 6.57422, 4.30859], "texture": "#0"},
				"west": {"uv": [5.5, 5, 5.75, 5.43359], "texture": "#0"},
				"up": {"uv": [1.44922, 2.5, 1.25, 2.25], "texture": "#0"},
				"down": {"uv": [0.94922, 7, 0.75, 7.25], "texture": "#0"}
			}
		},
		{
			"from": [7.71926, 8.17909, 11.13555],
			"to": [8.26838, 9.50899, 11.65035],
			"rotation": {"angle": 0, "axis": "y", "origin": [7.71926, 10.23829, 11.39295]},
			"faces": {
				"north": {"uv": [1.5, 6.125, 1.69922, 6.60938], "texture": "#0"},
				"east": {"uv": [6.125, 6.125, 6.3125, 6.60938], "texture": "#0"},
				"south": {"uv": [1.75, 6.125, 1.94922, 6.60938], "texture": "#0"},
				"west": {"uv": [5.5, 10.25, 5.6875, 10.73438], "texture": "#0"},
				"up": {"uv": [7.19922, 7.4375, 7, 7.25], "texture": "#0"},
				"down": {"uv": [7.44922, 7.25, 7.25, 7.4375], "texture": "#0"}
			}
		},
		{
			"from": [7.71068, 7.83345, 10.51779],
			"to": [8.27696, 10.32409, 11.13555],
			"rotation": {"angle": 0, "axis": "y", "origin": [7.92518, 10.28119, 6.58815]},
			"faces": {
				"north": {"uv": [0.5, 4.75, 0.69922, 5.65625], "texture": "#0"},
				"east": {"uv": [1.5, 4.375, 1.72656, 5.28125], "texture": "#0"},
				"south": {"uv": [1.75, 4.75, 1.94922, 5.65625], "texture": "#0"},
				"west": {"uv": [3.5, 4.375, 3.72656, 5.28125], "texture": "#0"},
				"up": {"uv": [0.19922, 7.47656, 0, 7.25], "texture": "#0"},
				"down": {"uv": [0.44922, 7.25, 0.25, 7.47656], "texture": "#0"}
			}
		},
		{
			"from": [7.77074, 8.17665, 8.13255],
			"to": [8.19974, 8.43405, 10.53495],
			"rotation": {"angle": 0, "axis": "y", "origin": [8.11394, 9.37785, 4.18575]},
			"faces": {
				"north": {"uv": [5.625, 7.625, 5.78125, 7.71875], "texture": "#0"},
				"east": {"uv": [6.125, 5.25, 7, 5.34375], "texture": "#0"},
				"south": {"uv": [5.875, 7.625, 6.03125, 7.71875], "texture": "#0"},
				"west": {"uv": [6.25, 0.5, 7.125, 0.59375], "texture": "#0"},
				"up": {"uv": [5.40625, 4.125, 5.25, 3.25], "texture": "#0"},
				"down": {"uv": [5.40625, 5, 5.25, 5.875], "texture": "#0"}
			}
		},
		{
			"from": [7.71926, 10.32409, 8.13255],
			"to": [8.26838, 10.62439, 11.12697],
			"rotation": {"angle": 0, "axis": "y", "origin": [8.0649, 9.46609, 4.01415]},
			"faces": {
				"north": {"uv": [7.5, 5.625, 7.69922, 5.73438], "texture": "#0"},
				"east": {"uv": [5.25, 4.125, 6.25, 4.23438], "texture": "#0"},
				"south": {"uv": [7.5, 6.625, 7.69922, 6.73438], "texture": "#0"},
				"west": {"uv": [5.25, 4.25, 6.25, 4.35938], "texture": "#0"},
				"up": {"uv": [4.57422, 4.75, 4.375, 3.75], "texture": "#0"},
				"down": {"uv": [4.19922, 4.375, 4, 5.375], "texture": "#0"}
			}
		},
		{
			"from": [7.71926, 10.28119, 7.27455],
			"to": [8.26838, 10.62439, 8.13255],
			"rotation": {"angle": 0, "axis": "y", "origin": [8.0649, 9.46609, 3.15615]},
			"faces": {
				"north": {"uv": [7.5, 0.125, 7.69922, 0.25], "texture": "#0"},
				"east": {"uv": [7.25, 3.875, 7.5625, 4], "texture": "#0"},
				"south": {"uv": [0.25, 7.5, 0.44922, 7.625], "texture": "#0"},
				"west": {"uv": [7.25, 4, 7.5625, 4.125], "texture": "#0"},
				"up": {"uv": [2.19922, 7.1875, 2, 6.875], "texture": "#0"},
				"down": {"uv": [2.44922, 6.875, 2.25, 7.1875], "texture": "#0"}
			}
		},
		{
			"from": [7.71068, 8.85447, 10.80093],
			"to": [8.27696, 9.19767, 11.14413],
			"rotation": {"angle": 0, "axis": "y", "origin": [7.71068, 8.85447, 10.80093]},
			"faces": {
				"north": {"uv": [5, 3.25, 5.20703, 3.375], "texture": "#0"},
				"east": {"uv": [1.375, 6.5, 1.5, 6.625], "texture": "#0"},
				"south": {"uv": [6.125, 3.875, 6.33203, 4], "texture": "#0"},
				"west": {"uv": [0.375, 7.5, 0.5, 7.625], "texture": "#0"},
				"up": {"uv": [6.45703, 0.5, 6.25, 0.375], "texture": "#0"},
				"down": {"uv": [7.58203, 0.75, 7.375, 0.875], "texture": "#0"}
			}
		},
		{
			"from": [7.73642, 10.32409, 10.87815],
			"to": [8.25122, 10.64155, 11.13555],
			"rotation": {"angle": 0, "axis": "y", "origin": [8.06246, 9.46609, 6.75975]},
			"faces": {
				"north": {"uv": [7, 7.5, 7.19922, 7.60938], "texture": "#2"},
				"east": {"uv": [5.25, 7.75, 5.34375, 7.85938], "texture": "#2"},
				"south": {"uv": [7.25, 7.5, 7.44922, 7.60938], "texture": "#2"},
				"west": {"uv": [5.625, 7.75, 5.71875, 7.85938], "texture": "#2"},
				"up": {"uv": [7.82422, 2.59375, 7.625, 2.5], "texture": "#2"},
				"down": {"uv": [7.82422, 2.625, 7.625, 2.71875], "texture": "#2"}
			}
		},
		{
			"from": [7.77074, 10.59007, 10.27755],
			"to": [8.2169, 10.74451, 10.87815],
			"rotation": {"angle": 0, "axis": "y", "origin": [7.71926, 9.29449, 6.33075]},
			"faces": {
				"north": {"uv": [8, 2.5, 8.16406, 2.51953], "texture": "#2"},
				"east": {"uv": [8, 0.75, 8.21875, 0.76953], "texture": "#2"},
				"south": {"uv": [8, 2.625, 8.16406, 2.64453], "texture": "#2"},
				"west": {"uv": [1, 8, 1.21875, 8.01953], "texture": "#2"},
				"up": {"uv": [7.53906, 1.34375, 7.375, 1.125], "texture": "#2"},
				"down": {"uv": [7.53906, 2.125, 7.375, 2.34375], "texture": "#2"}
			}
		},
		{
			"from": [8.1507, 10.59007, 10.87815],
			"to": [8.25122, 10.86463, 11.13555],
			"rotation": {"angle": 0, "axis": "y", "origin": [8.0649, 9.46609, 6.75975]},
			"faces": {
				"north": {"uv": [8, 4, 8.03516, 4.0625], "texture": "#2"},
				"east": {"uv": [7.875, 7.25, 7.96875, 7.3125], "texture": "#2"},
				"south": {"uv": [4.125, 8, 4.16016, 8.0625], "texture": "#2"},
				"west": {"uv": [7.375, 7.875, 7.46875, 7.9375], "texture": "#2"},
				"up": {"uv": [8.03516, 2.34375, 8, 2.25], "texture": "#2"},
				"down": {"uv": [2.41016, 8, 2.375, 8.09375], "texture": "#2"}
			}
		},
		{
			"from": [7.73642, 10.59007, 10.87815],
			"to": [7.83694, 10.86463, 11.13555],
			"rotation": {"angle": 0, "axis": "y", "origin": [7.63346, 9.46609, 6.75975]},
			"faces": {
				"north": {"uv": [8, 4.125, 8.03516, 4.1875], "texture": "#2"},
				"east": {"uv": [7.875, 7.375, 7.96875, 7.4375], "texture": "#2"},
				"south": {"uv": [4.25, 8, 4.28516, 8.0625], "texture": "#2"},
				"west": {"uv": [7.5, 7.875, 7.59375, 7.9375], "texture": "#2"},
				"up": {"uv": [8.03516, 2.46875, 8, 2.375], "texture": "#2"},
				"down": {"uv": [2.53516, 8, 2.5, 8.09375], "texture": "#2"}
			}
		},
		{
			"from": [7.8308, 10.59007, 10.96395],
			"to": [8.1544, 10.75309, 11.04975],
			"rotation": {"angle": 0, "axis": "y", "origin": [7.63346, 9.46609, 6.84555]},
			"faces": {
				"north": {"uv": [8, 1, 8.11719, 1.03516], "texture": "#2"},
				"east": {"uv": [4.5, 8, 4.53125, 8.03516], "texture": "#2"},
				"south": {"uv": [8, 1.125, 8.11719, 1.16016], "texture": "#2"},
				"west": {"uv": [8, 4.5, 8.03125, 4.53516], "texture": "#2"},
				"up": {"uv": [8.11719, 2.15625, 8, 2.125], "texture": "#2"},
				"down": {"uv": [2.36719, 8, 2.25, 8.03125], "texture": "#2"}
			}
		},
		{
			"from": [7.8308, 10.68445, 10.96395],
			"to": [7.92518, 10.84747, 11.04975],
			"rotation": {"angle": 0, "axis": "y", "origin": [7.5734, 10.71877, 10.96395]},
			"faces": {
				"north": {"uv": [13.5, 0.5, 14, 1], "texture": "#2"},
				"east": {"uv": [13.5, 0.5, 14, 1], "texture": "#2"},
				"south": {"uv": [13.5, 0.5, 14, 1], "texture": "#2"},
				"west": {"uv": [13.5, 0.5, 14, 1], "texture": "#2"},
				"up": {"uv": [14.0625, 2.125, 14.5625, 2.625], "texture": "#2"},
				"down": {"uv": [13.5, 0.5, 14, 1], "texture": "#2"}
			}
		},
		{
			"from": [8.06002, 10.68445, 10.96395],
			"to": [8.1544, 10.84747, 11.04975],
			"rotation": {"angle": 0, "axis": "y", "origin": [7.80262, 10.71877, 10.96395]},
			"faces": {
				"north": {"uv": [13.5, 0.5, 14, 1], "texture": "#2"},
				"east": {"uv": [13.5, 0.5, 14, 1], "texture": "#2"},
				"south": {"uv": [13.5, 0.5, 14, 1], "texture": "#2"},
				"west": {"uv": [13.5, 0.5, 14, 1], "texture": "#2"},
				"up": {"uv": [14.0625, 2.125, 14.5625, 2.625], "texture": "#2"},
				"down": {"uv": [13.5, 0.5, 14, 1], "texture": "#2"}
			}
		},
		{
			"from": [8.08576, 10.78741, 10.97253],
			"to": [8.1115, 10.81315, 11.05833],
			"rotation": {"angle": 0, "axis": "y", "origin": [7.80262, 10.71877, 10.96395]},
			"faces": {
				"north": {"uv": [13.5, 0.5, 14, 1], "texture": "#4"},
				"east": {"uv": [13.5, 0.5, 14, 1], "texture": "#4"},
				"south": {"uv": [13.5, 0.5, 14, 1], "texture": "#4"},
				"west": {"uv": [13.5, 0.5, 14, 1], "texture": "#4"},
				"up": {"uv": [14.0625, 2.125, 14.5625, 2.625], "texture": "#4"},
				"down": {"uv": [13.5, 0.5, 14, 1], "texture": "#4"}
			}
		},
		{
			"from": [7.87126, 10.78741, 10.97253],
			"to": [7.897, 10.81315, 11.05833],
			"rotation": {"angle": 0, "axis": "y", "origin": [7.80262, 10.71877, 10.96395]},
			"faces": {
				"north": {"uv": [13.5, 0.5, 14, 1], "texture": "#4"},
				"east": {"uv": [13.5, 0.5, 14, 1], "texture": "#4"},
				"south": {"uv": [13.5, 0.5, 14, 1], "texture": "#4"},
				"west": {"uv": [13.5, 0.5, 14, 1], "texture": "#4"},
				"up": {"uv": [14.0625, 2.125, 14.5625, 2.625], "texture": "#4"},
				"down": {"uv": [13.5, 0.5, 14, 1], "texture": "#4"}
			}
		},
		{
			"from": [7.90802, 10.68201, 0.84735],
			"to": [8.07962, 10.85361, 0.89103],
			"rotation": {"angle": 0, "axis": "y", "origin": [5.4051, 11.95429, -8.03217]},
			"faces": {
				"north": {"uv": [1.5, 8, 1.5625, 8.0625], "texture": "#2"},
				"east": {"uv": [5.25, 7.875, 5.375, 7.9375], "texture": "#2"},
				"south": {"uv": [8, 1.5, 8.0625, 1.5625], "texture": "#2"},
				"west": {"uv": [8.875, 5.25, 9, 5.3125], "texture": "#2"},
				"up": {"uv": [5.4375, 8, 5.375, 7.875], "texture": "#2"},
				"down": {"uv": [7.9375, 5.5, 7.875, 5.625], "texture": "#2"}
			}
		},
		{
			"from": [7.90802, 13.88165, 1.96536],
			"to": [8.07962, 14.05325, 2.41152],
			"rotation": {"angle": 22.5, "axis": "x", "origin": [5.4051, 15.15393, -6.61464]},
			"faces": {
				"north": {"uv": [13.5, 0.5, 14, 1], "texture": "#2"},
				"east": {"uv": [13.5, 0.5, 14, 1], "texture": "#2"},
				"south": {"uv": [13.5, 0.5, 14, 1], "texture": "#2"},
				"west": {"uv": [13.5, 0.5, 14, 1], "texture": "#2"},
				"up": {"uv": [14.0625, 2.125, 14.5625, 2.625], "texture": "#2"},
				"down": {"uv": [13.5, 0.5, 14, 1], "texture": "#2"}
			}
		},
		{
			"from": [7.94234, 13.88165, 1.99968],
			"to": [8.0453, 14.06183, 2.19702],
			"rotation": {"angle": 22.5, "axis": "x", "origin": [5.4051, 15.15393, -6.61464]},
			"faces": {
				"north": {"uv": [13.5, 0.5, 14, 1], "texture": "#5"},
				"east": {"uv": [13.5, 0.5, 14, 1], "texture": "#5"},
				"south": {"uv": [13.5, 0.5, 14, 1], "texture": "#5"},
				"west": {"uv": [13.5, 0.5, 14, 1], "texture": "#5"},
				"up": {"uv": [14.0625, 2.125, 14.5625, 2.625], "texture": "#5"},
				"down": {"uv": [13.5, 0.5, 14, 1], "texture": "#5"}
			}
		},
		{
			"from": [7.82466, 7.59563, 10.70655],
			"to": [8.16786, 8.53943, 10.87815],
			"rotation": {"angle": -22.5, "axis": "x", "origin": [8.05632, 10.49569, 6.58815]},
			"faces": {
				"north": {"uv": [3.75, 6.875, 3.875, 7.21875], "texture": "#0"},
				"east": {"uv": [6.375, 7.5, 6.4375, 7.84375], "texture": "#0"},
				"south": {"uv": [4.25, 6.875, 4.375, 7.21875], "texture": "#0"},
				"west": {"uv": [7.5, 7.25, 7.5625, 7.59375], "texture": "#0"},
				"up": {"uv": [5.75, 7.9375, 5.625, 7.875], "texture": "#0"},
				"down": {"uv": [5.875, 7.875, 5.75, 7.9375], "texture": "#0"}
			}
		},
		{
			"from": [7.82466, 14.03466, 12.31775],
			"to": [8.16786, 14.15478, 13.21007],
			"rotation": {"angle": 22.5, "axis": "x", "origin": [7.82466, 14.232, 0.70199]},
			"faces": {
				"north": {"uv": [0.25, 8, 0.375, 8.04297], "texture": "#0"},
				"east": {"uv": [7.625, 6.75, 7.94922, 6.79297], "texture": "#0"},
				"south": {"uv": [0.375, 8, 0.5, 8.04297], "texture": "#0"},
				"west": {"uv": [7.625, 6.875, 7.94922, 6.91797], "texture": "#0"},
				"up": {"uv": [4.875, 7.19922, 4.75, 6.875], "texture": "#0"},
				"down": {"uv": [1.875, 7.25, 1.75, 7.57422], "texture": "#0"}
			}
		},
		{
			"from": [7.82466, 10.22509, 11.77095],
			"to": [8.16786, 10.31089, 12.11415],
			"rotation": {"angle": 0, "axis": "y", "origin": [8.05632, 12.62749, 7.65255]},
			"faces": {
				"north": {"uv": [1.75, 8, 1.875, 8.03125], "texture": "#0"},
				"east": {"uv": [8, 1.75, 8.125, 1.78125], "texture": "#0"},
				"south": {"uv": [1.875, 8, 2, 8.03125], "texture": "#0"},
				"west": {"uv": [8, 1.875, 8.125, 1.90625], "texture": "#0"},
				"up": {"uv": [6.875, 1.875, 6.75, 1.75], "texture": "#0"},
				"down": {"uv": [0.875, 6.875, 0.75, 7], "texture": "#0"}
			}
		},
		{
			"from": [7.82466, 6.67501, 13.36635],
			"to": [8.16786, 6.76081, 13.88115],
			"rotation": {"angle": -45, "axis": "x", "origin": [8.05632, 5.98861, 8.54072]},
			"faces": {
				"north": {"uv": [2, 8, 2.125, 8.03125], "texture": "#0"},
				"east": {"uv": [7.875, 7.5, 8.0625, 7.53125], "texture": "#0"},
				"south": {"uv": [2.125, 8, 2.25, 8.03125], "texture": "#0"},
				"west": {"uv": [7.625, 7.875, 7.8125, 7.90625], "texture": "#0"},
				"up": {"uv": [6.25, 7.5625, 6.125, 7.375], "texture": "#0"},
				"down": {"uv": [7.625, 0.875, 7.5, 1.0625], "texture": "#0"}
			}
		},
		{
			"from": [7.71312, 6.97789, 8.90475],
			"to": [8.26224, 7.14949, 10.62075],
			"rotation": {"angle": 0, "axis": "y", "origin": [8.05632, 6.46309, -3.27885]},
			"faces": {
				"north": {"uv": [7.625, 7.375, 7.82422, 7.4375], "texture": "#0"},
				"east": {"uv": [5.625, 7.25, 6.25, 7.3125], "texture": "#0"},
				"south": {"uv": [7.5, 7.625, 7.69922, 7.6875], "texture": "#0"},
				"west": {"uv": [7.25, 6.375, 7.875, 6.4375], "texture": "#0"},
				"up": {"uv": [1.69922, 6, 1.5, 5.375], "texture": "#0"},
				"down": {"uv": [3.69922, 5.375, 3.5, 6], "texture": "#0"}
			}
		},
		{
			"from": [7.79892, 8.09329, 8.99055],
			"to": [8.17644, 8.26489, 10.53495],
			"rotation": {"angle": 0, "axis": "y", "origin": [8.05632, 7.57849, -3.27885]},
			"faces": {
				"north": {"uv": [7.875, 0.25, 8.01172, 0.3125], "texture": "#0"},
				"east": {"uv": [7.25, 6.5, 7.8125, 6.5625], "texture": "#0"},
				"south": {"uv": [7.875, 0.875, 8.01172, 0.9375], "texture": "#0"},
				"west": {"uv": [7.375, 0.375, 7.9375, 0.4375], "texture": "#0"},
				"up": {"uv": [6.63672, 7.3125, 6.5, 6.75], "texture": "#0"},
				"down": {"uv": [6.88672, 6.75, 6.75, 7.3125], "texture": "#0"}
			}
		},
		{
			"from": [7.71068, 7.14934, 10.50921],
			"to": [8.2598, 7.92154, 10.62933],
			"rotation": {"angle": 0, "axis": "y", "origin": [7.9166, 6.54874, -1.58774]},
			"faces": {
				"north": {"uv": [5.625, 6.875, 5.82422, 7.15625], "texture": "#0"},
				"east": {"uv": [0.5, 7.75, 0.54297, 8.03125], "texture": "#0"},
				"south": {"uv": [5.875, 6.875, 6.07422, 7.15625], "texture": "#0"},
				"west": {"uv": [0.625, 7.75, 0.66797, 8.03125], "texture": "#0"},
				"up": {"uv": [0.32422, 7.91797, 0.125, 7.875], "texture": "#0"},
				"down": {"uv": [8.07422, 0.125, 7.875, 0.16797], "texture": "#0"}
			}
		},
		{
			"from": [7.77074, 7.14934, 8.90475],
			"to": [8.19974, 8.17894, 9.02487],
			"rotation": {"angle": 0, "axis": "y", "origin": [7.9166, 6.54874, -3.1922]},
			"faces": {
				"north": {"uv": [3.5, 6.875, 3.65625, 7.25], "texture": "#0"},
				"east": {"uv": [2.375, 7.625, 2.41797, 8], "texture": "#0"},
				"south": {"uv": [4, 6.875, 4.15625, 7.25], "texture": "#0"},
				"west": {"uv": [7.625, 3.125, 7.66797, 3.5], "texture": "#0"},
				"up": {"uv": [8.03125, 6.54297, 7.875, 6.5], "texture": "#0"},
				"down": {"uv": [6.78125, 7.875, 6.625, 7.91797], "texture": "#0"}
			}
		},
		{
			"from": [7.88472, 7.75009, 9.76275],
			"to": [8.09064, 8.09329, 10.02015],
			"rotation": {"angle": 0, "axis": "y", "origin": [7.79892, 7.75009, 9.67695]},
			"faces": {
				"north": {"uv": [7.75, 7.75, 7.82422, 7.875], "texture": "#2"},
				"east": {"uv": [7.75, 0.125, 7.84375, 0.25], "texture": "#2"},
				"south": {"uv": [0, 7.875, 0.07422, 8], "texture": "#2"},
				"west": {"uv": [7.75, 1.125, 7.84375, 1.25], "texture": "#2"},
				"up": {"uv": [5.94922, 7.96875, 5.875, 7.875], "texture": "#2"},
				"down": {"uv": [6.19922, 7.875, 6.125, 7.96875], "texture": "#2"}
			}
		},
		{
			"from": [7.88472, 7.62528, 9.70379],
			"to": [8.09064, 7.71108, 9.85823],
			"rotation": {"angle": 22.5, "axis": "x", "origin": [7.79892, 7.53948, 10.04699]},
			"faces": {
				"north": {"uv": [3.75, 8, 3.82422, 8.03125], "texture": "#2"},
				"east": {"uv": [4.375, 8, 4.42969, 8.03125], "texture": "#2"},
				"south": {"uv": [8, 3.75, 8.07422, 3.78125], "texture": "#2"},
				"west": {"uv": [8, 4.375, 8.05469, 4.40625], "texture": "#2"},
				"up": {"uv": [1.32422, 8.05469, 1.25, 8], "texture": "#2"},
				"down": {"uv": [8.07422, 1.25, 8, 1.30469], "texture": "#2"}
			}
		},
		{
			"from": [7.88472, 7.71725, 9.76928],
			"to": [8.09064, 8.14625, 10.02668],
			"rotation": {"angle": -22.5, "axis": "x", "origin": [7.79892, 7.71725, 9.68348]},
			"faces": {
				"north": {"uv": [4.75, 7.75, 4.82422, 7.90625], "texture": "#2"},
				"east": {"uv": [5.375, 7.625, 5.46875, 7.78125], "texture": "#2"},
				"south": {"uv": [7.75, 4.75, 7.82422, 4.90625], "texture": "#2"},
				"west": {"uv": [7.625, 5.875, 7.71875, 6.03125], "texture": "#2"},
				"up": {"uv": [6.32422, 7.96875, 6.25, 7.875], "texture": "#2"},
				"down": {"uv": [6.44922, 7.875, 6.375, 7.96875], "texture": "#2"}
			}
		},
		{
			"from": [7.88472, 7.39275, 9.82914],
			"to": [8.09064, 7.90755, 9.91494],
			"rotation": {"angle": 22.5, "axis": "x", "origin": [7.79892, 7.56435, 9.57174]},
			"faces": {
				"north": {"uv": [7.625, 7, 7.69922, 7.1875], "texture": "#2"},
				"east": {"uv": [7.875, 7.75, 7.90625, 7.9375], "texture": "#2"},
				"south": {"uv": [7.125, 7.625, 7.19922, 7.8125], "texture": "#2"},
				"west": {"uv": [0, 8, 0.03125, 8.1875], "texture": "#2"},
				"up": {"uv": [8.07422, 3.90625, 8, 3.875], "texture": "#2"},
				"down": {"uv": [4.07422, 8, 4, 8.03125], "texture": "#2"}
			}
		},
		{
			"from": [7.4876, 7.60887, 10.66028],
			"to": [8.5172, 8.38107, 11.43248],
			"rotation": {"angle": 22.5, "axis": "x", "origin": [8.2598, 8.03787, 11.08928]},
			"faces": {
				"north": {"uv": [15.5, 7.5, 16, 8], "texture": "#1"},
				"east": {"uv": [15.5, 7.5, 16, 8], "texture": "#1"},
				"south": {"uv": [15.5, 7.5, 16, 8], "texture": "#1"},
				"west": {"uv": [15.5, 7.5, 16, 8], "texture": "#1"},
				"up": {"uv": [15.5, 7.5, 16, 8], "texture": "#1"},
				"down": {"uv": [15.5, 7.5, 16, 8], "texture": "#1"}
			}
		},
		{
			"from": [7.4876, 7.63409, 10.52877],
			"to": [8.5172, 7.80569, 11.24091],
			"rotation": {"angle": 0, "axis": "y", "origin": [8.2598, 7.37669, 10.87197]},
			"faces": {
				"north": {"uv": [15.5, 7.5, 16, 8], "texture": "#1"},
				"east": {"uv": [15.5, 7.5, 16, 8], "texture": "#1"},
				"south": {"uv": [15.5, 7.5, 16, 8], "texture": "#1"},
				"west": {"uv": [15.5, 7.5, 16, 8], "texture": "#1"},
				"up": {"uv": [15.5, 7.5, 16, 8], "texture": "#1"},
				"down": {"uv": [15.5, 7.5, 16, 8], "texture": "#1"}
			}
		},
		{
			"from": [7.4876, 8.17591, 11.00197],
			"to": [8.5172, 8.94811, 11.77417],
			"rotation": {"angle": -45, "axis": "x", "origin": [8.2598, 8.51911, 11.43097]},
			"faces": {
				"north": {"uv": [15.5, 7.5, 16, 8], "texture": "#1"},
				"east": {"uv": [15.5, 7.5, 16, 8], "texture": "#1"},
				"south": {"uv": [15.5, 7.5, 16, 8], "texture": "#1"},
				"west": {"uv": [15.5, 7.5, 16, 8], "texture": "#1"},
				"up": {"uv": [15.5, 7.5, 16, 8], "texture": "#1"},
				"down": {"uv": [15.5, 7.5, 16, 8], "texture": "#1"}
			}
		},
		{
			"from": [7.4876, 8.48977, 11.50182],
			"to": [8.5172, 9.26197, 12.27402],
			"rotation": {"angle": -22.5, "axis": "x", "origin": [8.2598, 8.83297, 11.93082]},
			"faces": {
				"north": {"uv": [15.5, 7.5, 16, 8], "texture": "#1"},
				"east": {"uv": [15.5, 7.5, 16, 8], "texture": "#1"},
				"south": {"uv": [15.5, 7.5, 16, 8], "texture": "#1"},
				"west": {"uv": [15.5, 7.5, 16, 8], "texture": "#1"},
				"up": {"uv": [15.5, 7.5, 16, 8], "texture": "#1"},
				"down": {"uv": [15.5, 7.5, 16, 8], "texture": "#1"}
			}
		},
		{
			"from": [7.4876, 8.58845, 12.08372],
			"to": [8.5172, 9.36065, 12.42692],
			"rotation": {"angle": 0, "axis": "y", "origin": [8.2598, 8.93165, 12.51272]},
			"faces": {
				"north": {"uv": [15.5, 7.5, 16, 8], "texture": "#1"},
				"east": {"uv": [15.5, 7.5, 16, 8], "texture": "#1"},
				"south": {"uv": [15.5, 7.5, 16, 8], "texture": "#1"},
				"west": {"uv": [15.5, 7.5, 16, 8], "texture": "#1"},
				"up": {"uv": [15.5, 7.5, 16, 8], "texture": "#1"},
				"down": {"uv": [15.5, 7.5, 16, 8], "texture": "#1"}
			}
		},
		{
			"from": [7.4876, 8.45975, 12.16952],
			"to": [8.5172, 9.23195, 12.51272],
			"rotation": {"angle": -22.5, "axis": "x", "origin": [8.2598, 8.80295, 12.59852]},
			"faces": {
				"north": {"uv": [15.5, 7.5, 16, 8], "texture": "#1"},
				"east": {"uv": [15.5, 7.5, 16, 8], "texture": "#1"},
				"south": {"uv": [15.5, 7.5, 16, 8], "texture": "#1"},
				"west": {"uv": [15.5, 7.5, 16, 8], "texture": "#1"},
				"up": {"uv": [15.5, 7.5, 16, 8], "texture": "#1"},
				"down": {"uv": [15.5, 7.5, 16, 8], "texture": "#1"}
			}
		},
		{
			"from": [7.49103, 4.69978, 11.84065],
			"to": [8.51377, 6.38607, 12.35545],
			"rotation": {"angle": 0, "axis": "y", "origin": [8.2598, 5.35647, 12.05323]},
			"faces": {
				"north": {"uv": [15.5, 7.5, 16, 8], "texture": "#1"},
				"east": {"uv": [15.5, 7.5, 16, 8], "texture": "#1"},
				"south": {"uv": [15.5, 7.5, 16, 8], "texture": "#1"},
				"west": {"uv": [15.5, 7.5, 16, 8], "texture": "#1"},
				"up": {"uv": [15.5, 7.5, 16, 8], "texture": "#1"},
				"down": {"uv": [15.5, 7.5, 16, 8], "texture": "#1"}
			}
		},
		{
			"from": [7.49103, 4.69978, 12.35545],
			"to": [8.51377, 5.69967, 13.94083],
			"rotation": {"angle": 0, "axis": "y", "origin": [8.2598, 5.35647, 13.59763]},
			"faces": {
				"north": {"uv": [15.5, 7.5, 16, 8], "texture": "#1"},
				"east": {"uv": [15.5, 7.5, 16, 8], "texture": "#1"},
				"south": {"uv": [15.5, 7.5, 16, 8], "texture": "#1"},
				"west": {"uv": [15.5, 7.5, 16, 8], "texture": "#1"},
				"up": {"uv": [15.5, 7.57813, 16, 8.07813], "texture": "#1"},
				"down": {"uv": [15.5, 7.5, 16, 8], "texture": "#1"}
			}
		},
		{
			"from": [7.48417, 7.99359, 11.27465],
			"to": [8.52063, 9.02319, 12.99065],
			"rotation": {"angle": -45, "axis": "x", "origin": [7.8308, 7.99359, 12.64745]},
			"faces": {
				"north": {"uv": [15.5, 7.5, 16, 8], "texture": "#1"},
				"east": {"uv": [15.5, 7.5, 16, 8], "texture": "#1"},
				"south": {"uv": [15.5, 7.5, 16, 8], "texture": "#1"},
				"west": {"uv": [15.5, 7.5, 16, 8], "texture": "#1"},
				"up": {"uv": [15.5, 7.625, 16, 8.125], "texture": "#1"},
				"down": {"uv": [15.5, 7.5, 16, 8], "texture": "#1"}
			}
		},
		{
			"from": [7.4876, 5.56833, 12.25095],
			"to": [8.5172, 8.31393, 13.96695],
			"rotation": {"angle": -22.5, "axis": "x", "origin": [7.8308, 5.56833, 13.62375]},
			"faces": {
				"north": {"uv": [15.5, 7.5, 16, 8], "texture": "#1"},
				"east": {"uv": [15.5, 7.5, 16, 8], "texture": "#1"},
				"south": {"uv": [15.5, 7.5, 16, 8], "texture": "#1"},
				"west": {"uv": [15.5, 7.5, 16, 8], "texture": "#1"},
				"up": {"uv": [15.5, 7.625, 16, 8.125], "texture": "#1"},
				"down": {"uv": [15.5, 7.5, 16, 8], "texture": "#1"}
			}
		},
		{
			"from": [7.47044, 7.93641, 11.73615],
			"to": [8.53436, 8.27961, 12.07935],
			"rotation": {"angle": 0, "axis": "y", "origin": [7.47902, 7.93641, 11.73615]},
			"faces": {
				"north": {"uv": [15.5, 7.5, 16, 8], "texture": "#3"},
				"east": {"uv": [15.5, 7.5, 16, 8], "texture": "#3"},
				"south": {"uv": [15.5, 7.5, 16, 8], "texture": "#3"},
				"west": {"uv": [15.5, 7.5, 16, 8], "texture": "#3"},
				"up": {"uv": [15.5, 7.5, 16, 8], "texture": "#3"},
				"down": {"uv": [15.5, 7.5, 16, 8], "texture": "#3"}
			}
		},
		{
			"from": [6.17829, 10.72994, 8.21835],
			"to": [6.52149, 11.07314, 10.44915],
			"rotation": {"angle": -45, "axis": "z", "origin": [6.03243, 7.787, -1.73445]},
			"faces": {
				"north": {"uv": [3.5, 7.625, 3.625, 7.75], "texture": "#3"},
				"east": {"uv": [5.625, 5.875, 6.4375, 6], "texture": "#3"},
				"south": {"uv": [7.625, 4.625, 7.75, 4.75391], "texture": "#3"},
				"west": {"uv": [5.875, 5.625, 6.6875, 5.75], "texture": "#3"},
				"up": {"uv": [3.125, 6.6875, 3, 5.875], "texture": "#3"},
				"down": {"uv": [0.875, 6, 0.75, 6.8125], "texture": "#3"}
			}
		},
		{
			"from": [9.54304, 7.62248, 8.21835],
			"to": [9.88624, 7.96568, 10.44915],
			"rotation": {"angle": 45, "axis": "z", "origin": [7.59538, 6.90176, -1.73445]},
			"faces": {
				"north": {"uv": [7.625, 3.875, 7.75, 4], "texture": "#3"},
				"east": {"uv": [5.625, 5.875, 6.4375, 6], "texture": "#3"},
				"south": {"uv": [7.625, 4.625, 7.75, 4.75], "texture": "#3"},
				"west": {"uv": [5.875, 5.625, 6.6875, 5.75], "texture": "#3"},
				"up": {"uv": [0.875, 6.8125, 0.75, 6], "texture": "#3"},
				"down": {"uv": [3.125, 5.875, 3, 6.6875], "texture": "#3"}
			}
		},
		{
			"from": [9.40411, 8.81943, 8.21835],
			"to": [9.74731, 9.16263, 10.44915],
			"rotation": {"angle": 45, "axis": "z", "origin": [7.62805, 6.91467, -1.73445]},
			"faces": {
				"north": {"uv": [7.625, 4, 7.75, 4.125], "texture": "#3"},
				"east": {"uv": [5.625, 5.875, 6.4375, 6], "texture": "#3"},
				"south": {"uv": [7.625, 4.625, 7.75, 4.75], "texture": "#3"},
				"west": {"uv": [5.875, 5.625, 6.6875, 5.75], "texture": "#3"},
				"up": {"uv": [3.125, 6.6875, 3, 5.875], "texture": "#3"},
				"down": {"uv": [0.875, 6, 0.75, 6.8125], "texture": "#3"}
			}
		},
		{
			"from": [9.52339, 8.01721, 8.21835],
			"to": [9.86659, 8.36041, 10.44915],
			"rotation": {"angle": 45, "axis": "z", "origin": [7.62721, 6.05239, -1.73445]},
			"faces": {
				"north": {"uv": [4.25, 7.625, 4.375, 7.75], "texture": "#3"},
				"east": {"uv": [5.625, 5.875, 6.4375, 6], "texture": "#3"},
				"south": {"uv": [7.625, 4.625, 7.75, 4.75], "texture": "#3"},
				"west": {"uv": [5.875, 5.625, 6.6875, 5.75], "texture": "#3"},
				"up": {"uv": [3.125, 6.6875, 3, 5.875], "texture": "#3"},
				"down": {"uv": [3.125, 5.875, 3, 6.6875], "texture": "#3"}
			}
		},
		{
			"from": [7.82394, 9.80124, 8.21835],
			"to": [8.16714, 10.14444, 10.44915],
			"rotation": {"angle": 0, "axis": "y", "origin": [4.7523, 7.23582, -5.76705]},
			"faces": {
				"north": {"uv": [7.625, 4.5, 7.75, 4.625], "texture": "#3"},
				"east": {"uv": [5.625, 5.875, 6.4375, 6], "texture": "#3"},
				"south": {"uv": [7.625, 4.625, 7.75, 4.75], "texture": "#3"},
				"west": {"uv": [5.875, 5.625, 6.6875, 5.75], "texture": "#3"},
				"up": {"uv": [3.125, 6.6875, 3, 5.875], "texture": "#3"},
				"down": {"uv": [3.125, 5.875, 3, 6.6875], "texture": "#3"}
			}
		},
		{
			"from": [7.82222, 8.59707, 8.21835],
			"to": [8.16542, 8.94027, 10.44915],
			"rotation": {"angle": 0, "axis": "y", "origin": [7.67636, 5.60265, -1.73445]},
			"faces": {
				"north": {"uv": [4.75, 7.625, 4.875, 7.75], "texture": "#3"},
				"east": {"uv": [5.625, 5.875, 6.4375, 6], "texture": "#3"},
				"south": {"uv": [7.625, 4.625, 7.75, 4.75], "texture": "#3"},
				"west": {"uv": [5.875, 5.625, 6.6875, 5.75], "texture": "#3"},
				"up": {"uv": [0.875, 6.8125, 0.75, 6], "texture": "#3"},
				"down": {"uv": [0.875, 6, 0.75, 6.8125], "texture": "#3"}
			}
		},
		{
			"name": "hexadecagon",
			"from": [7.13582, 9.22434, 8.30415],
			"to": [8.85182, 9.56567, 10.36335],
			"rotation": {"angle": 22.5, "axis": "z", "origin": [7.99382, 9.39501, 9.16215]},
			"faces": {
				"north": {"uv": [6.625, 6.375, 7.25, 6.5], "texture": "#0"},
				"east": {"uv": [6.125, 2.875, 6.875, 3], "texture": "#0"},
				"south": {"uv": [6.5, 6.625, 7.125, 6.75], "texture": "#0"},
				"west": {"uv": [6.125, 3, 6.875, 3.125], "texture": "#0"},
				"up": {"uv": [0.625, 1.75, 0, 1], "texture": "#0"},
				"down": {"uv": [1.25, 1, 0.625, 1.75], "texture": "#0"}
			}
		},
		{
			"name": "hexadecagon",
			"from": [7.13582, 9.22434, 8.30415],
			"to": [8.85182, 9.56567, 10.36335],
			"rotation": {"angle": 0, "axis": "y", "origin": [7.99382, 9.39501, 9.16215]},
			"faces": {
				"north": {"uv": [6.625, 6.5, 7.25, 6.625], "texture": "#0"},
				"east": {"uv": [6.125, 3.125, 6.875, 3.25], "texture": "#0"},
				"south": {"uv": [6.75, 0, 7.375, 0.125], "texture": "#0"},
				"west": {"uv": [6.125, 3.25, 6.875, 3.375], "texture": "#0"},
				"up": {"uv": [1.875, 0.75, 1.25, 0], "texture": "#0"},
				"down": {"uv": [1.875, 0.75, 1.25, 1.5], "texture": "#0"}
			}
		},
		{
			"name": "hexadecagon",
			"from": [7.13582, 9.22434, 8.30415],
			"to": [8.85182, 9.56567, 10.36335],
			"rotation": {"angle": -22.5, "axis": "z", "origin": [7.99382, 9.39501, 9.16215]},
			"faces": {
				"north": {"uv": [6.75, 0.125, 7.375, 0.25], "texture": "#0"},
				"east": {"uv": [6.125, 3.375, 6.875, 3.5], "texture": "#0"},
				"south": {"uv": [6.75, 0.25, 7.375, 0.375], "texture": "#0"},
				"west": {"uv": [6.125, 3.5, 6.875, 3.625], "texture": "#0"},
				"up": {"uv": [1.875, 2.25, 1.25, 1.5], "texture": "#0"},
				"down": {"uv": [0.625, 1.75, 0, 2.5], "texture": "#0"}
			}
		},
		{
			"name": "hexadecagon",
			"from": [7.13582, 9.22434, 8.30415],
			"to": [8.85182, 9.56567, 10.36335],
			"rotation": {"angle": 45, "axis": "z", "origin": [7.99382, 9.39501, 9.16215]},
			"faces": {
				"north": {"uv": [6.75, 0.375, 7.375, 0.5], "texture": "#0"},
				"east": {"uv": [6.125, 3.625, 6.875, 3.75], "texture": "#0"},
				"south": {"uv": [6.75, 0.75, 7.375, 0.875], "texture": "#0"},
				"west": {"uv": [6.125, 3.75, 6.875, 3.875], "texture": "#0"},
				"up": {"uv": [1.25, 2.5, 0.625, 1.75], "texture": "#0"},
				"down": {"uv": [2.5, 0, 1.875, 0.75], "texture": "#0"}
			}
		},
		{
			"name": "hexadecagon",
			"from": [7.82315, 8.53701, 8.30415],
			"to": [8.16449, 10.25301, 10.36335],
			"rotation": {"angle": 0, "axis": "y", "origin": [7.99382, 9.39501, 9.16215]},
			"faces": {
				"north": {"uv": [1.75, 6.625, 1.875, 7.25], "texture": "#0"},
				"east": {"uv": [1.875, 0.75, 2.625, 1.375], "texture": "#0"},
				"south": {"uv": [1.875, 6.625, 2, 7.25], "texture": "#0"},
				"west": {"uv": [1.875, 1.375, 2.625, 2], "texture": "#0"},
				"up": {"uv": [2.125, 6.875, 2, 6.125], "texture": "#0"},
				"down": {"uv": [2.25, 6.125, 2.125, 6.875], "texture": "#0"}
			}
		},
		{
			"name": "hexadecagon",
			"from": [7.82315, 8.53701, 8.30415],
			"to": [8.16449, 10.25301, 10.36335],
			"rotation": {"angle": 45, "axis": "z", "origin": [7.99382, 9.39501, 9.16215]},
			"faces": {
				"north": {"uv": [2.5, 6.75, 2.625, 7.375], "texture": "#0"},
				"east": {"uv": [1.875, 2, 2.625, 2.625], "texture": "#0"},
				"south": {"uv": [2.625, 6.75, 2.75, 7.375], "texture": "#0"},
				"west": {"uv": [0, 2.5, 0.75, 3.125], "texture": "#0"},
				"up": {"uv": [2.375, 6.875, 2.25, 6.125], "texture": "#0"},
				"down": {"uv": [2.5, 6.125, 2.375, 6.875], "texture": "#0"}
			}
		},
		{
			"name": "hexadecagon",
			"from": [7.82315, 8.53701, 8.30415],
			"to": [8.16449, 10.25301, 10.36335],
			"rotation": {"angle": -22.5, "axis": "z", "origin": [7.99382, 9.39501, 9.16215]},
			"faces": {
				"north": {"uv": [2.875, 6.75, 3, 7.375], "texture": "#0"},
				"east": {"uv": [2.5, 0, 3.25, 0.625], "texture": "#0"},
				"south": {"uv": [3, 6.75, 3.125, 7.375], "texture": "#0"},
				"west": {"uv": [0.75, 2.5, 1.5, 3.125], "texture": "#0"},
				"up": {"uv": [5.75, 6.875, 5.625, 6.125], "texture": "#0"},
				"down": {"uv": [5.875, 6.125, 5.75, 6.875], "texture": "#0"}
			}
		},
		{
			"name": "hexadecagon",
			"from": [7.82315, 8.53701, 8.30415],
			"to": [8.16449, 10.25301, 10.36335],
			"rotation": {"angle": 22.5, "axis": "z", "origin": [7.99382, 9.39501, 9.16215]},
			"faces": {
				"north": {"uv": [5.25, 6.75, 5.375, 7.375], "texture": "#0"},
				"east": {"uv": [2.625, 0.625, 3.375, 1.25], "texture": "#0"},
				"south": {"uv": [5.375, 6.75, 5.5, 7.375], "texture": "#0"},
				"west": {"uv": [2.625, 1.25, 3.375, 1.875], "texture": "#0"},
				"up": {"uv": [6, 6.875, 5.875, 6.125], "texture": "#0"},
				"down": {"uv": [6.125, 6.125, 6, 6.875], "texture": "#0"}
			}
		},
		{
			"from": [7.82222, 9.19767, 7.78935],
			"to": [8.16542, 9.54087, 9.16215],
			"rotation": {"angle": 0, "axis": "y", "origin": [4.8707, 7.25001, -5.76705]},
			"faces": {
				"north": {"uv": [7.625, 4.875, 7.75, 5], "texture": "#0"},
				"east": {"uv": [7.125, 3.5, 7.5, 3.625], "texture": "#0"},
				"south": {"uv": [5.25, 7.625, 5.375, 7.75], "texture": "#0"},
				"west": {"uv": [7.125, 5.5, 7.5, 5.625], "texture": "#0"},
				"up": {"uv": [1.875, 2.625, 1.75, 2.25], "texture": "#0"},
				"down": {"uv": [2.5, 5.375, 2.375, 5.75], "texture": "#0"}
			}
		}
	],
	"display": {
		"thirdperson_righthand": {
			"translation": [0, -0.25, -2.5]
		},
		"thirdperson_lefthand": {
			"translation": [0, -0.25, -2.5]
		},
		"firstperson_righthand": {
			"translation": [-5.25, 2.75, -3.25],
			"scale": [1.25, 1.25, 1.25]
		},
		"firstperson_lefthand": {
			"translation": [-5, 3.5, 0]
		},
		"ground": {
			"translation": [0, 1.5, 0],
			"scale": [1.5, 1.5, 1.5]
		},
		"gui": {
			"rotation": [30, -140, 0],
			"translation": [-0.5, -1.5, 0],
			"scale": [1.6, 1.6, 1.6]
		},
		"head": {
			"translation": [0, 8.75, -3.5],
			"scale": [0.4, 0.4, 0.4]
		},
		"fixed": {
			"rotation": [0, 90, 0],
			"translation": [1.25, 0, -1.5],
			"scale": [2, 2, 2]
		}
	},
	"groups": [
		{
			"name": "python",
			"origin": [5.25924, 9.89509, -11.41265],
			"color": 0,
			"children": [
				{
					"name": "rail",
					"origin": [4.55213, 1.93798, -1.41265],
					"color": 0,
					"children": [0, 1, 2, 3, 4, 5]
				},
				{
					"name": "barrel",
					"origin": [4.55213, 10.18798, -11.41265],
					"color": 0,
					"children": [
						6,
						7,
						8,
						9,
						10,
						11,
						12,
						13,
						{
							"name": "underbarrel2",
							"origin": [4.55213, 0.48798, -1.41265],
							"color": 0,
							"children": [14, 15, 16, 17, 18, 19, 20, 21, 22, 23]
						},
						{
							"name": "barrel2",
							"origin": [4.55213, 10.18798, -12.41265],
							"color": 0,
							"children": [
								24,
								25,
								26,
								27,
								28,
								29,
								30,
								31,
								{
									"name": "underbarrel4",
									"origin": [4.55213, 0.48798, -2.41265],
									"color": 0,
									"children": [32, 33, 34, 35, 36, 37, 38, 39]
								}
							]
						},
						40,
						41
					]
				},
				{
					"name": "body",
					"origin": [5.25924, 9.89509, -11.41265],
					"color": 0,
					"children": [
						{
							"name": "other",
							"origin": [5.25924, 9.89509, -11.41265],
							"color": 0,
							"children": [42, 43, 44, 45, 46, 47, 48, 49, 50, 51, 52, 53, 54, 55]
						},
						{
							"name": "sight",
							"origin": [5.25924, 9.89509, -11.41265],
							"color": 0,
							"children": [56, 57, 58, 59, 60, 61, 62, 63, 64, 65, 66, 67]
						},
						{
							"name": "hammer",
							"origin": [5.25924, 9.89509, -11.41265],
							"color": 0,
							"children": [68, 69, 70, 71]
						},
						{
							"name": "trigger",
							"origin": [5.25924, 9.89509, -11.41265],
							"color": 0,
							"children": [72, 73, 74, 75, 76, 77, 78, 79]
						},
						{
							"name": "handle",
							"origin": [13.30213, 6.18798, 13.58735],
							"color": 0,
							"children": [80, 81, 82, 83, 84, 85, 86, 87, 88, 89, 90]
						}
					]
				},
				{
					"name": "cylinder",
					"origin": [4.12713, 2.18798, -28.41265],
					"color": 0,
					"children": [
						{
							"name": "bullets",
							"origin": [4.12713, 2.18798, -28.41265],
							"color": 0,
							"children": [91, 92, 93, 94, 95, 96]
						},
						{
							"name": "hexadecagon",
							"origin": [13.30213, 6.18798, 13.58735],
							"color": 0,
							"children": [97, 98, 99, 100, 101, 102, 103, 104, 105]
						}
					]
				}
			]
		}
	]
}