{
	"credit": "Made with Blockbench by ThatAvocado_Boi",
	"texture_size": [32, 32],
	"textures": {
		"1": "additionalguns:item/ravens_claw_decal",
		"3": "additionalguns:item/ravens_claw",
		"particle": "additionalguns:item/ravens_claw_decal"
	},
	"elements": [
		{
			"from": [8.2, 3.3, 5.55],
			"to": [8.51, 3.9, 11.45],
			"rotation": {"angle": 0, "axis": "y", "origin": [8, 3.425, 9.3]},
			"faces": {
				"north": {"uv": [16, 6, 14, 8], "texture": "#3"},
				"east": {"uv": [15, 5, 9.5, 6.5], "texture": "#3"},
				"south": {"uv": [7.5, 5.5, 5.5, 7.5], "texture": "#3"},
				"west": {"uv": [9.5, 5, 15, 6.5], "texture": "#3"},
				"up": {"uv": [15, 6.5, 14, 7.5], "texture": "#3"},
				"down": {"uv": [2, 5.5, 5.5, 3.5], "rotation": 90, "texture": "#3"}
			}
		},
		{
			"from": [7.5, 3.1, 5.6],
			"to": [8.5, 3.4, 11.45],
			"rotation": {"angle": 0, "axis": "y", "origin": [8, 3.2, 9.3]},
			"faces": {
				"north": {"uv": [16, 6, 14, 8], "texture": "#3"},
				"east": {"uv": [16, 6, 14, 8], "texture": "#3"},
				"south": {"uv": [16, 6, 14, 8], "texture": "#3"},
				"west": {"uv": [14, 6, 16, 8], "texture": "#3"},
				"up": {"uv": [2, 8, 1, 9], "texture": "#3"},
				"down": {"uv": [2, 5.5, 5.5, 3.5], "rotation": 90, "texture": "#3"}
			}
		},
		{
			"from": [7.5, 0.67466, 4.25529],
			"to": [8.5, 0.97466, 5.10529],
			"rotation": {"angle": 45, "axis": "x", "origin": [8, 0.77466, 8.03029]},
			"faces": {
				"north": {"uv": [16, 6, 14, 8], "texture": "#3"},
				"east": {"uv": [16, 6, 14, 8], "texture": "#3"},
				"south": {"uv": [16, 6, 14, 8], "texture": "#3"},
				"west": {"uv": [14, 6, 16, 8], "texture": "#3"},
				"up": {"uv": [2, 8, 1, 9], "texture": "#3"},
				"down": {"uv": [2, 5.5, 5.5, 3.5], "rotation": 90, "texture": "#3"}
			}
		},
		{
			"from": [7.5, 2.77223, 5.9613],
			"to": [8.5, 3.24723, 11.1263],
			"rotation": {"angle": 0, "axis": "y", "origin": [8, 2.87223, 9.7113]},
			"faces": {
				"north": {"uv": [16, 6, 14, 8], "texture": "#3"},
				"east": {"uv": [16, 6, 14, 8], "texture": "#3"},
				"south": {"uv": [16, 6, 14, 8], "texture": "#3"},
				"west": {"uv": [14, 6, 16, 8], "texture": "#3"},
				"up": {"uv": [2, 8, 1, 9], "texture": "#3"},
				"down": {"uv": [2, 5.5, 5.5, 3.5], "rotation": 90, "texture": "#3"}
			}
		},
		{
			"from": [7.5, 5.39459, 9.95724],
			"to": [8.5, 5.86959, 10.52224],
			"rotation": {"angle": -45, "axis": "x", "origin": [8, 5.49459, 13.70724]},
			"faces": {
				"north": {"uv": [16, 6, 14, 8], "texture": "#3"},
				"east": {"uv": [16, 6, 14, 8], "texture": "#3"},
				"south": {"uv": [16, 6, 14, 8], "texture": "#3"},
				"west": {"uv": [14, 6, 16, 8], "texture": "#3"},
				"up": {"uv": [2, 8, 1, 9], "texture": "#3"},
				"down": {"uv": [2, 5.5, 5.5, 3.5], "rotation": 90, "texture": "#3"}
			}
		},
		{
			"from": [7.5, 3.36517, 5.28483],
			"to": [8.5, 3.89798, 5.58483],
			"rotation": {"angle": 0, "axis": "y", "origin": [8, -0.00983, 5.38483]},
			"faces": {
				"north": {"uv": [2, 5.5, 5.5, 3.5], "rotation": 270, "texture": "#3"},
				"east": {"uv": [14, 8, 16, 6], "rotation": 90, "texture": "#3"},
				"south": {"uv": [2, 8, 1, 9], "texture": "#3"},
				"west": {"uv": [16, 8, 14, 6], "rotation": 270, "texture": "#3"},
				"up": {"uv": [16, 6, 14, 8], "rotation": 180, "texture": "#3"},
				"down": {"uv": [16, 6, 14, 8], "texture": "#3"}
			}
		},
		{
			"from": [7.8, 3.71517, 5.28483],
			"to": [8.2, 3.89798, 9.88483],
			"rotation": {"angle": 0, "axis": "y", "origin": [8, -0.00983, 5.38483]},
			"faces": {
				"north": {"uv": [2, 5.5, 5.5, 3.5], "rotation": 270, "texture": "#3"},
				"east": {"uv": [14, 8, 16, 6], "rotation": 90, "texture": "#3"},
				"south": {"uv": [2, 8, 1, 9], "texture": "#3"},
				"west": {"uv": [16, 8, 14, 6], "rotation": 270, "texture": "#3"},
				"up": {"uv": [16, 6, 14, 8], "rotation": 180, "texture": "#3"},
				"down": {"uv": [16, 6, 14, 8], "texture": "#3"}
			}
		},
		{
			"from": [7.49, 3.3, 5.55],
			"to": [7.8, 3.9, 11.45],
			"rotation": {"angle": 0, "axis": "y", "origin": [8, 3.4, 9.3]},
			"faces": {
				"north": {"uv": [16, 6, 14, 8], "texture": "#3"},
				"east": {"uv": [15, 5, 9.5, 6.5], "texture": "#3"},
				"south": {"uv": [7.5, 5.5, 5.5, 7.5], "texture": "#3"},
				"west": {"uv": [9.5, 5, 15, 6.5], "texture": "#3"},
				"up": {"uv": [16, 6.5, 15, 7.5], "texture": "#3"},
				"down": {"uv": [2, 5.5, 5.5, 3.5], "rotation": 90, "texture": "#3"}
			}
		},
		{
			"from": [7.45, 3.1, 11.45],
			"to": [8.55, 4, 16.427],
			"rotation": {"angle": 0, "axis": "y", "origin": [16, 0, -0.05]},
			"faces": {
				"north": {"uv": [6, 1.5, 4, 3.5], "texture": "#3"},
				"east": {"uv": [8, 1.5, 4.5, 3.5], "texture": "#3"},
				"south": {"uv": [8, 1.5, 6, 3.5], "texture": "#3"},
				"west": {"uv": [2, 1, 6.1, 3.1875], "texture": "#3"},
				"up": {"uv": [1.5, 0, 0.5, 0.5], "texture": "#3"},
				"down": {"uv": [12.5, 16, 16, 14], "rotation": 270, "texture": "#3"}
			}
		},
		{
			"from": [7.46172, 2.7, 11.575],
			"to": [8.53828, 3.375, 12.752],
			"rotation": {"angle": 0, "axis": "y", "origin": [16, 0, -0.25]},
			"faces": {
				"north": {"uv": [11.5, 1.2625, 10.875, 3], "texture": "#3"},
				"east": {"uv": [11.5, 1.2625, 10.875, 3], "texture": "#3"},
				"south": {"uv": [11.5, 1.2625, 10.875, 3], "texture": "#3"},
				"west": {"uv": [11.5, 1.2625, 10.875, 3], "texture": "#3"},
				"up": {"uv": [11.5, 1.2625, 10.875, 3], "texture": "#3"},
				"down": {"uv": [11.5, 1.2625, 10.875, 3], "texture": "#3"}
			}
		},
		{
			"from": [7.5, 2.575, 13.175],
			"to": [8.5, 3.375, 16.152],
			"rotation": {"angle": 0, "axis": "y", "origin": [16, -0.625, -0.05]},
			"faces": {
				"north": {"uv": [14.5, 1.5, 15.6, 2.1875], "texture": "#3"},
				"east": {"uv": [14.5, 1.5, 15.6, 2.1875], "texture": "#3"},
				"south": {"uv": [14.5, 1.5, 15.6, 2.1875], "texture": "#3"},
				"west": {"uv": [14.5, 1.5, 15.6, 2.1875], "texture": "#3"},
				"up": {"uv": [14.5, 1.5, 15.6, 2.1875], "texture": "#3"},
				"down": {"uv": [14.5, 1.5, 15.6, 2.1875], "texture": "#3"}
			}
		},
		{
			"from": [7.5, 2.63104, 13.00472],
			"to": [8.5, 3.43104, 13.65672],
			"rotation": {"angle": -22.5, "axis": "x", "origin": [8, 3.03104, 13.23072]},
			"faces": {
				"north": {"uv": [14.5, 1.5, 15.6, 2.1875], "rotation": 180, "texture": "#3"},
				"east": {"uv": [14.5, 1.5, 15.6, 2.1875], "rotation": 270, "texture": "#3"},
				"south": {"uv": [14.5, 1.5, 15.6, 2.1875], "texture": "#3"},
				"west": {"uv": [14.5, 1.5, 15.6, 2.1875], "rotation": 90, "texture": "#3"},
				"up": {"uv": [14.5, 1.5, 15.6, 2.1875], "rotation": 180, "texture": "#3"},
				"down": {"uv": [14.5, 1.5, 15.6, 2.1875], "texture": "#3"}
			}
		},
		{
			"from": [7.5, 2.70802, 15.48328],
			"to": [8.5, 3.33502, 16.28328],
			"rotation": {"angle": 22.5, "axis": "x", "origin": [8, 2.97152, 15.88328]},
			"faces": {
				"north": {"uv": [14.5, 1.5, 15.6, 2.1875], "texture": "#3"},
				"east": {"uv": [14.5, 1.5, 15.6, 2.1875], "texture": "#3"},
				"south": {"uv": [14.5, 1.5, 15.6, 2.1875], "texture": "#3"},
				"west": {"uv": [14.5, 1.5, 15.6, 2.1875], "texture": "#3"},
				"up": {"uv": [14.5, 1.5, 15.6, 2.1875], "texture": "#3"},
				"down": {"uv": [14.5, 1.5, 15.6, 2.1875], "texture": "#3"}
			}
		},
		{
			"from": [7.44, 3.425, 12.25],
			"to": [7.49, 3.725, 13.627],
			"rotation": {"angle": 0, "axis": "y", "origin": [15.99, 0.225, 0.65]},
			"faces": {
				"north": {"uv": [3.5, 2, 3, 2], "texture": "#3"},
				"east": {"uv": [2.9, 1.6875, 3.4, 2.1875], "texture": "#3"},
				"south": {"uv": [2.9, 1.6875, 3.4, 2.1875], "texture": "#3"},
				"west": {"uv": [0, 0, 16, 16], "texture": "#1"},
				"up": {"uv": [2.9, 1.6875, 3.4, 2.1875], "texture": "#3"},
				"down": {"uv": [3.4, 2.1875, 2.9, 1.6875], "rotation": 270, "texture": "#3"}
			}
		},
		{
			"from": [8.09613, 3.42929, 11.453],
			"to": [8.56213, 3.82929, 16.42544],
			"rotation": {"angle": -45, "axis": "z", "origin": [8.76213, 3.92929, 10.453]},
			"faces": {
				"north": {"uv": [2, 1, 1.5, 1.5], "texture": "#3"},
				"east": {"uv": [3, 0, 1.5, 0.5], "texture": "#3"},
				"south": {"uv": [8.5, 1, 8, 1.5], "texture": "#3"},
				"west": {"uv": [0, 0, 0, 0], "texture": "#3"},
				"up": {"uv": [0, 1.5, 6, 1], "rotation": 90, "texture": "#3"},
				"down": {"uv": [0, 0, 0, 0], "texture": "#3"}
			}
		},
		{
			"from": [7.78049, 4.02951, 11.452],
			"to": [8.22049, 4.32951, 16.42544],
			"rotation": {"angle": 0, "axis": "y", "origin": [7.92049, 4.17951, 13.752]},
			"faces": {
				"north": {"uv": [1.5, 1, 0.5, 1.5], "texture": "#3"},
				"east": {"uv": [3, 0.5, 2.5, 1], "texture": "#3"},
				"south": {"uv": [9.5, 1, 8.5, 1.5], "texture": "#3"},
				"west": {"uv": [8.5, 0, 7.5, 1], "texture": "#3"},
				"up": {"uv": [2, 1, 8, 0], "rotation": 90, "texture": "#3"},
				"down": {"uv": [0, 0, 0, 0], "texture": "#3"}
			}
		},
		{
			"from": [7.43787, 3.42929, 11.453],
			"to": [7.90387, 3.82929, 16.42544],
			"rotation": {"angle": 45, "axis": "z", "origin": [7.23787, 3.92929, 10.453]},
			"faces": {
				"north": {"uv": [7, 3.5, 6, 4], "texture": "#3"},
				"east": {"uv": [1, 0, 0, 1], "texture": "#3"},
				"south": {"uv": [10, 1, 9.5, 1.5], "texture": "#3"},
				"west": {"uv": [5.5, 1, 4, 2], "texture": "#3"},
				"up": {"uv": [6, 1.5, 0, 1], "rotation": 270, "texture": "#3"},
				"down": {"uv": [1.5, 0.5, 0, 1], "texture": "#3"}
			}
		},
		{
			"from": [7.6, 0.07086, 15.15759],
			"to": [8.4, 2.67086, 16.05759],
			"rotation": {"angle": 0, "axis": "y", "origin": [8, 1.37086, 15.60759]},
			"faces": {
				"north": {"uv": [2, 8.5, 1, 9], "texture": "#3"},
				"east": {"uv": [2, 8.5, 1, 9], "texture": "#3"},
				"south": {"uv": [2, 8.5, 1, 9], "texture": "#3"},
				"west": {"uv": [2, 8.5, 1, 9], "texture": "#3"},
				"up": {"uv": [2, 8.5, 1, 9], "texture": "#3"},
				"down": {"uv": [2, 8.5, 1, 9], "texture": "#3"}
			}
		},
		{
			"from": [7.6, 1.57086, 14.85759],
			"to": [8.4, 2.67086, 15.15759],
			"rotation": {"angle": 0, "axis": "y", "origin": [8, 0.22086, 15.80759]},
			"faces": {
				"north": {"uv": [2, 8.5, 1, 9], "texture": "#3"},
				"east": {"uv": [2, 8.5, 1, 9], "texture": "#3"},
				"south": {"uv": [2, 8.5, 1, 9], "texture": "#3"},
				"west": {"uv": [2, 8.5, 1, 9], "texture": "#3"},
				"up": {"uv": [2, 8.5, 1, 9], "texture": "#3"},
				"down": {"uv": [2, 8.5, 1, 9], "texture": "#3"}
			}
		},
		{
			"from": [7.6, 1.27086, 15.55759],
			"to": [8.4, 1.77086, 15.75759],
			"rotation": {"angle": -22.5, "axis": "x", "origin": [8, 0.22086, 15.80759]},
			"faces": {
				"north": {"uv": [2, 8.5, 1, 9], "texture": "#3"},
				"east": {"uv": [2, 8.5, 1, 9], "texture": "#3"},
				"south": {"uv": [2, 8.5, 1, 9], "texture": "#3"},
				"west": {"uv": [2, 8.5, 1, 9], "texture": "#3"},
				"up": {"uv": [2, 8.5, 1, 9], "texture": "#3"},
				"down": {"uv": [2, 8.5, 1, 9], "texture": "#3"}
			}
		},
		{
			"from": [7.61, 0.13374, 15.07752],
			"to": [8.39, 0.23374, 15.27752],
			"rotation": {"angle": 0, "axis": "y", "origin": [8, 0.33374, 15.17752]},
			"faces": {
				"north": {"uv": [2, 8.5, 1, 9], "texture": "#3"},
				"east": {"uv": [2, 8.5, 1, 9], "texture": "#3"},
				"south": {"uv": [2, 8.5, 1, 9], "texture": "#3"},
				"west": {"uv": [2, 8.5, 1, 9], "texture": "#3"},
				"up": {"uv": [2, 8.5, 1, 9], "texture": "#3"},
				"down": {"uv": [2, 8.5, 1, 9], "texture": "#3"}
			}
		},
		{
			"from": [7.85, 1.725, 13.51977],
			"to": [8.1, 1.805, 15.01977],
			"rotation": {"angle": 0, "axis": "y", "origin": [7.975, 1.75032, 14.11977]},
			"faces": {
				"north": {"uv": [2, 8.5, 1, 9], "texture": "#3"},
				"east": {"uv": [2, 8.5, 1, 9], "texture": "#3"},
				"south": {"uv": [2, 8.5, 1, 9], "texture": "#3"},
				"west": {"uv": [2, 8.5, 1, 9], "texture": "#3"},
				"up": {"uv": [2, 8.5, 1, 9], "texture": "#3"},
				"down": {"uv": [2, 8.5, 1, 9], "texture": "#3"}
			}
		},
		{
			"name": "magasine",
			"from": [7.65, 2.25, 11.625],
			"to": [8.35, 3.7, 12.725],
			"rotation": {"angle": 0, "axis": "y", "origin": [8, 1.65, 11.925]},
			"faces": {
				"north": {"uv": [12.0875, 1, 12.5875, 2.5], "texture": "#3"},
				"east": {"uv": [12.0875, 1, 12.5875, 2.5], "texture": "#3"},
				"south": {"uv": [12.0875, 1, 12.5875, 2.5], "texture": "#3"},
				"west": {"uv": [12.0875, 1, 12.5875, 2.5], "texture": "#3"},
				"up": {"uv": [12.0875, 1, 12.5875, 2.5], "texture": "#3"},
				"down": {"uv": [12.0875, 1, 12.5875, 2.5], "texture": "#3"}
			}
		},
		{
			"name": "magasine",
			"from": [7.65, 1.09421, 11.24591],
			"to": [8.35, 2.54421, 12.34591],
			"rotation": {"angle": 22.5, "axis": "x", "origin": [8, 1.44421, 11.79591]},
			"faces": {
				"north": {"uv": [12.0875, 1, 12.5875, 2.5], "texture": "#3"},
				"east": {"uv": [12.0875, 1, 12.5875, 2.5], "texture": "#3"},
				"south": {"uv": [12.0875, 1, 12.5875, 2.5], "texture": "#3"},
				"west": {"uv": [12.0875, 1, 12.5875, 2.5], "texture": "#3"},
				"up": {"uv": [12.0875, 1, 12.5875, 2.5], "texture": "#3"},
				"down": {"uv": [12.0875, 1, 12.5875, 2.5], "texture": "#3"}
			}
		},
		{
			"name": "magasine",
			"from": [7.65, 0.20808, 10.36499],
			"to": [8.35, 1.65808, 11.46499],
			"rotation": {"angle": 45, "axis": "x", "origin": [8, 0.43308, 10.91499]},
			"faces": {
				"north": {"uv": [12.0875, 1, 12.5875, 2.5], "texture": "#3"},
				"east": {"uv": [12.0875, 1, 12.5875, 2.5], "texture": "#3"},
				"south": {"uv": [12.0875, 1, 12.5875, 2.5], "texture": "#3"},
				"west": {"uv": [12.0875, 1, 12.5875, 2.5], "texture": "#3"},
				"up": {"uv": [12.0875, 1, 12.5875, 2.5], "texture": "#3"},
				"down": {"uv": [12.0875, 1, 12.5875, 2.5], "texture": "#3"}
			}
		},
		{
			"name": "magasine",
			"from": [7.62, 0.19808, 10.28499],
			"to": [8.38, 0.33308, 11.54499],
			"rotation": {"angle": 45, "axis": "x", "origin": [8, 0.43308, 10.91499]},
			"faces": {
				"north": {"uv": [11.0875, 1, 11.1, 2.5], "texture": "#3"},
				"east": {"uv": [11.0875, 1, 11.1, 2.5], "texture": "#3"},
				"south": {"uv": [11.0875, 1, 11.1, 2.5], "texture": "#3"},
				"west": {"uv": [11.0875, 1, 11.1, 2.5], "texture": "#3"},
				"up": {"uv": [11.0875, 1, 11.1, 2.5], "texture": "#3"},
				"down": {"uv": [11.0875, 1, 11.1, 2.5], "texture": "#3"}
			}
		},
		{
			"name": "mag releade",
			"from": [7.6, 1.72196, 13.20464],
			"to": [8.4, 2.62196, 13.50464],
			"rotation": {"angle": 0, "axis": "y", "origin": [8, 0.72196, 12.85464]},
			"faces": {
				"north": {"uv": [2, 8.5, 1, 9], "texture": "#3"},
				"east": {"uv": [2, 8.5, 1, 9], "texture": "#3"},
				"south": {"uv": [2, 8.5, 1, 9], "texture": "#3"},
				"west": {"uv": [2, 8.5, 1, 9], "texture": "#3"},
				"up": {"uv": [2, 8.5, 1, 9], "texture": "#3"},
				"down": {"uv": [2, 8.5, 1, 9], "texture": "#3"}
			}
		},
		{
			"name": "octagon",
			"from": [7.79289, 4.06079, 10.15],
			"to": [8.20711, 4.28579, 11.45],
			"rotation": {"angle": -45, "axis": "z", "origin": [8, 3.78579, 9.45]},
			"faces": {
				"north": {"uv": [6.5, 2, 5, 3], "texture": "#3"},
				"east": {"uv": [0.5, 0, 0, 0.5], "texture": "#3"},
				"south": {"uv": [0.5, 0, 0, 0.5], "texture": "#3"},
				"west": {"uv": [15, 1.5, 14.5, 2], "texture": "#3"},
				"up": {"uv": [15.5, 1.5, 15, 2], "texture": "#3"},
				"down": {"uv": [0.5, 0, 0, 0.5], "texture": "#3"}
			}
		},
		{
			"name": "octagon",
			"from": [7.7929, 4.08579, 10.15],
			"to": [8.20712, 4.28579, 11.45],
			"rotation": {"angle": 0, "axis": "y", "origin": [8.00001, 3.78579, 9.45]},
			"faces": {
				"north": {"uv": [6.5, 2, 5, 3], "texture": "#3"},
				"east": {"uv": [0.5, 0, 0, 0.5], "texture": "#3"},
				"south": {"uv": [0.5, 0, 0, 0.5], "texture": "#3"},
				"west": {"uv": [15, 1.5, 14.5, 2], "texture": "#3"},
				"up": {"uv": [15.5, 1.5, 15, 2], "texture": "#3"},
				"down": {"uv": [0.5, 0, 0, 0.5], "texture": "#3"}
			}
		},
		{
			"name": "octagon",
			"from": [8.2, 3.69289, 10.15],
			"to": [8.5, 3.99289, 11.45],
			"rotation": {"angle": 0, "axis": "y", "origin": [8, 3.8, 9.45]},
			"faces": {
				"north": {"uv": [6.5, 2, 5, 3], "texture": "#3"},
				"east": {"uv": [15.5, 1.5, 15, 2], "texture": "#3"},
				"south": {"uv": [0.5, 0, 0, 0.5], "texture": "#3"},
				"west": {"uv": [15, 1.5, 14.5, 2], "texture": "#3"},
				"up": {"uv": [15.5, 1.5, 15, 2], "texture": "#3"},
				"down": {"uv": [0.5, 0, 0, 0.5], "texture": "#3"}
			}
		},
		{
			"name": "octagon",
			"from": [7.5, 3.57868, 10.15],
			"to": [7.725, 3.9929, 11.45],
			"rotation": {"angle": -45, "axis": "z", "origin": [8, 3.78579, 9.45]},
			"faces": {
				"north": {"uv": [6.5, 2, 5, 3], "texture": "#3"},
				"east": {"uv": [0.5, 0, 0, 0.5], "texture": "#3"},
				"south": {"uv": [0.5, 0, 0, 0.5], "texture": "#3"},
				"west": {"uv": [15, 1.5, 14.5, 2], "texture": "#3"},
				"up": {"uv": [0.5, 0, 0, 0.5], "texture": "#3"},
				"down": {"uv": [0.5, 0, 0, 0.5], "texture": "#3"}
			}
		},
		{
			"name": "octagon",
			"from": [7.5, 3.69289, 10.15],
			"to": [7.8, 3.99289, 11.45],
			"rotation": {"angle": 0, "axis": "y", "origin": [8, 3.8, 9.45]},
			"faces": {
				"north": {"uv": [6.5, 2, 5, 3], "texture": "#3"},
				"east": {"uv": [0.5, 0, 0, 0.5], "texture": "#3"},
				"south": {"uv": [0.5, 0, 0, 0.5], "texture": "#3"},
				"west": {"uv": [15, 1.5, 14.5, 2], "texture": "#3"},
				"up": {"uv": [0.5, 0, 0, 0.5], "texture": "#3"},
				"down": {"uv": [0.5, 0, 0, 0.5], "texture": "#3"}
			}
		},
		{
			"from": [7.9, 1.99552, 13.69364],
			"to": [8.1, 2.32052, 13.81864],
			"rotation": {"angle": 45, "axis": "x", "origin": [8, 1.60802, 14.00614]},
			"faces": {
				"north": {"uv": [3.5, 1.5, 2.5, 2], "texture": "#3"},
				"east": {"uv": [3.5, 1.5, 2.5, 2], "texture": "#3"},
				"south": {"uv": [3.5, 1.5, 2.5, 2], "texture": "#3"},
				"west": {"uv": [3.5, 1.5, 2.5, 2], "texture": "#3"},
				"up": {"uv": [3.5, 1.5, 2.5, 2], "texture": "#3"},
				"down": {"uv": [3.5, 1.5, 2.5, 2], "texture": "#3"}
			}
		},
		{
			"from": [7.9, 2.225, 13.975],
			"to": [8.1, 2.65, 14.1],
			"rotation": {"angle": 22.5, "axis": "x", "origin": [8, 1.5375, 14.2875]},
			"faces": {
				"north": {"uv": [3.5, 1.5, 2.5, 2], "texture": "#3"},
				"east": {"uv": [3.5, 1.5, 2.5, 2], "texture": "#3"},
				"south": {"uv": [3.5, 1.5, 2.5, 2], "texture": "#3"},
				"west": {"uv": [3.5, 1.5, 2.5, 2], "texture": "#3"},
				"up": {"uv": [3.5, 1.5, 2.5, 2], "texture": "#3"},
				"down": {"uv": [3.5, 1.5, 2.5, 2], "texture": "#3"}
			}
		},
		{
			"name": "octagon",
			"from": [7.91716, 3.7, 8.75],
			"to": [8.08284, 3.8, 10.15],
			"rotation": {"angle": -45, "axis": "z", "origin": [8, 3.9, 9.75]},
			"faces": {
				"north": {"uv": [0.5, 0, 0, 0.5], "texture": "#3"},
				"east": {"uv": [0.5, 0, 0, 0.5], "texture": "#3"},
				"south": {"uv": [0.5, 0, 0, 0.5], "texture": "#3"},
				"west": {"uv": [0.5, 0, 0, 0.5], "texture": "#3"},
				"up": {"uv": [0.5, 0, 0, 0.5], "texture": "#3"},
				"down": {"uv": [0.5, 0, 0, 0.5], "texture": "#3"}
			}
		},
		{
			"name": "octagon",
			"from": [7.91716, 3.7, 8.75],
			"to": [8.08284, 3.8, 10.15],
			"rotation": {"angle": 0, "axis": "y", "origin": [8, 3.9, 9.75]},
			"faces": {
				"north": {"uv": [0.5, 0, 0, 0.5], "texture": "#3"},
				"east": {"uv": [0.5, 0, 0, 0.5], "texture": "#3"},
				"south": {"uv": [0.5, 0, 0, 0.5], "texture": "#3"},
				"west": {"uv": [0.5, 0, 0, 0.5], "texture": "#3"},
				"up": {"uv": [0.5, 0, 0, 0.5], "texture": "#3"},
				"down": {"uv": [0.5, 0, 0, 0.5], "texture": "#3"}
			}
		},
		{
			"name": "octagon",
			"from": [8.1, 3.81716, 8.75],
			"to": [8.2, 3.98284, 10.15],
			"rotation": {"angle": -45, "axis": "z", "origin": [8, 3.9, 9.75]},
			"faces": {
				"north": {"uv": [0.5, 0, 0, 0.5], "texture": "#3"},
				"east": {"uv": [0.5, 0, 0, 0.5], "texture": "#3"},
				"south": {"uv": [0.5, 0, 0, 0.5], "texture": "#3"},
				"west": {"uv": [0.5, 0, 0, 0.5], "texture": "#3"},
				"up": {"uv": [0.5, 0, 0, 0.5], "texture": "#3"},
				"down": {"uv": [0.5, 0, 0, 0.5], "texture": "#3"}
			}
		},
		{
			"name": "octagon",
			"from": [8.075, 4.71787, 14.7],
			"to": [8.15, 4.84213, 14.8],
			"rotation": {"angle": 0, "axis": "y", "origin": [8, 4.78, 13.4]},
			"faces": {
				"north": {"uv": [0.5, 0, 0, 0.5], "texture": "#3"},
				"east": {"uv": [0.5, 0, 0, 0.5], "texture": "#3"},
				"south": {"uv": [0.5, 0, 0, 0.5], "texture": "#3"},
				"west": {"uv": [0.5, 0, 0, 0.5], "texture": "#3"},
				"up": {"uv": [0.5, 0, 0, 0.5], "texture": "#3"},
				"down": {"uv": [0.5, 0, 0, 0.5], "texture": "#3"}
			}
		},
		{
			"name": "octagon",
			"from": [8.05, 4.71787, 14.7],
			"to": [8.15, 4.84213, 14.8],
			"rotation": {"angle": -45, "axis": "z", "origin": [8, 4.78, 13.4]},
			"faces": {
				"north": {"uv": [0.5, 0, 0, 0.5], "texture": "#3"},
				"east": {"uv": [0.5, 0, 0, 0.5], "texture": "#3"},
				"south": {"uv": [0.5, 0, 0, 0.5], "texture": "#3"},
				"west": {"uv": [0.5, 0, 0, 0.5], "texture": "#3"},
				"up": {"uv": [0.5, 0, 0, 0.5], "texture": "#3"},
				"down": {"uv": [0.5, 0, 0, 0.5], "texture": "#3"}
			}
		},
		{
			"name": "octagon",
			"from": [7.93787, 4.43, 14.7],
			"to": [8.06213, 4.73, 14.8],
			"rotation": {"angle": 0, "axis": "y", "origin": [8, 4.78, 13.4]},
			"faces": {
				"north": {"uv": [0.5, 0, 0, 0.5], "texture": "#3"},
				"east": {"uv": [0.5, 0, 0, 0.5], "texture": "#3"},
				"south": {"uv": [0.5, 0, 0, 0.5], "texture": "#3"},
				"west": {"uv": [0.5, 0, 0, 0.5], "texture": "#3"},
				"up": {"uv": [0.5, 0, 0, 0.5], "texture": "#3"},
				"down": {"uv": [0.5, 0, 0, 0.5], "texture": "#3"}
			}
		},
		{
			"name": "octagon",
			"from": [7.85, 4.71787, 14.7],
			"to": [7.925, 4.84213, 14.8],
			"rotation": {"angle": 0, "axis": "y", "origin": [8, 4.78, 13.4]},
			"faces": {
				"north": {"uv": [0.5, 0, 0, 0.5], "texture": "#3"},
				"east": {"uv": [0.5, 0, 0, 0.5], "texture": "#3"},
				"south": {"uv": [0.5, 0, 0, 0.5], "texture": "#3"},
				"west": {"uv": [0.5, 0, 0, 0.5], "texture": "#3"},
				"up": {"uv": [0.5, 0, 0, 0.5], "texture": "#3"},
				"down": {"uv": [0.5, 0, 0, 0.5], "texture": "#3"}
			}
		},
		{
			"name": "octagon",
			"from": [7.93787, 4.63, 14.7],
			"to": [8.06213, 4.73, 14.8],
			"rotation": {"angle": -45, "axis": "z", "origin": [8, 4.78, 13.4]},
			"faces": {
				"north": {"uv": [0.5, 0, 0, 0.5], "texture": "#3"},
				"east": {"uv": [0.5, 0, 0, 0.5], "texture": "#3"},
				"south": {"uv": [0.5, 0, 0, 0.5], "texture": "#3"},
				"west": {"uv": [0.5, 0, 0, 0.5], "texture": "#3"},
				"up": {"uv": [0.5, 0, 0, 0.5], "texture": "#3"},
				"down": {"uv": [0.5, 0, 0, 0.5], "texture": "#3"}
			}
		},
		{
			"from": [7.85, 3.475, 14.599],
			"to": [8.15, 4.475, 14.9],
			"rotation": {"angle": 0, "axis": "y", "origin": [8, 3.975, 13.6995]},
			"faces": {
				"north": {"uv": [15, 12, 14.5, 12.5], "texture": "#3"},
				"east": {"uv": [15.5, 12, 14, 14], "texture": "#3"},
				"south": {"uv": [15, 12, 14.5, 12.5], "texture": "#3"},
				"west": {"uv": [14, 12, 15.5, 14], "texture": "#3"},
				"up": {"uv": [3, 0, 2, 1], "texture": "#3"},
				"down": {"uv": [4, 0.5, 3.5, 1], "texture": "#3"}
			}
		},
		{
			"name": "octagon",
			"from": [7.91716, 4, 7.08047],
			"to": [8.08284, 4.1, 10.15],
			"rotation": {"angle": -45, "axis": "z", "origin": [8, 3.9, 9.75]},
			"faces": {
				"north": {"uv": [0.5, 0, 0, 0.5], "texture": "#3"},
				"east": {"uv": [0.5, 0, 0, 0.5], "texture": "#3"},
				"south": {"uv": [0.5, 0, 0, 0.5], "texture": "#3"},
				"west": {"uv": [0.5, 0, 0, 0.5], "texture": "#3"},
				"up": {"uv": [0.5, 0, 0, 0.5], "texture": "#3"},
				"down": {"uv": [0.5, 0, 0, 0.5], "texture": "#3"}
			}
		},
		{
			"name": "octagon",
			"from": [7.91716, 3.9, 7.08047],
			"to": [8.08284, 4.1, 10.15],
			"rotation": {"angle": 0, "axis": "y", "origin": [8, 3.9, 9.75]},
			"faces": {
				"north": {"uv": [0.5, 0, 0, 0.5], "texture": "#3"},
				"east": {"uv": [0.5, 0, 0, 0.5], "texture": "#3"},
				"south": {"uv": [0.5, 0, 0, 0.5], "texture": "#3"},
				"west": {"uv": [0.5, 0, 0, 0.5], "texture": "#3"},
				"up": {"uv": [0.5, 0, 0, 0.5], "texture": "#3"},
				"down": {"uv": [0.5, 0, 0, 0.5], "texture": "#3"}
			}
		},
		{
			"name": "octagon",
			"from": [7.875, 3.81716, 7.075],
			"to": [8.2, 3.98284, 10.15],
			"rotation": {"angle": 0, "axis": "y", "origin": [8, 3.9, 9.75]},
			"faces": {
				"north": {"uv": [0.5, 0, 0, 0.5], "texture": "#3"},
				"east": {"uv": [0.5, 0, 0, 0.5], "texture": "#3"},
				"south": {"uv": [0.5, 0, 0, 0.5], "texture": "#3"},
				"west": {"uv": [0.5, 0, 0, 0.5], "texture": "#3"},
				"up": {"uv": [0.5, 0, 0, 0.5], "texture": "#3"},
				"down": {"uv": [0.5, 0, 0, 0.5], "texture": "#3"}
			}
		},
		{
			"name": "octagon",
			"from": [7.8, 3.81716, 7.08047],
			"to": [7.9, 3.98284, 10.15],
			"rotation": {"angle": -45, "axis": "z", "origin": [8, 3.9, 9.75]},
			"faces": {
				"north": {"uv": [0.5, 0, 0, 0.5], "texture": "#3"},
				"east": {"uv": [0.5, 0, 0, 0.5], "texture": "#3"},
				"south": {"uv": [0.5, 0, 0, 0.5], "texture": "#3"},
				"west": {"uv": [0.5, 0, 0, 0.5], "texture": "#3"},
				"up": {"uv": [0.5, 0, 0, 0.5], "texture": "#3"},
				"down": {"uv": [0.5, 0, 0, 0.5], "texture": "#3"}
			}
		},
		{
			"name": "octagon",
			"from": [7.8, 3.81716, 7.075],
			"to": [8.05, 3.98284, 10.15],
			"rotation": {"angle": 0, "axis": "y", "origin": [8, 3.9, 9.75]},
			"faces": {
				"north": {"uv": [0.5, 0, 0, 0.5], "texture": "#3"},
				"east": {"uv": [0.5, 0, 0, 0.5], "texture": "#3"},
				"south": {"uv": [0.5, 0, 0, 0.5], "texture": "#3"},
				"west": {"uv": [0.5, 0, 0, 0.5], "texture": "#3"},
				"up": {"uv": [0.5, 0, 0, 0.5], "texture": "#3"},
				"down": {"uv": [0.5, 0, 0, 0.5], "texture": "#3"}
			}
		},
		{
			"from": [7.925, 3.75, 8.499],
			"to": [8.075, 4.3, 8.65],
			"rotation": {"angle": 0, "axis": "y", "origin": [8, 3.8, 7.5245]},
			"faces": {
				"north": {"uv": [15, 9, 13, 9.5], "texture": "#3"},
				"east": {"uv": [15, 9, 13, 9.5], "texture": "#3"},
				"south": {"uv": [15, 9, 13, 9.5], "texture": "#3"},
				"west": {"uv": [15, 9, 13, 9.5], "texture": "#3"},
				"up": {"uv": [15, 9, 13, 9.5], "texture": "#3"},
				"down": {"uv": [15, 9, 13, 9.5], "texture": "#3"}
			}
		},
		{
			"name": "octagon",
			"from": [7.93787, 4.635, 8.525],
			"to": [8.06213, 4.685, 8.625],
			"rotation": {"angle": -45, "axis": "z", "origin": [8, 4.735, 7.225]},
			"faces": {
				"north": {"uv": [0.5, 0, 0, 0.5], "texture": "#3"},
				"east": {"uv": [0.5, 0, 0, 0.5], "texture": "#3"},
				"south": {"uv": [0.5, 0, 0, 0.5], "texture": "#3"},
				"west": {"uv": [0.5, 0, 0, 0.5], "texture": "#3"},
				"up": {"uv": [0.5, 0, 0, 0.5], "texture": "#3"},
				"down": {"uv": [0.5, 0, 0, 0.5], "texture": "#3"}
			}
		},
		{
			"from": [7.985, 4.37997, 8.57948],
			"to": [8.01391, 4.75497, 8.57948],
			"rotation": {"angle": 0, "axis": "y", "origin": [7.95, 4.64247, 8.52948]},
			"faces": {
				"north": {"uv": [15, 13, 14.5, 13.5], "texture": "#3"},
				"east": {"uv": [15, 15, 14.5, 15.5], "texture": "#3"},
				"south": {"uv": [14, 8, 13.5, 8.5], "texture": "#3"},
				"west": {"uv": [13.5, 14.5, 13, 15], "texture": "#3"},
				"up": {"uv": [14, 15.5, 14.5, 15], "rotation": 90, "texture": "#3"},
				"down": {"uv": [14.5, 15.5, 14, 15], "rotation": 270, "texture": "#3"}
			}
		},
		{
			"name": "octagon",
			"from": [7.93787, 4.26, 8.525],
			"to": [8.06213, 4.685, 8.625],
			"rotation": {"angle": 0, "axis": "y", "origin": [8, 4.735, 7.225]},
			"faces": {
				"north": {"uv": [0.5, 0, 0, 0.5], "texture": "#3"},
				"east": {"uv": [0.5, 0, 0, 0.5], "texture": "#3"},
				"south": {"uv": [0.5, 0, 0, 0.5], "texture": "#3"},
				"west": {"uv": [0.5, 0, 0, 0.5], "texture": "#3"},
				"up": {"uv": [0.5, 0, 0, 0.5], "texture": "#3"},
				"down": {"uv": [0.5, 0, 0, 0.5], "texture": "#3"}
			}
		},
		{
			"name": "octagon",
			"from": [8.05, 4.67287, 8.525],
			"to": [8.1, 4.79713, 8.625],
			"rotation": {"angle": -45, "axis": "z", "origin": [8, 4.735, 7.225]},
			"faces": {
				"north": {"uv": [0.5, 0, 0, 0.5], "texture": "#3"},
				"east": {"uv": [0.5, 0, 0, 0.5], "texture": "#3"},
				"south": {"uv": [0.5, 0, 0, 0.5], "texture": "#3"},
				"west": {"uv": [0.5, 0, 0, 0.5], "texture": "#3"},
				"up": {"uv": [0.5, 0, 0, 0.5], "texture": "#3"},
				"down": {"uv": [0.5, 0, 0, 0.5], "texture": "#3"}
			}
		},
		{
			"name": "octagon",
			"from": [7.93787, 4.38249, 8.58969],
			"to": [8.06213, 4.48249, 10.13969],
			"rotation": {"angle": 22.5, "axis": "x", "origin": [8, 4.43249, 8.80219]},
			"faces": {
				"north": {"uv": [0.5, 0, 0, 0.5], "rotation": 180, "texture": "#3"},
				"east": {"uv": [0.5, 0, 0, 0.5], "rotation": 90, "texture": "#3"},
				"south": {"uv": [0.5, 0, 0, 0.5], "texture": "#3"},
				"west": {"uv": [0.5, 0, 0, 0.5], "rotation": 270, "texture": "#3"},
				"up": {"uv": [0.5, 0, 0, 0.5], "texture": "#3"},
				"down": {"uv": [0.5, 0, 0, 0.5], "rotation": 180, "texture": "#3"}
			}
		},
		{
			"name": "octagon",
			"from": [7.92751, 3.425, 5.05],
			"to": [8.07249, 3.525, 11.75],
			"rotation": {"angle": -45, "axis": "z", "origin": [8, 3.6, 7.45]},
			"faces": {
				"north": {"uv": [0.5, 0, 0, 0.5], "texture": "#3"},
				"east": {"uv": [0.5, 0, 0, 0.5], "texture": "#3"},
				"south": {"uv": [0.5, 0, 0, 0.5], "texture": "#3"},
				"west": {"uv": [0.5, 0, 0, 0.5], "texture": "#3"},
				"up": {"uv": [0.5, 0, 0, 0.5], "texture": "#3"},
				"down": {"uv": [0.5, 0, 0, 0.5], "texture": "#3"}
			}
		},
		{
			"name": "octagon",
			"from": [7.92751, 3.425, 5.05],
			"to": [8.07249, 3.525, 11.75],
			"rotation": {"angle": 0, "axis": "y", "origin": [8, 3.6, 7.45]},
			"faces": {
				"north": {"uv": [0.5, 0, 0, 0.5], "texture": "#3"},
				"east": {"uv": [0.5, 0, 0, 0.5], "texture": "#3"},
				"south": {"uv": [0.5, 0, 0, 0.5], "texture": "#3"},
				"west": {"uv": [0.5, 0, 0, 0.5], "texture": "#3"},
				"up": {"uv": [0.5, 0, 0, 0.5], "texture": "#3"},
				"down": {"uv": [0.5, 0, 0, 0.5], "texture": "#3"}
			}
		},
		{
			"name": "octagon",
			"from": [7.92751, 3.675, 5.05],
			"to": [8.07249, 3.775, 11.75],
			"rotation": {"angle": -45, "axis": "z", "origin": [8, 3.6, 7.45]},
			"faces": {
				"north": {"uv": [0.5, 0, 0, 0.5], "texture": "#3"},
				"east": {"uv": [0.5, 0, 0, 0.5], "texture": "#3"},
				"south": {"uv": [0.5, 0, 0, 0.5], "texture": "#3"},
				"west": {"uv": [0.5, 0, 0, 0.5], "texture": "#3"},
				"up": {"uv": [0.5, 0, 0, 0.5], "texture": "#3"},
				"down": {"uv": [0.5, 0, 0, 0.5], "texture": "#3"}
			}
		},
		{
			"name": "octagon",
			"from": [7.92751, 3.675, 5.05],
			"to": [8.07249, 3.775, 11.75],
			"rotation": {"angle": 0, "axis": "y", "origin": [8, 3.6, 7.45]},
			"faces": {
				"north": {"uv": [0.5, 0, 0, 0.5], "texture": "#3"},
				"east": {"uv": [0.5, 0, 0, 0.5], "texture": "#3"},
				"south": {"uv": [0.5, 0, 0, 0.5], "texture": "#3"},
				"west": {"uv": [0.5, 0, 0, 0.5], "texture": "#3"},
				"up": {"uv": [0.5, 0, 0, 0.5], "texture": "#3"},
				"down": {"uv": [0.5, 0, 0, 0.5], "texture": "#3"}
			}
		},
		{
			"name": "octagon",
			"from": [8.075, 3.52751, 5.05],
			"to": [8.175, 3.67249, 11.75],
			"rotation": {"angle": -45, "axis": "z", "origin": [8, 3.6, 7.45]},
			"faces": {
				"north": {"uv": [0.5, 0, 0, 0.5], "texture": "#3"},
				"east": {"uv": [0.5, 0, 0, 0.5], "texture": "#3"},
				"south": {"uv": [0.5, 0, 0, 0.5], "texture": "#3"},
				"west": {"uv": [0.5, 0, 0, 0.5], "texture": "#3"},
				"up": {"uv": [0.5, 0, 0, 0.5], "texture": "#3"},
				"down": {"uv": [0.5, 0, 0, 0.5], "texture": "#3"}
			}
		},
		{
			"name": "octagon",
			"from": [8.075, 3.52751, 5.05],
			"to": [8.175, 3.67249, 11.75],
			"rotation": {"angle": 0, "axis": "y", "origin": [8, 3.6, 7.45]},
			"faces": {
				"north": {"uv": [0.5, 0, 0, 0.5], "texture": "#3"},
				"east": {"uv": [0.5, 0, 0, 0.5], "texture": "#3"},
				"south": {"uv": [0.5, 0, 0, 0.5], "texture": "#3"},
				"west": {"uv": [0.5, 0, 0, 0.5], "texture": "#3"},
				"up": {"uv": [0.5, 0, 0, 0.5], "texture": "#3"},
				"down": {"uv": [0.5, 0, 0, 0.5], "texture": "#3"}
			}
		},
		{
			"name": "octagon",
			"from": [7.825, 3.52751, 5.05],
			"to": [7.925, 3.67249, 11.75],
			"rotation": {"angle": -45, "axis": "z", "origin": [8, 3.6, 7.45]},
			"faces": {
				"north": {"uv": [0.5, 0, 0, 0.5], "texture": "#3"},
				"east": {"uv": [0.5, 0, 0, 0.5], "texture": "#3"},
				"south": {"uv": [0.5, 0, 0, 0.5], "texture": "#3"},
				"west": {"uv": [0.5, 0, 0, 0.5], "texture": "#3"},
				"up": {"uv": [0.5, 0, 0, 0.5], "texture": "#3"},
				"down": {"uv": [0.5, 0, 0, 0.5], "texture": "#3"}
			}
		},
		{
			"name": "octagon",
			"from": [7.825, 3.52751, 5.05],
			"to": [7.925, 3.67249, 11.75],
			"rotation": {"angle": 0, "axis": "y", "origin": [8, 3.6, 7.45]},
			"faces": {
				"north": {"uv": [0.5, 0, 0, 0.5], "texture": "#3"},
				"east": {"uv": [0.5, 0, 0, 0.5], "texture": "#3"},
				"south": {"uv": [0.5, 0, 0, 0.5], "texture": "#3"},
				"west": {"uv": [0.5, 0, 0, 0.5], "texture": "#3"},
				"up": {"uv": [0.5, 0, 0, 0.5], "texture": "#3"},
				"down": {"uv": [0.5, 0, 0, 0.5], "texture": "#3"}
			}
		}
	],
	"display": {
		"thirdperson_righthand": {
			"translation": [0, 11, -13.25],
			"scale": [2.05, 2.05, 2.05]
		},
		"thirdperson_lefthand": {
			"translation": [0, 11, -13.25],
			"scale": [2.05, 2.05, 2.05]
		},
		"firstperson_righthand": {
			"translation": [-5, 10.75, -3],
			"scale": [1.25, 1.25, 1.25]
		},
		"firstperson_lefthand": {
			"translation": [-5, 10.75, -3],
			"scale": [1.25, 1.25, 1.25]
		},
		"ground": {
			"translation": [0, 11.5, -6.25],
			"scale": [1.85, 1.85, 1.85]
		},
		"gui": {
			"rotation": [30, 225, 0],
			"translation": [3.75, 4.75, 0],
			"scale": [1.75, 1.75, 1.75]
		},
		"fixed": {
			"rotation": [0, 90, 0],
			"translation": [-8.5, 12.75, -2.25],
			"scale": [2.5, 2.5, 2.5]
		}
	},
	"groups": [
		0,
		1,
		2,
		3,
		4,
		5,
		6,
		7,
		8,
		9,
		10,
		11,
		12,
		13,
		14,
		15,
		16,
		17,
		18,
		19,
		20,
		21,
		22,
		23,
		24,
		25,
		26,
		{
			"name": "gas tube cover",
			"origin": [8, 8, 8],
			"color": 0,
			"children": [27, 28, 29, 30, 31]
		},
		{
			"name": "trigger",
			"origin": [8, 2.0875, 14.5375],
			"color": 0,
			"children": [32, 33]
		},
		{
			"name": "gas tube",
			"origin": [8, 8, 8],
			"color": 0,
			"children": [
				34,
				35,
				36,
				37,
				38,
				39,
				40,
				41,
				42,
				{
					"name": "group",
					"origin": [8, 3.9, 9.75],
					"color": 0,
					"children": [43, 44, 45, 46, 47]
				}
			]
		},
		{
			"name": "front sight",
			"origin": [8, 4.29608, 8.82034],
			"color": 0,
			"children": [48, 49, 50, 51, 52, 53]
		},
		{
			"name": "barrel",
			"origin": [8, 8, 8],
			"color": 0,
			"children": [54, 55, 56, 57, 58, 59, 60, 61]
		}
	]
}
