{
	"credit": "Made with Blockbench by SirSpark1313",
	"texture_size": [32, 32],
	"textures": {
		"0": "additionalguns:item/schwarzlose",
		"particle": "additionalguns:item/schwarzlose"
	},
	"elements": [
		{
			"name": "octagon",
			"from": [7.79289, 5.5, 4.25],
			"to": [8.20711, 5.8, 7.05],
			"rotation": {"angle": 45, "axis": "z", "origin": [8, 6, 6]},
			"faces": {
				"north": {"uv": [0.5, 11, 0.75, 11.25], "texture": "#0"},
				"east": {"uv": [6.5, 5, 8, 5.25], "texture": "#0"},
				"south": {"uv": [11, 0.5, 11.25, 0.75], "texture": "#0"},
				"west": {"uv": [6.5, 5.5, 8, 5.75], "texture": "#0"},
				"up": {"uv": [5.25, 8, 5, 6.5], "texture": "#0"},
				"down": {"uv": [6.75, 6, 6.5, 7.5], "texture": "#0"}
			}
		},
		{
			"name": "octagon",
			"from": [7.79289, 5.5, 4.25],
			"to": [8.20711, 5.8, 7.05],
			"rotation": {"angle": 0, "axis": "z", "origin": [8, 6, 6]},
			"faces": {
				"north": {"uv": [11, 1, 11.25, 1.25], "texture": "#0"},
				"east": {"uv": [0, 7, 1.5, 7.25], "texture": "#0"},
				"south": {"uv": [1.5, 11, 1.75, 11.25], "texture": "#0"},
				"west": {"uv": [3, 7, 4.5, 7.25], "texture": "#0"},
				"up": {"uv": [1.75, 8.5, 1.5, 7], "texture": "#0"},
				"down": {"uv": [7.25, 3, 7, 4.5], "texture": "#0"}
			}
		},
		{
			"name": "octagon",
			"from": [7.79289, 6.2, 4.25],
			"to": [8.20711, 6.5, 7.05],
			"rotation": {"angle": 45, "axis": "z", "origin": [8, 6, 6]},
			"faces": {
				"north": {"uv": [11, 1.5, 11.25, 1.75], "texture": "#0"},
				"east": {"uv": [7, 4.5, 8.5, 4.75], "texture": "#0"},
				"south": {"uv": [11, 2, 11.25, 2.25], "texture": "#0"},
				"west": {"uv": [7, 6, 8.5, 6.25], "texture": "#0"},
				"up": {"uv": [4.75, 8.5, 4.5, 7], "texture": "#0"},
				"down": {"uv": [5.75, 7, 5.5, 8.5], "texture": "#0"}
			}
		},
		{
			"name": "octagon",
			"from": [7.79289, 6.2, 4.25],
			"to": [8.20711, 6.5, 7.05],
			"rotation": {"angle": 0, "axis": "z", "origin": [8, 6, 6]},
			"faces": {
				"north": {"uv": [2.5, 11, 2.75, 11.25], "texture": "#0"},
				"east": {"uv": [7, 6.5, 8.5, 6.75], "texture": "#0"},
				"south": {"uv": [11, 2.5, 11.25, 2.75], "texture": "#0"},
				"west": {"uv": [7, 7, 8.5, 7.25], "texture": "#0"},
				"up": {"uv": [6.25, 8.5, 6, 7], "texture": "#0"},
				"down": {"uv": [0.25, 7.5, 0, 9], "texture": "#0"}
			}
		},
		{
			"name": "octagon",
			"from": [7.5, 5.79289, 4.25],
			"to": [7.8, 6.20711, 7.05],
			"rotation": {"angle": 45, "axis": "z", "origin": [8, 6, 6]},
			"faces": {
				"north": {"uv": [3, 11, 3.25, 11.25], "texture": "#0"},
				"east": {"uv": [7.5, 0, 9, 0.25], "texture": "#0"},
				"south": {"uv": [11, 3, 11.25, 3.25], "texture": "#0"},
				"west": {"uv": [7.5, 0.5, 9, 0.75], "texture": "#0"},
				"up": {"uv": [0.75, 9, 0.5, 7.5], "texture": "#0"},
				"down": {"uv": [1.25, 7.5, 1, 9], "texture": "#0"}
			}
		},
		{
			"name": "octagon",
			"from": [7.5, 5.79289, 4.25],
			"to": [7.8, 6.20711, 7.05],
			"rotation": {"angle": 0, "axis": "z", "origin": [8, 6, 6]},
			"faces": {
				"north": {"uv": [3.5, 11, 3.75, 11.25], "texture": "#0"},
				"east": {"uv": [7.5, 1, 9, 1.25], "texture": "#0"},
				"south": {"uv": [11, 3.5, 11.25, 3.75], "texture": "#0"},
				"west": {"uv": [7.5, 1.5, 9, 1.75], "texture": "#0"},
				"up": {"uv": [7.75, 3.5, 7.5, 2], "texture": "#0"},
				"down": {"uv": [3.25, 7.5, 3, 9], "texture": "#0"}
			}
		},
		{
			"name": "octagon",
			"from": [8.2, 5.79289, 4.25],
			"to": [8.5, 6.20711, 7.05],
			"rotation": {"angle": 45, "axis": "z", "origin": [8, 6, 6]},
			"faces": {
				"north": {"uv": [4, 11, 4.25, 11.25], "texture": "#0"},
				"east": {"uv": [7.5, 3.5, 9, 3.75], "texture": "#0"},
				"south": {"uv": [11, 4, 11.25, 4.25], "texture": "#0"},
				"west": {"uv": [7.5, 4, 9, 4.25], "texture": "#0"},
				"up": {"uv": [3.75, 9, 3.5, 7.5], "texture": "#0"},
				"down": {"uv": [4.25, 7.5, 4, 9], "texture": "#0"}
			}
		},
		{
			"name": "octagon",
			"from": [8.2, 5.79289, 4.25],
			"to": [8.5, 6.20711, 7.05],
			"rotation": {"angle": 0, "axis": "z", "origin": [8, 6, 6]},
			"faces": {
				"north": {"uv": [4.5, 11, 4.75, 11.25], "texture": "#0"},
				"east": {"uv": [6.5, 7.5, 8, 7.75], "texture": "#0"},
				"south": {"uv": [11, 4.5, 11.25, 4.75], "texture": "#0"},
				"west": {"uv": [8, 2, 9.5, 2.25], "texture": "#0"},
				"up": {"uv": [2.25, 9.5, 2, 8], "texture": "#0"},
				"down": {"uv": [2.75, 8, 2.5, 9.5], "texture": "#0"}
			}
		},
		{
			"name": "octagon",
			"from": [7.71005, 6.2, 7],
			"to": [8.28995, 6.7, 10],
			"rotation": {"angle": 45, "axis": "z", "origin": [8, 6, 8]},
			"faces": {
				"north": {"uv": [5, 11, 5.25, 11.25], "texture": "#0"},
				"east": {"uv": [8, 2.5, 9.5, 2.75], "texture": "#0"},
				"south": {"uv": [11, 5, 11.25, 5.25], "texture": "#0"},
				"west": {"uv": [8, 3, 9.5, 3.25], "texture": "#0"},
				"up": {"uv": [5.25, 9.5, 5, 8], "texture": "#0"},
				"down": {"uv": [6.75, 8, 6.5, 9.5], "texture": "#0"}
			}
		},
		{
			"name": "octagon",
			"from": [7.71005, 6.2, 7],
			"to": [8.28995, 6.7, 10],
			"rotation": {"angle": 0, "axis": "z", "origin": [8, 6, 8]},
			"faces": {
				"north": {"uv": [5.5, 11, 5.75, 11.25], "texture": "#0"},
				"east": {"uv": [8, 5, 9.5, 5.25], "texture": "#0"},
				"south": {"uv": [11, 5.5, 11.25, 5.75], "texture": "#0"},
				"west": {"uv": [8, 5.5, 9.5, 5.75], "texture": "#0"},
				"up": {"uv": [7.25, 9.5, 7, 8], "texture": "#0"},
				"down": {"uv": [7.75, 8, 7.5, 9.5], "texture": "#0"}
			}
		},
		{
			"name": "octagon",
			"from": [7.3, 5.71005, 7],
			"to": [7.8, 6.28995, 10],
			"rotation": {"angle": 0, "axis": "z", "origin": [8, 6, 8]},
			"faces": {
				"north": {"uv": [6, 11, 6.25, 11.25], "texture": "#0"},
				"east": {"uv": [8, 7.5, 9.5, 7.75], "texture": "#0"},
				"south": {"uv": [11, 6, 11.25, 6.25], "texture": "#0"},
				"west": {"uv": [8, 8, 9.5, 8.25], "texture": "#0"},
				"up": {"uv": [1.75, 10, 1.5, 8.5], "texture": "#0"},
				"down": {"uv": [4.75, 8.5, 4.5, 10], "texture": "#0"}
			}
		},
		{
			"name": "octagon",
			"from": [8.2, 5.71005, 7],
			"to": [8.7, 6.28995, 10],
			"rotation": {"angle": 45, "axis": "z", "origin": [8, 6, 8]},
			"faces": {
				"north": {"uv": [6.5, 11, 6.75, 11.25], "texture": "#0"},
				"east": {"uv": [8.5, 4.5, 10, 4.75], "texture": "#0"},
				"south": {"uv": [11, 6.5, 11.25, 6.75], "texture": "#0"},
				"west": {"uv": [8.5, 6, 10, 6.25], "texture": "#0"},
				"up": {"uv": [5.75, 10, 5.5, 8.5], "texture": "#0"},
				"down": {"uv": [6.25, 8.5, 6, 10], "texture": "#0"}
			}
		},
		{
			"name": "octagon",
			"from": [8.2, 5.71005, 7],
			"to": [8.7, 6.28995, 10],
			"rotation": {"angle": 0, "axis": "z", "origin": [8, 6, 8]},
			"faces": {
				"north": {"uv": [7, 11, 7.25, 11.25], "texture": "#0"},
				"east": {"uv": [8.5, 6.5, 10, 6.75], "texture": "#0"},
				"south": {"uv": [11, 7, 11.25, 7.25], "texture": "#0"},
				"west": {"uv": [8.5, 7, 10, 7.25], "texture": "#0"},
				"up": {"uv": [8.25, 10, 8, 8.5], "texture": "#0"},
				"down": {"uv": [8.75, 8.5, 8.5, 10], "texture": "#0"}
			}
		},
		{
			"name": "octagon",
			"from": [7.66863, 5.2, 11.5],
			"to": [8.33137, 6.8, 14.6],
			"rotation": {"angle": 45, "axis": "z", "origin": [8, 6, 13.5]},
			"faces": {
				"north": {"uv": [1.5, 10, 1.75, 10.75], "texture": "#0"},
				"east": {"uv": [3, 4, 4.5, 4.75], "texture": "#0"},
				"south": {"uv": [10, 2, 10.25, 2.75], "texture": "#0"},
				"west": {"uv": [4.5, 4, 6, 4.75], "texture": "#0"},
				"up": {"uv": [0.25, 10.5, 0, 9], "texture": "#0"},
				"down": {"uv": [9.25, 0, 9, 1.5], "texture": "#0"}
			}
		},
		{
			"name": "octagon",
			"from": [7.66863, 5.2, 11.5],
			"to": [8.33137, 6.8, 14.6],
			"rotation": {"angle": 0, "axis": "z", "origin": [8, 6, 13.5]},
			"faces": {
				"north": {"uv": [4.5, 10, 4.75, 10.75], "texture": "#0"},
				"east": {"uv": [5, 2, 6.5, 2.75], "texture": "#0"},
				"south": {"uv": [10, 4.5, 10.25, 5.25], "texture": "#0"},
				"west": {"uv": [3, 5, 4.5, 5.75], "texture": "#0"},
				"up": {"uv": [0.75, 10.5, 0.5, 9], "texture": "#0"},
				"down": {"uv": [1.25, 9, 1, 10.5], "texture": "#0"}
			}
		},
		{
			"name": "octagon",
			"from": [7.2, 5.66863, 11.5],
			"to": [8.8, 6.33137, 14.6],
			"rotation": {"angle": 45, "axis": "z", "origin": [8, 6, 13.5]},
			"faces": {
				"north": {"uv": [5, 10, 5.75, 10.25], "texture": "#0"},
				"east": {"uv": [9, 1.5, 10.5, 1.75], "texture": "#0"},
				"south": {"uv": [10, 5.5, 10.75, 5.75], "texture": "#0"},
				"west": {"uv": [3, 9, 4.5, 9.25], "texture": "#0"},
				"up": {"uv": [5.25, 6.5, 4.5, 5], "texture": "#0"},
				"down": {"uv": [0.75, 5.5, 0, 7], "texture": "#0"}
			}
		},
		{
			"name": "octagon",
			"from": [7.2, 5.66863, 11.5],
			"to": [8.8, 6.33137, 14.6],
			"rotation": {"angle": 0, "axis": "z", "origin": [8, 6, 13.5]},
			"faces": {
				"north": {"uv": [6, 10, 6.75, 10.25], "texture": "#0"},
				"east": {"uv": [9, 3.5, 10.5, 3.75], "texture": "#0"},
				"south": {"uv": [10, 6, 10.75, 6.25], "texture": "#0"},
				"west": {"uv": [9, 4, 10.5, 4.25], "texture": "#0"},
				"up": {"uv": [6.25, 1.5, 5.5, 0], "texture": "#0"},
				"down": {"uv": [1.75, 5.5, 1, 7], "texture": "#0"}
			}
		},
		{
			"name": "octagon",
			"from": [7.65206, 4.91, 14.25],
			"to": [8.34794, 7.09, 14.9],
			"rotation": {"angle": 45, "axis": "z", "origin": [8, 6, 15.25]},
			"faces": {
				"north": {"uv": [2, 9.5, 2.25, 10.5], "texture": "#0"},
				"east": {"uv": [9.5, 2, 9.75, 3], "texture": "#0"},
				"south": {"uv": [2.5, 9.5, 2.75, 10.5], "texture": "#0"},
				"west": {"uv": [3, 9.5, 3.25, 10.5], "texture": "#0"},
				"up": {"uv": [11.25, 10.75, 11, 10.5], "texture": "#0"},
				"down": {"uv": [11.25, 11, 11, 11.25], "texture": "#0"}
			}
		},
		{
			"name": "octagon",
			"from": [7.65206, 5.16, 14.25],
			"to": [8.34794, 6.84, 14.9],
			"rotation": {"angle": 0, "axis": "z", "origin": [8, 6, 15.25]},
			"faces": {
				"north": {"uv": [10, 6.5, 10.25, 7.25], "texture": "#0"},
				"east": {"uv": [7, 10, 7.25, 10.75], "texture": "#0"},
				"south": {"uv": [7.5, 10, 7.75, 10.75], "texture": "#0"},
				"west": {"uv": [8, 10, 8.25, 10.75], "texture": "#0"},
				"up": {"uv": [0.25, 11.75, 0, 11.5], "texture": "#0"},
				"down": {"uv": [11.75, 0, 11.5, 0.25], "texture": "#0"}
			}
		},
		{
			"name": "octagon",
			"from": [7.16, 5.65206, 14.25],
			"to": [8.84, 6.34794, 14.9],
			"rotation": {"angle": 45, "axis": "z", "origin": [8, 6, 15.25]},
			"faces": {
				"north": {"uv": [10, 7.5, 10.75, 7.75], "texture": "#0"},
				"east": {"uv": [0.5, 11.5, 0.75, 11.75], "texture": "#0"},
				"south": {"uv": [8.5, 10, 9.25, 10.25], "texture": "#0"},
				"west": {"uv": [11.5, 0.5, 11.75, 0.75], "texture": "#0"},
				"up": {"uv": [10.75, 8.75, 10, 8.5], "texture": "#0"},
				"down": {"uv": [10.75, 9, 10, 9.25], "texture": "#0"}
			}
		},
		{
			"name": "octagon",
			"from": [7.16, 5.65206, 14.25],
			"to": [8.84, 6.34794, 14.9],
			"rotation": {"angle": 0, "axis": "z", "origin": [8, 6, 15.25]},
			"faces": {
				"north": {"uv": [9.5, 10, 10.25, 10.25], "texture": "#0"},
				"east": {"uv": [1, 11.5, 1.25, 11.75], "texture": "#0"},
				"south": {"uv": [10, 9.5, 10.75, 9.75], "texture": "#0"},
				"west": {"uv": [11.5, 1, 11.75, 1.25], "texture": "#0"},
				"up": {"uv": [0.75, 10.75, 0, 10.5], "texture": "#0"},
				"down": {"uv": [11.25, 0, 10.5, 0.25], "texture": "#0"}
			}
		},
		{
			"from": [6.96, 5.75, 10],
			"to": [9.04, 6.75, 11.75],
			"rotation": {"angle": 0, "axis": "y", "origin": [-7, 3, -6]},
			"faces": {
				"north": {"uv": [5.5, 1.5, 6.5, 2], "texture": "#0"},
				"east": {"uv": [6.5, 2, 7.5, 2.5], "texture": "#0"},
				"south": {"uv": [6.5, 2.5, 7.5, 3], "texture": "#0"},
				"west": {"uv": [4, 6.5, 5, 7], "texture": "#0"},
				"up": {"uv": [6, 4, 5, 3], "texture": "#0"},
				"down": {"uv": [6.5, 5, 5.5, 6], "texture": "#0"}
			}
		},
		{
			"from": [6.96, 6.525, 10.25],
			"to": [9.04, 6.95, 11.5],
			"rotation": {"angle": 0, "axis": "y", "origin": [-7, 3, -6]},
			"faces": {
				"north": {"uv": [9.5, 0, 10.5, 0.25], "texture": "#0"},
				"east": {"uv": [9.5, 8, 10.25, 8.25], "texture": "#0"},
				"south": {"uv": [9.5, 0.5, 10.5, 0.75], "texture": "#0"},
				"west": {"uv": [9, 9.5, 9.75, 9.75], "texture": "#0"},
				"up": {"uv": [7, 4.75, 6, 4], "texture": "#0"},
				"down": {"uv": [6.5, 6, 5.5, 6.75], "texture": "#0"}
			}
		},
		{
			"from": [6.96, 4.5, 7.05],
			"to": [9.04, 5.75, 14.25],
			"rotation": {"angle": 0, "axis": "y", "origin": [-7, 3, -6]},
			"faces": {
				"north": {"uv": [3, 6, 4, 6.75], "texture": "#0"},
				"east": {"uv": [2, 0, 5.5, 0.75], "texture": "#0"},
				"south": {"uv": [6, 3, 7, 3.75], "texture": "#0"},
				"west": {"uv": [2, 1, 5.5, 1.75], "texture": "#0"},
				"up": {"uv": [1, 3.5, 0, 0], "texture": "#0"},
				"down": {"uv": [2, 0, 1, 3.5], "texture": "#0"}
			}
		},
		{
			"from": [7.9, 6.5, 4.6],
			"to": [8.1, 7.075, 5],
			"rotation": {"angle": 0, "axis": "y", "origin": [12, 10.7, 2.25]},
			"faces": {
				"north": {"uv": [7.5, 11, 7.75, 11.25], "texture": "#0"},
				"east": {"uv": [11, 7.5, 11.25, 7.75], "texture": "#0"},
				"south": {"uv": [8, 11, 8.25, 11.25], "texture": "#0"},
				"west": {"uv": [11, 8, 11.25, 8.25], "texture": "#0"},
				"up": {"uv": [8.75, 11.25, 8.5, 11], "texture": "#0"}
			}
		},
		{
			"from": [7.9, 6.19779, 4.86187],
			"to": [8.1, 7.01779, 5.26187],
			"rotation": {"angle": -45, "axis": "x", "origin": [8, 6.73029, 5.06187]},
			"faces": {
				"north": {"uv": [7.5, 11, 7.75, 11.25], "texture": "#0"},
				"east": {"uv": [11, 7.5, 11.25, 7.75], "texture": "#0"},
				"south": {"uv": [8, 11, 8.25, 11.25], "texture": "#0"},
				"west": {"uv": [11, 8, 11.25, 8.25], "texture": "#0"},
				"up": {"uv": [8.75, 11.25, 8.5, 11], "texture": "#0"}
			}
		},
		{
			"name": "octagon",
			"from": [7.83431, 6.625, 10.5],
			"to": [8.16569, 6.875, 11.3],
			"rotation": {"angle": 45, "axis": "y", "origin": [8, 5.875, 10.9]},
			"faces": {
				"north": {"uv": [11, 8.5, 11.25, 8.75], "texture": "#0"},
				"east": {"uv": [2.5, 10.5, 3, 10.75], "texture": "#0"},
				"south": {"uv": [9, 11, 9.25, 11.25], "texture": "#0"},
				"west": {"uv": [10.5, 2.5, 11, 2.75], "texture": "#0"},
				"up": {"uv": [3.25, 11, 3, 10.5], "texture": "#0"},
				"down": {"uv": [10.75, 3, 10.5, 3.5], "texture": "#0"}
			}
		},
		{
			"name": "octagon",
			"from": [7.9218, 6.625, 10.98875],
			"to": [8.25318, 7.225, 11.08875],
			"rotation": {"angle": 45, "axis": "y", "origin": [8.29875, 6.85, 10.89999]},
			"faces": {
				"north": {"uv": [6.5, 4.25, 6.63125, 4.25625], "texture": "#0"},
				"east": {"uv": [6.5, 4.25, 6.63125, 4.25625], "texture": "#0"},
				"south": {"uv": [6.5, 4.25, 6.63125, 4.25625], "texture": "#0"},
				"west": {"uv": [6.5, 4.25, 6.63125, 4.25625], "texture": "#0"},
				"up": {"uv": [6.5, 4.25, 6.63125, 4.25625], "texture": "#0"},
				"down": {"uv": [6.5, 4.25, 6.63125, 4.25625], "texture": "#0"}
			}
		},
		{
			"name": "octagon",
			"from": [7.51249, 6.625, 10.52305],
			"to": [7.61249, 7.225, 10.85443],
			"rotation": {"angle": -45, "axis": "y", "origin": [7.70125, 6.85, 10.89999]},
			"faces": {
				"north": {"uv": [6.5, 4.25, 6.63125, 4.25625], "texture": "#0"},
				"east": {"uv": [6.5, 4.25, 6.63125, 4.25625], "texture": "#0"},
				"south": {"uv": [6.5, 4.25, 6.63125, 4.25625], "texture": "#0"},
				"west": {"uv": [6.5, 4.25, 6.63125, 4.25625], "texture": "#0"},
				"up": {"uv": [6.5, 4.25, 6.63125, 4.25625], "texture": "#0"},
				"down": {"uv": [6.5, 4.25, 6.63125, 4.25625], "texture": "#0"}
			}
		},
		{
			"name": "octagon",
			"from": [7.6, 6.625, 10.7343],
			"to": [7.7, 7.225, 11.06568],
			"rotation": {"angle": 0, "axis": "y", "origin": [7.70125, 6.85, 10.89999]},
			"faces": {
				"north": {"uv": [6.5, 4.25, 6.63125, 4.25625], "texture": "#0"},
				"east": {"uv": [6.5, 4.25, 6.63125, 4.25625], "texture": "#0"},
				"south": {"uv": [6.5, 4.25, 6.63125, 4.25625], "texture": "#0"},
				"west": {"uv": [6.5, 4.25, 6.63125, 4.25625], "texture": "#0"},
				"up": {"uv": [6.5, 4.25, 6.63125, 4.25625], "texture": "#0"},
				"down": {"uv": [6.5, 4.25, 6.63125, 4.25625], "texture": "#0"}
			}
		},
		{
			"name": "octagon",
			"from": [7.74682, 6.625, 10.98875],
			"to": [8.0782, 7.225, 11.08875],
			"rotation": {"angle": -45, "axis": "y", "origin": [7.70125, 6.85, 10.89999]},
			"faces": {
				"north": {"uv": [6.5, 4.25, 6.63125, 4.25625], "texture": "#0"},
				"east": {"uv": [6.5, 4.25, 6.63125, 4.25625], "texture": "#0"},
				"south": {"uv": [6.5, 4.25, 6.63125, 4.25625], "texture": "#0"},
				"west": {"uv": [6.5, 4.25, 6.63125, 4.25625], "texture": "#0"},
				"up": {"uv": [6.5, 4.25, 6.63125, 4.25625], "texture": "#0"},
				"down": {"uv": [6.5, 4.25, 6.63125, 4.25625], "texture": "#0"}
			}
		},
		{
			"name": "octagon",
			"from": [8.38751, 6.625, 10.52305],
			"to": [8.48751, 7.225, 10.85443],
			"rotation": {"angle": 45, "axis": "y", "origin": [8.29875, 6.85, 10.89999]},
			"faces": {
				"north": {"uv": [6.5, 4.25, 6.63125, 4.25625], "texture": "#0"},
				"east": {"uv": [6.5, 4.25, 6.63125, 4.25625], "texture": "#0"},
				"south": {"uv": [6.5, 4.25, 6.63125, 4.25625], "texture": "#0"},
				"west": {"uv": [6.5, 4.25, 6.63125, 4.25625], "texture": "#0"},
				"up": {"uv": [6.5, 4.25, 6.63125, 4.25625], "texture": "#0"},
				"down": {"uv": [6.5, 4.25, 6.63125, 4.25625], "texture": "#0"}
			}
		},
		{
			"name": "octagon",
			"from": [8.3, 6.625, 10.7343],
			"to": [8.4, 7.225, 11.06568],
			"rotation": {"angle": 0, "axis": "y", "origin": [8.29875, 6.85, 10.89999]},
			"faces": {
				"north": {"uv": [6.5, 4.25, 6.63125, 4.25625], "texture": "#0"},
				"east": {"uv": [6.5, 4.25, 6.63125, 4.25625], "texture": "#0"},
				"south": {"uv": [6.5, 4.25, 6.63125, 4.25625], "texture": "#0"},
				"west": {"uv": [6.5, 4.25, 6.63125, 4.25625], "texture": "#0"},
				"up": {"uv": [6.5, 4.25, 6.63125, 4.25625], "texture": "#0"},
				"down": {"uv": [6.5, 4.25, 6.63125, 4.25625], "texture": "#0"}
			}
		},
		{
			"name": "octagon",
			"from": [7.83432, 6.625, 10.9],
			"to": [8.1657, 7.05, 11.3],
			"rotation": {"angle": 0, "axis": "y", "origin": [8.00001, 6.8875, 11.25]},
			"faces": {
				"north": {"uv": [6.5, 4.25, 6.63125, 4.25625], "texture": "#0"},
				"east": {"uv": [6.5, 4.25, 6.63125, 4.25625], "texture": "#0"},
				"south": {"uv": [6.5, 4.25, 6.63125, 4.25625], "texture": "#0"},
				"west": {"uv": [6.5, 4.25, 6.63125, 4.25625], "texture": "#0"},
				"up": {"uv": [6.5, 4.25, 6.63125, 4.25625], "rotation": 270, "texture": "#0"},
				"down": {"uv": [6.5, 4.25, 6.63125, 4.25625], "rotation": 90, "texture": "#0"}
			}
		},
		{
			"name": "octagon",
			"from": [7.83432, 6.625, 10.5],
			"to": [8.1657, 7.05, 10.9],
			"rotation": {"angle": 0, "axis": "y", "origin": [8.00001, 6.8875, 10.55]},
			"faces": {
				"north": {"uv": [6.5, 4.25, 6.63125, 4.25625], "texture": "#0"},
				"east": {"uv": [6.5, 4.25, 6.63125, 4.25625], "texture": "#0"},
				"south": {"uv": [6.5, 4.25, 6.63125, 4.25625], "texture": "#0"},
				"west": {"uv": [6.5, 4.25, 6.63125, 4.25625], "texture": "#0"},
				"up": {"uv": [6.5, 4.25, 6.63125, 4.25625], "rotation": 270, "texture": "#0"},
				"down": {"uv": [6.5, 4.25, 6.63125, 4.25625], "rotation": 90, "texture": "#0"}
			}
		},
		{
			"name": "octagon",
			"from": [7.70385, 6.625, 10.63282],
			"to": [8.29617, 7.05, 11.16719],
			"rotation": {"angle": 0, "axis": "y", "origin": [8.00001, 6.8875, 10.75]},
			"faces": {
				"north": {"uv": [6.5, 4.25, 6.63125, 4.25625], "texture": "#0"},
				"east": {"uv": [6.5, 4.25, 6.63125, 4.25625], "texture": "#0"},
				"south": {"uv": [6.5, 4.25, 6.63125, 4.25625], "texture": "#0"},
				"west": {"uv": [6.5, 4.25, 6.63125, 4.25625], "texture": "#0"},
				"up": {"uv": [6.5, 4.25, 6.63125, 4.25625], "rotation": 270, "texture": "#0"},
				"down": {"uv": [6.5, 4.25, 6.63125, 4.25625], "rotation": 90, "texture": "#0"}
			}
		},
		{
			"name": "octagon",
			"from": [7.83431, 6.625, 10.5],
			"to": [8.16569, 6.875, 11.3],
			"rotation": {"angle": 0, "axis": "y", "origin": [8, 5.875, 10.9]},
			"faces": {
				"north": {"uv": [11, 9, 11.25, 9.25], "texture": "#0"},
				"east": {"uv": [3.5, 10.5, 4, 10.75], "texture": "#0"},
				"south": {"uv": [9.5, 11, 9.75, 11.25], "texture": "#0"},
				"west": {"uv": [10.5, 3.5, 11, 3.75], "texture": "#0"},
				"up": {"uv": [4.25, 11, 4, 10.5], "texture": "#0"},
				"down": {"uv": [10.75, 4, 10.5, 4.5], "texture": "#0"}
			}
		},
		{
			"name": "octagon",
			"from": [7.6, 6.625, 10.73431],
			"to": [8.4, 6.875, 11.06569],
			"rotation": {"angle": 45, "axis": "y", "origin": [8, 5.875, 10.9]},
			"faces": {
				"north": {"uv": [10.5, 4.5, 11, 4.75], "texture": "#0"},
				"east": {"uv": [11, 9.5, 11.25, 9.75], "texture": "#0"},
				"south": {"uv": [5, 10.5, 5.5, 10.75], "texture": "#0"},
				"west": {"uv": [10, 11, 10.25, 11.25], "texture": "#0"},
				"up": {"uv": [11, 5.25, 10.5, 5], "texture": "#0"},
				"down": {"uv": [6, 10.5, 5.5, 10.75], "texture": "#0"}
			}
		},
		{
			"name": "octagon",
			"from": [7.6, 6.625, 10.73431],
			"to": [8.4, 6.875, 11.06569],
			"rotation": {"angle": 0, "axis": "y", "origin": [8, 5.875, 10.9]},
			"faces": {
				"north": {"uv": [6, 10.5, 6.5, 10.75], "texture": "#0"},
				"east": {"uv": [11, 10, 11.25, 10.25], "texture": "#0"},
				"south": {"uv": [6.5, 10.5, 7, 10.75], "texture": "#0"},
				"west": {"uv": [10.5, 11, 10.75, 11.25], "texture": "#0"},
				"up": {"uv": [11, 6.75, 10.5, 6.5], "texture": "#0"},
				"down": {"uv": [11, 7, 10.5, 7.25], "texture": "#0"}
			}
		},
		{
			"from": [7.25, 1.5, 12.75],
			"to": [8.75, 5, 14.25],
			"rotation": {"angle": -22.5, "axis": "x", "origin": [8.5, 3.5, 13.5]},
			"faces": {
				"north": {"uv": [2, 2, 2.75, 3.75], "texture": "#0"},
				"east": {"uv": [3, 2, 3.75, 3.75], "texture": "#0"},
				"south": {"uv": [0, 3.5, 0.75, 5.25], "texture": "#0"},
				"west": {"uv": [1, 3.5, 1.75, 5.25], "texture": "#0"},
				"up": {"uv": [7.25, 0.75, 6.5, 0], "texture": "#0"},
				"down": {"uv": [7.25, 1, 6.5, 1.75], "texture": "#0"}
			}
		},
		{
			"from": [7.65, 3.65, 10.95],
			"to": [8.35, 5.35, 11.25],
			"rotation": {"angle": 0, "axis": "x", "origin": [8.5, 3.5, 13.35]},
			"faces": {
				"north": {"uv": [10.5, 0.5, 10.75, 1.25], "texture": "#0"},
				"east": {"uv": [1, 10.5, 1.25, 11.25], "texture": "#0"},
				"south": {"uv": [10.5, 1.5, 10.75, 2.25], "texture": "#0"},
				"west": {"uv": [2, 10.5, 2.25, 11.25], "texture": "#0"},
				"up": {"uv": [2.25, 11.75, 2, 11.5], "texture": "#0"},
				"down": {"uv": [11.75, 2, 11.5, 2.25], "texture": "#0"}
			}
		},
		{
			"from": [7.15, 1.65, 13],
			"to": [8.85, 5, 14],
			"rotation": {"angle": -22.5, "axis": "x", "origin": [8.5, 3.5, 13.5]},
			"faces": {
				"north": {"uv": [2, 4, 2.75, 5.75], "texture": "#0"},
				"east": {"uv": [2, 6, 2.5, 7.75], "texture": "#0"},
				"south": {"uv": [4, 2, 4.75, 3.75], "texture": "#0"},
				"west": {"uv": [2.5, 6, 3, 7.75], "texture": "#0"},
				"up": {"uv": [9.75, 9, 9, 8.5], "texture": "#0"},
				"down": {"uv": [9.75, 9, 9, 9.5], "texture": "#0"}
			}
		},
		{
			"from": [7.825, 4.9, 12.75],
			"to": [8.075, 5.2, 13.35],
			"rotation": {"angle": -45, "axis": "x", "origin": [8.5, 3.5, 13.5]},
			"faces": {
				"north": {"uv": [2.5, 11.5, 2.75, 11.75], "texture": "#0"},
				"east": {"uv": [10.5, 8, 11, 8.25], "texture": "#0"},
				"south": {"uv": [11.5, 2.5, 11.75, 2.75], "texture": "#0"},
				"west": {"uv": [8.5, 10.5, 9, 10.75], "texture": "#0"},
				"up": {"uv": [9.25, 11, 9, 10.5], "texture": "#0"},
				"down": {"uv": [9.75, 10.5, 9.5, 11], "texture": "#0"}
			}
		},
		{
			"from": [7.65, 3.35, 11.25],
			"to": [8.35, 3.65, 13],
			"rotation": {"angle": 0, "axis": "x", "origin": [8.5, 3.5, 13.5]},
			"faces": {
				"north": {"uv": [1.5, 11.5, 1.75, 11.75], "texture": "#0"},
				"east": {"uv": [9.5, 1, 10.5, 1.25], "texture": "#0"},
				"south": {"uv": [11.5, 1.5, 11.75, 1.75], "texture": "#0"},
				"west": {"uv": [9.5, 3, 10.5, 3.25], "texture": "#0"},
				"up": {"uv": [3.75, 10.5, 3.5, 9.5], "texture": "#0"},
				"down": {"uv": [4.25, 9.5, 4, 10.5], "texture": "#0"}
			}
		},
		{
			"from": [7.5, 5.5, 7.25],
			"to": [8.5, 6.25, 8],
			"rotation": {"angle": 0, "axis": "y", "origin": [0, 3, -6]},
			"faces": {
				"north": {"uv": [4, 6, 4.5, 6.5], "texture": "#0"},
				"east": {"uv": [5, 9.5, 5.5, 10], "texture": "#0"},
				"south": {"uv": [9.5, 5, 10, 5.5], "texture": "#0"},
				"west": {"uv": [9.5, 5.5, 10, 6], "texture": "#0"},
				"up": {"uv": [7, 10, 6.5, 9.5], "texture": "#0"},
				"down": {"uv": [7.5, 9.5, 7, 10], "texture": "#0"}
			}
		},
		{
			"from": [6.75, 4.75, 8.75],
			"to": [7, 5.5, 9.75],
			"rotation": {"angle": 0, "axis": "y", "origin": [0, 3, -6]},
			"faces": {
				"north": {"uv": [10, 10.5, 10.25, 11], "texture": "#0"},
				"east": {"uv": [7.5, 9.5, 8, 10], "texture": "#0"},
				"south": {"uv": [10.5, 10, 10.75, 10.5], "texture": "#0"},
				"west": {"uv": [9.5, 7.5, 10, 8], "texture": "#0"},
				"up": {"uv": [10.75, 11, 10.5, 10.5], "texture": "#0"},
				"down": {"uv": [0.25, 11, 0, 11.5], "texture": "#0"}
			}
		},
		{
			"from": [6.75, 4.75, 9.75],
			"to": [7, 5.125, 10.3],
			"rotation": {"angle": 0, "axis": "y", "origin": [0, 3, -6]},
			"faces": {
				"north": {"uv": [3, 11.5, 3.25, 11.75], "texture": "#0"},
				"east": {"uv": [11.5, 3, 11.75, 3.25], "texture": "#0"},
				"south": {"uv": [3.5, 11.5, 3.75, 11.75], "texture": "#0"},
				"west": {"uv": [11.5, 3.5, 11.75, 3.75], "texture": "#0"},
				"up": {"uv": [4.25, 11.75, 4, 11.5], "texture": "#0"},
				"down": {"uv": [11.75, 4, 11.5, 4.25], "texture": "#0"}
			}
		},
		{
			"from": [6.75, 4.75, 11.75],
			"to": [7, 5.125, 12.3],
			"rotation": {"angle": 0, "axis": "y", "origin": [0, 3, -6]},
			"faces": {
				"north": {"uv": [3, 11.5, 3.25, 11.75], "texture": "#0"},
				"east": {"uv": [11.5, 3, 11.75, 3.25], "texture": "#0"},
				"south": {"uv": [3.5, 11.5, 3.75, 11.75], "texture": "#0"},
				"west": {"uv": [11.5, 3.5, 11.75, 3.75], "texture": "#0"},
				"up": {"uv": [4.25, 11.75, 4, 11.5], "texture": "#0"},
				"down": {"uv": [11.75, 4, 11.5, 4.25], "texture": "#0"}
			}
		},
		{
			"from": [6.75, 4.75, 10.75],
			"to": [7, 5.5, 11.75],
			"rotation": {"angle": 0, "axis": "y", "origin": [0, 3, -6]},
			"faces": {
				"north": {"uv": [10, 10.5, 10.25, 11], "texture": "#0"},
				"east": {"uv": [7.5, 9.5, 8, 10], "texture": "#0"},
				"south": {"uv": [10.5, 10, 10.75, 10.5], "texture": "#0"},
				"west": {"uv": [9.5, 7.5, 10, 8], "texture": "#0"},
				"up": {"uv": [10.75, 11, 10.5, 10.5], "texture": "#0"},
				"down": {"uv": [0.25, 11, 0, 11.5], "texture": "#0"}
			}
		}
	],
	"gui_light": "front",
	"display": {
		"thirdperson_righthand": {
			"translation": [0, 3.5, -4.25]
		},
		"thirdperson_lefthand": {
			"translation": [0, 3.5, -4.25]
		},
		"firstperson_righthand": {
			"translation": [-5.25, 7.25, -2]
		},
		"firstperson_lefthand": {
			"translation": [-5.25, 7.25, -2]
		},
		"ground": {
			"translation": [0, 4.25, -2.5],
			"scale": [1.25, 1.25, 1.25]
		},
		"gui": {
			"rotation": [30, -135, 0],
			"translation": [2.25, 2.5, 0],
			"scale": [1.5, 1.5, 1.5]
		},
		"fixed": {
			"rotation": [0, 90, 0],
			"translation": [-3, 5, -1.25],
			"scale": [1.75, 1.75, 1.75]
		}
	},
	"groups": [
		{
			"name": "smallerschwarzlose",
			"origin": [8, 8, 8],
			"color": 0,
			"children": [
				{
					"name": "barrelgrouping2electricboogaloo",
					"origin": [8, 8, 8],
					"color": 0,
					"children": [
						{
							"name": "smallbarrel",
							"origin": [8, 8, 8],
							"color": 0,
							"children": [0, 1, 2, 3, 4, 5, 6, 7]
						},
						{
							"name": "midbarrel",
							"origin": [8, 8, 8],
							"color": 0,
							"children": [8, 9, 10, 11, 12]
						},
						{
							"name": "maxsizebarrel",
							"origin": [8, 8, 8],
							"color": 0,
							"children": [13, 14, 15, 16]
						},
						{
							"name": "barrelcap",
							"origin": [8, 8, 8],
							"color": 0,
							"children": [17, 18, 19, 20]
						}
					]
				},
				21,
				22,
				23,
				24,
				25,
				{
					"name": "sightsthing",
					"origin": [8, 8, 8],
					"color": 0,
					"children": [26, 27, 28, 29, 30, 31, 32, 33, 34, 35, 36, 37, 38]
				},
				39,
				40,
				41,
				42,
				43
			]
		},
		44,
		45,
		46,
		47,
		48
	]
}
