{
	"credit": "Made with Blockbench by VIKTORWOOD",
	"texture_size": [64, 64],
	"textures": {
		"0": "additionalguns:item/ssg08",
		"particle": "additionalguns:item/ssg08"
	},
	"elements": [
		{
			"from": [8.25, 3.3, -14.5],
			"to": [8.5, 3.9, 15.7],
			"rotation": {"angle": 0, "axis": "y", "origin": [0, 0, 6.3]},
			"faces": {
				"north": {"uv": [9.5, 9.5, 9.75, 9.75], "texture": "#0"},
				"east": {"uv": [2.25, 1, 9.75, 1.25], "texture": "#0"},
				"west": {"uv": [2.25, 1.25, 9.75, 1.5], "texture": "#0"}
			}
		},
		{
			"from": [8.22929, 2.98871, -14.501],
			"to": [8.42929, 3.27071, 15.699],
			"rotation": {"angle": -45, "axis": "z", "origin": [8.5, 3.2, 5.3]},
			"faces": {
				"north": {"uv": [0, 9.75, 0.25, 10], "texture": "#0"},
				"east": {"uv": [2.25, 1.5, 9.75, 1.75], "texture": "#0"},
				"south": {"uv": [9.75, 0, 10, 0.25], "texture": "#0"},
				"west": {"uv": [2.25, 1.75, 9.75, 2], "texture": "#0"},
				"up": {"uv": [2.5, 9.5, 2.25, 2], "texture": "#0"},
				"down": {"uv": [2.75, 2, 2.5, 9.5], "texture": "#0"}
			}
		},
		{
			"from": [7.7, 3.1, -14.5],
			"to": [8.3, 3.35, 15.7],
			"rotation": {"angle": 0, "axis": "y", "origin": [0, 0, 6.3]},
			"faces": {
				"north": {"uv": [0.25, 9.75, 0.5, 10], "texture": "#0"},
				"east": {"uv": [2.75, 2, 10.25, 2.25], "texture": "#0"},
				"west": {"uv": [2.75, 2.25, 10.25, 2.5], "texture": "#0"},
				"up": {"uv": [3, 10, 2.75, 2.5], "texture": "#0"},
				"down": {"uv": [3.25, 2.5, 3, 10], "texture": "#0"}
			}
		},
		{
			"from": [7.57071, 2.98871, -14.501],
			"to": [7.77071, 3.27071, 15.699],
			"rotation": {"angle": 45, "axis": "z", "origin": [7.5, 3.2, 5.3]},
			"faces": {
				"north": {"uv": [9.75, 0.25, 10, 0.5], "texture": "#0"},
				"east": {"uv": [3.25, 2.5, 10.75, 2.75], "texture": "#0"},
				"south": {"uv": [0.5, 9.75, 0.75, 10], "texture": "#0"},
				"west": {"uv": [3.25, 2.75, 10.75, 3], "texture": "#0"},
				"up": {"uv": [3.5, 10.5, 3.25, 3], "texture": "#0"},
				"down": {"uv": [1.25, 3.5, 1, 11], "texture": "#0"}
			}
		},
		{
			"from": [7.5, 3.3, -14.5],
			"to": [7.75, 3.9, 15.7],
			"rotation": {"angle": 0, "axis": "y", "origin": [0, 0, 6.3]},
			"faces": {
				"north": {"uv": [9.75, 0.5, 10, 0.75], "texture": "#0"},
				"east": {"uv": [3.5, 3, 11, 3.25], "texture": "#0"},
				"west": {"uv": [3.5, 3.25, 11, 3.5], "texture": "#0"}
			}
		},
		{
			"from": [7.42929, 3.87071, -14.501],
			"to": [7.62929, 4.15271, 15.699],
			"rotation": {"angle": -45, "axis": "z", "origin": [7.5, 3.8, 5.3]},
			"faces": {
				"north": {"uv": [0.75, 9.75, 1, 10], "texture": "#0"},
				"east": {"uv": [3.5, 3.5, 11, 3.75], "texture": "#0"},
				"south": {"uv": [9.75, 1, 10, 1.25], "texture": "#0"},
				"west": {"uv": [3.5, 3.75, 11, 4], "texture": "#0"},
				"up": {"uv": [1.5, 11, 1.25, 3.5], "texture": "#0"},
				"down": {"uv": [1.75, 3.5, 1.5, 11], "texture": "#0"}
			}
		},
		{
			"from": [7.7, 3.85, -14.5],
			"to": [8.3, 4.1, 15.7],
			"rotation": {"angle": 0, "axis": "y", "origin": [0, 0, 6.3]},
			"faces": {
				"north": {"uv": [9.75, 1.25, 10, 1.5], "texture": "#0"},
				"east": {"uv": [3.5, 4, 11, 4.25], "texture": "#0"},
				"west": {"uv": [3.5, 4.25, 11, 4.5], "texture": "#0"},
				"up": {"uv": [2, 11, 1.75, 3.5], "texture": "#0"},
				"down": {"uv": [2.25, 3.5, 2, 11], "texture": "#0"}
			}
		},
		{
			"from": [8.37071, 3.87071, -14.501],
			"to": [8.57071, 4.15271, 15.699],
			"rotation": {"angle": 45, "axis": "z", "origin": [8.5, 3.8, 5.3]},
			"faces": {
				"north": {"uv": [9.75, 1.5, 10, 1.75], "texture": "#0"},
				"east": {"uv": [3.5, 4.5, 11, 4.75], "texture": "#0"},
				"south": {"uv": [9.75, 1.75, 10, 2], "texture": "#0"},
				"west": {"uv": [3.5, 4.75, 11, 5], "texture": "#0"},
				"up": {"uv": [3.75, 12.5, 3.5, 5], "texture": "#0"},
				"down": {"uv": [4, 5, 3.75, 12.5], "texture": "#0"}
			}
		},
		{
			"from": [8.26269, 2.94144, 6.491],
			"to": [8.49182, 3.26451, 16.17677],
			"rotation": {"angle": -45, "axis": "z", "origin": [8.57283, 3.1835, 3.26301]},
			"faces": {
				"north": {"uv": [2.25, 9.75, 2.5, 10], "texture": "#0"},
				"south": {"uv": [2.5, 9.75, 2.75, 10], "texture": "#0"}
			}
		},
		{
			"from": [7.50818, 2.94144, 6.491],
			"to": [7.73731, 3.26451, 16.17677],
			"rotation": {"angle": 45, "axis": "z", "origin": [7.42717, 3.1835, 3.26301]},
			"faces": {
				"north": {"uv": [4, 9.75, 4.25, 10], "texture": "#0"},
				"south": {"uv": [4.25, 9.75, 4.5, 10], "texture": "#0"}
			}
		},
		{
			"from": [7.34616, 3.95191, 6.491],
			"to": [7.57529, 4.27499, 16.17677],
			"rotation": {"angle": -45, "axis": "z", "origin": [7.42717, 3.8709, 3.26301]},
			"faces": {
				"north": {"uv": [4.5, 9.75, 4.75, 10], "texture": "#0"},
				"south": {"uv": [4.75, 9.75, 5, 10], "texture": "#0"},
				"west": {"uv": [7.25, 0, 9.75, 0.25], "texture": "#0"},
				"up": {"uv": [0.5, 9.75, 0.25, 7.25], "texture": "#0"}
			}
		},
		{
			"from": [7.6563, 3.92819, 6.49214],
			"to": [8.3437, 4.2146, 16.17791],
			"rotation": {"angle": 0, "axis": "y", "origin": [-1.16531, -0.48262, 4.40867]},
			"faces": {
				"north": {"uv": [5, 9.75, 5.25, 10], "texture": "#0"},
				"east": {"uv": [7.25, 0.25, 9.75, 0.5], "texture": "#0"},
				"south": {"uv": [5.25, 9.75, 5.5, 10], "texture": "#0"},
				"west": {"uv": [7.25, 0.5, 9.75, 0.75], "texture": "#0"},
				"up": {"uv": [4.25, 9.75, 4, 7.25], "texture": "#0"}
			}
		},
		{
			"from": [8.42471, 3.95191, 6.491],
			"to": [8.65384, 4.27499, 16.17677],
			"rotation": {"angle": 45, "axis": "z", "origin": [8.57283, 3.8709, 3.26301]},
			"faces": {
				"north": {"uv": [5.5, 9.75, 5.75, 10], "texture": "#0"},
				"east": {"uv": [7.25, 7, 9.75, 7.25], "texture": "#0"},
				"south": {"uv": [5.75, 9.75, 6, 10], "texture": "#0"},
				"up": {"uv": [4.5, 9.75, 4.25, 7.25], "texture": "#0"}
			}
		},
		{
			"from": [7.3, 1.9, -3],
			"to": [8.7, 4, 16.3],
			"rotation": {"angle": 0, "axis": "y", "origin": [7.5, 0, 0.3]},
			"faces": {
				"north": {"uv": [8.25, 8, 8.75, 8.5], "texture": "#0", "tintindex": 0},
				"east": {"uv": [0, 0, 5, 0.5], "texture": "#0", "tintindex": 0},
				"west": {"uv": [0, 0.5, 5, 1], "texture": "#0", "tintindex": 0},
				"up": {"uv": [0.5, 6, 0, 1], "texture": "#0", "tintindex": 0},
				"down": {"uv": [1, 1, 0.5, 6], "texture": "#0", "tintindex": 0}
			}
		},
		{
			"from": [7.3, 4.2, 6],
			"to": [8.7, 4.5, 14.3],
			"rotation": {"angle": 0, "axis": "y", "origin": [7.5, 2.3, 0.3]},
			"faces": {
				"north": {"uv": [9.25, 7.75, 9.75, 8], "texture": "#0"},
				"east": {"uv": [7.5, 6, 9.75, 6.25], "texture": "#0"},
				"south": {"uv": [9.25, 8, 9.75, 8.25], "texture": "#0"},
				"west": {"uv": [7.5, 6.25, 9.75, 6.5], "texture": "#0"},
				"up": {"uv": [4.5, 7.25, 4, 5], "texture": "#0"},
				"down": {"uv": [5, 5, 4.5, 7.25], "texture": "#0"}
			}
		},
		{
			"from": [7.2, 3.5, 13],
			"to": [7.3, 4.5, 13.3],
			"rotation": {"angle": 0, "axis": "y", "origin": [7.4, 2.3, 0.3]},
			"faces": {
				"north": {"uv": [9.25, 8.75, 9.5, 9], "texture": "#0"},
				"east": {"uv": [9, 9.25, 9.25, 9.5], "texture": "#0"},
				"south": {"uv": [9.25, 9, 9.5, 9.25], "texture": "#0"},
				"west": {"uv": [9.25, 9.25, 9.5, 9.5], "texture": "#0"},
				"up": {"uv": [10, 6.25, 9.75, 6], "texture": "#0"},
				"down": {"uv": [6.5, 9.75, 6.25, 10], "texture": "#0"}
			}
		},
		{
			"from": [7.2, 3.5, 7],
			"to": [7.3, 4.5, 7.3],
			"rotation": {"angle": 0, "axis": "y", "origin": [7.4, 2.3, -5.7]},
			"faces": {
				"north": {"uv": [0, 9.5, 0.25, 9.75], "texture": "#0"},
				"east": {"uv": [0.5, 9.5, 0.75, 9.75], "texture": "#0"},
				"south": {"uv": [0.75, 9.5, 1, 9.75], "texture": "#0"},
				"west": {"uv": [2.25, 9.5, 2.5, 9.75], "texture": "#0"},
				"up": {"uv": [10, 6.5, 9.75, 6.25], "texture": "#0"},
				"down": {"uv": [10, 6.5, 9.75, 6.75], "texture": "#0"}
			}
		},
		{
			"from": [8.7, 3.5, 7],
			"to": [8.8, 4.5, 7.3],
			"rotation": {"angle": 0, "axis": "y", "origin": [8.6, 2.3, -5.7]},
			"faces": {
				"north": {"uv": [2.5, 9.5, 2.75, 9.75], "texture": "#0"},
				"east": {"uv": [4.5, 9.5, 4.75, 9.75], "texture": "#0"},
				"south": {"uv": [4.75, 9.5, 5, 9.75], "texture": "#0"},
				"west": {"uv": [5, 9.5, 5.25, 9.75], "texture": "#0"},
				"up": {"uv": [7.25, 10, 7, 9.75], "texture": "#0"},
				"down": {"uv": [10, 7, 9.75, 7.25], "texture": "#0"}
			}
		},
		{
			"from": [8.7, 3.5, 13],
			"to": [8.8, 4.5, 13.3],
			"rotation": {"angle": 0, "axis": "y", "origin": [8.6, 2.3, 0.3]},
			"faces": {
				"north": {"uv": [5.25, 9.5, 5.5, 9.75], "texture": "#0"},
				"east": {"uv": [5.5, 9.5, 5.75, 9.75], "texture": "#0"},
				"south": {"uv": [5.75, 9.5, 6, 9.75], "texture": "#0"},
				"west": {"uv": [9.5, 6.5, 9.75, 6.75], "texture": "#0"},
				"up": {"uv": [10, 7.5, 9.75, 7.25], "texture": "#0"},
				"down": {"uv": [10, 7.5, 9.75, 7.75], "texture": "#0"}
			}
		},
		{
			"from": [7.3, 6.93378, 15.23259],
			"to": [8.7, 7.43378, 20.73259],
			"rotation": {"angle": 22.5, "axis": "x", "origin": [7.5, 3.03378, 7.13491]},
			"faces": {
				"east": {"uv": [4.5, 9.25, 6, 9.5], "texture": "#0", "tintindex": 0},
				"west": {"uv": [9.25, 6.75, 10.75, 7], "texture": "#0", "tintindex": 0},
				"up": {"uv": [5.5, 8.25, 5, 6.75], "texture": "#0", "tintindex": 0}
			}
		},
		{
			"from": [7.3, 5.83378, 15.23259],
			"to": [8.7, 6.93378, 18.03259],
			"rotation": {"angle": 22.5, "axis": "x", "origin": [7.5, 3.03378, 7.13491]},
			"faces": {
				"east": {"uv": [5.5, 8.5, 6.25, 8.75], "texture": "#0", "tintindex": 0},
				"west": {"uv": [8.5, 6.75, 9.25, 7], "texture": "#0", "tintindex": 0}
			}
		},
		{
			"from": [7.3, 5.43378, 15.73259],
			"to": [8.7, 6.03378, 16.93259],
			"rotation": {"angle": 22.5, "axis": "x", "origin": [7.5, 3.03378, 7.13491]},
			"faces": {
				"east": {"uv": [7.75, 9.5, 8, 9.75], "texture": "#0", "tintindex": 0},
				"west": {"uv": [8, 9.5, 8.25, 9.75], "texture": "#0", "tintindex": 0}
			}
		},
		{
			"from": [7.3, 6.53378, 17.93259],
			"to": [8.7, 6.93378, 19.73259],
			"rotation": {"angle": 22.5, "axis": "x", "origin": [7.5, 3.03378, 7.13491]},
			"faces": {
				"east": {"uv": [9.25, 7.25, 9.75, 7.5], "texture": "#0", "tintindex": 0},
				"west": {"uv": [9.25, 7.5, 9.75, 7.75], "texture": "#0", "tintindex": 0}
			}
		},
		{
			"from": [7.3, 6.13378, 17.93259],
			"to": [8.7, 6.53378, 18.73259],
			"rotation": {"angle": 22.5, "axis": "x", "origin": [7.5, 3.03378, 7.13491]},
			"faces": {
				"east": {"uv": [9.5, 8.25, 9.75, 8.5], "texture": "#0", "tintindex": 0},
				"west": {"uv": [9.5, 8.5, 9.75, 8.75], "texture": "#0", "tintindex": 0}
			}
		},
		{
			"from": [7.3, -0.2, 10.5],
			"to": [8.7, 1.9, 14.9],
			"rotation": {"angle": 0, "axis": "y", "origin": [7.5, 1.9, 0.3]},
			"faces": {
				"east": {"uv": [5, 0, 6.75, 0.5], "texture": "#0", "tintindex": 0},
				"south": {"uv": [4.5, 8.5, 5, 9], "texture": "#0", "tintindex": 0},
				"west": {"uv": [5, 0.5, 6.75, 1], "texture": "#0", "tintindex": 0},
				"down": {"uv": [5.5, 5, 5, 6.75], "texture": "#0", "tintindex": 0}
			}
		},
		{
			"from": [7.3, -0.2, 14.9],
			"to": [8.7, 0, 18],
			"rotation": {"angle": 0, "axis": "y", "origin": [7.5, 1.9, 3.4]},
			"faces": {
				"east": {"uv": [4.5, 9, 5.25, 9.25], "texture": "#0"},
				"west": {"uv": [7.75, 9, 8.5, 9.25], "texture": "#0"},
				"up": {"uv": [5, 8, 4.5, 7.25], "texture": "#0"},
				"down": {"uv": [7, 7.25, 6.5, 8], "texture": "#0"}
			}
		},
		{
			"from": [7.6, 0.9, 17],
			"to": [8.4, 1.4, 17.3],
			"rotation": {"angle": 0, "axis": "y", "origin": [7.5, 3.3, 3.4]},
			"faces": {
				"north": {"uv": [9.5, 8.75, 9.75, 9], "texture": "#0"},
				"east": {"uv": [7.75, 9.75, 8, 10], "texture": "#0"},
				"south": {"uv": [9, 9.5, 9.25, 9.75], "texture": "#0"},
				"west": {"uv": [9.75, 7.75, 10, 8], "texture": "#0"}
			}
		},
		{
			"from": [7.6, 5.37467, 18.78517],
			"to": [8.4, 6.07467, 19.08517],
			"rotation": {"angle": 22.5, "axis": "x", "origin": [7.5, 7.97467, 5.18517]},
			"faces": {
				"north": {"uv": [9.5, 9, 9.75, 9.25], "texture": "#0"},
				"east": {"uv": [8, 9.75, 8.25, 10], "texture": "#0"},
				"south": {"uv": [9.25, 9.5, 9.5, 9.75], "texture": "#0"},
				"west": {"uv": [9.75, 8, 10, 8.25], "texture": "#0"},
				"down": {"uv": [9.75, 9.25, 9.5, 9.5], "texture": "#0"}
			}
		},
		{
			"from": [7.3, -0.2, 18],
			"to": [8.7, 1.4, 19.9],
			"rotation": {"angle": 0, "axis": "y", "origin": [7.5, 1.9, 10.3]},
			"faces": {
				"north": {"uv": [8.25, 8.5, 8.75, 9], "texture": "#0"},
				"east": {"uv": [5.5, 7.5, 6, 8], "texture": "#0"},
				"south": {"uv": [5.5, 8.75, 6, 9.25], "texture": "#0"},
				"west": {"uv": [0.5, 7.75, 1, 8.25], "texture": "#0"},
				"down": {"uv": [6.5, 8.75, 6, 9.25], "texture": "#0"}
			}
		},
		{
			"from": [7.3, -2.33952, 17.97092],
			"to": [8.7, -0.23952, 19.87092],
			"rotation": {"angle": -45, "axis": "x", "origin": [7.5, -0.14666, 17.88613]},
			"faces": {
				"north": {"uv": [8.75, 7.25, 9.25, 7.75], "texture": "#0"},
				"east": {"uv": [7.75, 7.25, 8.25, 7.75], "texture": "#0"},
				"south": {"uv": [8.75, 7.75, 9.25, 8.25], "texture": "#0"},
				"west": {"uv": [7.75, 7.75, 8.25, 8.25], "texture": "#0"}
			}
		},
		{
			"from": [7.3, -3.1604, 19.05572],
			"to": [8.7, -1.0604, 20.95572],
			"rotation": {"angle": -22.5, "axis": "x", "origin": [7.5, -0.96755, 18.97093]},
			"faces": {
				"north": {"uv": [8.75, 8.25, 9.25, 8.75], "texture": "#0"},
				"east": {"uv": [4.5, 8, 5, 8.5], "texture": "#0"},
				"south": {"uv": [8.75, 8.75, 9.25, 9.25], "texture": "#0"},
				"west": {"uv": [5.5, 8, 6, 8.5], "texture": "#0"},
				"down": {"uv": [1, 9, 0.5, 9.5], "texture": "#0"}
			}
		},
		{
			"from": [7.30391, -5.21993, 10.66309],
			"to": [8.69609, -2.86993, 12.56309],
			"rotation": {"angle": -22.5, "axis": "x", "origin": [7.5, -3.11993, -2.03691]},
			"faces": {
				"north": {"uv": [7.25, 7.25, 7.75, 8], "texture": "#0", "tintindex": 0},
				"east": {"uv": [6.75, 0, 7.25, 0.75], "texture": "#0", "tintindex": 0},
				"west": {"uv": [7, 6, 7.5, 6.75], "texture": "#0", "tintindex": 0}
			}
		},
		{
			"from": [7.4, 0.6, 21.4],
			"to": [8.6, 1.9, 27.7],
			"rotation": {"angle": 0, "axis": "y", "origin": [7.5, 1.9, 0.3]},
			"faces": {
				"north": {"uv": [7, 8.5, 7.25, 9], "texture": "#0", "tintindex": 0},
				"east": {"uv": [6.5, 5, 8.25, 5.5], "texture": "#0", "tintindex": 0},
				"west": {"uv": [6.5, 5.5, 8.25, 6], "texture": "#0", "tintindex": 0},
				"up": {"uv": [6.25, 8.5, 6, 6.75], "texture": "#0", "tintindex": 0},
				"down": {"uv": [6.5, 6.75, 6.25, 8.5], "texture": "#0", "tintindex": 0}
			}
		},
		{
			"from": [7.2, 9.00611, 22.75056],
			"to": [7.4, 9.50611, 30.15056],
			"rotation": {"angle": 22.5, "axis": "x", "origin": [7.2, 9.90611, 2.75056]},
			"faces": {
				"north": {"uv": [8.25, 9.75, 8.5, 10], "texture": "#0"},
				"east": {"uv": [7.5, 6.5, 9.5, 6.75], "texture": "#0"},
				"south": {"uv": [9.75, 8.25, 10, 8.5], "texture": "#0"},
				"west": {"uv": [8.25, 0.75, 10.25, 1], "texture": "#0"},
				"up": {"uv": [6.75, 10, 6.5, 8], "texture": "#0"},
				"down": {"uv": [7, 8, 6.75, 10], "texture": "#0"}
			}
		},
		{
			"from": [8.6, 9.00611, 22.75056],
			"to": [8.8, 9.50611, 30.15056],
			"rotation": {"angle": 22.5, "axis": "x", "origin": [8.6, 9.90611, 2.75056]},
			"faces": {
				"north": {"uv": [8.5, 9.75, 8.75, 10], "texture": "#0"},
				"east": {"uv": [8.25, 5, 10.25, 5.25], "texture": "#0"},
				"south": {"uv": [9.75, 8.5, 10, 8.75], "texture": "#0"},
				"west": {"uv": [8.25, 5.25, 10.25, 5.5], "texture": "#0"},
				"up": {"uv": [7.5, 10, 7.25, 8], "texture": "#0"},
				"down": {"uv": [7.75, 8, 7.5, 10], "texture": "#0"}
			}
		},
		{
			"from": [7.3, 1.4, 24.5],
			"to": [7.4, 4.1, 26.2],
			"rotation": {"angle": 0, "axis": "y", "origin": [7.4, 1.9, 0.3]},
			"faces": {
				"north": {"uv": [0, 8.75, 0.25, 9.5], "texture": "#0"},
				"east": {"uv": [0.5, 8.25, 1, 9], "texture": "#0"},
				"south": {"uv": [7, 9, 7.25, 9.75], "texture": "#0"},
				"west": {"uv": [5, 8.25, 5.5, 9], "texture": "#0"},
				"up": {"uv": [6.5, 9.75, 6.25, 9.25], "texture": "#0"},
				"down": {"uv": [8.5, 9.25, 8.25, 9.75], "texture": "#0"}
			}
		},
		{
			"from": [8.6, 1.4, 24.5],
			"to": [8.7, 4.1, 26.2],
			"rotation": {"angle": 0, "axis": "y", "origin": [8.6, 1.9, 0.3]},
			"faces": {
				"north": {"uv": [8.5, 9, 8.75, 9.75], "texture": "#0"},
				"east": {"uv": [8.25, 7.25, 8.75, 8], "texture": "#0"},
				"south": {"uv": [6, 9.25, 6.25, 10], "texture": "#0"},
				"west": {"uv": [7.75, 8.25, 8.25, 9], "texture": "#0"},
				"up": {"uv": [9.5, 8.75, 9.25, 8.25], "texture": "#0"},
				"down": {"uv": [9, 9.25, 8.75, 9.75], "texture": "#0"}
			}
		},
		{
			"from": [7.4, 3.6, 21.7],
			"to": [8.6, 4.7, 27],
			"rotation": {"angle": 0, "axis": "y", "origin": [7.5, 4.9, 0.3]},
			"faces": {
				"north": {"uv": [6.25, 8.5, 6.5, 8.75], "texture": "#0", "tintindex": 0},
				"east": {"uv": [6.75, 0.75, 8.25, 1], "texture": "#0", "tintindex": 0},
				"south": {"uv": [5.25, 9, 5.5, 9.25], "texture": "#0", "tintindex": 0},
				"west": {"uv": [7, 6.75, 8.5, 7], "texture": "#0", "tintindex": 0},
				"up": {"uv": [7.25, 8.5, 7, 7], "texture": "#0", "tintindex": 0},
				"down": {"uv": [0.25, 7.25, 0, 8.75], "texture": "#0", "tintindex": 0}
			}
		},
		{
			"from": [7.1, -1.4, 27.4],
			"to": [8.9, 3.7, 32],
			"rotation": {"angle": 0, "axis": "y", "origin": [7.8, 3.9, 5.3]},
			"faces": {
				"north": {"uv": [5.5, 5, 6, 6.25], "texture": "#0", "tintindex": 0},
				"east": {"uv": [1, 1, 2.25, 2.25], "texture": "#0", "tintindex": 0},
				"south": {"uv": [0, 6, 0.5, 7.25], "texture": "#0", "tintindex": 0},
				"west": {"uv": [1, 2.25, 2.25, 3.5], "texture": "#0", "tintindex": 0},
				"up": {"uv": [6, 7.5, 5.5, 6.25], "texture": "#0", "tintindex": 0},
				"down": {"uv": [7, 6, 6.5, 7.25], "texture": "#0", "tintindex": 0}
			}
		},
		{
			"from": [7.3, 1.4, 14.9],
			"to": [8.7, 1.9, 21.4],
			"rotation": {"angle": 0, "axis": "y", "origin": [7.5, 1.9, 0.3]},
			"faces": {
				"east": {"uv": [8.25, 5.5, 10, 5.75], "texture": "#0", "tintindex": 0},
				"south": {"uv": [7.75, 9.25, 8.25, 9.5], "texture": "#0", "tintindex": 0},
				"west": {"uv": [8.25, 5.75, 10, 6], "texture": "#0", "tintindex": 0},
				"up": {"uv": [1, 7.75, 0.5, 6], "texture": "#0", "tintindex": 0},
				"down": {"uv": [6.5, 5, 6, 6.75], "texture": "#0", "tintindex": 0}
			}
		},
		{
			"from": [7.22838, 5.13693, 12.62],
			"to": [7.40338, 5.63693, 13.6],
			"rotation": {"angle": -22.5, "axis": "z", "origin": [6.67838, 2.66193, 12.035]},
			"faces": {
				"north": {"uv": [9.375, 6.375, 9.375, 6.625], "texture": "#0"},
				"east": {"uv": [9.125, 0.75, 9.25, 1], "texture": "#0"},
				"south": {"uv": [9.125, 0.75, 9.25, 1], "texture": "#0"},
				"west": {"uv": [9.125, 0.75, 9.25, 1], "texture": "#0"},
				"up": {"uv": [9.125, 0.75, 9.25, 1], "texture": "#0"},
				"down": {"uv": [9.125, 0.75, 9.25, 1], "texture": "#0"}
			}
		},
		{
			"from": [9.00553, 4.68121, 12.62],
			"to": [9.18053, 5.18121, 13.6],
			"rotation": {"angle": 22.5, "axis": "z", "origin": [8.38053, 1.40621, 12.035]},
			"faces": {
				"north": {"uv": [9.375, 6.375, 9.375, 6.625], "texture": "#0"},
				"east": {"uv": [9.125, 0.75, 9.25, 1], "texture": "#0"},
				"south": {"uv": [9.125, 0.75, 9.25, 1], "texture": "#0"},
				"west": {"uv": [9.125, 0.75, 9.25, 1], "texture": "#0"},
				"up": {"uv": [9.125, 0.75, 9.25, 1], "texture": "#0"},
				"down": {"uv": [9.125, 0.75, 9.25, 1], "texture": "#0"}
			}
		},
		{
			"from": [7.73884, 4.73041, 12.62],
			"to": [8.23884, 4.98041, 13.58],
			"rotation": {"angle": 0, "axis": "y", "origin": [8.83884, 5.38041, 13.1]},
			"faces": {
				"north": {"uv": [9.375, 6.375, 9.375, 6.625], "texture": "#0"},
				"east": {"uv": [9.125, 0.75, 9.25, 1], "texture": "#0"},
				"south": {"uv": [9.125, 0.75, 9.25, 1], "texture": "#0"},
				"west": {"uv": [9.125, 0.75, 9.25, 1], "texture": "#0"},
				"up": {"uv": [9.125, 0.75, 9.25, 1], "texture": "#0"},
				"down": {"uv": [9.125, 0.75, 9.25, 1], "texture": "#0"}
			}
		},
		{
			"from": [8.325, 4.7, 12.6],
			"to": [8.5, 5.2, 13.6],
			"rotation": {"angle": 0, "axis": "y", "origin": [7.7, 3.325, 12.025]},
			"faces": {
				"north": {"uv": [9.375, 6.375, 9.375, 6.625], "texture": "#0"},
				"east": {"uv": [9.125, 0.75, 9.25, 1], "texture": "#0"},
				"south": {"uv": [9.125, 0.75, 9.25, 1], "texture": "#0"},
				"west": {"uv": [9.125, 0.75, 9.25, 1], "texture": "#0"},
				"up": {"uv": [9.125, 0.75, 9.25, 1], "texture": "#0"},
				"down": {"uv": [9.125, 0.75, 9.25, 1], "texture": "#0"}
			}
		},
		{
			"from": [7.5, 4.7, 12.6],
			"to": [7.675, 5.2, 13.6],
			"rotation": {"angle": 0, "axis": "y", "origin": [7, 2.575, 12.025]},
			"faces": {
				"north": {"uv": [9.375, 6.375, 9.375, 6.625], "texture": "#0"},
				"east": {"uv": [9.125, 0.75, 9.25, 1], "texture": "#0"},
				"south": {"uv": [9.125, 0.75, 9.25, 1], "texture": "#0"},
				"west": {"uv": [9.125, 0.75, 9.25, 1], "texture": "#0"},
				"up": {"uv": [9.125, 0.75, 9.25, 1], "texture": "#0"},
				"down": {"uv": [9.125, 0.75, 9.25, 1], "texture": "#0"}
			}
		},
		{
			"from": [7.475, 4.475, 12.6],
			"to": [8.525, 4.925, 13.625],
			"rotation": {"angle": 0, "axis": "y", "origin": [7, 2.575, 12.025]},
			"faces": {
				"north": {"uv": [9.375, 6.375, 9.375, 6.625], "texture": "#0"},
				"east": {"uv": [9.125, 0.75, 9.25, 1], "texture": "#0"},
				"south": {"uv": [9.125, 0.75, 9.25, 1], "texture": "#0"},
				"west": {"uv": [9.125, 0.75, 9.25, 1], "texture": "#0"},
				"up": {"uv": [9.125, 0.75, 9.25, 1], "texture": "#0"},
				"down": {"uv": [9.125, 0.75, 9.25, 1], "texture": "#0"}
			}
		},
		{
			"from": [7.9, 4.0625, -13.5875],
			"to": [8.1, 5.0375, -13.3375],
			"rotation": {"angle": 0, "axis": "y", "origin": [8, 5.05, -13.4625]},
			"faces": {
				"north": {"uv": [9.125, 0.75, 9.25, 1], "texture": "#0"},
				"east": {"uv": [9.125, 0.75, 9.25, 1], "texture": "#0"},
				"south": {"uv": [9.125, 0.75, 9.25, 1], "texture": "#0"},
				"west": {"uv": [9.125, 0.75, 9.25, 1], "texture": "#0"},
				"up": {"uv": [9.125, 0.75, 9.25, 1], "texture": "#0"},
				"down": {"uv": [8.125, 6.5, 8.75, 6.25], "rotation": 180, "texture": "#0"}
			}
		},
		{
			"from": [7.9, 3.71261, -13.37688],
			"to": [8.1, 5.06261, -13.02688],
			"rotation": {"angle": -45, "axis": "x", "origin": [8, 4.67511, -13.15188]},
			"faces": {
				"north": {"uv": [9.125, 0.75, 9.25, 1], "texture": "#0"},
				"east": {"uv": [9.125, 0.75, 9.25, 1], "texture": "#0"},
				"south": {"uv": [9.125, 0.75, 9.25, 1], "texture": "#0"},
				"west": {"uv": [9.125, 0.75, 9.25, 1], "texture": "#0"},
				"up": {"uv": [9.125, 0.75, 9.25, 1], "texture": "#0"},
				"down": {"uv": [8.125, 6.5, 8.75, 6.25], "rotation": 180, "texture": "#0"}
			}
		},
		{
			"from": [7.9, 4.08191, -13.37474],
			"to": [8.1, 4.54191, -12.84974],
			"rotation": {"angle": 0, "axis": "x", "origin": [8, 4.25691, -13.11224]},
			"faces": {
				"north": {"uv": [9.125, 0.75, 9.25, 1], "rotation": 180, "texture": "#0"},
				"east": {"uv": [9.125, 0.75, 9.25, 1], "rotation": 90, "texture": "#0"},
				"south": {"uv": [8.125, 6.5, 8.75, 6.25], "rotation": 180, "texture": "#0"},
				"west": {"uv": [9.125, 0.75, 9.25, 1], "rotation": 270, "texture": "#0"},
				"up": {"uv": [9.125, 0.75, 9.25, 1], "texture": "#0"},
				"down": {"uv": [9.125, 0.75, 9.25, 1], "rotation": 180, "texture": "#0"}
			}
		}
	],
	"display": {
		"thirdperson_righthand": {
			"translation": [0, 6.5, -8],
			"scale": [1, 1, 0.85]
		},
		"thirdperson_lefthand": {
			"translation": [0, 6.5, -8],
			"scale": [1, 1, 0.85]
		},
		"firstperson_righthand": {
			"translation": [-3.5, 9, -2],
			"scale": [0.8, 0.8, 0.8]
		},
		"firstperson_lefthand": {
			"translation": [-3.5, 9, -2],
			"scale": [0.8, 0.8, 0.8]
		},
		"ground": {
			"translation": [0.25, 5, -1.25],
			"scale": [0.7, 0.7, 0.7]
		},
		"gui": {
			"rotation": [30, 225, 0],
			"translation": [0.25, 2.25, 0],
			"scale": [0.48, 0.48, 0.48]
		},
		"head": {
			"rotation": [92.6, -39.5, 90.58],
			"translation": [-2, -12, 4.25],
			"scale": [0.9, 0.9, 0.9]
		},
		"fixed": {
			"rotation": [0, 90, 0],
			"translation": [-0.75, 5.5, -1.25]
		}
	},
	"groups": [
		0,
		1,
		2,
		3,
		4,
		5,
		6,
		7,
		8,
		9,
		10,
		11,
		12,
		13,
		14,
		15,
		16,
		17,
		18,
		19,
		20,
		21,
		22,
		23,
		24,
		25,
		26,
		27,
		28,
		29,
		30,
		31,
		32,
		33,
		34,
		35,
		36,
		37,
		38,
		39,
		{
			"name": "group",
			"origin": [7, 2.275, 16.5],
			"color": 0,
			"children": [40, 41, 42, 43, 44, 45]
		},
		46,
		47,
		48
	]
}