{
	"credit": "Made with Blockbench by VIKTORWOOD",
	"texture_size": [32, 32],
	"textures": {
		"0": "additionalguns:item/tactical_silencer",
		"particle": "additionalguns:item/tactical_silencer"
	},
	"elements": [
		{
			"from": [8.6, 7.4, -7],
			"to": [9.5, 8.6, 7.998],
			"faces": {
				"north": {"uv": [8, 4.5, 8.5, 5], "texture": "#0", "tintindex": 0},
				"east": {"uv": [0, 7.5, 7.5, 8], "texture": "#0", "tintindex": 0},
				"south": {"uv": [8, 5, 8.5, 5.5], "texture": "#0", "tintindex": 0},
				"west": {"uv": [7.5, 7.5, 15, 8], "texture": "#0", "tintindex": 0}
			}
		},
		{
			"from": [6.5, 7.4, -7],
			"to": [7.4, 8.6, 7.998],
			"faces": {
				"north": {"uv": [8, 5.5, 8.5, 6], "texture": "#0", "tintindex": 0},
				"east": {"uv": [0, 8, 7.5, 8.5], "texture": "#0", "tintindex": 0},
				"south": {"uv": [8, 6, 8.5, 6.5], "texture": "#0", "tintindex": 0},
				"west": {"uv": [8, 0, 15.5, 0.5], "texture": "#0", "tintindex": 0}
			}
		},
		{
			"from": [7.4, 8.6, -7],
			"to": [8.6, 9.5, 7.998],
			"faces": {
				"north": {"uv": [8, 6.5, 8.5, 7], "texture": "#0", "tintindex": 0},
				"south": {"uv": [8, 7, 8.5, 7.5], "texture": "#0", "tintindex": 0},
				"up": {"uv": [8, 15.5, 7.5, 8], "texture": "#0", "tintindex": 0},
				"down": {"uv": [8.5, 8, 8, 15.5], "texture": "#0", "tintindex": 0}
			}
		},
		{
			"from": [7.4, 6.5, -7],
			"to": [8.6, 7.4, 7.998],
			"faces": {
				"north": {"uv": [1, 8.5, 1.5, 9], "texture": "#0", "tintindex": 0},
				"south": {"uv": [1.5, 8.5, 2, 9], "texture": "#0", "tintindex": 0},
				"up": {"uv": [0.5, 16, 0, 8.5], "texture": "#0", "tintindex": 0},
				"down": {"uv": [1, 8.5, 0.5, 16], "texture": "#0", "tintindex": 0}
			}
		},
		{
			"from": [8.6, 6.5, -6.999],
			"to": [9.8727, 7.4, 7.999],
			"rotation": {"angle": 45, "axis": "z", "origin": [8.6, 6.5, 8]},
			"faces": {
				"north": {"uv": [8, 1.5, 8.75, 2], "texture": "#0", "tintindex": 0},
				"south": {"uv": [8, 2, 8.75, 2.5], "texture": "#0", "tintindex": 0},
				"up": {"uv": [2.75, 7.5, 2, 0], "texture": "#0", "tintindex": 0},
				"down": {"uv": [3.75, 0, 3, 7.5], "texture": "#0", "tintindex": 0}
			}
		},
		{
			"from": [8.6, 8.6, -6.999],
			"to": [9.8727, 9.5, 7.999],
			"rotation": {"angle": -45, "axis": "z", "origin": [8.6, 9.5, 8]},
			"faces": {
				"north": {"uv": [8, 2.5, 8.75, 3], "texture": "#0", "tintindex": 0},
				"south": {"uv": [8, 3, 8.75, 3.5], "texture": "#0", "tintindex": 0},
				"up": {"uv": [4.75, 7.5, 4, 0], "texture": "#0", "tintindex": 0},
				"down": {"uv": [5.75, 0, 5, 7.5], "texture": "#0", "tintindex": 0}
			}
		},
		{
			"from": [6.1273, 8.6, -6.999],
			"to": [7.4, 9.5, 7.999],
			"rotation": {"angle": 45, "axis": "z", "origin": [7.4, 9.5, 8]},
			"faces": {
				"north": {"uv": [8, 3.5, 8.75, 4], "texture": "#0", "tintindex": 0},
				"south": {"uv": [8, 4, 8.75, 4.5], "texture": "#0", "tintindex": 0},
				"up": {"uv": [6.75, 7.5, 6, 0], "texture": "#0", "tintindex": 0},
				"down": {"uv": [7.75, 0, 7, 7.5], "texture": "#0", "tintindex": 0}
			}
		},
		{
			"from": [6.1273, 6.5, -6.999],
			"to": [7.4, 7.4, 7.999],
			"rotation": {"angle": -45, "axis": "z", "origin": [7.4, 6.5, 8]},
			"faces": {
				"north": {"uv": [8, 0.5, 8.75, 1], "texture": "#0", "tintindex": 0},
				"south": {"uv": [8, 1, 8.75, 1.5], "texture": "#0", "tintindex": 0},
				"up": {"uv": [0.75, 7.5, 0, 0], "texture": "#0", "tintindex": 0},
				"down": {"uv": [1.75, 0, 1, 7.5], "texture": "#0", "tintindex": 0}
			}
		}
	],
	"display": {
		"thirdperson_righthand": {
			"rotation": [114, 0, 0],
			"translation": [0, -2.25, -1.25],
			"scale": [0.75, 0.75, 0.75]
		},
		"firstperson_righthand": {
			"rotation": [90, 0, 0],
			"translation": [2.25, 0, 0],
			"scale": [0.75, 0.75, 0.75]
		},
		"ground": {
			"translation": [0, 0.5, 5.95],
			"scale": [0.8, 0.8, 0.8]
		},
		"gui": {
			"rotation": [30, 225, 0],
			"translation": [-6.5, 2, 0],
			"scale": [1.2, 1.2, 1.2]
		},
		"fixed": {
			"rotation": [0, 90, 0],
			"translation": [9.25, 0, -1.75],
			"scale": [1.25, 1.25, 1.25]
		}
	}
}
