{
	"credit": "Made with Blockbench. Made by VIKTORWOOD",
	"texture_size": [32, 32],
	"textures": {
		"0": "additionalguns:item/ultra_long_scope",
		"particle": "additionalguns:item/ultra_long_scope"
	},
	"elements": [
		{
			"from": [7.79289, 10.45, 7.6],
			"to": [8.20711, 11.049, 8.6],
			"rotation": {"angle": 45, "axis": "y", "origin": [8, 8.15, 8.1]},
			"faces": {
				"north": {"uv": [8.5, 12, 9, 12.5], "texture": "#0"},
				"east": {"uv": [11, 8.5, 11.5, 9], "texture": "#0"},
				"south": {"uv": [12, 8.5, 12.5, 9], "texture": "#0"},
				"west": {"uv": [9, 11, 9.5, 11.5], "texture": "#0"},
				"up": {"uv": [10, 11.5, 9.5, 11], "texture": "#0"},
				"down": {"uv": [10.5, 11, 10, 11.5], "texture": "#0"}
			}
		},
		{
			"from": [7.79289, 10.45, 7.6],
			"to": [8.20711, 11.051, 8.6],
			"rotation": {"angle": 0, "axis": "y", "origin": [8, 8.15, 8.1]},
			"faces": {
				"north": {"uv": [9, 12, 9.5, 12.5], "texture": "#0"},
				"east": {"uv": [11, 10, 11.5, 10.5], "texture": "#0"},
				"south": {"uv": [12, 9, 12.5, 9.5], "texture": "#0"},
				"west": {"uv": [10.5, 11, 11, 11.5], "texture": "#0"},
				"up": {"uv": [11.5, 11, 11, 10.5], "texture": "#0"},
				"down": {"uv": [11.5, 11, 11, 11.5], "texture": "#0"}
			}
		},
		{
			"from": [7.79289, 10.35, 7.9],
			"to": [8.20711, 10.45, 8.3],
			"rotation": {"angle": 0, "axis": "y", "origin": [8, 8.15, 8.1]},
			"faces": {
				"north": {"uv": [9.5, 12, 10, 12.5], "texture": "#0"},
				"east": {"uv": [12, 9.5, 12.5, 10], "texture": "#0"},
				"south": {"uv": [10, 12, 10.5, 12.5], "texture": "#0"},
				"west": {"uv": [12, 10, 12.5, 10.5], "texture": "#0"},
				"up": {"uv": [11, 12.5, 10.5, 12], "texture": "#0"},
				"down": {"uv": [12.5, 10.5, 12, 11], "texture": "#0"}
			}
		},
		{
			"from": [7.5, 10.45, 7.89289],
			"to": [8.5, 11.049, 8.30711],
			"rotation": {"angle": 45, "axis": "y", "origin": [8, 8.15, 8.1]},
			"faces": {
				"north": {"uv": [11.5, 0, 12, 0.5], "texture": "#0"},
				"east": {"uv": [11, 12, 11.5, 12.5], "texture": "#0"},
				"south": {"uv": [11.5, 0.5, 12, 1], "texture": "#0"},
				"west": {"uv": [12, 11, 12.5, 11.5], "texture": "#0"},
				"up": {"uv": [12, 3, 11.5, 2.5], "texture": "#0"},
				"down": {"uv": [12, 3, 11.5, 3.5], "texture": "#0"}
			}
		},
		{
			"from": [7.5, 10.45, 7.89289],
			"to": [8.5, 11.05, 8.30711],
			"rotation": {"angle": 0, "axis": "y", "origin": [8, 8.15, 8.1]},
			"faces": {
				"north": {"uv": [11.5, 3.5, 12, 4], "texture": "#0"},
				"east": {"uv": [11.5, 12, 12, 12.5], "texture": "#0"},
				"south": {"uv": [11.5, 4, 12, 4.5], "texture": "#0"},
				"west": {"uv": [12, 11.5, 12.5, 12], "texture": "#0"},
				"up": {"uv": [12, 5.5, 11.5, 5], "texture": "#0"},
				"down": {"uv": [6, 11.5, 5.5, 12], "texture": "#0"}
			}
		},
		{
			"from": [6.751, 9.24467, 10.575],
			"to": [7.149, 9.55533, 11.325],
			"rotation": {"angle": 45, "axis": "x", "origin": [6.65, 9.4, 10.95]},
			"faces": {
				"north": {"uv": [12, 12, 12.5, 12.5], "texture": "#0"},
				"east": {"uv": [11.5, 6.5, 12, 7], "texture": "#0"},
				"south": {"uv": [0, 12.5, 0.5, 13], "texture": "#0"},
				"west": {"uv": [11.5, 7, 12, 7.5], "texture": "#0"},
				"up": {"uv": [12, 8, 11.5, 7.5], "texture": "#0"},
				"down": {"uv": [12, 8, 11.5, 8.5], "texture": "#0"}
			}
		},
		{
			"from": [6.749, 9.24467, 10.575],
			"to": [7.149, 9.55533, 11.325],
			"rotation": {"angle": 0, "axis": "y", "origin": [6.65, 9.4, 10.95]},
			"faces": {
				"north": {"uv": [12.5, 0, 13, 0.5], "texture": "#0"},
				"east": {"uv": [11.5, 8.5, 12, 9], "texture": "#0"},
				"south": {"uv": [0.5, 12.5, 1, 13], "texture": "#0"},
				"west": {"uv": [9, 11.5, 9.5, 12], "texture": "#0"},
				"up": {"uv": [10, 12, 9.5, 11.5], "texture": "#0"},
				"down": {"uv": [10.5, 11.5, 10, 12], "texture": "#0"}
			}
		},
		{
			"from": [6.751, 9.025, 10.79467],
			"to": [7.149, 9.775, 11.10533],
			"rotation": {"angle": 45, "axis": "x", "origin": [6.65, 9.4, 10.95]},
			"faces": {
				"north": {"uv": [11.5, 10, 12, 10.5], "texture": "#0"},
				"east": {"uv": [10.5, 11.5, 11, 12], "texture": "#0"},
				"south": {"uv": [11.5, 10.5, 12, 11], "texture": "#0"},
				"west": {"uv": [11, 11.5, 11.5, 12], "texture": "#0"},
				"up": {"uv": [13, 1, 12.5, 0.5], "texture": "#0"},
				"down": {"uv": [1.5, 12.5, 1, 13], "texture": "#0"}
			}
		},
		{
			"from": [6.75, 9.025, 10.79467],
			"to": [7.15, 9.775, 11.10533],
			"rotation": {"angle": 0, "axis": "y", "origin": [6.65, 9.4, 10.95]},
			"faces": {
				"north": {"uv": [11.5, 11, 12, 11.5], "texture": "#0"},
				"east": {"uv": [11.5, 11.5, 12, 12], "texture": "#0"},
				"south": {"uv": [0, 12, 0.5, 12.5], "texture": "#0"},
				"west": {"uv": [12, 0, 12.5, 0.5], "texture": "#0"},
				"up": {"uv": [13, 1.5, 12.5, 1], "texture": "#0"},
				"down": {"uv": [2, 12.5, 1.5, 13], "texture": "#0"}
			}
		},
		{
			"from": [7.15, 9.19289, 10.75],
			"to": [7.25, 9.60711, 11.15],
			"rotation": {"angle": 0, "axis": "y", "origin": [9.45, 9.4, 10.05]},
			"faces": {
				"north": {"uv": [12.5, 1.5, 13, 2], "texture": "#0", "tintindex": 0},
				"east": {"uv": [2, 12.5, 2.5, 13], "texture": "#0", "tintindex": 0},
				"south": {"uv": [12.5, 2, 13, 2.5], "texture": "#0", "tintindex": 0},
				"west": {"uv": [2.5, 12.5, 3, 13], "texture": "#0", "tintindex": 0},
				"up": {"uv": [13, 3, 12.5, 2.5], "texture": "#0", "tintindex": 0},
				"down": {"uv": [3.5, 12.5, 3, 13], "texture": "#0", "tintindex": 0}
			}
		},
		{
			"from": [7.325, 8, 5.825],
			"to": [8.675, 8.8, 10.075],
			"faces": {
				"north": {"uv": [8.5, 8, 9.5, 8.5], "texture": "#0"},
				"east": {"uv": [4, 2, 6.5, 2.5], "texture": "#0"},
				"south": {"uv": [8.5, 8.5, 9.5, 9], "texture": "#0"},
				"west": {"uv": [4, 2.5, 6.5, 3], "texture": "#0"},
				"up": {"uv": [3, 4.5, 2, 2], "texture": "#0"},
				"down": {"uv": [4, 2, 3, 4.5], "texture": "#0"}
			}
		},
		{
			"from": [7.125, 8, 9.325],
			"to": [7.275, 10, 9.775],
			"faces": {
				"north": {"uv": [10.5, 10, 11, 11], "texture": "#0"},
				"east": {"uv": [0, 11, 0.5, 12], "texture": "#0"},
				"south": {"uv": [11, 0, 11.5, 1], "texture": "#0"},
				"west": {"uv": [0.5, 11, 1, 12], "texture": "#0"},
				"up": {"uv": [13, 3.5, 12.5, 3], "texture": "#0"},
				"down": {"uv": [4, 12.5, 3.5, 13], "texture": "#0"}
			}
		},
		{
			"from": [8.725, 8, 9.325],
			"to": [8.875, 10, 9.775],
			"faces": {
				"north": {"uv": [1, 11, 1.5, 12], "texture": "#0"},
				"east": {"uv": [1.5, 11, 2, 12], "texture": "#0"},
				"south": {"uv": [2, 11, 2.5, 12], "texture": "#0"},
				"west": {"uv": [2.5, 11, 3, 12], "texture": "#0"},
				"up": {"uv": [13, 4, 12.5, 3.5], "texture": "#0"},
				"down": {"uv": [4.5, 12.5, 4, 13], "texture": "#0"}
			}
		},
		{
			"from": [8.725, 8, 7.325],
			"to": [8.875, 10, 7.775],
			"faces": {
				"north": {"uv": [11, 2.5, 11.5, 3.5], "texture": "#0"},
				"east": {"uv": [11, 3.5, 11.5, 4.5], "texture": "#0"},
				"south": {"uv": [4.5, 11, 5, 12], "texture": "#0"},
				"west": {"uv": [5, 11, 5.5, 12], "texture": "#0"},
				"up": {"uv": [13, 4.5, 12.5, 4], "texture": "#0"},
				"down": {"uv": [5, 12.5, 4.5, 13], "texture": "#0"}
			}
		},
		{
			"from": [7.125, 8, 7.325],
			"to": [7.275, 10, 7.775],
			"faces": {
				"north": {"uv": [6, 11, 6.5, 12], "texture": "#0"},
				"east": {"uv": [11, 6.5, 11.5, 7.5], "texture": "#0"},
				"south": {"uv": [11, 7.5, 11.5, 8.5], "texture": "#0"},
				"west": {"uv": [8, 11, 8.5, 12], "texture": "#0"},
				"up": {"uv": [13, 5, 12.5, 4.5], "texture": "#0"},
				"down": {"uv": [5.5, 12.5, 5, 13], "texture": "#0"}
			}
		},
		{
			"from": [7.61863, 8.65, 5.5],
			"to": [8.38137, 8.85, 14.5],
			"rotation": {"angle": 0, "axis": "y", "origin": [8, 9, 8]},
			"faces": {
				"north": {"uv": [0.5, 12, 1, 12.5], "texture": "#0", "tintindex": 0},
				"east": {"uv": [4, 3, 8.5, 3.5], "texture": "#0", "tintindex": 0},
				"south": {"uv": [12, 0.5, 12.5, 1], "texture": "#0", "tintindex": 0},
				"west": {"uv": [4, 3.5, 8.5, 4], "texture": "#0", "tintindex": 0},
				"up": {"uv": [0.5, 4.5, 0, 0], "texture": "#0", "tintindex": 0},
				"down": {"uv": [1, 0, 0.5, 4.5], "texture": "#0", "tintindex": 0}
			}
		},
		{
			"from": [7.61863, 9.94983, 5.5],
			"to": [8.38137, 10.34983, 14.5],
			"rotation": {"angle": 0, "axis": "y", "origin": [8.05, 10.74983, 8]},
			"faces": {
				"north": {"uv": [1, 12, 1.5, 12.5], "texture": "#0", "tintindex": 0},
				"east": {"uv": [4, 4, 8.5, 4.5], "texture": "#0", "tintindex": 0},
				"south": {"uv": [12, 1, 12.5, 1.5], "texture": "#0", "tintindex": 0},
				"west": {"uv": [0, 4.5, 4.5, 5], "texture": "#0", "tintindex": 0},
				"up": {"uv": [1.5, 4.5, 1, 0], "texture": "#0", "tintindex": 0},
				"down": {"uv": [2, 0, 1.5, 4.5], "texture": "#0", "tintindex": 0}
			}
		},
		{
			"from": [7.71871, 10.04991, 5.501],
			"to": [8.23991, 10.24991, 14.499],
			"rotation": {"angle": 45, "axis": "z", "origin": [8.05009, 9.44991, 8]},
			"faces": {
				"north": {"uv": [12.5, 5, 13, 5.5], "texture": "#0", "tintindex": 0},
				"east": {"uv": [4.5, 4.5, 9, 5], "texture": "#0", "tintindex": 0},
				"south": {"uv": [5.5, 12.5, 6, 13], "texture": "#0", "tintindex": 0},
				"west": {"uv": [0, 5, 4.5, 5.5], "texture": "#0", "tintindex": 0},
				"up": {"uv": [5, 9.5, 4.5, 5], "texture": "#0", "tintindex": 0},
				"down": {"uv": [5.5, 5, 5, 9.5], "texture": "#0", "tintindex": 0}
			}
		},
		{
			"from": [7.76009, 10.04991, 5.501],
			"to": [8.28129, 10.24991, 14.499],
			"rotation": {"angle": -45, "axis": "z", "origin": [7.94991, 9.44991, 8]},
			"faces": {
				"north": {"uv": [12.5, 5.5, 13, 6], "texture": "#0", "tintindex": 0},
				"east": {"uv": [0, 5.5, 4.5, 6], "texture": "#0", "tintindex": 0},
				"south": {"uv": [6, 12.5, 6.5, 13], "texture": "#0", "tintindex": 0},
				"west": {"uv": [5.5, 5, 10, 5.5], "texture": "#0", "tintindex": 0},
				"up": {"uv": [6, 10, 5.5, 5.5], "texture": "#0", "tintindex": 0},
				"down": {"uv": [0.5, 6, 0, 10.5], "texture": "#0", "tintindex": 0}
			}
		},
		{
			"from": [7.15, 9.11863, 5.501],
			"to": [7.35, 9.63983, 14.499],
			"rotation": {"angle": 45, "axis": "z", "origin": [7.95, 9.45, 8]},
			"faces": {
				"north": {"uv": [12.5, 6, 13, 6.5], "texture": "#0", "tintindex": 0},
				"east": {"uv": [6, 5.5, 10.5, 6], "texture": "#0", "tintindex": 0},
				"south": {"uv": [6.5, 12.5, 7, 13], "texture": "#0", "tintindex": 0},
				"west": {"uv": [6, 6, 10.5, 6.5], "texture": "#0", "tintindex": 0},
				"up": {"uv": [1, 10.5, 0.5, 6], "texture": "#0", "tintindex": 0},
				"down": {"uv": [1.5, 6, 1, 10.5], "texture": "#0", "tintindex": 0}
			}
		},
		{
			"from": [8.65, 9.11863, 5.501],
			"to": [8.85, 9.63983, 14.499],
			"rotation": {"angle": -45, "axis": "z", "origin": [8.05, 9.45, 8]},
			"faces": {
				"north": {"uv": [12.5, 6.5, 13, 7], "texture": "#0", "tintindex": 0},
				"east": {"uv": [6.5, 0, 11, 0.5], "texture": "#0", "tintindex": 0},
				"south": {"uv": [7, 12.5, 7.5, 13], "texture": "#0", "tintindex": 0},
				"west": {"uv": [6.5, 0.5, 11, 1], "texture": "#0", "tintindex": 0},
				"up": {"uv": [2, 10.5, 1.5, 6], "texture": "#0", "tintindex": 0},
				"down": {"uv": [2.5, 6, 2, 10.5], "texture": "#0", "tintindex": 0}
			}
		},
		{
			"from": [7.25009, 9.01854, 5.5],
			"to": [7.45009, 9.78129, 14.5],
			"faces": {
				"north": {"uv": [1.5, 12, 2, 12.5], "texture": "#0", "tintindex": 0},
				"east": {"uv": [2, 0, 6.5, 0.5], "texture": "#0", "tintindex": 0},
				"south": {"uv": [12, 1.5, 12.5, 2], "texture": "#0", "tintindex": 0},
				"west": {"uv": [2, 0.5, 6.5, 1], "texture": "#0", "tintindex": 0},
				"up": {"uv": [3, 10.5, 2.5, 6], "texture": "#0", "tintindex": 0},
				"down": {"uv": [3.5, 6, 3, 10.5], "texture": "#0", "tintindex": 0}
			}
		},
		{
			"from": [8.54991, 9.01854, 5.5],
			"to": [8.74991, 9.78129, 14.5],
			"rotation": {"angle": 0, "axis": "y", "origin": [7.94991, 9.44991, 8]},
			"faces": {
				"north": {"uv": [2, 12, 2.5, 12.5], "texture": "#0", "tintindex": 0},
				"east": {"uv": [2, 1, 6.5, 1.5], "texture": "#0", "tintindex": 0},
				"south": {"uv": [12, 2, 12.5, 2.5], "texture": "#0", "tintindex": 0},
				"west": {"uv": [2, 1.5, 6.5, 2], "texture": "#0", "tintindex": 0},
				"up": {"uv": [4, 10.5, 3.5, 6], "texture": "#0", "tintindex": 0},
				"down": {"uv": [4.5, 6, 4, 10.5], "texture": "#0", "tintindex": 0}
			}
		},
		{
			"from": [6.87514, 8.82781, 1.35],
			"to": [7.17514, 9.97194, 4.35],
			"rotation": {"angle": 0, "axis": "y", "origin": [-4, -4.7, -17.4]},
			"faces": {
				"north": {"uv": [2.5, 12, 3, 12.5], "texture": "#0", "tintindex": 0},
				"east": {"uv": [6.5, 1, 8, 1.5], "texture": "#0", "tintindex": 0},
				"south": {"uv": [12, 2.5, 12.5, 3], "texture": "#0", "tintindex": 0},
				"west": {"uv": [6.5, 1.5, 8, 2], "texture": "#0", "tintindex": 0},
				"up": {"uv": [9.5, 8, 9, 6.5], "texture": "#0", "tintindex": 0},
				"down": {"uv": [9, 9, 8.5, 10.5], "texture": "#0", "tintindex": 0}
			}
		},
		{
			"from": [7.57807, 10.37487, 1.3515],
			"to": [8.35986, 10.67486, 4.3485],
			"rotation": {"angle": 45, "axis": "z", "origin": [8.07514, 9.47486, -5.4]},
			"faces": {
				"north": {"uv": [3, 12, 3.5, 12.5], "texture": "#0", "tintindex": 0},
				"east": {"uv": [9, 4.5, 10.5, 5], "texture": "#0", "tintindex": 0},
				"south": {"uv": [12, 3, 12.5, 3.5], "texture": "#0", "tintindex": 0},
				"west": {"uv": [9, 9, 10.5, 9.5], "texture": "#0", "tintindex": 0},
				"up": {"uv": [6.5, 8, 6, 6.5], "texture": "#0", "tintindex": 0},
				"down": {"uv": [7, 6.5, 6.5, 8], "texture": "#0", "tintindex": 0}
			}
		},
		{
			"from": [7.42794, 10.22475, 1.35],
			"to": [8.57206, 10.82475, 4.35],
			"rotation": {"angle": 0, "axis": "y", "origin": [8.075, 11.42474, -5.4]},
			"faces": {
				"north": {"uv": [3.5, 12, 4, 12.5], "texture": "#0", "tintindex": 0},
				"east": {"uv": [9.5, 2.5, 11, 3], "texture": "#0", "tintindex": 0},
				"south": {"uv": [12, 3.5, 12.5, 4], "texture": "#0", "tintindex": 0},
				"west": {"uv": [9.5, 6.5, 11, 7], "texture": "#0", "tintindex": 0},
				"up": {"uv": [7.5, 8, 7, 6.5], "texture": "#0", "tintindex": 0},
				"down": {"uv": [8, 6.5, 7.5, 8], "texture": "#0", "tintindex": 0}
			}
		},
		{
			"from": [7.64014, 10.37487, 1.3515],
			"to": [8.42194, 10.67486, 4.3485],
			"rotation": {"angle": -45, "axis": "z", "origin": [7.92487, 9.47486, -5.4]},
			"faces": {
				"north": {"uv": [4, 12, 4.5, 12.5], "texture": "#0", "tintindex": 0},
				"east": {"uv": [9.5, 7, 11, 7.5], "texture": "#0", "tintindex": 0},
				"south": {"uv": [12, 4, 12.5, 4.5], "texture": "#0", "tintindex": 0},
				"west": {"uv": [9.5, 7.5, 11, 8], "texture": "#0", "tintindex": 0},
				"up": {"uv": [8.5, 2.5, 8, 1], "texture": "#0", "tintindex": 0},
				"down": {"uv": [6.5, 8, 6, 9.5], "texture": "#0", "tintindex": 0}
			}
		},
		{
			"from": [8.82487, 8.82781, 1.35],
			"to": [9.12487, 9.97194, 4.35],
			"rotation": {"angle": 0, "axis": "y", "origin": [7.92487, 9.47486, -5.4]},
			"faces": {
				"north": {"uv": [4.5, 12, 5, 12.5], "texture": "#0", "tintindex": 0},
				"east": {"uv": [6.5, 2, 8, 2.5], "texture": "#0", "tintindex": 0},
				"south": {"uv": [12, 4.5, 12.5, 5], "texture": "#0", "tintindex": 0},
				"west": {"uv": [6.5, 2.5, 8, 3], "texture": "#0", "tintindex": 0},
				"up": {"uv": [5, 11, 4.5, 9.5], "texture": "#0", "tintindex": 0},
				"down": {"uv": [5.5, 9.5, 5, 11], "texture": "#0", "tintindex": 0}
			}
		},
		{
			"from": [8.975, 8.97794, 1.3515],
			"to": [9.275, 9.75974, 4.3485],
			"rotation": {"angle": -45, "axis": "z", "origin": [8.075, 9.475, -5.4]},
			"faces": {
				"north": {"uv": [5, 12, 5.5, 12.5], "texture": "#0", "tintindex": 0},
				"east": {"uv": [8, 2.5, 9.5, 3], "texture": "#0", "tintindex": 0},
				"south": {"uv": [12, 5, 12.5, 5.5], "texture": "#0", "tintindex": 0},
				"west": {"uv": [6.5, 8, 8, 8.5], "texture": "#0", "tintindex": 0},
				"up": {"uv": [6.5, 11, 6, 9.5], "texture": "#0", "tintindex": 0},
				"down": {"uv": [8.5, 9.5, 8, 11], "texture": "#0", "tintindex": 0}
			}
		},
		{
			"from": [7.42794, 8.275, 1.35],
			"to": [8.57206, 8.575, 4.35],
			"rotation": {"angle": 0, "axis": "y", "origin": [8, 8.8, -5.4]},
			"faces": {
				"north": {"uv": [5.5, 12, 6, 12.5], "texture": "#0", "tintindex": 0},
				"east": {"uv": [9.5, 8, 11, 8.5], "texture": "#0", "tintindex": 0},
				"south": {"uv": [12, 5.5, 12.5, 6], "texture": "#0", "tintindex": 0},
				"west": {"uv": [9.5, 8.5, 11, 9], "texture": "#0", "tintindex": 0},
				"up": {"uv": [8.5, 8, 8, 6.5], "texture": "#0", "tintindex": 0},
				"down": {"uv": [8.5, 8, 8, 9.5], "texture": "#0", "tintindex": 0}
			}
		},
		{
			"from": [6.725, 8.97794, 1.3515],
			"to": [7.025, 9.75974, 4.3485],
			"rotation": {"angle": 45, "axis": "z", "origin": [7.925, 9.475, -5.4]},
			"faces": {
				"north": {"uv": [6, 12, 6.5, 12.5], "texture": "#0", "tintindex": 0},
				"east": {"uv": [8.5, 1, 10, 1.5], "texture": "#0", "tintindex": 0},
				"south": {"uv": [12, 6, 12.5, 6.5], "texture": "#0", "tintindex": 0},
				"west": {"uv": [8.5, 1.5, 10, 2], "texture": "#0", "tintindex": 0},
				"up": {"uv": [9.5, 11, 9, 9.5], "texture": "#0", "tintindex": 0},
				"down": {"uv": [10, 9.5, 9.5, 11], "texture": "#0", "tintindex": 0}
			}
		},
		{
			"from": [7.10011, 8.96225, 4.28],
			"to": [7.34011, 9.87755, 6.68],
			"rotation": {"angle": 0, "axis": "y", "origin": [-1.6, -1.86, -10.72]},
			"faces": {
				"north": {"uv": [6.5, 12, 7, 12.5], "texture": "#0", "tintindex": 0},
				"east": {"uv": [8.5, 2, 10, 2.5], "texture": "#0", "tintindex": 0},
				"south": {"uv": [12, 6.5, 12.5, 7], "texture": "#0", "tintindex": 0},
				"west": {"uv": [8.5, 3, 10, 3.5], "texture": "#0", "tintindex": 0},
				"up": {"uv": [10.5, 2.5, 10, 1], "texture": "#0", "tintindex": 0},
				"down": {"uv": [10.5, 3, 10, 4.5], "texture": "#0", "tintindex": 0}
			}
		},
		{
			"from": [7.66245, 10.19989, 4.2812],
			"to": [8.28789, 10.43989, 6.6788],
			"rotation": {"angle": 45, "axis": "z", "origin": [8.06011, 9.47989, -1.12]},
			"faces": {
				"north": {"uv": [12.5, 7, 13, 7.5], "texture": "#0", "tintindex": 0},
				"east": {"uv": [10, 5, 11.5, 5.5], "texture": "#0", "tintindex": 0},
				"south": {"uv": [7.5, 12.5, 8, 13], "texture": "#0", "tintindex": 0},
				"west": {"uv": [6.5, 10, 8, 10.5], "texture": "#0", "tintindex": 0},
				"up": {"uv": [6, 11.5, 5.5, 10], "texture": "#0", "tintindex": 0},
				"down": {"uv": [10.5, 9.5, 10, 11], "texture": "#0", "tintindex": 0}
			}
		},
		{
			"from": [7.54236, 10.0798, 4.28],
			"to": [8.45764, 10.5598, 6.68],
			"rotation": {"angle": 0, "axis": "y", "origin": [8.06, 11.0398, -1.12]},
			"faces": {
				"north": {"uv": [7, 12, 7.5, 12.5], "texture": "#0", "tintindex": 0},
				"east": {"uv": [0, 10.5, 1.5, 11], "texture": "#0", "tintindex": 0},
				"south": {"uv": [12, 7, 12.5, 7.5], "texture": "#0", "tintindex": 0},
				"west": {"uv": [10.5, 1, 12, 1.5], "texture": "#0", "tintindex": 0},
				"up": {"uv": [7, 10, 6.5, 8.5], "texture": "#0", "tintindex": 0},
				"down": {"uv": [9, 6.5, 8.5, 8], "texture": "#0", "tintindex": 0}
			}
		},
		{
			"from": [7.71211, 10.19989, 4.2812],
			"to": [8.33755, 10.43989, 6.6788],
			"rotation": {"angle": -45, "axis": "z", "origin": [7.93989, 9.47989, -1.12]},
			"faces": {
				"north": {"uv": [12.5, 7.5, 13, 8], "texture": "#0", "tintindex": 0},
				"east": {"uv": [1.5, 10.5, 3, 11], "texture": "#0", "tintindex": 0},
				"south": {"uv": [8, 12.5, 8.5, 13], "texture": "#0", "tintindex": 0},
				"west": {"uv": [10.5, 1.5, 12, 2], "texture": "#0", "tintindex": 0},
				"up": {"uv": [3.5, 12, 3, 10.5], "texture": "#0", "tintindex": 0},
				"down": {"uv": [11, 3, 10.5, 4.5], "texture": "#0", "tintindex": 0}
			}
		},
		{
			"from": [8.65989, 8.96225, 4.28],
			"to": [8.89989, 9.87755, 6.68],
			"rotation": {"angle": 0, "axis": "y", "origin": [7.93989, 9.47989, -1.12]},
			"faces": {
				"north": {"uv": [7.5, 12, 8, 12.5], "texture": "#0", "tintindex": 0},
				"east": {"uv": [8.5, 3.5, 10, 4], "texture": "#0", "tintindex": 0},
				"south": {"uv": [12, 7.5, 12.5, 8], "texture": "#0", "tintindex": 0},
				"west": {"uv": [8.5, 4, 10, 4.5], "texture": "#0", "tintindex": 0},
				"up": {"uv": [4, 12, 3.5, 10.5], "texture": "#0", "tintindex": 0},
				"down": {"uv": [4.5, 10.5, 4, 12], "texture": "#0", "tintindex": 0}
			}
		},
		{
			"from": [8.78, 9.08236, 4.2812],
			"to": [9.02, 9.7078, 6.6788],
			"rotation": {"angle": -45, "axis": "z", "origin": [8.06, 9.48, -1.12]},
			"faces": {
				"north": {"uv": [12.5, 8, 13, 8.5], "texture": "#0", "tintindex": 0},
				"east": {"uv": [10.5, 2, 12, 2.5], "texture": "#0", "tintindex": 0},
				"south": {"uv": [8.5, 12.5, 9, 13], "texture": "#0", "tintindex": 0},
				"west": {"uv": [10.5, 4.5, 12, 5], "texture": "#0", "tintindex": 0},
				"up": {"uv": [7, 12, 6.5, 10.5], "texture": "#0", "tintindex": 0},
				"down": {"uv": [7.5, 10.5, 7, 12], "texture": "#0", "tintindex": 0}
			}
		},
		{
			"from": [7.54236, 8.52, 4.28],
			"to": [8.45764, 8.76, 6.68],
			"rotation": {"angle": 0, "axis": "y", "origin": [8, 8.94, -1.12]},
			"faces": {
				"north": {"uv": [8, 12, 8.5, 12.5], "texture": "#0", "tintindex": 0},
				"east": {"uv": [10.5, 5.5, 12, 6], "texture": "#0", "tintindex": 0},
				"south": {"uv": [12, 8, 12.5, 8.5], "texture": "#0", "tintindex": 0},
				"west": {"uv": [10.5, 6, 12, 6.5], "texture": "#0", "tintindex": 0},
				"up": {"uv": [7.5, 10, 7, 8.5], "texture": "#0", "tintindex": 0},
				"down": {"uv": [8, 8.5, 7.5, 10], "texture": "#0", "tintindex": 0}
			}
		},
		{
			"from": [6.98, 9.08236, 4.2812],
			"to": [7.22, 9.7078, 6.6788],
			"rotation": {"angle": 45, "axis": "z", "origin": [7.94, 9.48, -1.12]},
			"faces": {
				"north": {"uv": [12.5, 8.5, 13, 9], "texture": "#0", "tintindex": 0},
				"east": {"uv": [10.5, 9, 12, 9.5], "texture": "#0", "tintindex": 0},
				"south": {"uv": [9, 12.5, 9.5, 13], "texture": "#0", "tintindex": 0},
				"west": {"uv": [10.5, 9.5, 12, 10], "texture": "#0", "tintindex": 0},
				"up": {"uv": [8, 12, 7.5, 10.5], "texture": "#0", "tintindex": 0},
				"down": {"uv": [9, 10.5, 8.5, 12], "texture": "#0", "tintindex": 0}
			}
		}
	],
	"display": {
		"thirdperson_righthand": {
			"translation": [0, -0.5, 0],
			"scale": [1.5, 1.5, 1.5]
		},
		"firstperson_righthand": {
			"rotation": [-41, 0, 0],
			"translation": [-4.25, 4.25, 6.5]
		},
		"ground": {
			"translation": [0, -3, 0],
			"scale": [1.5, 1.5, 1.5]
		},
		"gui": {
			"rotation": [30, 225, 0],
			"translation": [0, -3, 0],
			"scale": [2.5, 2.5, 2.5]
		},
		"fixed": {
			"rotation": [0, 90, 0],
			"translation": [-0.25, -3.5, -2.5],
			"scale": [3, 3, 3]
		}
	}
}