{
	"credit": "Made with Blockbench by VIKTORWOOD",
	"texture_size": [64, 64],
	"textures": {
		"0": "additionalguns:item/usp",
		"1": "additionalguns:item/aos_decal_white",
		"particle": "additionalguns:item/usp"
	},
	"elements": [
		{
			"from": [8.37071, 6.27071, 6.199],
			"to": [8.57071, 6.55271, 8.399],
			"rotation": {"angle": 45, "axis": "z", "origin": [8.5, 6.2, 22]},
			"faces": {
				"north": {"uv": [5, 8, 5.125, 8.125], "texture": "#0"},
				"east": {"uv": [5.25, 5, 7, 5.125], "texture": "#0"},
				"south": {"uv": [8, 5, 8.125, 5.125], "texture": "#0"},
				"west": {"uv": [5.25, 5.25, 7, 5.375], "texture": "#0"},
				"up": {"uv": [1.625, 6, 1.5, 4.25], "texture": "#0"},
				"down": {"uv": [0.125, 5.5, 0, 7.25], "texture": "#0"}
			}
		},
		{
			"from": [8.25, 5.7, 6.2],
			"to": [8.5, 6.3, 8.4],
			"rotation": {"angle": 0, "axis": "y", "origin": [0, 2.4, 23]},
			"faces": {
				"north": {"uv": [5.25, 8, 5.375, 8.125], "texture": "#0"},
				"east": {"uv": [5.5, 0, 7.25, 0.125], "texture": "#0"},
				"south": {"uv": [8, 5.25, 8.125, 5.375], "texture": "#0"},
				"west": {"uv": [5.5, 0.25, 7.25, 0.375], "texture": "#0"}
			}
		},
		{
			"from": [8.22929, 5.38871, 6.199],
			"to": [8.42929, 5.67071, 8.399],
			"rotation": {"angle": -45, "axis": "z", "origin": [8.5, 5.6, 22]},
			"faces": {
				"north": {"uv": [5.5, 8, 5.625, 8.125], "texture": "#0"},
				"east": {"uv": [4.25, 5.5, 6, 5.625], "texture": "#0"},
				"south": {"uv": [8, 5.5, 8.125, 5.625], "texture": "#0"},
				"west": {"uv": [5.75, 0.5, 7.5, 0.625], "texture": "#0"},
				"up": {"uv": [0.875, 7.25, 0.75, 5.5], "texture": "#0"},
				"down": {"uv": [3.375, 5.75, 3.25, 7.5], "texture": "#0"}
			}
		},
		{
			"from": [7.7, 5.5, 6.2],
			"to": [8.3, 5.75, 8.4],
			"rotation": {"angle": 0, "axis": "y", "origin": [0, 2.4, 23]},
			"faces": {
				"north": {"uv": [5.75, 8, 5.875, 8.125], "texture": "#0"},
				"east": {"uv": [5.75, 0.75, 7.5, 0.875], "texture": "#0"},
				"west": {"uv": [5.75, 1, 7.5, 1.125], "texture": "#0"},
				"up": {"uv": [3.625, 7.5, 3.5, 5.75], "texture": "#0"},
				"down": {"uv": [3.875, 5.75, 3.75, 7.5], "texture": "#0"}
			}
		},
		{
			"from": [7.57071, 5.38871, 6.199],
			"to": [7.77071, 5.67071, 8.399],
			"rotation": {"angle": 45, "axis": "z", "origin": [7.5, 5.6, 22]},
			"faces": {
				"north": {"uv": [6, 8, 6.125, 8.125], "texture": "#0"},
				"east": {"uv": [5.75, 1.25, 7.5, 1.375], "texture": "#0"},
				"south": {"uv": [8, 6, 8.125, 6.125], "texture": "#0"},
				"west": {"uv": [5.75, 1.5, 7.5, 1.625], "texture": "#0"},
				"up": {"uv": [4.125, 7.5, 4, 5.75], "texture": "#0"},
				"down": {"uv": [4.375, 5.75, 4.25, 7.5], "texture": "#0"}
			}
		},
		{
			"from": [7.5, 5.7, 6.2],
			"to": [7.75, 6.3, 8.4],
			"rotation": {"angle": 0, "axis": "y", "origin": [0, 2.4, 23]},
			"faces": {
				"north": {"uv": [6.25, 8, 6.375, 8.125], "texture": "#0"},
				"east": {"uv": [5.75, 1.75, 7.5, 1.875], "texture": "#0"},
				"south": {"uv": [8, 6.25, 8.125, 6.375], "texture": "#0"},
				"west": {"uv": [5.75, 2.25, 7.5, 2.375], "texture": "#0"}
			}
		},
		{
			"from": [7.42929, 6.27071, 6.199],
			"to": [7.62929, 6.55271, 8.399],
			"rotation": {"angle": -45, "axis": "z", "origin": [7.5, 6.2, 22]},
			"faces": {
				"north": {"uv": [6.5, 8, 6.625, 8.125], "texture": "#0"},
				"east": {"uv": [5.75, 2.5, 7.5, 2.625], "texture": "#0"},
				"south": {"uv": [8, 6.5, 8.125, 6.625], "texture": "#0"},
				"west": {"uv": [5.75, 3.5, 7.5, 3.625], "texture": "#0"},
				"up": {"uv": [5.125, 7.5, 5, 5.75], "texture": "#0"},
				"down": {"uv": [5.375, 5.75, 5.25, 7.5], "texture": "#0"}
			}
		},
		{
			"from": [7.7, 6.25, 6.2],
			"to": [8.3, 6.5, 8.4],
			"rotation": {"angle": 0, "axis": "y", "origin": [0, 2.4, 23]},
			"faces": {
				"north": {"uv": [6.75, 8, 6.875, 8.125], "texture": "#0"},
				"east": {"uv": [5.75, 3.75, 7.5, 3.875], "texture": "#0"},
				"west": {"uv": [5.5, 5.75, 7.25, 5.875], "texture": "#0"},
				"up": {"uv": [1.625, 7.75, 1.5, 6], "texture": "#0"},
				"down": {"uv": [5.625, 6, 5.5, 7.75], "texture": "#0"}
			}
		},
		{
			"from": [7.7, 5.7, 6.3],
			"to": [8.3, 6.25, 6.6],
			"rotation": {"angle": 0, "axis": "y", "origin": [0, 2.15, 23.1]},
			"faces": {
				"north": {"uv": [15.875, 0, 16, 0.125], "texture": "#0"}
			}
		},
		{
			"from": [7.9, 6.735, 6.8],
			"to": [8.1, 7.285, 7.6],
			"rotation": {"angle": 0, "axis": "y", "origin": [0, 3.185, 23]},
			"faces": {
				"north": {"uv": [7, 8, 7.125, 8.125], "texture": "#0"},
				"east": {"uv": [5.25, 7.5, 5.5, 7.625], "texture": "#0"},
				"south": {"uv": [8, 7, 8.125, 7.125], "texture": "#0"},
				"west": {"uv": [0.5, 7.75, 0.75, 7.875], "texture": "#0"},
				"up": {"uv": [1.625, 8, 1.5, 7.75], "texture": "#0"},
				"down": {"uv": [7.875, 2.25, 7.75, 2.5], "texture": "#0"}
			}
		},
		{
			"from": [7.9, 6.5327, 7.28839],
			"to": [8.1, 7.0827, 8.08839],
			"rotation": {"angle": 45, "axis": "x", "origin": [8, 6.8077, 7.68839]},
			"faces": {
				"north": {"uv": [7, 8, 7.125, 8.125], "texture": "#0"},
				"east": {"uv": [5.25, 7.5, 5.5, 7.625], "texture": "#0"},
				"south": {"uv": [8, 7, 8.125, 7.125], "texture": "#0"},
				"west": {"uv": [0.5, 7.75, 0.75, 7.875], "texture": "#0"},
				"up": {"uv": [1.625, 8, 1.5, 7.75], "texture": "#0"},
				"down": {"uv": [7.875, 2.25, 7.75, 2.5], "texture": "#0"}
			}
		},
		{
			"from": [7.95, 6.5327, 7.31339],
			"to": [8.05, 7.0927, 7.47339],
			"rotation": {"angle": 45, "axis": "x", "origin": [8, 6.8077, 7.68839]},
			"faces": {
				"north": {"uv": [7, 8, 7.125, 8.125], "texture": "#1"},
				"east": {"uv": [5.25, 7.5, 5.5, 7.625], "texture": "#1"},
				"south": {"uv": [8, 7, 8.125, 7.125], "texture": "#1"},
				"west": {"uv": [0.5, 7.75, 0.75, 7.875], "texture": "#1"},
				"up": {"uv": [1.625, 8, 1.5, 7.75], "texture": "#1"},
				"down": {"uv": [7.875, 2.25, 7.75, 2.5], "texture": "#1"}
			}
		},
		{
			"from": [7.5, 7.1, 17.6],
			"to": [7.85, 7.35, 17.8],
			"rotation": {"angle": 0, "axis": "y", "origin": [0, 3.55, 33]},
			"faces": {
				"north": {"uv": [7.25, 8, 7.375, 8.125], "texture": "#0"},
				"east": {"uv": [8, 7.25, 8.125, 7.375], "texture": "#0"},
				"south": {"uv": [7.5, 8, 7.625, 8.125], "texture": "#0"},
				"west": {"uv": [8, 7.5, 8.125, 7.625], "texture": "#0"},
				"up": {"uv": [7.875, 8.125, 7.75, 8], "texture": "#0"}
			}
		},
		{
			"from": [8.15, 7.1, 17.6],
			"to": [8.5, 7.35, 17.8],
			"rotation": {"angle": 0, "axis": "y", "origin": [0.9, 3.55, 33]},
			"faces": {
				"north": {"uv": [8, 8, 8.125, 8.125], "texture": "#0"},
				"east": {"uv": [0, 8.25, 0.125, 8.375], "texture": "#0"},
				"south": {"uv": [8.25, 0, 8.375, 0.125], "texture": "#0"},
				"west": {"uv": [0.25, 8.25, 0.375, 8.375], "texture": "#0"},
				"up": {"uv": [8.375, 0.375, 8.25, 0.25], "texture": "#0"}
			}
		},
		{
			"from": [8.28, 7.14, 17.65609],
			"to": [8.38, 7.24, 17.80609],
			"rotation": {"angle": 0, "axis": "y", "origin": [0.9, 3.55, 33]},
			"faces": {
				"north": {"uv": [0, 0, 0, 0], "texture": "#1"},
				"east": {"uv": [0, 0, 0, 0], "texture": "#1"},
				"south": {"uv": [0, 0, 0, 0], "texture": "#1"},
				"west": {"uv": [0, 0, 0, 0], "texture": "#1"},
				"up": {"uv": [0, 0, 0, 0], "texture": "#1"},
				"down": {"uv": [0, 0, 0, 0], "texture": "#1"}
			}
		},
		{
			"from": [7.63, 7.14, 17.65609],
			"to": [7.73, 7.24, 17.80609],
			"rotation": {"angle": 0, "axis": "y", "origin": [0.9, 3.55, 33]},
			"faces": {
				"north": {"uv": [0, 0, 0, 0], "texture": "#1"},
				"east": {"uv": [0, 0, 0, 0], "texture": "#1"},
				"south": {"uv": [0, 0, 0, 0], "texture": "#1"},
				"west": {"uv": [0, 0, 0, 0], "texture": "#1"},
				"up": {"uv": [0, 0, 0, 0], "texture": "#1"},
				"down": {"uv": [0, 0, 0, 0], "texture": "#1"}
			}
		},
		{
			"from": [7.5, 6.95, 16.7],
			"to": [8.5, 7.12, 17.8],
			"rotation": {"angle": 0, "axis": "y", "origin": [0, 3.4, 33]},
			"faces": {
				"north": {"uv": [7.75, 2.5, 8, 2.625], "texture": "#0"},
				"east": {"uv": [7.75, 2.75, 8, 2.875], "texture": "#0"},
				"south": {"uv": [7.75, 3, 8, 3.125], "texture": "#0"},
				"west": {"uv": [7.75, 3.25, 8, 3.375], "texture": "#0"},
				"up": {"uv": [3, 7.5, 2.75, 7.25], "texture": "#0"},
				"down": {"uv": [7.5, 2.75, 7.25, 3], "texture": "#0"}
			}
		},
		{
			"from": [7.7, 8.88502, 16.56092],
			"to": [8.3, 10.18502, 16.86092],
			"rotation": {"angle": 22.5, "axis": "x", "origin": [8.7, 4.08502, 7.86092]},
			"faces": {
				"north": {"uv": [7.5, 2.25, 7.625, 2.625], "texture": "#0"},
				"east": {"uv": [2.5, 7.5, 2.625, 7.875], "texture": "#0"},
				"south": {"uv": [2.75, 7.5, 2.875, 7.875], "texture": "#0"},
				"west": {"uv": [7.5, 2.75, 7.625, 3.125], "texture": "#0"},
				"up": {"uv": [8.375, 1.875, 8.25, 1.75], "texture": "#0"},
				"down": {"uv": [2.125, 8.25, 2, 8.375], "texture": "#0"}
			}
		},
		{
			"from": [7.7, 5.7903, 18.03555],
			"to": [8.3, 6.3903, 18.23555],
			"rotation": {"angle": 0, "axis": "y", "origin": [8.7, 0.3903, 9.03555]},
			"faces": {
				"north": {"uv": [8.25, 2, 8.375, 2.125], "texture": "#0"},
				"east": {"uv": [2.25, 8.25, 2.375, 8.375], "texture": "#0"},
				"west": {"uv": [2.5, 8.25, 2.625, 8.375], "texture": "#0"},
				"up": {"uv": [8.375, 2.625, 8.25, 2.5], "texture": "#0"}
			}
		},
		{
			"from": [7.1, -1.5412, 15.50656],
			"to": [8.9, 1.0588, 18.30656],
			"rotation": {"angle": 0, "axis": "y", "origin": [6.9, 0.0588, 17.50656]},
			"faces": {
				"north": {"uv": [0, 4.75, 0.5, 5.375], "texture": "#0"},
				"east": {"uv": [2, 2.75, 2.75, 3.375], "texture": "#0"},
				"south": {"uv": [0.5, 4.75, 1, 5.375], "texture": "#0"},
				"west": {"uv": [2.75, 2.75, 3.5, 3.375], "texture": "#0"},
				"up": {"uv": [0.5, 4.75, 0, 4], "texture": "#0"},
				"down": {"uv": [1, 4, 0.5, 4.75], "texture": "#0"}
			}
		},
		{
			"from": [7.1, 2.32009, 14.95342],
			"to": [8.9, 3.72009, 17.35342],
			"rotation": {"angle": 0, "axis": "y", "origin": [6.9, 2.82009, 16.55342]},
			"faces": {
				"north": {"uv": [5.75, 6.5, 6.25, 6.875], "texture": "#0"},
				"east": {"uv": [5.25, 4, 5.875, 4.375], "texture": "#0"},
				"south": {"uv": [6.25, 6.5, 6.75, 6.875], "texture": "#0"},
				"west": {"uv": [5.25, 4.5, 5.875, 4.875], "texture": "#0"},
				"up": {"uv": [5.25, 1.125, 4.75, 0.5], "texture": "#0"}
			}
		},
		{
			"from": [7.1, 0.6, 15.4],
			"to": [8.9, 3.125, 18],
			"rotation": {"angle": -22.5, "axis": "x", "origin": [6.9, 1.6, 17.2]},
			"faces": {
				"north": {"uv": [4.75, 3.5, 5.25, 4.125], "texture": "#0"},
				"east": {"uv": [3, 2, 3.625, 2.625], "texture": "#0"},
				"south": {"uv": [4.75, 4.25, 5.25, 4.875], "texture": "#0"},
				"west": {"uv": [1, 3.5, 1.625, 4.125], "texture": "#0"},
				"up": {"uv": [3.75, 5.625, 3.25, 5], "texture": "#0"},
				"down": {"uv": [4.25, 5, 3.75, 5.625], "texture": "#0"}
			}
		},
		{
			"from": [7.804, 3.432, 13.236],
			"to": [8.196, 4.412, 13.528],
			"rotation": {"angle": 0, "axis": "y", "origin": [-6.7, -11.464, 15.88]},
			"faces": {
				"north": {"uv": [4.5, 8, 4.625, 8.25], "texture": "#0"},
				"east": {"uv": [8, 4.5, 8.125, 4.75], "texture": "#0"},
				"south": {"uv": [4.75, 8, 4.875, 8.25], "texture": "#0"},
				"west": {"uv": [8, 4.75, 8.125, 5], "texture": "#0"}
			}
		},
		{
			"from": [7.804, 3.03458, 7.13149],
			"to": [8.196, 3.71058, 7.42349],
			"rotation": {"angle": 22.5, "axis": "x", "origin": [-6.7, -11.77342, 9.77549]},
			"faces": {
				"north": {"uv": [8.25, 4.25, 8.375, 4.375], "texture": "#0"},
				"east": {"uv": [4.5, 8.25, 4.625, 8.375], "texture": "#0"},
				"south": {"uv": [8.25, 4.5, 8.375, 4.625], "texture": "#0"},
				"west": {"uv": [4.75, 8.25, 4.875, 8.375], "texture": "#0"}
			}
		},
		{
			"from": [7.804, 5.1035, 1.33958],
			"to": [8.196, 5.6795, 1.63158],
			"rotation": {"angle": 45, "axis": "x", "origin": [-6.7, -9.8045, 3.98358]},
			"faces": {
				"north": {"uv": [5, 8.25, 5.125, 8.375], "texture": "#0"},
				"east": {"uv": [8.25, 5, 8.375, 5.125], "texture": "#0"},
				"south": {"uv": [5.25, 8.25, 5.375, 8.375], "texture": "#0"},
				"west": {"uv": [8.25, 5.25, 8.375, 5.375], "texture": "#0"},
				"down": {"uv": [5.625, 8.25, 5.5, 8.375], "texture": "#0"}
			}
		},
		{
			"from": [10.7961, 6.65672, 6.6],
			"to": [11.0961, 7.45672, 18.09],
			"rotation": {"angle": 22.5, "axis": "z", "origin": [11.0961, 0.65672, 8]},
			"faces": {
				"north": {"uv": [4, 7.75, 4.125, 8], "texture": "#0", "tintindex": 0},
				"east": {"uv": [2, 1.5, 4.75, 1.75], "texture": "#0", "tintindex": 0},
				"south": {"uv": [7.75, 4, 7.875, 4.25], "texture": "#0", "tintindex": 0},
				"west": {"uv": [2, 1.5, 4.75, 1.75], "texture": "#0", "tintindex": 0}
			}
		},
		{
			"from": [8.5, 5, 6.6],
			"to": [8.8, 6.2, 18.09],
			"rotation": {"angle": 0, "axis": "z", "origin": [8.65, 5.8, 12.345]},
			"faces": {
				"north": {"uv": [7.75, 4, 7.875, 4.25], "rotation": 180, "texture": "#0", "tintindex": 0},
				"east": {"uv": [7.75, 4, 7.875, 4.25], "rotation": 180, "texture": "#0", "tintindex": 0},
				"south": {"uv": [7.75, 4, 7.875, 4.25], "rotation": 180, "texture": "#0", "tintindex": 0},
				"west": {"uv": [7.75, 4, 7.875, 4.25], "rotation": 180, "texture": "#0", "tintindex": 0},
				"up": {"uv": [7.75, 4, 7.875, 4.25], "rotation": 180, "texture": "#0", "tintindex": 0},
				"down": {"uv": [7.75, 4, 7.875, 4.25], "rotation": 180, "texture": "#0", "tintindex": 0}
			}
		},
		{
			"from": [7.2, 5, 6.6],
			"to": [7.5, 6.2, 18.09],
			"rotation": {"angle": 0, "axis": "y", "origin": [7.35, 5.8, 12.345]},
			"faces": {
				"north": {"uv": [7.75, 4, 7.875, 4.25], "rotation": 180, "texture": "#0", "tintindex": 0},
				"east": {"uv": [7.75, 4, 7.875, 4.25], "rotation": 180, "texture": "#0", "tintindex": 0},
				"south": {"uv": [7.75, 4, 7.875, 4.25], "rotation": 180, "texture": "#0", "tintindex": 0},
				"west": {"uv": [7.75, 4, 7.875, 4.25], "rotation": 180, "texture": "#0", "tintindex": 0},
				"up": {"uv": [7.75, 4, 7.875, 4.25], "rotation": 180, "texture": "#0", "tintindex": 0},
				"down": {"uv": [7.75, 4, 7.875, 4.25], "rotation": 180, "texture": "#0", "tintindex": 0}
			}
		},
		{
			"from": [7.99385, 6.1891, 6.6],
			"to": [8.49385, 6.9391, 18.09],
			"rotation": {"angle": 0, "axis": "y", "origin": [6.69385, -0.2609, 8]},
			"faces": {
				"up": {"uv": [1.875, 6.75, 1.75, 4], "texture": "#0", "tintindex": 0}
			}
		},
		{
			"from": [7.50615, 6.1891, 6.6],
			"to": [8.00615, 6.9391, 17.8],
			"rotation": {"angle": 0, "axis": "y", "origin": [9.30615, -0.2609, 8]},
			"faces": {
				"north": {"uv": [8.25, 0.75, 8.375, 0.875], "texture": "#0", "tintindex": 0},
				"south": {"uv": [1, 8.25, 1.125, 8.375], "texture": "#0", "tintindex": 0},
				"up": {"uv": [2.375, 6.75, 2.25, 4], "texture": "#0", "tintindex": 0}
			}
		},
		{
			"from": [7.95615, 6.1891, 6.6],
			"to": [8.49615, 6.93129, 17.8],
			"rotation": {"angle": 0, "axis": "y", "origin": [9.30615, -0.2609, 8]},
			"faces": {
				"north": {"uv": [8.25, 0.75, 8.375, 0.875], "texture": "#0", "tintindex": 0},
				"south": {"uv": [1, 8.25, 1.125, 8.375], "texture": "#0", "tintindex": 0},
				"up": {"uv": [2.375, 6.75, 2.25, 4], "texture": "#0", "tintindex": 0}
			}
		},
		{
			"from": [7.50615, 6.6391, 17.3],
			"to": [8.00615, 6.9391, 18.09],
			"rotation": {"angle": 0, "axis": "y", "origin": [9.30615, -0.2609, 8]},
			"faces": {
				"north": {"uv": [8.25, 0.75, 8.375, 0.875], "texture": "#0", "tintindex": 0},
				"south": {"uv": [1, 8.25, 1.125, 8.375], "texture": "#0", "tintindex": 0},
				"up": {"uv": [2.375, 6.75, 2.25, 4], "texture": "#0", "tintindex": 0}
			}
		},
		{
			"from": [8.00615, 6.6391, 17.3],
			"to": [8.50615, 6.9391, 18.09],
			"rotation": {"angle": 0, "axis": "y", "origin": [8.45615, -0.2609, 8]},
			"faces": {
				"north": {"uv": [8.25, 0.75, 8.375, 0.875], "texture": "#0", "tintindex": 0},
				"south": {"uv": [1, 8.25, 1.125, 8.375], "texture": "#0", "tintindex": 0},
				"up": {"uv": [2.375, 6.75, 2.25, 4], "texture": "#0", "tintindex": 0}
			}
		},
		{
			"from": [4.9039, 6.65672, 6.6],
			"to": [5.2039, 7.45672, 18.09],
			"rotation": {"angle": -22.5, "axis": "z", "origin": [4.9039, 0.65672, 8]},
			"faces": {
				"north": {"uv": [7.75, 3.5, 7.875, 3.75], "texture": "#0", "tintindex": 0},
				"east": {"uv": [2, 1.5, 4.75, 1.75], "texture": "#0", "tintindex": 0},
				"south": {"uv": [7.75, 3.75, 7.875, 4], "texture": "#0", "tintindex": 0},
				"west": {"uv": [2, 1.25, 4.75, 1.5], "texture": "#0", "tintindex": 0}
			}
		},
		{
			"from": [7.199, 5, 6.6],
			"to": [8.801, 6.2, 17.8],
			"rotation": {"angle": 0, "axis": "y", "origin": [7, -1, 8]},
			"faces": {
				"north": {"uv": [6, 5.5, 6.5, 5.75], "texture": "#0", "tintindex": 0},
				"east": {"uv": [2, 0.5, 4.75, 0.75], "texture": "#0", "tintindex": 0},
				"south": {"uv": [6.5, 5.5, 7, 5.75], "texture": "#0", "tintindex": 0},
				"west": {"uv": [2, 0.75, 4.75, 1], "texture": "#0", "tintindex": 0}
			}
		},
		{
			"from": [7.2, 4, 6.6],
			"to": [8.8, 5, 18.2],
			"rotation": {"angle": 0, "axis": "y", "origin": [7, -1, 8]},
			"faces": {
				"north": {"uv": [6.75, 3, 7.25, 3.25], "texture": "#0", "tintindex": 0},
				"east": {"uv": [2, 0, 4.875, 0.25], "texture": "#0", "tintindex": 0},
				"south": {"uv": [6.75, 3.25, 7.25, 3.5], "texture": "#0", "tintindex": 0},
				"west": {"uv": [2, 0.25, 4.875, 0.5], "texture": "#0", "tintindex": 0},
				"up": {"uv": [0.5, 2.875, 0, 0], "texture": "#0", "tintindex": 0},
				"down": {"uv": [1, 0, 0.5, 2.875], "texture": "#0", "tintindex": 0}
			}
		},
		{
			"from": [7.2, 3.21732, 14.67612],
			"to": [8.8, 4.21732, 15.67612],
			"rotation": {"angle": -22.5, "axis": "x", "origin": [7, 3.21732, 14.67612]},
			"faces": {
				"north": {"uv": [6.75, 6, 7.25, 6.25], "texture": "#0", "tintindex": 0},
				"east": {"uv": [0, 7.5, 0.25, 7.75], "texture": "#0", "tintindex": 0},
				"west": {"uv": [0.25, 7.5, 0.5, 7.75], "texture": "#0", "tintindex": 0}
			}
		},
		{
			"from": [7.2, 1.6, 14.6],
			"to": [8.8, 3.6, 17.6],
			"rotation": {"angle": 0, "axis": "y", "origin": [7, 2.6, 14.6]},
			"faces": {
				"north": {"uv": [5.25, 1, 5.75, 1.5], "texture": "#0", "tintindex": 0},
				"east": {"uv": [1.75, 3.5, 2.5, 4], "texture": "#0", "tintindex": 0},
				"south": {"uv": [5.25, 1.5, 5.75, 2], "texture": "#0", "tintindex": 0},
				"west": {"uv": [2.5, 3.5, 3.25, 4], "texture": "#0", "tintindex": 0}
			}
		},
		{
			"from": [7.2, 3.5, 15.3],
			"to": [8.8, 4.4, 16.6],
			"rotation": {"angle": 0, "axis": "y", "origin": [7, 3.4, 14.6]},
			"faces": {
				"east": {"uv": [1.75, 7.25, 2.125, 7.5], "texture": "#0", "tintindex": 0},
				"west": {"uv": [2.25, 7.25, 2.625, 7.5], "texture": "#0", "tintindex": 0}
			}
		},
		{
			"from": [7.2, 3.21732, 16.67612],
			"to": [8.8, 4.21732, 17.67612],
			"rotation": {"angle": -22.5, "axis": "x", "origin": [7, 3.21732, 16.67612]},
			"faces": {
				"east": {"uv": [0.5, 7.5, 0.75, 7.75], "texture": "#0", "tintindex": 0},
				"west": {"uv": [7.5, 0.5, 7.75, 0.75], "texture": "#0", "tintindex": 0}
			}
		},
		{
			"from": [8.3, 4, 16.95],
			"to": [8.8, 4.6, 18.35],
			"rotation": {"angle": 0, "axis": "y", "origin": [9, -2.6, 8.75]},
			"faces": {
				"east": {"uv": [4, 7.5, 4.375, 7.625], "texture": "#0", "tintindex": 0},
				"south": {"uv": [3.5, 8.25, 3.625, 8.375], "texture": "#0", "tintindex": 0},
				"west": {"uv": [7.5, 4.25, 7.875, 4.375], "texture": "#0", "tintindex": 0}
			}
		},
		{
			"from": [7.2, 0.82842, 19.95814],
			"to": [8.8, 1.92842, 21.15814],
			"rotation": {"angle": -22.5, "axis": "x", "origin": [7, -3.97158, 11.95814]},
			"faces": {
				"east": {"uv": [3, 7.25, 3.25, 7.5], "texture": "#0", "tintindex": 0},
				"south": {"uv": [2.25, 6.75, 2.75, 7], "texture": "#0", "tintindex": 0},
				"west": {"uv": [7.25, 3, 7.5, 3.25], "texture": "#0", "tintindex": 0},
				"down": {"uv": [7.25, 2.75, 6.75, 3], "texture": "#0", "tintindex": 0}
			}
		},
		{
			"from": [7.2, 4, 16.95],
			"to": [7.7, 4.6, 18.32],
			"rotation": {"angle": 0, "axis": "y", "origin": [7, -2.6, 8.75]},
			"faces": {
				"east": {"uv": [7.5, 1.25, 7.875, 1.375], "texture": "#0", "tintindex": 0},
				"south": {"uv": [1.5, 8.25, 1.625, 8.375], "texture": "#0", "tintindex": 0},
				"west": {"uv": [7.5, 1.5, 7.875, 1.625], "texture": "#0", "tintindex": 0}
			}
		},
		{
			"from": [7.2, 0.6, 16.2],
			"to": [8.8, 3.1, 18.2],
			"rotation": {"angle": -22.5, "axis": "x", "origin": [7, 1.6, 17.2]},
			"faces": {
				"east": {"uv": [4.25, 3.5, 4.75, 4.125], "texture": "#0", "tintindex": 0},
				"south": {"uv": [3.75, 4.25, 4.25, 4.875], "texture": "#0", "tintindex": 0},
				"west": {"uv": [4.25, 4.25, 4.75, 4.875], "texture": "#0", "tintindex": 0}
			}
		},
		{
			"from": [7.2, -0.32388, 14.98268],
			"to": [8.8, 1.67612, 16.98268],
			"rotation": {"angle": -22.5, "axis": "x", "origin": [7, 0.67612, 14.98268]},
			"faces": {
				"north": {"uv": [4.25, 2.25, 4.75, 2.75], "texture": "#0", "tintindex": 0},
				"east": {"uv": [4.75, 2.25, 5.25, 2.75], "texture": "#0", "tintindex": 0},
				"west": {"uv": [4.25, 5, 4.75, 5.5], "texture": "#0", "tintindex": 0}
			}
		},
		{
			"from": [7.2, -1.7412, 15.00656],
			"to": [8.8, 1.0588, 18.50656],
			"rotation": {"angle": 0, "axis": "y", "origin": [7, 0.0588, 17.50656]},
			"faces": {
				"north": {"uv": [3.75, 2, 4.25, 2.75], "texture": "#0", "tintindex": 0},
				"east": {"uv": [2, 2, 2.875, 2.75], "texture": "#0", "tintindex": 0},
				"south": {"uv": [3.75, 3.5, 4.25, 4.25], "texture": "#0", "tintindex": 0},
				"west": {"uv": [1, 2.75, 1.875, 3.5], "texture": "#0", "tintindex": 0},
				"down": {"uv": [1, 3, 0.5, 3.875], "texture": "#0", "tintindex": 0}
			}
		},
		{
			"from": [7.2, -1.9212, 14.82656],
			"to": [8.8, -1.7412, 18.50656],
			"rotation": {"angle": 0, "axis": "y", "origin": [7, 0.7588, 17.50656]},
			"faces": {
				"north": {"uv": [0.35, 4.22813, 0.38125, 4.74375], "texture": "#0", "tintindex": 0},
				"east": {"uv": [0.35, 4.22813, 0.38125, 4.74375], "texture": "#0", "tintindex": 0},
				"south": {"uv": [0.35, 4.22813, 0.38125, 4.74375], "texture": "#0", "tintindex": 0},
				"west": {"uv": [0.35, 4.22813, 0.38125, 4.74375], "texture": "#0", "tintindex": 0},
				"up": {"uv": [0.35, 4.22813, 0.38125, 4.74375], "texture": "#0", "tintindex": 0},
				"down": {"uv": [0.35, 4.22813, 0.38125, 4.74375], "texture": "#0", "tintindex": 0}
			}
		},
		{
			"from": [7.3, 2.44721, 14.20061],
			"to": [8.7, 2.64721, 14.90061],
			"rotation": {"angle": 0, "axis": "y", "origin": [7.5, 4.94721, 9.00061]},
			"faces": {
				"north": {"uv": [7.5, 6.75, 7.875, 6.875], "texture": "#0", "tintindex": 0},
				"east": {"uv": [8.25, 4, 8.375, 4.125], "texture": "#0", "tintindex": 0},
				"west": {"uv": [4.25, 8.25, 4.375, 8.375], "texture": "#0", "tintindex": 0},
				"up": {"uv": [7.875, 7.375, 7.5, 7.25], "texture": "#0", "tintindex": 0},
				"down": {"uv": [7.875, 7.5, 7.5, 7.625], "texture": "#0", "tintindex": 0}
			}
		},
		{
			"from": [7.3, -1.97267, 14.11204],
			"to": [8.7, -1.69767, 14.71204],
			"rotation": {"angle": -45, "axis": "x", "origin": [7.5, 0.60233, 8.91204]},
			"faces": {
				"north": {"uv": [7.5, 6, 7.875, 6.125], "texture": "#0", "tintindex": 0},
				"east": {"uv": [8.25, 3.75, 8.375, 3.875], "texture": "#0", "tintindex": 0},
				"west": {"uv": [4, 8.25, 4.125, 8.375], "texture": "#0", "tintindex": 0},
				"up": {"uv": [7.875, 6.375, 7.5, 6.25], "texture": "#0", "tintindex": 0},
				"down": {"uv": [7.875, 6.5, 7.5, 6.625], "texture": "#0", "tintindex": 0}
			}
		},
		{
			"from": [7.3, 4.96155, 14.327],
			"to": [8.7, 5.16155, 15.427],
			"rotation": {"angle": -22.5, "axis": "x", "origin": [7.5, 0.86155, 21.127]},
			"faces": {
				"east": {"uv": [4.25, 8, 4.5, 8.125], "texture": "#0", "tintindex": 0},
				"south": {"uv": [7.75, 0.5, 8.125, 0.625], "texture": "#0", "tintindex": 0},
				"west": {"uv": [8, 4.25, 8.25, 4.375], "texture": "#0", "tintindex": 0},
				"up": {"uv": [0.875, 7.5, 0.5, 7.25], "texture": "#0", "tintindex": 0},
				"down": {"uv": [1.375, 7.25, 1, 7.5], "texture": "#0", "tintindex": 0}
			}
		},
		{
			"from": [7.3, 2.04721, 11.17561],
			"to": [8.7, 2.24721, 13.27561],
			"rotation": {"angle": 0, "axis": "y", "origin": [7.5, -2.05279, 14.97561]},
			"faces": {
				"east": {"uv": [7, 7.25, 7.5, 7.375], "texture": "#0", "tintindex": 0},
				"west": {"uv": [7.25, 7, 7.75, 7.125], "texture": "#0", "tintindex": 0},
				"up": {"uv": [6.125, 6.5, 5.75, 6], "texture": "#0", "tintindex": 0},
				"down": {"uv": [6.625, 6, 6.25, 6.5], "texture": "#0", "tintindex": 0}
			}
		},
		{
			"from": [7.3, 0.6, 12.1],
			"to": [8.7, 2.8, 12.4],
			"rotation": {"angle": -22.5, "axis": "x", "origin": [7.5, -1, 8]},
			"faces": {
				"north": {"uv": [6, 4, 6.375, 4.5], "texture": "#0", "tintindex": 0},
				"east": {"uv": [7.25, 6.5, 7.375, 7], "texture": "#0", "tintindex": 0},
				"south": {"uv": [6, 4.5, 6.375, 5], "texture": "#0", "tintindex": 0},
				"west": {"uv": [6.75, 7.25, 6.875, 7.75], "texture": "#0", "tintindex": 0}
			}
		},
		{
			"from": [7.3, 0.3, 13.2],
			"to": [8.7, 0.7, 13.8],
			"rotation": {"angle": -45, "axis": "x", "origin": [7.5, -1, 8]},
			"faces": {
				"east": {"uv": [8.25, 3.5, 8.375, 3.625], "texture": "#0", "tintindex": 0},
				"west": {"uv": [3.75, 8.25, 3.875, 8.375], "texture": "#0", "tintindex": 0},
				"down": {"uv": [7.875, 5.75, 7.5, 5.875], "texture": "#0", "tintindex": 0}
			}
		}
	],
	"display": {
		"thirdperson_righthand": {
			"translation": [0, 3, -4.25],
			"scale": [1, 0.75, 0.75]
		},
		"thirdperson_lefthand": {
			"translation": [0, 3, -4.25],
			"scale": [1, 0.75, 0.75]
		},
		"firstperson_righthand": {
			"translation": [-5, 6.5, -3.25],
			"scale": [0.65, 0.65, 0.65]
		},
		"firstperson_lefthand": {
			"translation": [-5, 6.5, -3.25],
			"scale": [0.65, 0.65, 0.65]
		},
		"ground": {
			"translation": [0, 4, -4.5],
			"scale": [0.8, 0.8, 0.8]
		},
		"gui": {
			"rotation": [30, -135, 0],
			"translation": [3.5, 2.25, 0]
		},
		"fixed": {
			"rotation": [0, 90, 0],
			"translation": [-6, 6, -1.75],
			"scale": [1.3, 1.3, 1.3]
		}
	},
	"groups": [
		0,
		1,
		2,
		3,
		4,
		5,
		6,
		7,
		8,
		9,
		10,
		11,
		12,
		13,
		14,
		15,
		16,
		17,
		18,
		19,
		20,
		21,
		22,
		23,
		24,
		{
			"name": "group",
			"origin": [7.5, -8, 0],
			"color": 0,
			"children": [25, 26, 27, 28, 29, 30, 31, 32, 33, 34, 35, 36, 37, 38, 39, 40, 41, 42, 43, 44, 45, 46, 47, 48, 49, 50, 51, 52]
		}
	]
}