{
	"credit": "Made with Blockbench by ThatAvocado_Boi",
	"texture_size": [8, 8],
	"textures": {
		"1": "minecraft:block/stripped_oak_log",
		"2": "minecraft:block/anvil",
		"particle": "minecraft:block/stripped_oak_log"
	},
	"elements": [
		{
			"from": [8.47, 7.9253, 9.285],
			"to": [8.62, 8.3253, 12.185],
			"rotation": {"angle": 0, "axis": "z", "origin": [8.845, 3.75562, 7.735]},
			"faces": {
				"north": {"uv": [0, 0, 16, 16], "texture": "#2"},
				"east": {"uv": [0, 0, 16, 16], "texture": "#2"},
				"south": {"uv": [0, 0, 16, 16], "texture": "#2"},
				"west": {"uv": [0, 0, 16, 16], "texture": "#2"},
				"up": {"uv": [0, 0, 16, 16], "rotation": 270, "texture": "#2"},
				"down": {"uv": [0, 0, 16, 16], "rotation": 270, "texture": "#2"}
			}
		},
		{
			"from": [7.42, 7.9253, 9.285],
			"to": [7.57, 8.3253, 12.185],
			"rotation": {"angle": 0, "axis": "z", "origin": [7.195, 3.75562, 7.735]},
			"faces": {
				"north": {"uv": [0, 0, 16, 16], "texture": "#2"},
				"east": {"uv": [0, 0, 16, 16], "texture": "#2"},
				"south": {"uv": [0, 0, 16, 16], "texture": "#2"},
				"west": {"uv": [0, 0, 16, 16], "texture": "#2"},
				"up": {"uv": [0, 0, 16, 16], "rotation": 270, "texture": "#2"},
				"down": {"uv": [0, 0, 16, 16], "rotation": 270, "texture": "#2"}
			}
		},
		{
			"from": [7.57, 8.1753, 9.285],
			"to": [8.47, 8.3253, 12.185],
			"rotation": {"angle": 0, "axis": "y", "origin": [8.02, 3.75032, 7.735]},
			"faces": {
				"north": {"uv": [0, 0, 16, 16], "rotation": 90, "texture": "#2"},
				"east": {"uv": [0, 0, 16, 16], "rotation": 180, "texture": "#2"},
				"south": {"uv": [0, 0, 16, 16], "rotation": 270, "texture": "#2"},
				"west": {"uv": [0, 0, 16, 16], "rotation": 180, "texture": "#2"},
				"up": {"uv": [0, 0, 16, 16], "rotation": 270, "texture": "#2"},
				"down": {"uv": [0, 0, 16, 16], "rotation": 270, "texture": "#2"}
			}
		},
		{
			"from": [7.57, 5.3003, 13.06],
			"to": [8.47, 8.2003, 13.41],
			"rotation": {"angle": 0, "axis": "y", "origin": [8.02, 3.55032, 21.745]},
			"faces": {
				"north": {"uv": [0, 0, 16, 16], "rotation": 90, "texture": "#2"},
				"east": {"uv": [0, 0, 16, 16], "rotation": 270, "texture": "#2"},
				"south": {"uv": [0, 0, 16, 16], "rotation": 270, "texture": "#2"},
				"west": {"uv": [0, 0, 16, 16], "rotation": 90, "texture": "#2"},
				"up": {"uv": [0, 0, 16, 16], "rotation": 270, "texture": "#2"},
				"down": {"uv": [0, 0, 16, 16], "rotation": 270, "texture": "#2"}
			}
		},
		{
			"from": [7.57, 7.74855, 13.32014],
			"to": [8.47, 8.14855, 13.39514],
			"rotation": {"angle": 22.5, "axis": "x", "origin": [8.02, 7.94855, 13.49514]},
			"faces": {
				"north": {"uv": [0, 0, 16, 16], "rotation": 90, "texture": "#2"},
				"east": {"uv": [0, 0, 16, 16], "rotation": 270, "texture": "#2"},
				"south": {"uv": [0, 0, 16, 16], "rotation": 270, "texture": "#2"},
				"west": {"uv": [0, 0, 16, 16], "rotation": 90, "texture": "#2"},
				"up": {"uv": [0, 0, 16, 16], "rotation": 270, "texture": "#2"},
				"down": {"uv": [0, 0, 16, 16], "rotation": 270, "texture": "#2"}
			}
		},
		{
			"from": [7.57, 5.29943, 13.33061],
			"to": [8.47, 5.69943, 13.40561],
			"rotation": {"angle": -22.5, "axis": "x", "origin": [8.02, 5.49943, 13.36811]},
			"faces": {
				"north": {"uv": [0, 0, 16, 16], "rotation": 90, "texture": "#2"},
				"east": {"uv": [0, 0, 16, 16], "rotation": 270, "texture": "#2"},
				"south": {"uv": [0, 0, 16, 16], "rotation": 270, "texture": "#2"},
				"west": {"uv": [0, 0, 16, 16], "rotation": 90, "texture": "#2"},
				"up": {"uv": [0, 0, 16, 16], "rotation": 270, "texture": "#2"},
				"down": {"uv": [0, 0, 16, 16], "rotation": 270, "texture": "#2"}
			}
		},
		{
			"from": [7.625, 7.5253, 7.86977],
			"to": [8.425, 8.1753, 13.16977],
			"rotation": {"angle": 0, "axis": "x", "origin": [8.025, 3.25032, 18.11977]},
			"faces": {
				"north": {"uv": [0, 0, 16, 16], "rotation": 90, "texture": "#1"},
				"east": {"uv": [0, 0, 16, 16], "rotation": 90, "texture": "#1"},
				"south": {"uv": [0, 0, 16, 16], "rotation": 270, "texture": "#1"},
				"west": {"uv": [0, 0, 16, 16], "texture": "#1"},
				"up": {"uv": [0, 0, 16, 16], "rotation": 270, "texture": "#1"},
				"down": {"uv": [0, 0, 16, 16], "rotation": 270, "texture": "#1"}
			}
		},
		{
			"from": [7.57, 5.3003, 12.82],
			"to": [8.47, 8.2003, 13.07],
			"rotation": {"angle": 0, "axis": "z", "origin": [8.02, 3.55032, 21.745]},
			"faces": {
				"north": {"uv": [0, 0, 16, 16], "rotation": 90, "texture": "#1"},
				"east": {"uv": [0, 0, 16, 16], "rotation": 270, "texture": "#1"},
				"south": {"uv": [0, 0, 16, 16], "rotation": 270, "texture": "#1"},
				"west": {"uv": [0, 0, 16, 16], "rotation": 90, "texture": "#1"},
				"up": {"uv": [0, 0, 16, 16], "rotation": 270, "texture": "#1"},
				"down": {"uv": [0, 0, 16, 16], "rotation": 270, "texture": "#1"}
			}
		},
		{
			"from": [7.63, 5.3753, 8.045],
			"to": [8.33, 5.8253, 12.945],
			"rotation": {"angle": 0, "axis": "x", "origin": [7.98, 1.10032, 19.195]},
			"faces": {
				"north": {"uv": [0, 0, 16, 16], "rotation": 90, "texture": "#1"},
				"east": {"uv": [0, 0, 16, 16], "rotation": 180, "texture": "#1"},
				"south": {"uv": [0, 0, 16, 16], "rotation": 270, "texture": "#1"},
				"west": {"uv": [0, 0, 16, 16], "rotation": 180, "texture": "#1"},
				"up": {"uv": [0, 0, 16, 16], "rotation": 270, "texture": "#1"},
				"down": {"uv": [0, 0, 16, 16], "rotation": 270, "texture": "#1"}
			}
		},
		{
			"from": [7.73, 5.8503, 9.97],
			"to": [8.23, 7.7503, 11.02],
			"rotation": {"angle": 0, "axis": "x", "origin": [8.03, 2.80032, 20.595]},
			"faces": {
				"north": {"uv": [0, 0, 16, 16], "rotation": 90, "texture": "#1"},
				"east": {"uv": [0, 0, 16, 16], "rotation": 270, "texture": "#1"},
				"south": {"uv": [0, 0, 16, 16], "rotation": 270, "texture": "#1"},
				"west": {"uv": [0, 0, 16, 16], "rotation": 90, "texture": "#1"},
				"up": {"uv": [0, 0, 16, 16], "rotation": 270, "texture": "#1"},
				"down": {"uv": [0, 0, 16, 16], "rotation": 270, "texture": "#1"}
			}
		}
	],
	"display": {
		"thirdperson_righthand": {
			"rotation": [-10, 0, 0],
			"translation": [0, 2, -3.25],
			"scale": [1.1, 1.1, 1.1]
		},
		"firstperson_righthand": {
			"translation": [-3, 5, 0.75],
			"scale": [0.9, 0.9, 0.9]
		},
		"ground": {
			"translation": [0, 1.25, -1]
		},
		"gui": {
			"rotation": [30, 225, 0],
			"translation": [3.75, -0.25, 0],
			"scale": [2, 2, 2]
		},
		"fixed": {
			"rotation": [0, 90, 0],
			"translation": [-5.75, 1, -1.75],
			"scale": [2.25, 2.25, 2.25]
		}
	},
	"groups": [
		{
			"name": "Stock",
			"origin": [7.97, 4.05032, 21.66977],
			"color": 0,
			"children": [
				{
					"name": "group",
					"origin": [8.02, 3.55032, 21.745],
					"color": 0,
					"children": [0, 1, 2, 3, 4, 5]
				},
				{
					"name": "group",
					"origin": [8.03, 2.80032, 20.595],
					"color": 0,
					"children": [6, 7, 8, 9]
				}
			]
		}
	]
}
