{
	"credit": "Made with Blockbench by ThatAvocado_Boi",
	"texture_size": [32, 32],
	"textures": {
		"0": "additionalguns:item/zerkalo_scope",
		"particle": "additionalguns:item/zerkalo_scope"
	},
	"elements": [
		{
			"from": [7.0998, 8.08487, 7.62773],
			"to": [8.8998, 8.48487, 11.37173],
			"rotation": {"angle": 0, "axis": "y", "origin": [-0.0002, -0.41513, 0.97523]},
			"faces": {
				"north": {"uv": [7, 8, 11, 12], "rotation": 90, "texture": "#0", "tintindex": 0},
				"east": {"uv": [0, 1, 7, 4], "texture": "#0", "tintindex": 0},
				"south": {"uv": [10, 10, 12, 12], "rotation": 270, "texture": "#0", "tintindex": 0},
				"west": {"uv": [2, 10, 11, 4], "texture": "#0", "tintindex": 0},
				"up": {"uv": [0, 0, 1.5, 5], "texture": "#0"},
				"down": {"uv": [16, 0, 0, 16], "texture": "#0", "tintindex": 0}
			}
		},
		{
			"from": [7.0998, 8.48487, 7.62773],
			"to": [7.2998, 8.78487, 11.37173],
			"rotation": {"angle": 0, "axis": "y", "origin": [-0.0002, -0.41513, 0.97523]},
			"faces": {
				"north": {"uv": [7, 10, 9, 12], "rotation": 90, "texture": "#0", "tintindex": 0},
				"east": {"uv": [9, 9.5, 14, 11.5], "texture": "#0", "tintindex": 0},
				"south": {"uv": [10, 9.5, 12, 11.5], "rotation": 270, "texture": "#0", "tintindex": 0},
				"west": {"uv": [4, 16, 16, 12], "texture": "#0", "tintindex": 0},
				"up": {"uv": [0, 0, 1.5, 5], "texture": "#0"},
				"down": {"uv": [10, 6, 5, 8], "texture": "#0", "tintindex": 0}
			}
		},
		{
			"from": [7.0998, 8.78487, 10.22773],
			"to": [7.2998, 9.08487, 11.37173],
			"rotation": {"angle": 0, "axis": "y", "origin": [-0.0002, -0.41513, 0.97523]},
			"faces": {
				"north": {"uv": [7, 10, 9, 12], "rotation": 90, "texture": "#0", "tintindex": 0},
				"east": {"uv": [9, 9.5, 14, 11.5], "texture": "#0", "tintindex": 0},
				"south": {"uv": [11, 10, 13, 12], "rotation": 270, "texture": "#0", "tintindex": 0},
				"west": {"uv": [10.5, 11.5, 13, 11], "texture": "#0", "tintindex": 0},
				"up": {"uv": [0, 0, 1.5, 5], "texture": "#0"},
				"down": {"uv": [10, 6, 5, 8], "texture": "#0", "tintindex": 0}
			}
		},
		{
			"from": [8.7498, 8.58487, 10.12773],
			"to": [8.8498, 9.02487, 10.37173],
			"rotation": {"angle": 45, "axis": "x", "origin": [8.7998, 8.93487, 10.24973]},
			"faces": {
				"north": {"uv": [8, 10, 10, 12], "rotation": 90, "texture": "#0", "tintindex": 0},
				"east": {"uv": [9, 10, 14, 12], "texture": "#0", "tintindex": 0},
				"south": {"uv": [14, 10, 16, 12], "rotation": 270, "texture": "#0", "tintindex": 0},
				"west": {"uv": [10.5, 11.5, 13, 11], "texture": "#0", "tintindex": 0},
				"up": {"uv": [0, 0, 1.5, 5], "texture": "#0"},
				"down": {"uv": [10, 6, 5, 8], "texture": "#0", "tintindex": 0}
			}
		},
		{
			"from": [8.6998, 8.78487, 10.22773],
			"to": [8.8998, 9.08487, 11.37173],
			"rotation": {"angle": 0, "axis": "y", "origin": [1.5998, -0.41513, 0.97523]},
			"faces": {
				"north": {"uv": [7, 10, 9, 12], "rotation": 90, "texture": "#0", "tintindex": 0},
				"east": {"uv": [9, 9.5, 14, 11.5], "texture": "#0", "tintindex": 0},
				"south": {"uv": [10.5, 10, 12.5, 12], "rotation": 270, "texture": "#0", "tintindex": 0},
				"west": {"uv": [10.5, 11.5, 13, 11], "texture": "#0", "tintindex": 0},
				"up": {"uv": [0, 0, 1.5, 5], "texture": "#0"},
				"down": {"uv": [10, 6, 5, 8], "texture": "#0", "tintindex": 0}
			}
		},
		{
			"from": [7.1498, 8.58487, 10.12773],
			"to": [7.2498, 9.02487, 10.37173],
			"rotation": {"angle": 45, "axis": "x", "origin": [7.1998, 8.93487, 10.24973]},
			"faces": {
				"north": {"uv": [8, 10, 10, 12], "rotation": 90, "texture": "#0", "tintindex": 0},
				"east": {"uv": [9, 9.5, 14, 11.5], "texture": "#0", "tintindex": 0},
				"south": {"uv": [14, 10, 16, 12], "rotation": 270, "texture": "#0", "tintindex": 0},
				"west": {"uv": [10.5, 11.5, 13, 11], "texture": "#0", "tintindex": 0},
				"up": {"uv": [0, 0, 1.5, 5], "texture": "#0"},
				"down": {"uv": [10, 6, 5, 8], "texture": "#0", "tintindex": 0}
			}
		},
		{
			"from": [8.6998, 8.48487, 7.62773],
			"to": [8.8998, 8.78487, 11.37173],
			"rotation": {"angle": 0, "axis": "y", "origin": [-0.0002, -0.41513, 0.97523]},
			"faces": {
				"north": {"uv": [7, 10, 9, 12], "rotation": 90, "texture": "#0", "tintindex": 0},
				"east": {"uv": [9, 9.5, 14, 11.5], "texture": "#0", "tintindex": 0},
				"south": {"uv": [11.5, 10, 13.5, 12], "rotation": 270, "texture": "#0", "tintindex": 0},
				"west": {"uv": [9, 12.5, 14, 10.5], "texture": "#0", "tintindex": 0},
				"up": {"uv": [0, 0, 1.5, 5], "texture": "#0"},
				"down": {"uv": [10, 6, 5, 8], "texture": "#0", "tintindex": 0}
			}
		},
		{
			"from": [7.4998, 8.28487, 7.60023],
			"to": [8.4998, 8.58487, 11.30023],
			"rotation": {"angle": 0, "axis": "y", "origin": [7.9998, 7.58487, 8.25023]},
			"faces": {
				"north": {"uv": [1, 6, 0, 8], "texture": "#0", "tintindex": 0},
				"east": {"uv": [0, 0, 0, 0], "texture": "#0"},
				"south": {"uv": [9, 6, 8, 8], "texture": "#0", "tintindex": 0},
				"west": {"uv": [0, 0, 0, 0], "texture": "#0"},
				"up": {"uv": [12, 5, 15, 8], "rotation": 90, "texture": "#0", "tintindex": 0},
				"down": {"uv": [-2, 6, 5, 8], "rotation": 90, "texture": "#0", "tintindex": 0}
			}
		},
		{
			"from": [7.04415, 8.35052, 7.60123],
			"to": [7.64415, 8.65052, 8.09923],
			"rotation": {"angle": -45, "axis": "z", "origin": [7.49273, 8.49194, 8.97523]},
			"faces": {
				"north": {"uv": [0, 5, 1, 6], "texture": "#0", "tintindex": 0},
				"east": {"uv": [0, 0, 0, 0], "texture": "#0"},
				"south": {"uv": [8, 5, 9, 6], "texture": "#0", "tintindex": 0},
				"west": {"uv": [0, 0, 0, 0], "texture": "#0"},
				"up": {"uv": [0, 13, 7, 14], "rotation": 90, "texture": "#0", "tintindex": 0},
				"down": {"uv": [12, 6, 5, 7], "rotation": 90, "texture": "#0", "tintindex": 0}
			}
		},
		{
			"from": [8.35838, 8.34345, 7.60123],
			"to": [8.95838, 8.64345, 8.09923],
			"rotation": {"angle": 45, "axis": "z", "origin": [8.4998, 8.48487, 8.97523]},
			"faces": {
				"north": {"uv": [0, 5, 1, 6], "texture": "#0", "tintindex": 0},
				"east": {"uv": [0, 0, 0, 0], "texture": "#0"},
				"south": {"uv": [8, 5, 9, 6], "texture": "#0", "tintindex": 0},
				"west": {"uv": [0, 0, 0, 0], "texture": "#0"},
				"up": {"uv": [0, 13, 7, 14], "rotation": 90, "texture": "#0", "tintindex": 0},
				"down": {"uv": [12, 6, 5, 7], "rotation": 90, "texture": "#0", "tintindex": 0}
			}
		},
		{
			"from": [8.62406, 8.70913, 7.60023],
			"to": [8.92406, 9.70913, 8.10023],
			"rotation": {"angle": 0, "axis": "y", "origin": [7.72406, 7.30913, 8.97523]},
			"faces": {
				"north": {"uv": [0, 3, 2, 5], "texture": "#0", "tintindex": 0},
				"east": {"uv": [8, 3, 1, 5], "texture": "#0", "tintindex": 0},
				"south": {"uv": [8, 0, 9, 16], "texture": "#0", "tintindex": 0},
				"west": {"uv": [0, 11, 7, 13], "texture": "#0", "tintindex": 0},
				"up": {"uv": [0, 0, 0, 0], "texture": "#0"},
				"down": {"uv": [5, 6, 5, 6], "texture": "#0"}
			}
		},
		{
			"from": [7.07554, 8.70913, 7.60023],
			"to": [7.37554, 9.70913, 8.10023],
			"rotation": {"angle": 0, "axis": "y", "origin": [8.27554, 7.30913, 8.97523]},
			"faces": {
				"north": {"uv": [0, 3, 1, 5], "texture": "#0", "tintindex": 0},
				"east": {"uv": [0, 11, 7, 13], "texture": "#0", "tintindex": 0},
				"south": {"uv": [13, 0, 14, 16], "texture": "#0", "tintindex": 0},
				"west": {"uv": [1, 3, 8, 5], "texture": "#0", "tintindex": 0},
				"up": {"uv": [0, 0, 0, 0], "texture": "#0"},
				"down": {"uv": [5, 6, 5, 6], "texture": "#0"}
			}
		},
		{
			"from": [7.21696, 9.76771, 7.60123],
			"to": [7.51696, 10.36771, 8.09923],
			"rotation": {"angle": -45, "axis": "z", "origin": [7.07554, 9.90913, 8.97523]},
			"faces": {
				"north": {"uv": [0, 2, 1, 3], "texture": "#0", "tintindex": 0},
				"east": {"uv": [0, 10, 7, 11], "texture": "#0", "tintindex": 0},
				"south": {"uv": [8, 2, 9, 3], "texture": "#0", "tintindex": 0},
				"west": {"uv": [1, 2, 8, 3], "texture": "#0", "tintindex": 0},
				"up": {"uv": [0, 0, 0, 0], "texture": "#0"},
				"down": {"uv": [5, 6, 5, 6], "texture": "#0"}
			}
		},
		{
			"from": [8.48264, 9.76771, 7.60123],
			"to": [8.78264, 10.36771, 8.09923],
			"rotation": {"angle": 45, "axis": "z", "origin": [8.92406, 9.90913, 8.97523]},
			"faces": {
				"north": {"uv": [0, 2, 1, 3], "texture": "#0", "tintindex": 0},
				"east": {"uv": [8, 2, 1, 3], "texture": "#0", "tintindex": 0},
				"south": {"uv": [8, 2, 9, 3], "texture": "#0", "tintindex": 0},
				"west": {"uv": [0, 10, 7, 11], "texture": "#0", "tintindex": 0},
				"up": {"uv": [0, 0, 0, 0], "texture": "#0"},
				"down": {"uv": [5, 6, 5, 6], "texture": "#0"}
			}
		},
		{
			"from": [7.4998, 9.8334, 7.60023],
			"to": [8.4998, 10.1334, 8.10023],
			"rotation": {"angle": 0, "axis": "y", "origin": [7.7998, 7.0334, 8.97523]},
			"faces": {
				"north": {"uv": [0, 0, 1, 2], "texture": "#0", "tintindex": 0},
				"east": {"uv": [0, 0, 0, 0], "texture": "#0"},
				"south": {"uv": [6, 0, 7, 16], "texture": "#0", "tintindex": 0},
				"west": {"uv": [0, 0, 0, 0], "texture": "#0"},
				"up": {"uv": [0, 0, 16, 2], "rotation": 90, "texture": "#0", "tintindex": 0},
				"down": {"uv": [-2, 6, 5, 8], "rotation": 90, "texture": "#0", "tintindex": 0}
			}
		}
	],
	"display": {
		"thirdperson_righthand": {
			"rotation": [11, 0, 0],
			"translation": [0, 0.25, -1.75]
		},
		"thirdperson_lefthand": {
			"rotation": [11, 0, 0],
			"translation": [0, 0.25, -1.75]
		},
		"firstperson_righthand": {
			"translation": [-3.5, 3.75, 2.25],
			"scale": [1.5, 1.5, 1.5]
		},
		"ground": {
			"translation": [0, -3.75, -0.75],
			"scale": [2, 2, 2]
		},
		"gui": {
			"rotation": [30, 225, 0],
			"translation": [3, -3.75, 0],
			"scale": [3, 3, 3]
		},
		"fixed": {
			"rotation": [0, 90, 0],
			"translation": [-4.25, -1.75, -2.5],
			"scale": [3, 3, 3]
		}
	}
}