{
  "pools": [
    {
      "rolls": 1,
      "entries": [
		{
          "type": "item",
          "name": "minecraft:dead_bush",
          "weight": 1
        },
		{
          "type": "tag",
          "name": "forge:treasure2",
		  "expand": true,
          "weight": 1
        },
		{
          "type": "tag",
          "name": "minecraft:saplings",
		  "expand": true,
          "weight": 1
        },
		{
          "type": "item",
          "name": "thermal:silver_coin",
          "weight": 40,
          "functions": [
            {
              "function": "set_count",
              "count": {
                "min": 1,
                "max": 2
              }
            }
          ]
        },
        {
          "type": "item",
          "name": "minecraft:bone",
          "weight": 1,
          "functions": [
            {
              "function": "set_count",
              "count": {
                "min": 1,
                "max": 3
              }
            }
          ]
        },
        {
          "type": "item",
          "name": "minecraft:stick",
          "weight": 1,
          "functions": [
            {
              "function": "set_count",
              "count": {
                "min": 1,
                "max": 3
              }
            }
          ]
        }
      ]
    }
  ]
}