{
  "type": "create:sequenced_assembly",
  "ingredient": {
    "item": "minecraft:snowball"
  },
  "transitionalItem": {
    "item": "kubejs:incomplete_blitz_cube"
  },
  "sequence": [
    {
      "type": "create:deploying",
      "ingredients": [
        {
          "item": "kubejs:incomplete_blitz_cube"
        },
        {
          "item": "ae2:entropy_manipulator"
        }
      ],
      "results": [
        {
          "item": "kubejs:incomplete_blitz_cube"
        }
      ]
    },
    {
      "type": "create:filling",
      "ingredients": [
        {
          "item": "kubejs:incomplete_blitz_cube"
        },
        {
          "fluid": "kubejs:powered_water",
          "amount": 200
        }
      ],
      "results": [
        {
          "item": "kubejs:incomplete_blitz_cube"
        }
      ]
    },
    {
      "type": "create:deploying",
      "ingredients": [
        {
          "item": "kubejs:incomplete_blitz_cube"
        },
        {
          "item": "kubejs:laser_blaster"
        }
      ],
      "results": [
        {
          "item": "kubejs:incomplete_blitz_cube"
        }
      ]
    }
  ],
  "results": [
    {
      "item": "thermal:blizz_rod",
      "chance": 1
    }
  ],
  "loops": 1
}