{
	"credit": "Made with Blockbench",
	"textures": {
		"0": "cabricality:item/box_shell",
		"1": "cabricality:item/buttle/shell",
		"particle": "cabricality:item/box_shell"
	},
	"elements": [
		{
			"from": [2.75, 6, 3.75],
			"to": [13.25, 7.3, 12.25],
			"rotation": {"angle": 0, "axis": "y", "origin": [9, 3.5, 10]},
			"faces": {
				"north": {"uv": [8, 0, 16, 1], "texture": "#0"},
				"east": {"uv": [8, 0, 16, 1], "texture": "#0"},
				"south": {"uv": [8, 8, 16, 9], "texture": "#0"},
				"west": {"uv": [8, 0, 16, 1], "texture": "#0"},
				"up": {"uv": [0, 0, 8, 8], "rotation": 180, "texture": "#0"},
				"down": {"uv": [0, 8, 8, 16], "rotation": 180, "texture": "#0"}
			}
		},
		{
			"from": [3, 0, 4],
			"to": [13, 6, 12],
			"rotation": {"angle": 0, "axis": "y", "origin": [9, 3.5, 10]},
			"faces": {
				"north": {"uv": [8, 1, 16, 8], "texture": "#0"},
				"east": {"uv": [8, 1, 16, 8], "texture": "#0"},
				"south": {"uv": [8, 9, 16, 16], "texture": "#0"},
				"west": {"uv": [8, 1, 16, 8], "texture": "#0"},
				"up": {"uv": [0, 0, 8, 8], "rotation": 180, "texture": "#0"},
				"down": {"uv": [0, 8, 8, 16], "rotation": 180, "texture": "#0"}
			}
		},
		{
			"from": [5.75, 1.25, 12.01],
			"to": [10.25, 5.75, 12.01],
			"faces": {
				"north": {"uv": [0, 0, 16, 16], "texture": "#1"},
				"east": {"uv": [0, 0, 0, 4.5], "texture": "#missing"},
				"south": {"uv": [0, 0, 16, 16], "texture": "#1"},
				"west": {"uv": [0, 0, 0, 4.5], "texture": "#missing"},
				"up": {"uv": [0, 0, 4.5, 0], "texture": "#missing"},
				"down": {"uv": [0, 0, 4.5, 0], "texture": "#missing"}
			}
		},
		{
			"from": [5.75, 1.25, 3.99],
			"to": [10.25, 5.75, 3.99],
			"faces": {
				"north": {"uv": [0, 0, 16, 16], "texture": "#1"},
				"east": {"uv": [0, 0, 0, 4.5], "texture": "#missing"},
				"south": {"uv": [0, 0, 16, 16], "texture": "#1"},
				"west": {"uv": [0, 0, 0, 4.5], "texture": "#missing"},
				"up": {"uv": [0, 0, 4.5, 0], "texture": "#missing"},
				"down": {"uv": [0, 0, 4.5, 0], "texture": "#missing"}
			}
		}
	],
	"display": {
		"thirdperson_righthand": {
			"translation": [0, 3.75, 0],
			"scale": [0.5, 0.5, 0.5]
		},
		"thirdperson_lefthand": {
			"translation": [0, 3.75, 0],
			"scale": [0.5, 0.5, 0.5]
		},
		"firstperson_righthand": {
			"rotation": [0, -33, 0],
			"translation": [-1.5, 5.5, 1.5],
			"scale": [0.67, 0.67, 0.67]
		},
		"firstperson_lefthand": {
			"rotation": [0, -41, 0],
			"translation": [-0.5, 5.5, 0.5],
			"scale": [0.67, 0.67, 0.67]
		},
		"ground": {
			"translation": [0, 2.75, 0],
			"scale": [0.72, 0.72, 0.72]
		},
		"gui": {
			"rotation": [30, -145, 0],
			"translation": [0, 4.25, 0]
		},
		"fixed": {
			"translation": [0, 4.5, -4],
			"scale": [1.4, 1.4, 1.4]
		}
	}
}