{
	"credit": "Made with Blockbench",
	"texture_size": [32, 32],
	"textures": {
		"1": "cabricality:item/box_ap_ammo",
		"2": "cabricality:item/buttle/armour_piercing_buttle",
		"particle": "cabricality:item/buttle/armour_piercing_buttle"
	},
	"elements": [
		{
			"from": [1.5, 0, 5],
			"to": [14.5, 8, 11],
			"rotation": {"angle": 0, "axis": "y", "origin": [5.53769, 6.397, 8]},
			"faces": {
				"north": {"uv": [8, 12, 16, 16], "texture": "#1"},
				"east": {"uv": [0, 0, 3.25, 4], "texture": "#1"},
				"south": {"uv": [8, 12, 16, 16], "texture": "#1"},
				"west": {"uv": [0, 0, 3.25, 4], "texture": "#1"},
				"up": {"uv": [0, 0, 6.5, 3], "texture": "#missing"},
				"down": {"uv": [2.5, 8, 6, 10], "texture": "#1"}
			}
		},
		{
			"from": [1, 8, 5],
			"to": [15, 8.5, 11],
			"rotation": {"angle": 0, "axis": "y", "origin": [5.53769, 6.397, 8]},
			"faces": {
				"north": {"uv": [8, 8.5, 16, 8.75], "texture": "#1"},
				"east": {"uv": [0, 12, 0.25, 12.25], "texture": "#1"},
				"south": {"uv": [8, 8.5, 16, 8.75], "texture": "#1"},
				"west": {"uv": [0, 12, 0.25, 12.25], "texture": "#1"},
				"up": {"uv": [2.5, 8.25, 6, 9.75], "texture": "#1"},
				"down": {"uv": [8, 8.5, 16, 11.5], "texture": "#1"}
			}
		},
		{
			"from": [1, 7, 4.5],
			"to": [15, 8.5, 5],
			"rotation": {"angle": 0, "axis": "y", "origin": [5.53769, 6.397, 8]},
			"faces": {
				"north": {"uv": [2.5, 8, 6, 8.5], "texture": "#1"},
				"east": {"uv": [7.75, 12, 8, 12.5], "texture": "#1"},
				"south": {"uv": [0, 12, 8, 12.5], "texture": "#1"},
				"west": {"uv": [7.75, 12, 8, 12.5], "texture": "#1"},
				"up": {"uv": [0, 12, 8, 12.25], "texture": "#1"},
				"down": {"uv": [0, 12.25, 8, 12.5], "texture": "#1"}
			}
		},
		{
			"from": [1, 7, 11],
			"to": [15, 8.5, 11.5],
			"rotation": {"angle": 0, "axis": "y", "origin": [5.53769, 6.397, 8]},
			"faces": {
				"north": {"uv": [0, 12, 8, 12.5], "texture": "#1"},
				"east": {"uv": [7.75, 12, 8, 12.5], "texture": "#1"},
				"south": {"uv": [2.5, 8, 6, 8.5], "texture": "#1"},
				"west": {"uv": [7.75, 12, 8, 12.5], "texture": "#1"},
				"up": {"uv": [0, 15.75, 8, 16], "texture": "#1"},
				"down": {"uv": [0, 12.25, 8, 12.5], "texture": "#1"}
			}
		},
		{
			"from": [2.44916, -0.30561, 6],
			"to": [3.01166, 1.94439, 6.5],
			"rotation": {"angle": -22.5, "axis": "z", "origin": [5.53769, 6.397, 8]},
			"faces": {
				"north": {"uv": [9.5625, 3, 9.71875, 3.375], "texture": "#1"},
				"east": {"uv": [0, 0.5, 0.125, 1.625], "texture": "#1"},
				"south": {"uv": [9.5, 3, 9.71875, 3.4375], "texture": "#1"},
				"west": {"uv": [9.75, 3, 9.625, 3.25], "texture": "#1"},
				"up": {"uv": [0, 0.5, 0.15625, 0.625], "texture": "#missing"},
				"down": {"uv": [0, 0.5, 0.15625, 0.625], "texture": "#1"}
			}
		},
		{
			"from": [2.44916, -0.30561, 9.5],
			"to": [3.01166, 1.94439, 10],
			"rotation": {"angle": -22.5, "axis": "z", "origin": [5.53769, 6.397, 8]},
			"faces": {
				"north": {"uv": [9.5, 0.3125, 9.65625, 0.4375], "texture": "#1"},
				"east": {"uv": [9.5, 0.3125, 9.625, 0.4375], "texture": "#1"},
				"south": {"uv": [9.5, 0.3125, 9.65625, 0.4375], "texture": "#1"},
				"west": {"uv": [9.5, 0.3125, 9.625, 0.4375], "texture": "#1"},
				"up": {"uv": [9.5, 0.25, 9.65625, 0.4375], "texture": "#1"},
				"down": {"uv": [9.5, 0.25, 9.65625, 0.4375], "texture": "#1"}
			}
		},
		{
			"from": [2.44916, -0.80561, 6],
			"to": [3.01166, -0.30561, 10],
			"rotation": {"angle": -22.5, "axis": "z", "origin": [5.53769, 6.397, 8]},
			"faces": {
				"north": {"uv": [9.5, 3, 9.71875, 3.4375], "rotation": 180, "texture": "#1"},
				"east": {"uv": [9, 0.25, 9.4375, 3.5], "rotation": 270, "texture": "#1"},
				"south": {"uv": [9.5, 0.25, 9.71875, 0.625], "texture": "#1"},
				"west": {"uv": [9.5, 0.25, 9, 3.5], "rotation": 90, "texture": "#1"},
				"up": {"uv": [9, 0.25, 9.46875, 3.5], "rotation": 180, "texture": "#1"},
				"down": {"uv": [9.5, 0.25, 9.03125, 3.5], "texture": "#1"}
			}
		},
		{
			"from": [1, 3.25, 5.5],
			"to": [1.5, 6.75, 10.5],
			"rotation": {"angle": 0, "axis": "y", "origin": [5.53769, 6.397, 8]},
			"faces": {
				"north": {"uv": [0, 0, 0.25, 0.25], "texture": "#1"},
				"east": {"uv": [0, 0, 2.5, 1.75], "texture": "#missing"},
				"south": {"uv": [0, 0, 0.25, 0.25], "texture": "#1"},
				"west": {"uv": [0, 8, 2.5, 10.5], "texture": "#1"},
				"up": {"uv": [0, 0, 0.25, 0.25], "texture": "#1"},
				"down": {"uv": [1, 3.75, 0.75, 4], "texture": "#1"}
			}
		},
		{
			"from": [1.25, 6.77603, 9.9082],
			"to": [1.5, 9.02603, 10.1582],
			"rotation": {"angle": 22.5, "axis": "x", "origin": [5.53769, 6.397, 8]},
			"faces": {
				"north": {"uv": [0, 0, 0.125, 1.125], "texture": "#1"},
				"east": {"uv": [0, 0, 0.125, 1.125], "texture": "#1"},
				"south": {"uv": [0, 0, 0.125, 1.125], "texture": "#1"},
				"west": {"uv": [0, 0, 0.125, 1.125], "texture": "#1"},
				"up": {"uv": [0, 0, 0.125, 0.125], "texture": "#1"},
				"down": {"uv": [0, 0, 0.125, 0.125], "texture": "#1"}
			}
		},
		{
			"from": [1.25, 6.77603, 5.8418],
			"to": [1.5, 9.02603, 6.3418],
			"rotation": {"angle": -22.5, "axis": "x", "origin": [5.53769, 6.397, 8]},
			"faces": {
				"north": {"uv": [0, 0, 0.125, 1.125], "texture": "#1"},
				"east": {"uv": [0, 0, 0.125, 1.125], "texture": "#1"},
				"south": {"uv": [0, 0, 0.125, 1.125], "texture": "#1"},
				"west": {"uv": [0, 0, 0.125, 1.125], "texture": "#1"},
				"up": {"uv": [0, 0, 0.125, 0.125], "texture": "#1"},
				"down": {"uv": [0, 0, 0.125, 0.125], "texture": "#1"}
			}
		},
		{
			"from": [1.1875, 7.5, 5],
			"to": [1.5, 8, 11],
			"rotation": {"angle": 0, "axis": "y", "origin": [5.53769, 6.397, 8]},
			"faces": {
				"north": {"uv": [0, 0, 0.15625, 0.25], "texture": "#1"},
				"east": {"uv": [0, 0, 3, 0.25], "texture": "#1"},
				"south": {"uv": [0, 0, 0.15625, 0.25], "texture": "#1"},
				"west": {"uv": [0, 0, 3, 0.25], "texture": "#1"},
				"up": {"uv": [0, 0, 0.15625, 3], "texture": "#1"},
				"down": {"uv": [0, 0, 0.15625, 3], "texture": "#1"}
			}
		},
		{
			"from": [14.5, 6.75, 5.5],
			"to": [15.125, 8.25, 6.75],
			"rotation": {"angle": 0, "axis": "y", "origin": [5.53769, 6.397, 8]},
			"faces": {
				"north": {"uv": [11.75, 1.75, 12, 2.5], "texture": "#1"},
				"east": {"uv": [11.5, 1.75, 12, 2.5], "texture": "#1"},
				"south": {"uv": [11.5, 1.75, 11.75, 2.5], "texture": "#1"},
				"west": {"uv": [11.5, 1.75, 12, 2.5], "texture": "#1"},
				"up": {"uv": [11.5, 1.75, 11.75, 2], "texture": "#1"},
				"down": {"uv": [11.5, 2.25, 12, 2.5], "texture": "#1"}
			}
		},
		{
			"from": [14.5, 6.75, 9.25],
			"to": [15.125, 8.25, 10.5],
			"rotation": {"angle": 0, "axis": "y", "origin": [5.53769, 6.397, 8]},
			"faces": {
				"north": {"uv": [11.75, 1.75, 12, 2.5], "texture": "#1"},
				"east": {"uv": [11.5, 1.75, 12, 2.5], "texture": "#1"},
				"south": {"uv": [11.5, 1.75, 11.75, 2.5], "texture": "#1"},
				"west": {"uv": [11.5, 1.75, 12, 2.5], "texture": "#1"},
				"up": {"uv": [11.5, 1.75, 11.75, 2], "texture": "#1"},
				"down": {"uv": [11.5, 2.25, 12, 2.5], "texture": "#1"}
			}
		},
		{
			"from": [4, 8.5, 8],
			"to": [12, 10.5, 8],
			"rotation": {"angle": 0, "axis": "y", "origin": [8, 8, 8]},
			"faces": {
				"north": {"uv": [10, 3, 12, 3.5], "texture": "#1"},
				"south": {"uv": [10, 3, 12, 3.5], "texture": "#1"}
			}
		},
		{
			"from": [4, 8.51, 7],
			"to": [6, 8.51, 9],
			"rotation": {"angle": 0, "axis": "x", "origin": [8, 8, 8]},
			"faces": {
				"up": {"uv": [10.5, 1.75, 11, 2.25], "rotation": 180, "texture": "#1"},
				"down": {"uv": [10.5, 1.75, 11, 2.25], "texture": "#1"}
			}
		},
		{
			"from": [10, 8.51, 7],
			"to": [12, 8.51, 9],
			"rotation": {"angle": 0, "axis": "y", "origin": [8, 8, 8]},
			"faces": {
				"up": {"uv": [10.5, 1.75, 11, 2.25], "rotation": 180, "texture": "#1"},
				"down": {"uv": [10.5, 1.75, 11, 2.25], "texture": "#1"}
			}
		},
		{
			"from": [5, 1, 4.99],
			"to": [11, 7, 4.99],
			"faces": {
				"north": {"uv": [0, 0, 16, 16], "texture": "#2"},
				"east": {"uv": [0, 0, 0, 3], "texture": "#missing"},
				"south": {"uv": [0, 0, 16, 16], "texture": "#2"},
				"west": {"uv": [0, 0, 0, 3], "texture": "#missing"},
				"up": {"uv": [0, 0, 3, 0], "texture": "#missing"},
				"down": {"uv": [0, 0, 3, 0], "texture": "#missing"}
			}
		},
		{
			"from": [5, 1, 11.01],
			"to": [11, 7, 11.01],
			"faces": {
				"north": {"uv": [0, 0, 16, 16], "texture": "#2"},
				"east": {"uv": [0, 0, 0, 3], "texture": "#missing"},
				"south": {"uv": [0, 0, 16, 16], "texture": "#2"},
				"west": {"uv": [0, 0, 0, 3], "texture": "#missing"},
				"up": {"uv": [0, 0, 3, 0], "texture": "#missing"},
				"down": {"uv": [0, 0, 3, 0], "texture": "#missing"}
			}
		}
	],
	"display": {
		"thirdperson_righthand": {
			"rotation": [90, 90, 0],
			"translation": [0, -2, -1.25],
			"scale": [0.75, 0.75, 0.75]
		},
		"thirdperson_lefthand": {
			"rotation": [90, 90, 0],
			"translation": [0, -1.75, -1.25],
			"scale": [0.75, 0.75, 0.75]
		},
		"firstperson_righthand": {
			"translation": [-9, 4.25, 0]
		},
		"firstperson_lefthand": {
			"translation": [-9, 4.25, 0]
		},
		"ground": {
			"translation": [0, 4, 0],
			"scale": [0.75, 0.75, 0.75]
		},
		"gui": {
			"rotation": [29, -148, 0],
			"translation": [0, 3, 0],
			"scale": [1.01, 1.01, 1.01]
		},
		"head": {
			"translation": [0, 7.75, 0],
			"scale": [1.94, 1.94, 1.94]
		},
		"fixed": {
			"translation": [0, 5.75, -3.25],
			"scale": [1.3, 1.3, 1.3]
		}
	},
	"groups": [
		{
			"name": "box",
			"origin": [0, 0, 0],
			"color": 0,
			"children": [
				0,
				1,
				2,
				3,
				{
					"name": "group",
					"origin": [6.04313, 1.85099, 5.15391],
					"color": 0,
					"children": [4, 5, 6, 7, 8, 9]
				},
				10,
				11,
				12,
				{
					"name": "group",
					"origin": [6.04313, 1.85099, 5.15391],
					"color": 0,
					"children": []
				}
			]
		},
		13,
		14,
		15,
		16,
		17
	]
}