{
	"credit": "Made with Blockbench",
	"texture_size": [32, 32],
	"textures": {
		"0": "cabricality:block/ponder_laser_lamp",
		"particle": "cabricality:block/ponder_laser_lamp"
	},
	"elements": [
		{
			"from": [3.5, 3.5, 14],
			"to": [12.5, 12.5, 16],
			"rotation": {"angle": 0, "axis": "y", "origin": [8, 8, 8]},
			"faces": {
				"north": {"uv": [0, 0, 4.5, 4.5], "rotation": 180, "texture": "#0"},
				"east": {"uv": [0, 5, 4.5, 6], "rotation": 90, "texture": "#0"},
				"south": {"uv": [0, 0, 4.5, 4.5], "texture": "#0"},
				"west": {"uv": [0, 5, 4.5, 6], "rotation": 270, "texture": "#0"},
				"up": {"uv": [0, 5, 4.5, 6], "texture": "#0"},
				"down": {"uv": [0, 5, 4.5, 6], "rotation": 180, "texture": "#0"}
			}
		},
		{
			"from": [4, 4, 4],
			"to": [12, 12, 14],
			"rotation": {"angle": 0, "axis": "y", "origin": [8, 8, 8]},
			"faces": {
				"north": {"uv": [1, 10, 5.5, 14.5], "rotation": 180, "texture": "#0"},
				"east": {"uv": [6, 10, 11, 14.5], "rotation": 180, "texture": "#0"},
				"west": {"uv": [6, 10, 11, 14.5], "texture": "#0"},
				"up": {"uv": [6, 10, 11, 14.5], "rotation": 90, "texture": "#0"},
				"down": {"uv": [6, 10, 11, 14.5], "rotation": 270, "texture": "#0"}
			}
		},
		{
			"from": [12, 4, 4],
			"to": [4, 12, 14],
			"rotation": {"angle": 0, "axis": "y", "origin": [8, 8, 8]},
			"faces": {
				"north": {"uv": [1, 10, 5.5, 14.5], "rotation": 180, "texture": "#0"},
				"east": {"uv": [6, 10, 11, 14.5], "rotation": 180, "texture": "#0"},
				"west": {"uv": [6, 10, 11, 14.5], "texture": "#0"},
				"up": {"uv": [6, 10, 11, 14.5], "rotation": 90, "texture": "#0"},
				"down": {"uv": [6, 10, 11, 14.5], "rotation": 270, "texture": "#0"}
			}
		},
		{
			"from": [5, 5, 5],
			"to": [11, 11, 14],
			"rotation": {"angle": 0, "axis": "y", "origin": [8, 8, 8]},
			"faces": {
				"north": {"uv": [11.5, 0, 14.5, 3], "rotation": 180, "texture": "#0"},
				"east": {"uv": [11.5, 3.5, 14.5, 8], "rotation": 90, "texture": "#0"},
				"south": {"uv": [0, 0, 3, 3], "texture": "#missing"},
				"west": {"uv": [11.5, 3.5, 14.5, 8], "rotation": 270, "texture": "#0"},
				"up": {"uv": [11.5, 3.5, 14.5, 8], "texture": "#0"},
				"down": {"uv": [11.5, 3.5, 14.5, 8], "rotation": 180, "texture": "#0"}
			}
		}
	],
	"display": {
		"thirdperson_righthand": {
			"rotation": [75, 45, 0],
			"translation": [0, 2.5, 0],
			"scale": [0.375, 0.375, 0.375]
		},
		"thirdperson_lefthand": {
			"rotation": [75, 45, 0],
			"translation": [0, 2.5, 0],
			"scale": [0.375, 0.375, 0.375]
		},
		"firstperson_righthand": {
			"rotation": [0, 45, 0],
			"scale": [0.4, 0.4, 0.4]
		},
		"firstperson_lefthand": {
			"rotation": [0, 225, 0],
			"scale": [0.4, 0.4, 0.4]
		},
		"ground": {
			"translation": [0, 3, 0],
			"scale": [0.25, 0.25, 0.25]
		},
		"gui": {
			"rotation": [-60, -180, 40],
			"scale": [0.625, 0.625, 0.625]
		},
		"fixed": {
			"scale": [0.5, 0.5, 0.5]
		}
	}
}