{
  "type": "minecraft:block",
  "pools": [
    {
      "rolls": 4.0,
      "bonus_rolls": 0.0,
      "entries": [
        {
          "type": "minecraft:alternatives",
          "children": [
            {
              "type": "minecraft:item",
              "conditions": [
                {
                  "condition": "minecraft:match_tool",
                  "predicate": {
                    "enchantments": [
                      {
                        "enchantment": "minecraft:silk_touch",
                        "levels": {
                          "min": 1
                        }
                      }
                    ]
                  }
                }
              ],
              "name": "ae2:deepslate_quartz_ore"
            },
            {
              "type": "minecraft:item",
              "functions": [
                {
                  "function": "minecraft:set_count",
                  "count": {
                    "type": "minecraft:uniform",
                    "min": 2.0,
                    "max": 5.0
                  },
                  "add": false
                },
                {
                  "function": "minecraft:apply_bonus",
                  "enchantment": "minecraft:fortune",
                  "formula": "minecraft:uniform_bonus_count",
                  "parameters": {
                    "bonusMultiplier": 1
                  }
                },
                {
                  "function": "minecraft:explosion_decay"
                }
              ],
              "name": "ae2:certus_quartz_dust"
            }
          ]
        }
      ]
    },
    {
      "rolls": 3.0,
      "bonus_rolls": 0.0,
      "entries": [
        {
          "type": "minecraft:item",
          "functions": [
            {
              "function": "minecraft:set_count",
              "count": {
                "type": "minecraft:uniform",
                "min": 1.0,
                "max": 4.0
              },
              "add": false
            },
            {
              "function": "minecraft:apply_bonus",
              "enchantment": "minecraft:fortune",
              "formula": "minecraft:uniform_bonus_count",
              "parameters": {
                "bonusMultiplier": 1
              }
            },
            {
              "function": "minecraft:explosion_decay"
            }
          ],
          "name": "ae2:certus_quartz_crystal"
        }
      ],
      "conditions": [
        {
          "condition": "minecraft:inverted",
          "term": {
            "condition": "minecraft:match_tool",
            "predicate": {
              "enchantments": [
                {
                  "enchantment": "minecraft:silk_touch",
                  "levels": {
                    "min": 1
                  }
                }
              ]
            }
          }
        },
        {
          "condition": "minecraft:table_bonus",
          "enchantment": "minecraft:fortune",
          "chances": [
            0.05,
            0.1,
            0.15,
            0.2
          ]
        }
      ]
    },
    {
      "rolls": 1.0,
      "bonus_rolls": 0.0,
      "entries": [
        {
          "type": "minecraft:alternatives",
          "children": [
            {
              "type": "minecraft:item",
              "conditions": [
                {
                  "condition": "minecraft:match_tool",
                  "predicate": {
                    "enchantments": [
                      {
                        "enchantment": "minecraft:silk_touch",
                        "levels": {
                          "min": 1
                        }
                      }
                    ]
                  }
                }
              ],
              "name": "ae2:deepslate_quartz_ore"
            },
            {
              "type": "minecraft:item",
              "functions": [
                {
                  "function": "minecraft:set_count",
                  "count": {
                    "type": "minecraft:uniform",
                    "min": 1.0,
                    "max": 1.0
                  },
                  "add": false
                },
                {
                  "function": "minecraft:apply_bonus",
                  "enchantment": "minecraft:fortune",
                  "formula": "minecraft:uniform_bonus_count",
                  "parameters": {
                    "bonusMultiplier": 1
                  }
                },
                {
                  "function": "minecraft:explosion_decay"
                }
              ],
              "name": "ae2:charged_certus_quartz_crystal"
            }
          ]
        }
      ]
    },
    {
      "rolls": 1.0,
      "bonus_rolls": 0.0,
      "entries": [
        {
          "type": "minecraft:item",
          "functions": [
            {
              "function": "minecraft:set_count",
              "count": {
                "type": "minecraft:uniform",
                "min": 1.0,
                "max": 4.0
              },
              "add": false
            },
            {
              "function": "minecraft:apply_bonus",
              "enchantment": "minecraft:fortune",
              "formula": "minecraft:uniform_bonus_count",
              "parameters": {
                "bonusMultiplier": 1
              }
            },
            {
              "function": "minecraft:explosion_decay"
            }
          ],
          "name": "ae2:certus_quartz_crystal"
        }
      ],
      "conditions": [
        {
          "condition": "minecraft:inverted",
          "term": {
            "condition": "minecraft:match_tool",
            "predicate": {
              "enchantments": [
                {
                  "enchantment": "minecraft:silk_touch",
                  "levels": {
                    "min": 1
                  }
                }
              ]
            }
          }
        },
        {
          "condition": "minecraft:table_bonus",
          "enchantment": "minecraft:fortune",
          "chances": [
            0.6,
            0.9,
            0.9,
            1.0
          ]
        }
      ]
    },
    {
      "rolls": 1.0,
      "bonus_rolls": 0.0,
      "entries": [
        {
          "type": "minecraft:item",
          "functions": [
            {
              "function": "minecraft:set_count",
              "count": {
                "type": "minecraft:uniform",
                "min": 1.0,
                "max": 4.0
              },
              "add": false
            },
            {
              "function": "minecraft:apply_bonus",
              "enchantment": "minecraft:fortune",
              "formula": "minecraft:uniform_bonus_count",
              "parameters": {
                "bonusMultiplier": 1
              }
            },
            {
              "function": "minecraft:explosion_decay"
            }
          ],
          "name": "ae2:certus_quartz_crystal"
        }
      ],
      "conditions": [
        {
          "condition": "minecraft:inverted",
          "term": {
            "condition": "minecraft:match_tool",
            "predicate": {
              "enchantments": [
                {
                  "enchantment": "minecraft:silk_touch",
                  "levels": {
                    "min": 1
                  }
                }
              ]
            }
          }
        },
        {
          "condition": "minecraft:table_bonus",
          "enchantment": "minecraft:fortune",
          "chances": [
            0.02,
            0.1,
            0.2,
            0.3
          ]
        }
      ]
    }
  ]
}