{
  "elements": [
    {
      "from": [
        2,
        1,
        7.5
      ],
      "to": [
        3,
        16,
        8.5
      ],
      "rotation": {
        "angle": 0,
        "axis": "y",
        "origin": [
          21,
          8,
          15
        ]
      },
      "faces": {
        "north": {
          "uv": [
            11,
            9,
            12,
            15
          ],
          "texture": "#0"
        },
        "east": {
          "uv": [
            11,
            9,
            12,
            15
          ],
          "texture": "#0"
        },
        "south": {
          "uv": [
            11,
            9,
            12,
            15
          ],
          "texture": "#0"
        },
        "west": {
          "uv": [
            10,
            9,
            11,
            15
          ],
          "texture": "#0"
        },
        "up": {
          "uv": [
            11,
            4,
            12,
            5
          ],
          "texture": "#0"
        },
        "down": {
          "uv": [
            0,
            0,
            1,
            1
          ],
          "texture": "#missing"
        }
      }
    },
    {
      "from": [
        1.5,
        0,
        7
      ],
      "to": [
        3.5,
        1,
        9
      ],
      "rotation": {
        "angle": 0,
        "axis": "y",
        "origin": [
          22,
          8,
          15
        ]
      },
      "faces": {
        "north": {
          "uv": [
            15,
            1,
            16,
            2
          ],
          "texture": "#0"
        },
        "east": {
          "uv": [
            15,
            3,
            16,
            4
          ],
          "texture": "#0"
        },
        "south": {
          "uv": [
            15,
            0,
            16,
            1
          ],
          "texture": "#0"
        },
        "west": {
          "uv": [
            15,
            3,
            16,
            4
          ],
          "texture": "#0"
        },
        "up": {
          "uv": [
            15,
            1,
            16,
            3
          ],
          "texture": "#0"
        },
        "down": {
          "uv": [
            15,
            2,
            16,
            4
          ],
          "texture": "#0"
        }
      }
    }
  ],
  "display": {
    "thirdperson_righthand": {
      "rotation": [
        70,
        -112,
        0
      ],
      "translation": [
        1.5,
        4.25,
        -1.25
      ]
    },
    "thirdperson_lefthand": {
      "rotation": [
        65,
        45,
        0
      ],
      "translation": [
        3.5,
        2.25,
        -1.25
      ]
    },
    "firstperson_righthand": {
      "rotation": [
        0,
        -61,
        0
      ],
      "translation": [
        0.25,
        1,
        0
      ],
      "scale": [
        0.47695,
        0.72695,
        0.6
      ]
    },
    "firstperson_lefthand": {
      "rotation": [
        0,
        105,
        0
      ],
      "translation": [
        -0.25,
        3.25,
        0
      ],
      "scale": [
        0.6,
        0.6,
        0.6
      ]
    },
    "ground": {
      "translation": [
        0,
        2.75,
        0
      ],
      "scale": [
        0.3,
        0.3,
        0.3
      ]
    },
    "gui": {
      "rotation": [
        0,
        -180,
        0
      ],
      "translation": [
        0,
        -4,
        0
      ],
      "scale": [
        0.5,
        0.5,
        1
      ]
    },
    "head": {
      "translation": [
        -4,
        13.75,
        1
      ]
    },
    "fixed": {
      "translation": [
        0,
        -3.25,
        0
      ],
      "scale": [
        0.5,
        0.5,
        1
      ]
    }
  }
}