{
	"texture_size": [32, 32],
	"textures": {
		"0": "beyond_earth:blocks/launch_pad",
		"particle": "beyond_earth:blocks/launch_pad"
	},
	"elements": [
		{
			"from": [0, 0, 0],
			"to": [16, 3, 16],
			"faces": {
				"north": {"uv": [0, 8, 8, 9], "texture": "#0"},
				"east": {"uv": [0, 8, 8, 9], "texture": "#0"},
				"south": {"uv": [0, 8, 8, 9], "texture": "#0"},
				"west": {"uv": [0, 8, 8, 9], "texture": "#0"},
				"up": {"uv": [0, 0, 8, 8], "texture": "#0"},
				"down": {"uv": [0, 0, 8, 8], "texture": "#0"}
			}
		}
	],
	"display": {
		"thirdperson_righthand": {
			"rotation": [90, 0, 0],
			"translation": [0, 2, 3.75],
			"scale": [0.4, 0.4, 0.4]
		},
		"thirdperson_lefthand": {
			"rotation": [90, 0, 0],
			"translation": [0, 2, 3.75],
			"scale": [0.4, 0.4, 0.4]
		},
		"firstperson_righthand": {
			"translation": [0.5, 2.5, 0],
			"scale": [0.5, 0.5, 0.5]
		},
		"firstperson_lefthand": {
			"translation": [0.5, 2.5, 0],
			"scale": [0.5, 0.5, 0.5]
		},
		"ground": {
			"translation": [0, 2.25, 0],
			"scale": [0.3, 0.3, 0.3]
		},
		"gui": {
			"rotation": [34, -45, 0],
			"translation": [0, 2.75, 0],
			"scale": [0.6, 0.6, 0.6]
		},
		"head": {
			"translation": [0, 13.25, 0]
		},
		"fixed": {
			"rotation": [-90, 0, 0],
			"translation": [0, 0, -4],
			"scale": [0.5, 0.5, 0.5]
		}
	}
}