{
  "elements": [
    {
      "from": [
        1,
        0,
        1
      ],
      "to": [
        15,
        14,
        15
      ],
      "rotation": {
        "angle": 0,
        "axis": "y",
        "origin": [
          8,
          8,
          8
        ]
      },
      "faces": {
        "north": {
          "uv": [
            0,
            0,
            16,
            16
          ],
          "texture": "#4"
        },
        "east": {
          "uv": [
            0,
            0,
            16,
            16
          ],
          "texture": "#4"
        },
        "south": {
          "uv": [
            0,
            0,
            16,
            16
          ],
          "texture": "#4"
        },
        "west": {
          "uv": [
            0,
            0,
            16,
            16
          ],
          "texture": "#4"
        },
        "up": {
          "uv": [
            0,
            0,
            16,
            16
          ],
          "texture": "#1"
        },
        "down": {
          "uv": [
            0,
            0,
            16,
            16
          ],
          "texture": "#1"
        }
      }
    },
    {
      "from": [
        1,
        15,
        1
      ],
      "to": [
        15,
        17.5,
        15
      ],
      "rotation": {
        "angle": 0,
        "axis": "y",
        "origin": [
          13,
          22,
          18
        ]
      },
      "faces": {
        "north": {
          "uv": [
            0,
            0,
            16,
            3
          ],
          "texture": "#1"
        },
        "east": {
          "uv": [
            0,
            0,
            16,
            3
          ],
          "texture": "#1"
        },
        "south": {
          "uv": [
            0,
            0,
            16,
            3
          ],
          "texture": "#1"
        },
        "west": {
          "uv": [
            0,
            0,
            16,
            3
          ],
          "texture": "#1"
        },
        "up": {
          "uv": [
            0,
            0,
            15.996,
            15.998
          ],
          "texture": "#2"
        },
        "down": {
          "uv": [
            0,
            0,
            16,
            16
          ],
          "texture": "#2"
        }
      }
    },
    {
      "from": [
        5.9,
        27.5,
        17.8
      ],
      "to": [
        10,
        31.7,
        22.3
      ],
      "rotation": {
        "angle": -22.5,
        "axis": "x",
        "origin": [
          -1,
          33,
          13
        ]
      },
      "faces": {
        "north": {
          "uv": [
            7,
            7,
            10,
            10
          ],
          "rotation": 90,
          "texture": "#3"
        },
        "east": {
          "uv": [
            0,
            7,
            2.998,
            9.998
          ],
          "rotation": 270,
          "texture": "#3"
        },
        "south": {
          "uv": [
            7,
            7,
            10,
            10
          ],
          "rotation": 90,
          "texture": "#3"
        },
        "west": {
          "uv": [
            0,
            7,
            2.999,
            9.998
          ],
          "rotation": 90,
          "texture": "#3"
        },
        "up": {
          "uv": [
            7,
            7,
            9.999,
            9.999
          ],
          "rotation": 180,
          "texture": "#3"
        },
        "down": {
          "uv": [
            7,
            7,
            10,
            10
          ],
          "texture": "#3"
        }
      }
    },
    {
      "from": [
        24,
        20.5,
        6
      ],
      "to": [
        28.2,
        23,
        10.1
      ],
      "rotation": {
        "angle": -45,
        "axis": "z",
        "origin": [
          33,
          30,
          17
        ]
      },
      "faces": {
        "north": {
          "uv": [
            3,
            11,
            6,
            13
          ],
          "texture": "#1"
        },
        "east": {
          "uv": [
            3,
            11,
            6,
            13
          ],
          "texture": "#1"
        },
        "south": {
          "uv": [
            3,
            11,
            6,
            13
          ],
          "texture": "#1"
        },
        "west": {
          "uv": [
            2,
            9,
            5,
            11
          ],
          "texture": "#1"
        },
        "up": {
          "uv": [
            3,
            11,
            6,
            13
          ],
          "texture": "#1"
        },
        "down": {
          "uv": [
            12,
            9,
            15,
            12
          ],
          "texture": "#1"
        }
      }
    },
    {
      "from": [
        21.6,
        15.5,
        7
      ],
      "to": [
        23.8,
        26,
        9.1
      ],
      "rotation": {
        "angle": -22.5,
        "axis": "z",
        "origin": [
          29,
          30,
          17
        ]
      },
      "faces": {
        "north": {
          "uv": [
            1,
            3,
            3,
            13
          ],
          "texture": "#1"
        },
        "east": {
          "uv": [
            12,
            3,
            14,
            13
          ],
          "texture": "#1"
        },
        "south": {
          "uv": [
            1,
            3,
            3,
            13
          ],
          "texture": "#1"
        },
        "west": {
          "uv": [
            12,
            3,
            14,
            13
          ],
          "texture": "#1"
        },
        "up": {
          "uv": [
            3,
            3,
            11.999,
            9.999
          ],
          "texture": "#1"
        },
        "down": {
          "uv": [
            2,
            2,
            8,
            8
          ],
          "texture": "#1"
        }
      }
    },
    {
      "from": [
        7,
        8.5,
        -10.9
      ],
      "to": [
        9.1,
        19,
        -8.7
      ],
      "rotation": {
        "angle": -45,
        "axis": "x",
        "origin": [
          16.75,
          23,
          -17
        ]
      },
      "faces": {
        "north": {
          "uv": [
            12,
            3,
            14,
            13
          ],
          "texture": "#1"
        },
        "east": {
          "uv": [
            1,
            3,
            3,
            13
          ],
          "texture": "#1"
        },
        "south": {
          "uv": [
            12,
            3,
            14,
            13
          ],
          "texture": "#1"
        },
        "west": {
          "uv": [
            1,
            3,
            3,
            13
          ],
          "texture": "#1"
        },
        "up": {
          "uv": [
            3,
            3,
            11.999,
            9.999
          ],
          "rotation": 270,
          "texture": "#1"
        },
        "down": {
          "uv": [
            2,
            2,
            8,
            8
          ],
          "rotation": 90,
          "texture": "#1"
        }
      }
    },
    {
      "from": [
        6.9,
        9.5,
        24
      ],
      "to": [
        9,
        19,
        26.2
      ],
      "rotation": {
        "angle": 45,
        "axis": "x",
        "origin": [
          -1,
          23,
          31
        ]
      },
      "faces": {
        "north": {
          "uv": [
            1,
            3,
            3,
            13
          ],
          "texture": "#1"
        },
        "east": {
          "uv": [
            12,
            3,
            14,
            13
          ],
          "texture": "#1"
        },
        "south": {
          "uv": [
            1,
            3,
            3,
            13
          ],
          "texture": "#1"
        },
        "west": {
          "uv": [
            12,
            3,
            14,
            13
          ],
          "texture": "#1"
        },
        "up": {
          "uv": [
            3,
            3,
            11.999,
            9.999
          ],
          "rotation": 90,
          "texture": "#1"
        },
        "down": {
          "uv": [
            2,
            2,
            8,
            8
          ],
          "rotation": 270,
          "texture": "#1"
        }
      }
    },
    {
      "from": [
        -3,
        20.5,
        7
      ],
      "to": [
        -0.8,
        31,
        9.1
      ],
      "rotation": {
        "angle": -22.5,
        "axis": "z",
        "origin": [
          7,
          36,
          17
        ]
      },
      "faces": {
        "north": {
          "uv": [
            13,
            3,
            15,
            13
          ],
          "texture": "#1"
        },
        "east": {
          "uv": [
            1,
            3,
            3,
            13
          ],
          "texture": "#1"
        },
        "south": {
          "uv": [
            13,
            3,
            15,
            13
          ],
          "texture": "#1"
        },
        "west": {
          "uv": [
            1,
            3,
            3,
            13
          ],
          "texture": "#1"
        },
        "up": {
          "uv": [
            3,
            3,
            11.999,
            9.999
          ],
          "texture": "#1"
        },
        "down": {
          "uv": [
            2,
            2,
            8,
            8
          ],
          "texture": "#1"
        }
      }
    },
    {
      "from": [
        -5.8,
        18.5,
        7
      ],
      "to": [
        -3.6,
        28,
        9.1
      ],
      "rotation": {
        "angle": 45,
        "axis": "z",
        "origin": [
          -2,
          22,
          8
        ]
      },
      "faces": {
        "north": {
          "uv": [
            12,
            2,
            14,
            10
          ],
          "texture": "#1"
        },
        "east": {
          "uv": [
            1,
            5,
            3,
            13
          ],
          "texture": "#1"
        },
        "south": {
          "uv": [
            12,
            3,
            14,
            11
          ],
          "texture": "#1"
        },
        "west": {
          "uv": [
            1,
            3,
            3,
            11
          ],
          "texture": "#1"
        },
        "up": {
          "uv": [
            3,
            3,
            11.999,
            9.999
          ],
          "texture": "#1"
        },
        "down": {
          "uv": [
            2,
            2,
            8,
            8
          ],
          "texture": "#1"
        }
      }
    },
    {
      "from": [
        6.9,
        21.5,
        -3.3
      ],
      "to": [
        9,
        32,
        -1.1
      ],
      "rotation": {
        "angle": 22.5,
        "axis": "x",
        "origin": [
          -1,
          43,
          4
        ]
      },
      "faces": {
        "north": {
          "uv": [
            12,
            3,
            14,
            13
          ],
          "texture": "#1"
        },
        "east": {
          "uv": [
            1,
            3,
            3,
            13
          ],
          "texture": "#1"
        },
        "south": {
          "uv": [
            12,
            3,
            14,
            13
          ],
          "texture": "#1"
        },
        "west": {
          "uv": [
            1,
            3,
            3,
            13
          ],
          "texture": "#1"
        },
        "up": {
          "uv": [
            3,
            3,
            11.999,
            9.999
          ],
          "rotation": 90,
          "texture": "#1"
        },
        "down": {
          "uv": [
            2,
            2,
            8,
            8
          ],
          "rotation": 270,
          "texture": "#1"
        }
      }
    },
    {
      "from": [
        6.5,
        23.5,
        2.7
      ],
      "to": [
        9.6,
        27,
        8.9
      ],
      "rotation": {
        "angle": 45,
        "axis": "x",
        "origin": [
          -1,
          45,
          14
        ]
      },
      "faces": {
        "north": {
          "uv": [
            0,
            7,
            3,
            10
          ],
          "texture": "#3"
        },
        "east": {
          "uv": [
            8,
            12,
            13.999,
            16
          ],
          "texture": "#3"
        },
        "south": {
          "uv": [
            0,
            3,
            1,
            7
          ],
          "texture": "#1"
        },
        "west": {
          "uv": [
            9,
            12,
            15,
            16
          ],
          "texture": "#3"
        },
        "up": {
          "uv": [
            9,
            12,
            14.998,
            15.998
          ],
          "rotation": 90,
          "texture": "#3"
        },
        "down": {
          "uv": [
            9,
            12,
            14.998,
            15.998
          ],
          "rotation": 270,
          "texture": "#3"
        }
      }
    },
    {
      "from": [
        7.5,
        25.5,
        7.7
      ],
      "to": [
        8.5,
        26.5,
        12.9
      ],
      "rotation": {
        "angle": 45,
        "axis": "x",
        "origin": [
          -1,
          45,
          13
        ]
      },
      "faces": {
        "north": {
          "uv": [
            2,
            4,
            8,
            8
          ],
          "texture": "#1"
        },
        "east": {
          "uv": [
            9,
            14,
            14,
            15
          ],
          "texture": "#1"
        },
        "south": {
          "uv": [
            10,
            10,
            11,
            11
          ],
          "texture": "#1"
        },
        "west": {
          "uv": [
            2,
            14,
            7,
            15
          ],
          "texture": "#1"
        },
        "up": {
          "uv": [
            2,
            14,
            7,
            15
          ],
          "rotation": 90,
          "texture": "#1"
        },
        "down": {
          "uv": [
            2,
            14,
            7,
            15
          ],
          "rotation": 270,
          "texture": "#1"
        }
      }
    },
    {
      "from": [
        7,
        21.5,
        17.1
      ],
      "to": [
        9.1,
        30,
        19.3
      ],
      "rotation": {
        "angle": -22.5,
        "axis": "x",
        "origin": [
          17,
          38,
          12
        ]
      },
      "faces": {
        "north": {
          "uv": [
            2,
            6,
            4,
            12
          ],
          "texture": "#1"
        },
        "east": {
          "uv": [
            1,
            6,
            3,
            12
          ],
          "texture": "#1"
        },
        "south": {
          "uv": [
            2,
            6,
            4,
            12
          ],
          "texture": "#1"
        },
        "west": {
          "uv": [
            1,
            6,
            3,
            12
          ],
          "texture": "#1"
        },
        "up": {
          "uv": [
            3,
            3,
            11.999,
            9.999
          ],
          "rotation": 270,
          "texture": "#1"
        },
        "down": {
          "uv": [
            2,
            2,
            8,
            8
          ],
          "rotation": 90,
          "texture": "#1"
        }
      }
    },
    {
      "from": [
        5.5,
        25.5,
        13.1
      ],
      "to": [
        10.6,
        31,
        14.3
      ],
      "rotation": {
        "angle": -22.5,
        "axis": "x",
        "origin": [
          17,
          39,
          8
        ]
      },
      "faces": {
        "north": {
          "uv": [
            3,
            7,
            6.998,
            10.998
          ],
          "texture": "#3"
        },
        "east": {
          "uv": [
            12,
            8,
            13,
            12
          ],
          "texture": "#1"
        },
        "south": {
          "uv": [
            11,
            8,
            15,
            12
          ],
          "texture": "#1"
        },
        "west": {
          "uv": [
            12,
            8,
            13,
            12
          ],
          "texture": "#1"
        },
        "up": {
          "uv": [
            12,
            6,
            13,
            10
          ],
          "rotation": 270,
          "texture": "#1"
        },
        "down": {
          "uv": [
            12,
            6,
            13,
            10
          ],
          "rotation": 90,
          "texture": "#1"
        }
      }
    },
    {
      "from": [
        6.5,
        28.5,
        13.1
      ],
      "to": [
        9.6,
        32,
        17.3
      ],
      "rotation": {
        "angle": -22.5,
        "axis": "x",
        "origin": [
          17,
          43,
          13
        ]
      },
      "faces": {
        "north": {
          "uv": [
            12,
            6,
            14,
            9
          ],
          "texture": "#1"
        },
        "east": {
          "uv": [
            3,
            9,
            6,
            12
          ],
          "texture": "#1"
        },
        "south": {
          "uv": [
            12,
            6,
            14,
            9
          ],
          "texture": "#1"
        },
        "west": {
          "uv": [
            3,
            9,
            6,
            12
          ],
          "texture": "#1"
        },
        "up": {
          "uv": [
            11,
            10,
            14,
            12
          ],
          "rotation": 270,
          "texture": "#1"
        },
        "down": {
          "uv": [
            11,
            10,
            14,
            12
          ],
          "rotation": 90,
          "texture": "#1"
        }
      }
    },
    {
      "from": [
        -9,
        23,
        6.5
      ],
      "to": [
        -5.8,
        26,
        9.6
      ],
      "rotation": {
        "angle": 0,
        "axis": "y",
        "origin": [
          -1,
          47,
          17
        ]
      },
      "faces": {
        "north": {
          "uv": [
            0,
            7,
            2.997,
            9.995
          ],
          "texture": "#3"
        },
        "east": {
          "uv": [
            7,
            7,
            9.999,
            9.999
          ],
          "texture": "#3"
        },
        "south": {
          "uv": [
            0,
            7,
            2.999,
            9.999
          ],
          "texture": "#3"
        },
        "west": {
          "uv": [
            7,
            7,
            9.999,
            9.999
          ],
          "texture": "#3"
        },
        "up": {
          "uv": [
            7,
            7,
            9.998,
            9.997
          ],
          "texture": "#3"
        },
        "down": {
          "uv": [
            7,
            7,
            10,
            10
          ],
          "texture": "#3"
        }
      }
    },
    {
      "from": [
        6.4,
        24,
        -11
      ],
      "to": [
        9.5,
        27,
        -7.8
      ],
      "rotation": {
        "angle": 0,
        "axis": "y",
        "origin": [
          -1,
          41,
          -5
        ]
      },
      "faces": {
        "north": {
          "uv": [
            7,
            7,
            9.999,
            9.999
          ],
          "texture": "#3"
        },
        "east": {
          "uv": [
            0,
            7,
            2.999,
            9.998
          ],
          "texture": "#3"
        },
        "south": {
          "uv": [
            7,
            7,
            9.999,
            9.999
          ],
          "texture": "#3"
        },
        "west": {
          "uv": [
            0,
            7,
            2.999,
            9.999
          ],
          "texture": "#3"
        },
        "up": {
          "uv": [
            7,
            7,
            9.998,
            9.998
          ],
          "rotation": 90,
          "texture": "#3"
        },
        "down": {
          "uv": [
            7,
            7,
            10,
            10
          ],
          "rotation": 270,
          "texture": "#3"
        }
      }
    },
    {
      "from": [
        6.5,
        23.5,
        22.1
      ],
      "to": [
        9.6,
        26.5,
        25.3
      ],
      "rotation": {
        "angle": 0,
        "axis": "y",
        "origin": [
          17,
          39,
          18
        ]
      },
      "faces": {
        "north": {
          "uv": [
            7,
            7,
            9.999,
            9.999
          ],
          "texture": "#3"
        },
        "east": {
          "uv": [
            0,
            7,
            2.999,
            9.999
          ],
          "texture": "#3"
        },
        "south": {
          "uv": [
            7,
            7,
            9.999,
            9.999
          ],
          "texture": "#3"
        },
        "west": {
          "uv": [
            0,
            7,
            2.999,
            9.998
          ],
          "texture": "#3"
        },
        "up": {
          "uv": [
            7,
            7,
            9.998,
            9.998
          ],
          "rotation": 270,
          "texture": "#3"
        },
        "down": {
          "uv": [
            2,
            2,
            8,
            8
          ],
          "rotation": 90,
          "texture": "#1"
        }
      }
    },
    {
      "from": [
        -15.6,
        27.5,
        6.5
      ],
      "to": [
        -12.5,
        30.5,
        9.7
      ],
      "rotation": {
        "angle": 22.5,
        "axis": "z",
        "origin": [
          -22,
          62,
          16
        ]
      },
      "faces": {
        "north": {
          "uv": [
            2,
            9,
            5,
            12
          ],
          "texture": "#1"
        },
        "east": {
          "uv": [
            11,
            9,
            14,
            12
          ],
          "texture": "#1"
        },
        "south": {
          "uv": [
            3,
            2,
            6,
            5
          ],
          "texture": "#1"
        },
        "west": {
          "uv": [
            2,
            2,
            8,
            6
          ],
          "texture": "#1"
        },
        "up": {
          "uv": [
            12,
            9,
            15,
            12
          ],
          "rotation": 90,
          "texture": "#1"
        },
        "down": {
          "uv": [
            12,
            6,
            15,
            9
          ],
          "rotation": 270,
          "texture": "#1"
        }
      }
    },
    {
      "from": [
        -13.6,
        28,
        4.45
      ],
      "to": [
        -12.5,
        32,
        11.65
      ],
      "rotation": {
        "angle": 22.5,
        "axis": "z",
        "origin": [
          -20,
          63,
          16
        ]
      },
      "faces": {
        "north": {
          "uv": [
            12,
            4,
            13,
            8
          ],
          "texture": "#1"
        },
        "east": {
          "uv": [
            0,
            11,
            5,
            14
          ],
          "texture": "#3"
        },
        "south": {
          "uv": [
            13,
            9,
            14,
            13
          ],
          "texture": "#1"
        },
        "west": {
          "uv": [
            1,
            9,
            7,
            13
          ],
          "texture": "#1"
        },
        "up": {
          "uv": [
            1,
            7,
            7,
            8
          ],
          "rotation": 90,
          "texture": "#1"
        },
        "down": {
          "uv": [
            1,
            7,
            7,
            8
          ],
          "rotation": 270,
          "texture": "#1"
        }
      }
    },
    {
      "from": [
        3.85,
        6,
        12.95
      ],
      "to": [
        29.85,
        19,
        13.95
      ],
      "rotation": {
        "angle": -45,
        "axis": "y",
        "origin": [
          19,
          22,
          0
        ]
      },
      "faces": {
        "north": {
          "uv": [
            0,
            2.5,
            12.5,
            8
          ],
          "rotation": 180,
          "texture": "#5"
        },
        "east": {
          "uv": [
            12,
            3.5,
            12.5,
            8
          ],
          "rotation": 180,
          "texture": "#5"
        },
        "south": {
          "uv": [
            0,
            2.5,
            12.5,
            8
          ],
          "rotation": 180,
          "texture": "#5"
        },
        "west": {
          "uv": [
            0,
            3.5,
            0.5,
            8
          ],
          "rotation": 180,
          "texture": "#5"
        },
        "up": {
          "uv": [
            0,
            7.5,
            12.5,
            8
          ],
          "texture": "#5"
        },
        "down": {
          "uv": [
            0,
            2.5,
            12.5,
            3
          ],
          "texture": "#5"
        }
      }
    },
    {
      "from": [
        -13.85,
        6,
        12.95
      ],
      "to": [
        12.15,
        19,
        13.95
      ],
      "rotation": {
        "angle": 45,
        "axis": "y",
        "origin": [
          -3,
          22,
          0
        ]
      },
      "faces": {
        "north": {
          "uv": [
            0,
            2.5,
            12.5,
            8
          ],
          "rotation": 180,
          "texture": "#5"
        },
        "east": {
          "uv": [
            12,
            3.5,
            12.5,
            8
          ],
          "rotation": 180,
          "texture": "#5"
        },
        "south": {
          "uv": [
            0,
            2.5,
            12.5,
            8
          ],
          "rotation": 180,
          "texture": "#5"
        },
        "west": {
          "uv": [
            0,
            3.5,
            0.5,
            8
          ],
          "rotation": 180,
          "texture": "#5"
        },
        "up": {
          "uv": [
            0,
            7.5,
            12.5,
            8
          ],
          "texture": "#5"
        },
        "down": {
          "uv": [
            0,
            2.5,
            12.5,
            3
          ],
          "texture": "#5"
        }
      }
    },
    {
      "from": [
        0,
        10,
        0
      ],
      "to": [
        16,
        15,
        16
      ],
      "faces": {
        "north": {
          "uv": [
            0,
            0,
            16,
            5
          ],
          "texture": "#4"
        },
        "east": {
          "uv": [
            0,
            0,
            16,
            5
          ],
          "texture": "#4"
        },
        "south": {
          "uv": [
            0,
            0,
            16,
            5
          ],
          "texture": "#4"
        },
        "west": {
          "uv": [
            0,
            0,
            16,
            5
          ],
          "texture": "#4"
        },
        "up": {
          "uv": [
            0,
            0,
            16,
            16
          ],
          "texture": "#1"
        },
        "down": {
          "uv": [
            0,
            0,
            16,
            16
          ],
          "texture": "#1"
        }
      }
    },
    {
      "from": [
        6,
        17,
        6
      ],
      "to": [
        10,
        20,
        10
      ],
      "faces": {
        "north": {
          "uv": [
            6,
            10,
            10,
            13
          ],
          "texture": "#2"
        },
        "east": {
          "uv": [
            6,
            10,
            10,
            13
          ],
          "texture": "#2"
        },
        "south": {
          "uv": [
            6,
            10,
            10,
            13
          ],
          "texture": "#2"
        },
        "west": {
          "uv": [
            6,
            10,
            10,
            13
          ],
          "texture": "#2"
        },
        "up": {
          "uv": [
            6,
            6,
            10,
            10
          ],
          "texture": "#2"
        },
        "down": {
          "uv": [
            0,
            0,
            4,
            4
          ],
          "texture": "#missing"
        }
      }
    },
    {
      "from": [
        2,
        17,
        2
      ],
      "to": [
        6.5,
        20,
        6.5
      ],
      "faces": {
        "north": {
          "uv": [
            9,
            1,
            15,
            5
          ],
          "texture": "#2"
        },
        "east": {
          "uv": [
            10,
            6,
            16,
            10
          ],
          "texture": "#2"
        },
        "south": {
          "uv": [
            10,
            6,
            14,
            9
          ],
          "texture": "#2"
        },
        "west": {
          "uv": [
            1,
            1,
            7,
            5
          ],
          "texture": "#2"
        },
        "up": {
          "uv": [
            1,
            1,
            7,
            7
          ],
          "texture": "#2"
        },
        "down": {
          "uv": [
            0,
            0,
            4,
            4
          ],
          "texture": "#missing"
        }
      }
    },
    {
      "from": [
        2,
        17,
        9.5
      ],
      "to": [
        6.5,
        20,
        14
      ],
      "faces": {
        "north": {
          "uv": [
            10,
            6,
            16,
            10
          ],
          "texture": "#2"
        },
        "east": {
          "uv": [
            10,
            6,
            16,
            10
          ],
          "texture": "#2"
        },
        "south": {
          "uv": [
            1,
            1,
            7,
            5
          ],
          "texture": "#2"
        },
        "west": {
          "uv": [
            9,
            1,
            15,
            5
          ],
          "texture": "#2"
        },
        "up": {
          "uv": [
            1,
            9,
            7,
            15
          ],
          "texture": "#2"
        },
        "down": {
          "uv": [
            0,
            0,
            4,
            4
          ],
          "texture": "#missing"
        }
      }
    },
    {
      "from": [
        9.5,
        17,
        9.5
      ],
      "to": [
        14,
        20,
        14
      ],
      "faces": {
        "north": {
          "uv": [
            10,
            6,
            15,
            10
          ],
          "texture": "#2"
        },
        "east": {
          "uv": [
            1,
            1,
            7,
            5
          ],
          "texture": "#2"
        },
        "south": {
          "uv": [
            9,
            1,
            15,
            5
          ],
          "texture": "#2"
        },
        "west": {
          "uv": [
            10,
            6,
            16,
            10
          ],
          "texture": "#2"
        },
        "up": {
          "uv": [
            9,
            9,
            15,
            15
          ],
          "texture": "#2"
        },
        "down": {
          "uv": [
            0,
            0,
            4,
            4
          ],
          "texture": "#missing"
        }
      }
    },
    {
      "from": [
        9.5,
        17,
        2
      ],
      "to": [
        14,
        20,
        6.5
      ],
      "faces": {
        "north": {
          "uv": [
            1,
            1,
            7,
            5
          ],
          "texture": "#2"
        },
        "east": {
          "uv": [
            9,
            1,
            15,
            5
          ],
          "texture": "#2"
        },
        "south": {
          "uv": [
            10,
            6,
            16,
            10
          ],
          "texture": "#2"
        },
        "west": {
          "uv": [
            10,
            6,
            16,
            10
          ],
          "texture": "#2"
        },
        "up": {
          "uv": [
            9,
            1,
            15,
            7
          ],
          "texture": "#2"
        },
        "down": {
          "uv": [
            0,
            0,
            4,
            4
          ],
          "texture": "#missing"
        }
      }
    },
    {
      "from": [
        0,
        16,
        7
      ],
      "to": [
        16,
        18,
        9
      ],
      "faces": {
        "north": {
          "uv": [
            0,
            7,
            16,
            9
          ],
          "texture": "#2"
        },
        "east": {
          "uv": [
            4,
            14,
            6,
            16
          ],
          "texture": "#2"
        },
        "south": {
          "uv": [
            0,
            7,
            16,
            9
          ],
          "texture": "#2"
        },
        "west": {
          "uv": [
            4,
            14,
            6,
            16
          ],
          "texture": "#2"
        },
        "up": {
          "uv": [
            0,
            7,
            16,
            9
          ],
          "texture": "#2"
        },
        "down": {
          "uv": [
            0,
            7,
            16,
            9
          ],
          "texture": "#2"
        }
      }
    },
    {
      "from": [
        7,
        16,
        0
      ],
      "to": [
        9,
        18,
        16
      ],
      "rotation": {
        "angle": 0,
        "axis": "y",
        "origin": [
          8,
          0,
          9
        ]
      },
      "faces": {
        "north": {
          "uv": [
            4,
            14,
            6,
            16
          ],
          "texture": "#2"
        },
        "east": {
          "uv": [
            0,
            7,
            16,
            9
          ],
          "texture": "#2"
        },
        "south": {
          "uv": [
            4,
            14,
            6,
            16
          ],
          "texture": "#2"
        },
        "west": {
          "uv": [
            0,
            7,
            16,
            9
          ],
          "texture": "#2"
        },
        "up": {
          "uv": [
            0,
            7,
            16,
            9
          ],
          "rotation": 270,
          "texture": "#2"
        },
        "down": {
          "uv": [
            0,
            7,
            16,
            9
          ],
          "rotation": 90,
          "texture": "#2"
        }
      }
    },
    {
      "from": [
        3.3,
        18,
        6
      ],
      "to": [
        7.3,
        22,
        10
      ],
      "rotation": {
        "angle": 22.5,
        "axis": "z",
        "origin": [
          8,
          0,
          8
        ]
      },
      "faces": {
        "north": {
          "uv": [
            3,
            7,
            7,
            11
          ],
          "texture": "#3"
        },
        "east": {
          "uv": [
            3,
            7,
            7,
            11
          ],
          "texture": "#3"
        },
        "south": {
          "uv": [
            3,
            7,
            7,
            11
          ],
          "texture": "#3"
        },
        "west": {
          "uv": [
            3,
            7,
            7,
            11
          ],
          "texture": "#3"
        },
        "up": {
          "uv": [
            3,
            7,
            7,
            11
          ],
          "texture": "#3"
        },
        "down": {
          "uv": [
            3,
            7,
            7,
            11
          ],
          "texture": "#3"
        }
      }
    },
    {
      "from": [
        6,
        18,
        3.3
      ],
      "to": [
        10,
        22,
        7.3
      ],
      "rotation": {
        "angle": -22.5,
        "axis": "x",
        "origin": [
          8,
          0,
          8
        ]
      },
      "faces": {
        "north": {
          "uv": [
            3,
            7,
            7,
            11
          ],
          "texture": "#3"
        },
        "east": {
          "uv": [
            3,
            7,
            7,
            11
          ],
          "texture": "#3"
        },
        "south": {
          "uv": [
            3,
            7,
            7,
            11
          ],
          "texture": "#3"
        },
        "west": {
          "uv": [
            3,
            7,
            7,
            11
          ],
          "texture": "#3"
        },
        "up": {
          "uv": [
            3,
            7,
            7,
            11
          ],
          "rotation": 270,
          "texture": "#3"
        },
        "down": {
          "uv": [
            3,
            7,
            7,
            11
          ],
          "rotation": 90,
          "texture": "#3"
        }
      }
    },
    {
      "from": [
        6,
        18,
        8.3
      ],
      "to": [
        10,
        22,
        12.3
      ],
      "rotation": {
        "angle": 22.5,
        "axis": "x",
        "origin": [
          8,
          0,
          7
        ]
      },
      "faces": {
        "north": {
          "uv": [
            3,
            7,
            7,
            11
          ],
          "texture": "#3"
        },
        "east": {
          "uv": [
            3,
            7,
            7,
            11
          ],
          "texture": "#3"
        },
        "south": {
          "uv": [
            3,
            7,
            7,
            11
          ],
          "texture": "#3"
        },
        "west": {
          "uv": [
            3,
            7,
            7,
            11
          ],
          "texture": "#3"
        },
        "up": {
          "uv": [
            3,
            7,
            7,
            11
          ],
          "rotation": 90,
          "texture": "#3"
        },
        "down": {
          "uv": [
            3,
            7,
            7,
            11
          ],
          "rotation": 270,
          "texture": "#3"
        }
      }
    },
    {
      "from": [
        7.7,
        18,
        6
      ],
      "to": [
        11.7,
        22,
        10
      ],
      "rotation": {
        "angle": -22.5,
        "axis": "z",
        "origin": [
          8,
          0,
          8
        ]
      },
      "faces": {
        "north": {
          "uv": [
            3,
            7,
            7,
            11
          ],
          "texture": "#3"
        },
        "east": {
          "uv": [
            3,
            7,
            7,
            11
          ],
          "texture": "#3"
        },
        "south": {
          "uv": [
            3,
            7,
            7,
            11
          ],
          "texture": "#3"
        },
        "west": {
          "uv": [
            3,
            7,
            7,
            11
          ],
          "texture": "#3"
        },
        "up": {
          "uv": [
            3,
            7,
            7,
            11
          ],
          "texture": "#3"
        },
        "down": {
          "uv": [
            3,
            7,
            7,
            11
          ],
          "texture": "#3"
        }
      }
    },
    {
      "from": [
        0,
        0,
        0
      ],
      "to": [
        4,
        5,
        4
      ],
      "faces": {
        "north": {
          "uv": [
            12,
            0,
            16,
            5
          ],
          "texture": "#3"
        },
        "east": {
          "uv": [
            12,
            0,
            16,
            5
          ],
          "texture": "#3"
        },
        "south": {
          "uv": [
            12,
            0,
            16,
            5
          ],
          "texture": "#3"
        },
        "west": {
          "uv": [
            12,
            0,
            16,
            5
          ],
          "texture": "#3"
        },
        "up": {
          "uv": [
            0,
            0,
            4,
            4
          ],
          "texture": "#4"
        },
        "down": {
          "uv": [
            11,
            6,
            15,
            10
          ],
          "texture": "#3"
        }
      }
    },
    {
      "from": [
        12,
        0,
        0
      ],
      "to": [
        16,
        5,
        4
      ],
      "faces": {
        "north": {
          "uv": [
            12,
            0,
            16,
            5
          ],
          "texture": "#3"
        },
        "east": {
          "uv": [
            12,
            0,
            16,
            5
          ],
          "texture": "#3"
        },
        "south": {
          "uv": [
            12,
            0,
            16,
            5
          ],
          "texture": "#3"
        },
        "west": {
          "uv": [
            12,
            0,
            16,
            5
          ],
          "texture": "#3"
        },
        "up": {
          "uv": [
            12,
            0,
            16,
            4
          ],
          "texture": "#4"
        },
        "down": {
          "uv": [
            12,
            6,
            16,
            10
          ],
          "texture": "#3"
        }
      }
    },
    {
      "from": [
        12,
        0,
        12
      ],
      "to": [
        16,
        5,
        16
      ],
      "faces": {
        "north": {
          "uv": [
            12,
            0,
            16,
            5
          ],
          "texture": "#3"
        },
        "east": {
          "uv": [
            12,
            0,
            16,
            5
          ],
          "texture": "#3"
        },
        "south": {
          "uv": [
            12,
            0,
            16,
            5
          ],
          "texture": "#3"
        },
        "west": {
          "uv": [
            12,
            0,
            16,
            5
          ],
          "texture": "#3"
        },
        "up": {
          "uv": [
            12,
            12,
            16,
            16
          ],
          "texture": "#4"
        },
        "down": {
          "uv": [
            12,
            5,
            16,
            9
          ],
          "texture": "#3"
        }
      }
    },
    {
      "from": [
        0,
        0,
        12
      ],
      "to": [
        4,
        5,
        16
      ],
      "faces": {
        "north": {
          "uv": [
            12,
            0,
            16,
            5
          ],
          "texture": "#3"
        },
        "east": {
          "uv": [
            12,
            0,
            16,
            5
          ],
          "texture": "#3"
        },
        "south": {
          "uv": [
            12,
            0,
            16,
            5
          ],
          "texture": "#3"
        },
        "west": {
          "uv": [
            12,
            0,
            16,
            5
          ],
          "texture": "#3"
        },
        "up": {
          "uv": [
            0,
            12,
            4,
            16
          ],
          "texture": "#4"
        },
        "down": {
          "uv": [
            11,
            5,
            15,
            9
          ],
          "texture": "#3"
        }
      }
    },
    {
      "from": [
        26,
        24,
        2.5
      ],
      "to": [
        28,
        31,
        13.5
      ],
      "rotation": {
        "angle": 22.5,
        "axis": "z",
        "origin": [
          17,
          19,
          0
        ]
      },
      "faces": {
        "north": {
          "uv": [
            0,
            0,
            1,
            7
          ],
          "texture": "#3"
        },
        "east": {
          "uv": [
            0,
            0,
            11,
            7
          ],
          "texture": "#3"
        },
        "south": {
          "uv": [
            0,
            0,
            1,
            7
          ],
          "texture": "#3"
        },
        "west": {
          "uv": [
            0,
            0,
            10,
            8
          ],
          "texture": "#1"
        },
        "up": {
          "uv": [
            0,
            0,
            1,
            11
          ],
          "texture": "#3"
        },
        "down": {
          "uv": [
            0,
            0,
            1,
            11
          ],
          "texture": "#3"
        }
      }
    }
  ],
  "display": {
    "thirdperson_righthand": {
      "translation": [
        0,
        1.25,
        0.5
      ],
      "scale": [
        0.3,
        0.3,
        0.3
      ]
    },
    "thirdperson_lefthand": {
      "translation": [
        0,
        1,
        0
      ],
      "scale": [
        0.3,
        0.3,
        0.3
      ]
    },
    "firstperson_righthand": {
      "rotation": [
        -15,
        19,
        0
      ],
      "translation": [
        0,
        0.75,
        0
      ],
      "scale": [
        0.3,
        0.3,
        0.3
      ]
    },
    "firstperson_lefthand": {
      "rotation": [
        0,
        26,
        0
      ],
      "translation": [
        -0.25,
        1.75,
        0.25
      ],
      "scale": [
        0.3,
        0.3,
        0.3
      ]
    },
    "ground": {
      "translation": [
        0,
        2.75,
        0
      ],
      "scale": [
        0.3,
        0.3,
        0.3
      ]
    },
    "gui": {
      "rotation": [
        22,
        -51,
        0
      ],
      "translation": [
        0,
        -4,
        0
      ],
      "scale": [
        0.4,
        0.4,
        0.4
      ]
    },
    "head": {
      "translation": [
        0,
        10.25,
        0
      ],
      "scale": [
        0.5,
        0.5,
        0.5
      ]
    },
    "fixed": {
      "rotation": [
        0,
        -90,
        0
      ],
      "translation": [
        0,
        0,
        -2.5
      ],
      "scale": [
        0.3,
        0.3,
        0.3
      ]
    }
  },
  "groups": [
    {
      "name": "bone",
      "origin": [
        -8,
        0,
        -8
      ],
      "children": [
        0,
        1,
        2,
        3,
        4,
        5,
        6,
        7,
        8,
        9,
        10,
        11,
        12,
        13,
        14,
        15,
        16,
        17,
        18,
        19,
        20,
        21,
        22,
        23,
        24,
        25,
        26,
        27,
        28,
        29
      ]
    },
    30,
    31,
    32,
    33,
    34,
    35,
    36,
    37,
    38
  ]
}