{
	"texture_size": [32, 32],
	"textures": {
		"0": "beyond_earth:blocks/water_pump",
		"particle": "beyond_earth:blocks/water_pump"
	},
	"elements": [
		{
			"from": [5.5, 0, 5.5],
			"to": [10.5, 1, 10.5],
			"faces": {
				"north": {"uv": [9.5, 8, 12, 8.5], "texture": "#0"},
				"east": {"uv": [9.5, 8.5, 12, 9], "texture": "#0"},
				"south": {"uv": [9.5, 9, 12, 9.5], "texture": "#0"},
				"west": {"uv": [9.5, 9.5, 12, 10], "texture": "#0"},
				"up": {"uv": [4.5, 6.5, 2, 4], "texture": "#0"},
				"down": {"uv": [7, 4, 4.5, 6.5], "texture": "#0"}
			}
		},
		{
			"from": [5.5, 13, 5.5],
			"to": [10.5, 16, 10.5],
			"faces": {
				"north": {"uv": [9.5, 2, 12, 3.5], "texture": "#0"},
				"east": {"uv": [9.5, 3.5, 12, 5], "texture": "#0"},
				"south": {"uv": [9.5, 5, 12, 6.5], "texture": "#0"},
				"west": {"uv": [9.5, 6.5, 12, 8], "texture": "#0"},
				"up": {"uv": [9.5, 7.5, 7, 5], "texture": "#0"},
				"down": {"uv": [9.5, 7.5, 7, 10], "texture": "#0"}
			}
		},
		{
			"from": [6, 1, 6],
			"to": [10, 7, 10],
			"faces": {
				"north": {"uv": [0, 1, 2, 4], "texture": "#0"},
				"east": {"uv": [2, 1, 4, 4], "texture": "#0"},
				"south": {"uv": [0, 5, 2, 8], "texture": "#0"},
				"west": {"uv": [4, 1, 6, 4], "texture": "#0"},
				"up": {"uv": [2, 10, 0, 8], "texture": "#0"},
				"down": {"uv": [10.5, 0, 8.5, 2], "texture": "#0"}
			}
		},
		{
			"from": [6, 7, 6],
			"to": [10, 13, 10],
			"faces": {
				"north": {"uv": [0, 0, 2, 3], "texture": "#0"},
				"east": {"uv": [2, 0, 4, 3], "texture": "#0"},
				"south": {"uv": [0, 4, 2, 7], "texture": "#0"},
				"west": {"uv": [4, 0, 6, 3], "texture": "#0"},
				"up": {"uv": [2, 10, 0, 8], "texture": "#0"},
				"down": {"uv": [10.5, 0, 8.5, 2], "texture": "#0"}
			}
		},
		{
			"from": [10, 7.5, 7.5],
			"to": [11, 8.5, 8.5],
			"faces": {
				"north": {"uv": [6.5, 2.5, 7, 3], "texture": "#0"},
				"east": {"uv": [6, 2.5, 6.5, 3], "texture": "#0"},
				"south": {"uv": [6, 3, 6.5, 3.5], "texture": "#0"},
				"west": {"uv": [6, 3.5, 6.5, 4], "texture": "#0"},
				"up": {"uv": [7, 3.5, 6.5, 3], "rotation": 90, "texture": "#0"},
				"down": {"uv": [7, 3.5, 6.5, 4], "rotation": 270, "texture": "#0"}
			}
		},
		{
			"from": [11, 5.5, 5.5],
			"to": [11, 10.5, 10.5],
			"faces": {
				"north": {"uv": [0, 0, 0, 2.5], "texture": "#0"},
				"east": {"uv": [4.5, 6.5, 7, 9], "texture": "#0"},
				"south": {"uv": [0, 0, 0, 2.5], "texture": "#0"},
				"west": {"uv": [4.5, 6.5, 7, 9], "texture": "#0"},
				"up": {"uv": [2.5, 0, 0, 0], "rotation": 90, "texture": "#0"},
				"down": {"uv": [2.5, 0, 0, 0], "rotation": 270, "texture": "#0"}
			}
		},
		{
			"from": [5.5, 5.5, 0],
			"to": [10.5, 10.5, 1],
			"faces": {
				"north": {"uv": [2, 6.5, 4.5, 9], "texture": "#0"},
				"east": {"uv": [6, 9, 6.5, 11.5], "texture": "#0"},
				"south": {"uv": [6, 0, 8.5, 2.5], "texture": "#0"},
				"west": {"uv": [6.5, 9, 7, 11.5], "texture": "#0"},
				"up": {"uv": [0.5, 12.5, 0, 10], "rotation": 90, "texture": "#0"},
				"down": {"uv": [1, 10, 0.5, 12.5], "rotation": 270, "texture": "#0"}
			}
		},
		{
			"from": [6, 6, 5],
			"to": [10, 10, 6],
			"faces": {
				"north": {"uv": [4, 9, 6, 11], "texture": "#0"},
				"east": {"uv": [1, 10, 1.5, 12], "texture": "#0"},
				"south": {"uv": [2, 9, 4, 11], "texture": "#0"},
				"west": {"uv": [1.5, 10, 2, 12], "texture": "#0"},
				"up": {"uv": [7.5, 12, 7, 10], "rotation": 90, "texture": "#0"},
				"down": {"uv": [8, 10, 7.5, 12], "rotation": 270, "texture": "#0"}
			}
		},
		{
			"from": [6, 6, 4],
			"to": [10, 10, 5],
			"faces": {
				"north": {"uv": [4, 9, 6, 11], "texture": "#0"},
				"east": {"uv": [1, 10, 1.5, 12], "texture": "#0"},
				"south": {"uv": [2, 9, 4, 11], "texture": "#0"},
				"west": {"uv": [1.5, 10, 2, 12], "texture": "#0"},
				"up": {"uv": [7.5, 12, 7, 10], "rotation": 90, "texture": "#0"},
				"down": {"uv": [8, 10, 7.5, 12], "rotation": 270, "texture": "#0"}
			}
		},
		{
			"from": [6, 6, 3],
			"to": [10, 10, 4],
			"faces": {
				"north": {"uv": [4, 9, 6, 11], "texture": "#0"},
				"east": {"uv": [1, 10, 1.5, 12], "texture": "#0"},
				"south": {"uv": [2, 9, 4, 11], "texture": "#0"},
				"west": {"uv": [1.5, 10, 2, 12], "texture": "#0"},
				"up": {"uv": [7.5, 12, 7, 10], "rotation": 90, "texture": "#0"},
				"down": {"uv": [8, 10, 7.5, 12], "rotation": 270, "texture": "#0"}
			}
		},
		{
			"from": [6, 6, 2],
			"to": [10, 10, 3],
			"faces": {
				"north": {"uv": [4, 9, 6, 11], "texture": "#0"},
				"east": {"uv": [1, 10, 1.5, 12], "texture": "#0"},
				"south": {"uv": [2, 9, 4, 11], "texture": "#0"},
				"west": {"uv": [1.5, 10, 2, 12], "texture": "#0"},
				"up": {"uv": [7.5, 12, 7, 10], "rotation": 90, "texture": "#0"},
				"down": {"uv": [8, 10, 7.5, 12], "rotation": 270, "texture": "#0"}
			}
		},
		{
			"from": [6, 6, 1],
			"to": [10, 10, 2],
			"faces": {
				"north": {"uv": [4, 9, 6, 11], "texture": "#0"},
				"east": {"uv": [1, 10, 1.5, 12], "texture": "#0"},
				"south": {"uv": [2, 9, 4, 11], "texture": "#0"},
				"west": {"uv": [1.5, 10, 2, 12], "texture": "#0"},
				"up": {"uv": [7.5, 12, 7, 10], "rotation": 90, "texture": "#0"},
				"down": {"uv": [8, 10, 7.5, 12], "rotation": 270, "texture": "#0"}
			}
		}
	],
	"display": {
		"thirdperson_righthand": {
			"rotation": [75, 45, 0],
			"translation": [0, 0.75, 1],
			"scale": [0.375, 0.375, 0.375]
		},
		"thirdperson_lefthand": {
			"rotation": [75, 45, 0],
			"translation": [0, 0.75, 1],
			"scale": [0.375, 0.375, 0.375]
		},
		"firstperson_righthand": {
			"rotation": [0, 125, 0],
			"translation": [1.25, 2.5, 0],
			"scale": [0.4, 0.4, 0.4]
		},
		"firstperson_lefthand": {
			"rotation": [0, 133, 0],
			"translation": [1.5, 2.5, 0],
			"scale": [0.4, 0.4, 0.4]
		},
		"ground": {
			"translation": [0, 4.5, 0],
			"scale": [0.5, 0.5, 0.5]
		},
		"gui": {
			"rotation": [30, 225, 0],
			"scale": [0.8, 0.8, 0.8]
		},
		"head": {
			"translation": [0, 14.5, 0]
		},
		"fixed": {
			"rotation": [0, 90, 0]
		}
	}
}