{
  "type": "create:sequenced_assembly",
  "ingredient": {
    "item": "ae2:certus_crystal_seed"
  },
  "transitionalItem": {
    "item": "ae2:certus_crystal_seed"
  },
  "sequence": [
    {
      "type": "create:filling",
      "ingredients": [
        {
          "item": "ae2:certus_crystal_seed"
        },
        {
          "fluid": "minecraft:water",
          
          "amount": 40500
        }
      ],
      "results": [
        {
          "item": "ae2:certus_crystal_seed"
        }
      ]
    }
  ],
  "results": [
    {
      "item": "ae2:certus_quartz_crystal",
      "chance": 1
    }
  ],
  "loops": 12
}