{
    "feature": "floating_island:end_gateway_return_0_0",
    "placement": [
        {
            "chance": 50,
            "type": "minecraft:rarity_filter"
        },
        {
            "type": "minecraft:in_square"
        },
        {
            "heightmap": "MOTION_BLOCKING",
            "type": "minecraft:heightmap"
        },
        {
            "xz_spread": 0,
            "y_spread": {
                "type": "minecraft:uniform",
                "value": {
                    "min_inclusive": 3,
                    "max_inclusive": 9
                }
            },
            "type": "minecraft:random_offset"
        },
        {
            "type": "minecraft:biome"
        }
    ]
}