{
    "type": "minecraft:crafting_shaped",
    "pattern": [
        "#DI",
        "PMG",
        "CKX"
    ],
    "key": {
        "#": {
            "item": "minecraft:dead_tube_coral_block"
        },
        "D": {
            "item": "minecraft:dragon_breath"
        },
        "I": {
            "item": "minecraft:dead_fire_coral_block"
        },
        "P": {
            "item": "minecraft:prismarine_shard"
        },
        "M": {
            "item": "minecraft:dead_horn_coral_block"
        },
        "G": {
            "item": "minecraft:prismarine_crystals"
        },
        "C": {
            "item": "minecraft:dead_brain_coral_block"
        },
        "K": {
            "item": "minecraft:kelp"
        },
        "X": {
            "item": "minecraft:dead_bubble_coral_block"
        }
    },
    "result": {
        "item": "minecraft:heart_of_the_sea",
        "count": 1
    }
}